date,channel_group,device_category,sessions,engaged_sessions,bounce_rate,avg_session_duration_sec,pages_per_session,new_users,conversions,revenue,conversion_rate
2024-07-16,organic_search,mobile,291,162,44.0,170.0,5.2,223,8,1597.29,2.75
2024-07-16,organic_search,desktop,180,101,43.6,193.0,1.9,137,3,435.76,1.67
2024-07-16,organic_search,tablet,68,35,48.4,158.0,4.5,51,1,93.14,1.47
2024-07-16,paid_search,mobile,321,209,34.6,72.0,4.1,211,8,1627.13,2.49
2024-07-16,paid_search,desktop,175,109,37.3,218.0,3.0,93,7,1404.21,4.0
2024-07-16,paid_search,tablet,68,44,34.0,152.0,2.6,52,2,234.09,2.94
2024-07-16,paid_social,mobile,332,154,53.5,110.0,5.0,174,4,691.47,1.2
2024-07-16,paid_social,desktop,127,52,58.3,90.0,2.4,76,2,291.91,1.57
2024-07-16,paid_social,tablet,39,15,60.8,167.0,1.2,29,0,0.0,0.0
2024-07-16,direct,mobile,243,179,26.2,188.0,5.0,185,10,1482.23,4.12
2024-07-16,direct,desktop,130,94,27.6,244.0,1.7,65,3,561.7,2.31
2024-07-16,direct,tablet,47,33,29.0,122.0,5.4,37,1,106.37,2.13
2024-07-16,email,mobile,129,92,28.5,95.0,4.8,78,4,798.51,3.1
2024-07-16,email,desktop,75,53,28.3,74.0,1.4,57,2,437.71,2.67
2024-07-16,email,tablet,27,20,24.4,136.0,3.4,18,0,0.0,0.0
2024-07-16,referral,mobile,109,46,56.9,100.0,3.0,62,2,255.03,1.83
2024-07-16,referral,desktop,59,26,55.1,145.0,2.9,40,1,167.89,1.69
2024-07-16,referral,tablet,21,9,53.6,170.0,1.6,11,0,0.0,0.0
2024-07-16,organic_social,mobile,84,32,61.1,47.0,1.8,53,1,105.86,1.19
2024-07-16,organic_social,desktop,46,15,66.4,53.0,1.7,24,0,0.0,0.0
2024-07-16,organic_social,tablet,13,5,55.8,61.0,3.0,7,0,0.0,0.0
2024-07-17,organic_search,mobile,576,290,49.6,147.0,3.2,304,11,2130.98,1.91
2024-07-17,organic_search,desktop,350,213,39.1,151.0,3.9,268,7,653.52,2.0
2024-07-17,organic_search,tablet,99,48,51.2,142.0,3.0,66,2,243.46,2.02
2024-07-17,paid_search,mobile,401,239,40.3,75.0,1.4,262,9,1660.9,2.24
2024-07-17,paid_search,desktop,256,172,32.7,61.0,4.2,144,8,1238.72,3.12
2024-07-17,paid_search,tablet,82,52,35.8,208.0,4.5,44,2,409.72,2.44
2024-07-17,paid_social,mobile,252,109,56.7,103.0,2.8,165,4,829.08,1.59
2024-07-17,paid_social,desktop,259,126,51.2,195.0,3.3,189,5,777.94,1.93
2024-07-17,paid_social,tablet,46,18,59.9,61.0,4.0,24,0,0.0,0.0
2024-07-17,direct,mobile,235,172,26.6,108.0,2.0,140,5,863.34,2.13
2024-07-17,direct,desktop,183,128,30.0,138.0,4.7,93,5,746.45,2.73
2024-07-17,direct,tablet,64,46,27.7,113.0,3.9,46,2,273.41,3.12
2024-07-17,email,mobile,186,139,24.7,231.0,3.0,135,5,1046.8,2.69
2024-07-17,email,desktop,108,79,26.7,64.0,5.4,81,4,578.03,3.7
2024-07-17,email,tablet,41,31,23.5,232.0,5.3,23,1,160.25,2.44
2024-07-17,referral,mobile,143,66,53.4,77.0,3.9,108,2,274.09,1.4
2024-07-17,referral,desktop,105,49,52.6,197.0,3.6,65,1,172.55,0.95
2024-07-17,referral,tablet,30,13,55.0,112.0,4.5,20,0,0.0,0.0
2024-07-17,organic_social,mobile,69,25,62.4,201.0,1.4,54,0,0.0,0.0
2024-07-17,organic_social,desktop,48,20,57.8,79.0,4.9,34,0,0.0,0.0
2024-07-17,organic_social,tablet,20,9,52.9,92.0,1.8,12,0,0.0,0.0
2024-07-18,organic_search,mobile,605,333,44.8,221.0,1.5,330,14,2394.53,2.31
2024-07-18,organic_search,desktop,238,144,39.4,154.0,2.6,147,5,560.52,2.1
2024-07-18,organic_search,tablet,110,65,40.4,153.0,4.2,81,2,231.98,1.82
2024-07-18,paid_search,mobile,388,224,42.0,94.0,4.0,307,14,1427.73,3.61
2024-07-18,paid_search,desktop,226,147,34.9,188.0,1.5,114,8,863.57,3.54
2024-07-18,paid_search,tablet,67,40,39.8,73.0,3.4,39,1,186.94,1.49
2024-07-18,paid_social,mobile,398,159,60.0,192.0,2.8,255,5,534.82,1.26
2024-07-18,paid_social,desktop,176,64,63.2,131.0,4.4,110,3,240.85,1.7
2024-07-18,paid_social,tablet,60,28,53.0,125.0,3.3,34,0,0.0,0.0
2024-07-18,direct,mobile,337,226,32.6,73.0,4.5,224,12,2479.77,3.56
2024-07-18,direct,desktop,154,112,26.7,216.0,4.1,81,4,799.54,2.6
2024-07-18,direct,tablet,66,47,28.2,79.0,4.1,33,2,384.87,3.03
2024-07-18,email,mobile,146,107,26.7,104.0,3.1,76,4,568.36,2.74
2024-07-18,email,desktop,141,110,21.8,143.0,5.0,78,7,1209.36,4.96
2024-07-18,email,tablet,30,23,22.3,88.0,4.9,20,1,218.14,3.33
2024-07-18,referral,mobile,95,41,56.7,129.0,2.1,58,2,418.97,2.11
2024-07-18,referral,desktop,91,47,48.2,84.0,2.8,71,2,382.76,2.2
2024-07-18,referral,tablet,20,10,47.7,113.0,1.7,10,0,0.0,0.0
2024-07-18,organic_social,mobile,100,43,56.4,144.0,1.9,75,0,0.0,0.0
2024-07-18,organic_social,desktop,52,23,55.1,196.0,4.3,30,0,0.0,0.0
2024-07-18,organic_social,tablet,12,5,52.5,116.0,1.4,8,0,0.0,0.0
2024-07-19,organic_search,mobile,396,231,41.4,48.0,3.0,208,7,1306.78,1.77
2024-07-19,organic_search,desktop,315,179,42.9,155.0,2.3,229,5,722.68,1.59
2024-07-19,organic_search,tablet,80,41,48.4,145.0,2.0,59,2,403.39,2.5
2024-07-19,paid_search,mobile,450,254,43.4,139.0,3.9,357,10,1627.72,2.22
2024-07-19,paid_search,desktop,249,149,40.1,112.0,1.5,145,7,852.99,2.81
2024-07-19,paid_search,tablet,56,34,37.5,147.0,3.2,31,1,187.13,1.79
2024-07-19,paid_social,mobile,419,216,48.3,79.0,2.6,211,9,1319.85,2.15
2024-07-19,paid_social,desktop,176,83,52.3,164.0,4.5,118,3,294.38,1.7
2024-07-19,paid_social,tablet,55,28,48.8,159.0,3.1,29,0,0.0,0.0
2024-07-19,direct,mobile,237,159,32.8,251.0,4.6,136,8,1718.37,3.38
2024-07-19,direct,desktop,154,111,27.8,198.0,5.3,114,6,761.69,3.9
2024-07-19,direct,tablet,55,40,27.0,249.0,5.1,30,1,148.94,1.82
2024-07-19,email,mobile,167,124,25.7,130.0,5.3,131,6,580.26,3.59
2024-07-19,email,desktop,126,93,26.0,63.0,2.3,63,4,735.49,3.17
2024-07-19,email,tablet,32,23,27.6,206.0,2.5,20,1,173.49,3.12
2024-07-19,referral,mobile,153,76,50.0,85.0,1.6,98,2,367.44,1.31
2024-07-19,referral,desktop,63,30,51.9,216.0,4.4,33,1,115.94,1.59
2024-07-19,referral,tablet,28,14,47.8,73.0,3.8,21,0,0.0,0.0
2024-07-19,organic_social,mobile,86,40,52.4,45.0,2.5,50,0,0.0,0.0
2024-07-19,organic_social,desktop,46,17,62.7,83.0,4.0,35,0,0.0,0.0
2024-07-19,organic_social,tablet,21,6,66.9,53.0,3.0,10,0,0.0,0.0
2024-07-20,organic_search,mobile,625,355,43.1,125.0,1.8,356,19,3576.5,3.04
2024-07-20,organic_search,desktop,338,170,49.5,73.0,1.4,195,10,985.03,2.96
2024-07-20,organic_search,tablet,104,61,40.9,110.0,3.8,67,2,284.99,1.92
2024-07-20,paid_search,mobile,346,207,40.2,232.0,4.2,216,9,1530.41,2.6
2024-07-20,paid_search,desktop,281,164,41.5,130.0,4.5,165,8,1429.75,2.85
2024-07-20,paid_search,tablet,88,53,38.9,116.0,1.9,45,2,277.42,2.27
2024-07-20,paid_social,mobile,309,141,54.3,145.0,1.8,174,5,409.74,1.62
2024-07-20,paid_social,desktop,170,75,55.3,122.0,1.9,107,2,231.78,1.18
2024-07-20,paid_social,tablet,57,22,60.9,130.0,3.3,44,1,219.0,1.75
2024-07-20,direct,mobile,271,188,30.5,67.0,4.6,215,8,1251.36,2.95
2024-07-20,direct,desktop,135,90,32.7,189.0,1.5,86,3,322.97,2.22
2024-07-20,direct,tablet,36,25,30.5,197.0,1.9,21,1,208.17,2.78
2024-07-20,email,mobile,242,177,26.7,135.0,3.8,177,10,1582.7,4.13
2024-07-20,email,desktop,95,67,28.5,56.0,3.6,58,3,428.05,3.16
2024-07-20,email,tablet,29,20,28.6,147.0,1.8,17,1,138.0,3.45
2024-07-20,referral,mobile,121,61,49.5,155.0,1.4,71,2,213.98,1.65
2024-07-20,referral,desktop,84,47,43.6,233.0,3.8,48,1,123.45,1.19
2024-07-20,referral,tablet,18,10,43.1,208.0,1.9,11,0,0.0,0.0
2024-07-20,organic_social,mobile,87,32,62.6,161.0,4.7,50,0,0.0,0.0
2024-07-20,organic_social,desktop,64,22,64.2,203.0,4.6,34,0,0.0,0.0
2024-07-20,organic_social,tablet,17,7,56.7,81.0,1.4,9,0,0.0,0.0
2024-07-21,organic_search,mobile,347,207,40.2,138.0,3.7,189,9,1658.81,2.59
2024-07-21,organic_search,desktop,272,141,47.9,81.0,3.6,202,6,773.0,2.21
2024-07-21,organic_search,tablet,85,51,39.8,139.0,2.4,66,2,179.99,2.35
2024-07-21,paid_search,mobile,439,268,38.8,77.0,4.1,284,15,2318.73,3.42
2024-07-21,paid_search,desktop,264,177,32.8,142.0,2.3,151,6,975.07,2.27
2024-07-21,paid_search,tablet,75,50,33.0,112.0,4.7,38,2,306.47,2.67
2024-07-21,paid_social,mobile,422,174,58.7,161.0,4.7,270,7,1465.98,1.66
2024-07-21,paid_social,desktop,214,95,55.5,159.0,3.6,166,2,414.38,0.93
2024-07-21,paid_social,tablet,81,40,49.4,128.0,5.0,61,1,161.19,1.23
2024-07-21,direct,mobile,322,228,28.9,103.0,3.2,181,12,1853.25,3.73
2024-07-21,direct,desktop,183,124,32.0,54.0,3.5,122,4,748.61,2.19
2024-07-21,direct,tablet,60,40,32.3,190.0,3.4,35,1,89.29,1.67
2024-07-21,email,mobile,161,125,22.1,155.0,3.8,98,5,720.94,3.11
2024-07-21,email,desktop,153,114,25.0,178.0,3.9,103,6,520.46,3.92
2024-07-21,email,tablet,43,31,27.0,118.0,2.7,29,2,176.64,4.65
2024-07-21,referral,mobile,130,59,54.2,95.0,1.9,72,2,222.05,1.54
2024-07-21,referral,desktop,71,40,42.7,51.0,2.8,54,1,135.94,1.41
2024-07-21,referral,tablet,24,10,57.3,77.0,2.3,17,0,0.0,0.0
2024-07-21,organic_social,mobile,124,42,65.9,99.0,1.5,73,1,91.92,0.81
2024-07-21,organic_social,desktop,52,21,58.0,95.0,2.2,30,0,0.0,0.0
2024-07-21,organic_social,tablet,16,7,55.4,63.0,3.0,8,0,0.0,0.0
2024-07-22,organic_search,mobile,299,173,42.1,197.0,2.9,211,5,904.78,1.67
2024-07-22,organic_search,desktop,214,127,40.5,56.0,3.9,154,5,789.89,2.34
2024-07-22,organic_search,tablet,79,47,39.6,226.0,4.4,59,1,90.26,1.27
2024-07-22,paid_search,mobile,291,179,38.3,210.0,2.9,174,8,1583.88,2.75
2024-07-22,paid_search,desktop,210,141,32.6,139.0,4.1,145,8,1139.8,3.81
2024-07-22,paid_search,tablet,45,25,43.1,153.0,3.5,29,1,153.64,2.22
2024-07-22,paid_social,mobile,329,161,50.8,83.0,4.1,184,4,840.55,1.22
2024-07-22,paid_social,desktop,211,84,59.8,56.0,2.8,146,4,852.55,1.9
2024-07-22,paid_social,tablet,55,27,50.7,200.0,3.2,36,1,110.94,1.82
2024-07-22,direct,mobile,200,147,26.4,152.0,4.4,121,6,838.46,3.0
2024-07-22,direct,desktop,130,86,33.7,212.0,5.4,101,5,416.0,3.85
2024-07-22,direct,tablet,47,32,31.2,192.0,2.5,27,1,171.62,2.13
2024-07-22,email,mobile,135,99,26.1,240.0,2.6,106,4,631.17,2.96
2024-07-22,email,desktop,90,70,22.0,109.0,4.9,64,2,254.83,2.22
2024-07-22,email,tablet,32,23,25.7,174.0,4.0,19,1,117.88,3.12
2024-07-22,referral,mobile,127,60,52.1,101.0,4.1,72,3,500.56,2.36
2024-07-22,referral,desktop,68,34,48.5,102.0,1.7,50,1,137.85,1.47
2024-07-22,referral,tablet,18,9,47.7,49.0,3.4,11,0,0.0,0.0
2024-07-22,organic_social,mobile,89,34,61.0,145.0,1.4,68,0,0.0,0.0
2024-07-22,organic_social,desktop,34,16,51.6,126.0,1.7,25,0,0.0,0.0
2024-07-22,organic_social,tablet,10,4,56.9,173.0,3.9,5,0,0.0,0.0
2024-07-23,organic_search,mobile,365,197,46.0,204.0,1.4,250,8,1000.37,2.19
2024-07-23,organic_search,desktop,215,113,47.2,153.0,5.1,170,4,453.65,1.86
2024-07-23,organic_search,tablet,55,33,39.6,195.0,3.4,35,1,138.8,1.82
2024-07-23,paid_search,mobile,314,208,33.7,214.0,1.9,185,11,1632.32,3.5
2024-07-23,paid_search,desktop,233,143,38.6,228.0,2.6,122,9,1588.18,3.86
2024-07-23,paid_search,tablet,62,36,41.5,222.0,2.0,42,2,322.28,3.23
2024-07-23,paid_social,mobile,189,96,49.1,178.0,5.0,97,3,584.91,1.59
2024-07-23,paid_social,desktop,153,77,49.4,89.0,2.9,82,1,117.02,0.65
2024-07-23,paid_social,tablet,46,17,61.9,175.0,2.6,32,0,0.0,0.0
2024-07-23,direct,mobile,249,180,27.4,55.0,4.0,175,10,1440.85,4.02
2024-07-23,direct,desktop,142,103,27.4,254.0,4.8,103,4,544.07,2.82
2024-07-23,direct,tablet,31,22,28.5,58.0,3.8,18,1,148.97,3.23
2024-07-23,email,mobile,149,117,21.3,161.0,4.7,105,5,938.07,3.36
2024-07-23,email,desktop,111,87,21.3,255.0,4.3,70,3,470.5,2.7
2024-07-23,email,tablet,20,15,24.9,139.0,2.7,10,0,0.0,0.0
2024-07-23,referral,mobile,73,37,49.1,174.0,1.4,47,1,157.75,1.37
2024-07-23,referral,desktop,78,39,49.3,116.0,1.7,41,1,148.15,1.28
2024-07-23,referral,tablet,14,6,54.4,185.0,3.8,10,0,0.0,0.0
2024-07-23,organic_social,mobile,52,20,61.2,90.0,1.4,34,0,0.0,0.0
2024-07-23,organic_social,desktop,35,14,59.6,169.0,1.5,19,0,0.0,0.0
2024-07-23,organic_social,tablet,11,3,65.3,56.0,4.3,7,0,0.0,0.0
2024-07-24,organic_search,mobile,382,207,45.8,62.0,2.4,265,11,987.05,2.88
2024-07-24,organic_search,desktop,247,125,49.3,66.0,5.1,159,7,1109.78,2.83
2024-07-24,organic_search,tablet,84,40,51.7,119.0,1.6,65,2,287.78,2.38
2024-07-24,paid_search,mobile,464,297,35.8,94.0,3.8,267,17,3175.3,3.66
2024-07-24,paid_search,desktop,287,189,34.1,57.0,1.8,199,10,1256.42,3.48
2024-07-24,paid_search,tablet,59,35,39.5,143.0,2.5,32,1,176.98,1.69
2024-07-24,paid_social,mobile,313,133,57.2,157.0,1.9,177,6,614.69,1.92
2024-07-24,paid_social,desktop,224,108,51.5,71.0,3.4,174,4,855.23,1.79
2024-07-24,paid_social,tablet,50,23,52.8,162.0,3.8,33,0,0.0,0.0
2024-07-24,direct,mobile,331,245,25.8,78.0,5.3,247,14,1555.31,4.23
2024-07-24,direct,desktop,212,155,26.4,205.0,5.4,118,8,1322.11,3.77
2024-07-24,direct,tablet,52,35,32.3,73.0,3.8,30,1,87.65,1.92
2024-07-24,email,mobile,150,114,23.8,85.0,5.1,75,5,416.76,3.33
2024-07-24,email,desktop,142,103,26.9,234.0,3.3,78,6,655.1,4.23
2024-07-24,email,tablet,33,25,22.7,130.0,4.2,25,1,149.54,3.03
2024-07-24,referral,mobile,122,63,47.8,124.0,4.4,93,2,308.57,1.64
2024-07-24,referral,desktop,90,49,45.3,127.0,2.3,57,1,150.61,1.11
2024-07-24,referral,tablet,23,12,45.6,187.0,2.9,14,0,0.0,0.0
2024-07-24,organic_social,mobile,108,41,61.9,144.0,4.5,56,1,97.38,0.93
2024-07-24,organic_social,desktop,55,21,60.2,188.0,1.4,41,0,0.0,0.0
2024-07-24,organic_social,tablet,12,5,53.8,216.0,1.7,7,0,0.0,0.0
2024-07-25,organic_search,mobile,359,214,40.4,219.0,1.8,247,7,622.12,1.95
2024-07-25,organic_search,desktop,329,194,40.9,220.0,5.1,258,10,1286.31,3.04
2024-07-25,organic_search,tablet,100,58,41.7,116.0,4.6,72,1,159.78,1.0
2024-07-25,paid_search,mobile,333,224,32.5,66.0,4.0,233,8,1275.17,2.4
2024-07-25,paid_search,desktop,196,119,39.1,232.0,1.8,121,6,881.5,3.06
2024-07-25,paid_search,tablet,86,54,36.7,179.0,1.4,54,2,347.12,2.33
2024-07-25,paid_social,mobile,311,133,57.1,155.0,2.2,178,5,855.6,1.61
2024-07-25,paid_social,desktop,203,99,50.7,84.0,4.6,129,4,657.6,1.97
2024-07-25,paid_social,tablet,48,23,50.3,198.0,3.2,37,0,0.0,0.0
2024-07-25,direct,mobile,219,149,31.5,78.0,3.2,172,9,1089.09,4.11
2024-07-25,direct,desktop,198,136,31.3,141.0,1.7,117,7,598.97,3.54
2024-07-25,direct,tablet,62,42,31.4,131.0,4.7,35,2,208.2,3.23
2024-07-25,email,mobile,152,114,24.5,149.0,5.0,116,5,1086.14,3.29
2024-07-25,email,desktop,97,71,26.6,234.0,2.6,58,3,279.79,3.09
2024-07-25,email,tablet,31,23,22.8,140.0,5.2,18,1,139.96,3.23
2024-07-25,referral,mobile,96,52,45.2,223.0,4.0,53,2,325.44,2.08
2024-07-25,referral,desktop,66,32,50.3,153.0,4.6,47,1,103.19,1.52
2024-07-25,referral,tablet,26,11,54.3,50.0,1.8,20,0,0.0,0.0
2024-07-25,organic_social,mobile,80,29,62.9,132.0,3.0,50,1,170.35,1.25
2024-07-25,organic_social,desktop,76,37,51.2,104.0,2.8,60,0,0.0,0.0
2024-07-25,organic_social,tablet,20,6,66.8,163.0,4.1,13,0,0.0,0.0
2024-07-26,organic_search,mobile,595,289,51.3,137.0,5.0,349,14,1556.43,2.35
2024-07-26,organic_search,desktop,327,171,47.6,103.0,4.6,233,6,974.31,1.83
2024-07-26,organic_search,tablet,104,61,40.9,122.0,2.0,54,1,199.07,0.96
2024-07-26,paid_search,mobile,388,256,34.0,156.0,5.0,212,12,2181.87,3.09
2024-07-26,paid_search,desktop,244,160,34.2,129.0,2.6,142,9,1894.62,3.69
2024-07-26,paid_search,tablet,85,50,40.1,139.0,4.0,65,3,289.36,3.53
2024-07-26,paid_social,mobile,321,154,51.9,130.0,3.0,174,7,606.58,2.18
2024-07-26,paid_social,desktop,206,85,58.7,175.0,4.9,151,3,370.06,1.46
2024-07-26,paid_social,tablet,76,28,62.3,165.0,3.6,53,1,217.25,1.32
2024-07-26,direct,mobile,358,244,31.6,235.0,3.2,196,14,1543.38,3.91
2024-07-26,direct,desktop,216,153,28.7,59.0,1.7,146,6,695.25,2.78
2024-07-26,direct,tablet,64,45,29.5,124.0,4.1,38,2,386.73,3.12
2024-07-26,email,mobile,208,160,22.9,161.0,2.6,141,11,997.31,5.29
2024-07-26,email,desktop,117,89,23.5,219.0,2.3,85,4,422.2,3.42
2024-07-26,email,tablet,34,26,21.8,182.0,2.2,24,1,205.01,2.94
2024-07-26,referral,mobile,160,84,47.5,60.0,2.8,116,3,363.25,1.88
2024-07-26,referral,desktop,83,42,48.6,103.0,3.6,43,1,144.25,1.2
2024-07-26,referral,tablet,29,15,45.1,190.0,4.5,16,0,0.0,0.0
2024-07-26,organic_social,mobile,106,48,54.4,72.0,2.1,57,0,0.0,0.0
2024-07-26,organic_social,desktop,60,19,67.6,105.0,2.4,40,0,0.0,0.0
2024-07-26,organic_social,tablet,18,7,57.5,57.0,4.9,13,0,0.0,0.0
2024-07-27,organic_search,mobile,569,305,46.4,63.0,4.2,376,13,2185.19,2.28
2024-07-27,organic_search,desktop,390,207,46.9,57.0,4.2,253,7,1028.0,1.79
2024-07-27,organic_search,tablet,80,38,51.3,84.0,4.0,62,2,426.79,2.5
2024-07-27,paid_search,mobile,401,261,34.7,189.0,2.5,223,15,3047.83,3.74
2024-07-27,paid_search,desktop,263,163,37.8,75.0,2.8,151,9,860.74,3.42
2024-07-27,paid_search,tablet,75,47,36.5,86.0,5.0,55,2,375.26,2.67
2024-07-27,paid_social,mobile,372,142,61.7,56.0,2.9,242,5,695.2,1.34
2024-07-27,paid_social,desktop,235,122,47.8,80.0,4.2,164,3,416.35,1.28
2024-07-27,paid_social,tablet,56,29,47.5,227.0,2.5,41,0,0.0,0.0
2024-07-27,direct,mobile,352,260,25.9,254.0,3.6,200,15,2179.03,4.26
2024-07-27,direct,desktop,236,170,27.7,191.0,3.1,186,10,1042.38,4.24
2024-07-27,direct,tablet,42,29,29.2,114.0,3.0,26,1,216.87,2.38
2024-07-27,email,mobile,163,118,27.4,162.0,2.4,105,5,893.35,3.07
2024-07-27,email,desktop,146,110,24.6,216.0,2.8,113,4,342.85,2.74
2024-07-27,email,tablet,37,27,24.5,243.0,3.3,19,1,144.0,2.7
2024-07-27,referral,mobile,142,68,51.8,123.0,2.6,91,3,631.98,2.11
2024-07-27,referral,desktop,106,45,57.2,128.0,2.2,64,2,224.31,1.89
2024-07-27,referral,tablet,17,9,44.9,98.0,2.2,12,0,0.0,0.0
2024-07-27,organic_social,mobile,84,30,63.7,68.0,1.8,59,0,0.0,0.0
2024-07-27,organic_social,desktop,76,35,53.6,65.0,2.2,59,0,0.0,0.0
2024-07-27,organic_social,tablet,20,8,57.2,55.0,3.9,13,0,0.0,0.0
2024-07-28,organic_search,mobile,502,242,51.7,126.0,2.3,355,9,1547.56,1.79
2024-07-28,organic_search,desktop,337,169,49.8,104.0,3.3,204,10,1586.55,2.97
2024-07-28,organic_search,tablet,75,40,45.7,223.0,2.5,45,2,325.36,2.67
2024-07-28,paid_search,mobile,423,257,39.1,97.0,4.7,321,9,1113.48,2.13
2024-07-28,paid_search,desktop,213,141,33.5,97.0,2.3,137,5,523.6,2.35
2024-07-28,paid_search,tablet,62,38,38.7,232.0,2.9,31,1,194.05,1.61
2024-07-28,paid_social,mobile,292,150,48.4,140.0,2.2,213,4,681.26,1.37
2024-07-28,paid_social,desktop,171,84,50.5,167.0,5.0,128,3,322.84,1.75
2024-07-28,paid_social,tablet,50,22,55.3,211.0,1.7,38,0,0.0,0.0
2024-07-28,direct,mobile,235,168,28.4,227.0,2.7,175,7,841.09,2.98
2024-07-28,direct,desktop,238,159,33.1,157.0,4.5,129,7,1257.03,2.94
2024-07-28,direct,tablet,56,37,32.5,62.0,2.8,36,2,429.81,3.57
2024-07-28,email,mobile,170,129,23.6,245.0,1.7,92,5,969.07,2.94
2024-07-28,email,desktop,102,76,25.1,186.0,2.0,80,5,450.02,4.9
2024-07-28,email,tablet,43,30,28.4,86.0,3.8,24,1,148.33,2.33
2024-07-28,referral,mobile,156,74,52.2,133.0,2.3,107,3,586.6,1.92
2024-07-28,referral,desktop,109,52,51.5,136.0,5.1,59,2,421.73,1.83
2024-07-28,referral,tablet,25,13,45.7,87.0,2.1,14,0,0.0,0.0
2024-07-28,organic_social,mobile,75,25,65.6,43.0,1.6,57,0,0.0,0.0
2024-07-28,organic_social,desktop,73,24,66.1,57.0,3.4,54,0,0.0,0.0
2024-07-28,organic_social,tablet,21,9,56.2,177.0,2.3,13,0,0.0,0.0
2024-07-29,organic_search,mobile,453,233,48.4,189.0,3.4,324,8,649.13,1.77
2024-07-29,organic_search,desktop,182,90,50.0,106.0,2.3,99,5,1023.59,2.75
2024-07-29,organic_search,tablet,82,48,40.6,195.0,4.8,60,1,106.97,1.22
2024-07-29,paid_search,mobile,299,168,43.6,127.0,3.1,160,7,1409.85,2.34
2024-07-29,paid_search,desktop,132,84,35.9,78.0,1.9,100,3,443.0,2.27
2024-07-29,paid_search,tablet,65,36,43.3,204.0,3.9,38,2,375.88,3.08
2024-07-29,paid_social,mobile,206,101,50.7,126.0,1.4,119,4,709.81,1.94
2024-07-29,paid_social,desktop,188,84,55.2,149.0,4.9,144,3,371.75,1.6
2024-07-29,paid_social,tablet,33,14,54.7,149.0,2.0,24,0,0.0,0.0
2024-07-29,direct,mobile,213,139,34.4,187.0,4.2,143,5,532.8,2.35
2024-07-29,direct,desktop,176,124,29.2,162.0,2.8,125,5,1037.33,2.84
2024-07-29,direct,tablet,42,30,28.3,66.0,5.3,23,1,135.39,2.38
2024-07-29,email,mobile,117,86,26.1,130.0,5.0,77,5,915.78,4.27
2024-07-29,email,desktop,88,63,27.3,163.0,5.1,49,3,601.28,3.41
2024-07-29,email,tablet,33,24,26.4,251.0,3.2,21,1,139.09,3.03
2024-07-29,referral,mobile,118,62,46.8,70.0,4.5,81,2,377.08,1.69
2024-07-29,referral,desktop,65,35,45.9,136.0,2.8,37,1,192.69,1.54
2024-07-29,referral,tablet,21,10,52.1,201.0,1.5,15,0,0.0,0.0
2024-07-29,organic_social,mobile,87,27,68.8,191.0,1.5,57,0,0.0,0.0
2024-07-29,organic_social,desktop,46,17,61.9,86.0,3.6,29,0,0.0,0.0
2024-07-29,organic_social,tablet,11,5,54.4,149.0,4.2,5,0,0.0,0.0
2024-07-30,organic_search,mobile,407,242,40.5,207.0,4.0,250,11,1097.65,2.7
2024-07-30,organic_search,desktop,210,125,40.3,138.0,2.3,167,6,579.56,2.86
2024-07-30,organic_search,tablet,69,41,40.3,164.0,3.1,40,1,218.83,1.45
2024-07-30,paid_search,mobile,218,141,34.9,223.0,4.5,117,7,1298.71,3.21
2024-07-30,paid_search,desktop,213,130,38.9,50.0,1.6,140,6,961.12,2.82
2024-07-30,paid_search,tablet,42,25,38.5,232.0,5.2,32,1,207.04,2.38
2024-07-30,paid_social,mobile,335,139,58.4,180.0,1.7,236,7,1188.96,2.09
2024-07-30,paid_social,desktop,208,92,55.7,166.0,4.1,136,3,461.29,1.44
2024-07-30,paid_social,tablet,39,14,62.0,176.0,2.5,23,0,0.0,0.0
2024-07-30,direct,mobile,263,175,33.4,87.0,5.0,202,8,649.99,3.04
2024-07-30,direct,desktop,133,95,28.2,118.0,3.5,95,4,822.43,3.01
2024-07-30,direct,tablet,32,23,27.8,221.0,3.6,17,1,171.59,3.12
2024-07-30,email,mobile,139,108,22.2,257.0,4.9,101,4,650.19,2.88
2024-07-30,email,desktop,104,74,28.0,127.0,1.8,66,5,838.81,4.81
2024-07-30,email,tablet,32,23,25.6,150.0,5.3,17,1,170.86,3.12
2024-07-30,referral,mobile,113,53,52.7,198.0,1.4,60,2,318.18,1.77
2024-07-30,referral,desktop,58,27,51.8,149.0,3.4,38,1,108.38,1.72
2024-07-30,referral,tablet,13,5,56.4,162.0,2.4,8,0,0.0,0.0
2024-07-30,organic_social,mobile,65,21,66.8,44.0,2.0,44,1,102.57,1.54
2024-07-30,organic_social,desktop,36,12,65.6,114.0,4.5,18,0,0.0,0.0
2024-07-30,organic_social,tablet,14,5,62.7,44.0,3.7,10,0,0.0,0.0
2024-07-31,organic_search,mobile,361,201,44.2,194.0,3.9,214,7,1158.72,1.94
2024-07-31,organic_search,desktop,240,122,49.0,149.0,2.2,180,5,415.5,2.08
2024-07-31,organic_search,tablet,68,37,44.1,149.0,4.4,43,1,176.54,1.47
2024-07-31,paid_search,mobile,270,176,34.8,173.0,5.0,136,11,1504.23,4.07
2024-07-31,paid_search,desktop,268,172,35.6,212.0,2.8,139,7,780.35,2.61
2024-07-31,paid_search,tablet,53,34,34.0,232.0,4.7,39,2,279.68,3.77
2024-07-31,paid_social,mobile,302,147,51.2,136.0,1.5,239,5,692.55,1.66
2024-07-31,paid_social,desktop,162,81,49.7,64.0,1.9,84,3,305.31,1.85
2024-07-31,paid_social,tablet,53,25,51.2,129.0,3.6,30,0,0.0,0.0
2024-07-31,direct,mobile,225,149,33.4,242.0,4.2,122,8,707.94,3.56
2024-07-31,direct,desktop,235,167,28.8,84.0,4.1,119,10,944.59,4.26
2024-07-31,direct,tablet,37,24,32.6,136.0,4.9,23,1,208.63,2.7
2024-07-31,email,mobile,195,148,23.6,100.0,1.7,100,8,996.39,4.1
2024-07-31,email,desktop,108,79,26.8,240.0,4.0,83,3,365.68,2.78
2024-07-31,email,tablet,43,33,21.7,251.0,3.7,28,2,174.33,4.65
2024-07-31,referral,mobile,151,66,55.7,63.0,4.2,81,3,418.67,1.99
2024-07-31,referral,desktop,97,48,50.4,184.0,4.9,56,1,165.82,1.03
2024-07-31,referral,tablet,31,13,56.9,162.0,1.4,20,0,0.0,0.0
2024-07-31,organic_social,mobile,110,35,68.0,151.0,2.2,60,1,191.19,0.91
2024-07-31,organic_social,desktop,70,31,55.2,181.0,3.4,53,0,0.0,0.0
2024-07-31,organic_social,tablet,14,6,55.5,137.0,1.3,9,0,0.0,0.0
2024-08-01,organic_search,mobile,571,331,42.0,55.0,2.9,288,10,1525.13,1.75
2024-08-01,organic_search,desktop,255,144,43.5,202.0,1.5,180,4,383.93,1.57
2024-08-01,organic_search,tablet,104,62,40.0,109.0,3.2,78,2,339.62,1.92
2024-08-01,paid_search,mobile,301,182,39.4,60.0,3.5,237,12,1056.54,3.99
2024-08-01,paid_search,desktop,203,129,36.1,58.0,2.9,135,4,522.86,1.97
2024-08-01,paid_search,tablet,89,51,41.6,64.0,3.7,58,3,335.82,3.37
2024-08-01,paid_social,mobile,349,179,48.5,122.0,1.5,264,6,606.3,1.72
2024-08-01,paid_social,desktop,156,58,62.2,204.0,1.4,108,3,556.1,1.92
2024-08-01,paid_social,tablet,76,38,48.8,124.0,4.8,50,1,135.15,1.32
2024-08-01,direct,mobile,218,144,33.9,243.0,4.9,153,6,1229.81,2.75
2024-08-01,direct,desktop,210,143,31.8,108.0,4.3,144,7,828.93,3.33
2024-08-01,direct,tablet,55,37,31.4,72.0,2.8,31,2,369.54,3.64
2024-08-01,email,mobile,196,153,21.7,112.0,4.7,101,9,854.22,4.59
2024-08-01,email,desktop,134,96,28.2,215.0,2.3,90,6,1078.63,4.48
2024-08-01,email,tablet,30,23,23.1,222.0,5.1,18,1,161.96,3.33
2024-08-01,referral,mobile,124,58,52.8,97.0,3.3,78,2,230.93,1.61
2024-08-01,referral,desktop,96,47,50.1,207.0,2.1,49,1,103.23,1.04
2024-08-01,referral,tablet,27,12,52.8,215.0,1.7,17,0,0.0,0.0
2024-08-01,organic_social,mobile,99,48,51.4,129.0,4.6,68,1,189.59,1.01
2024-08-01,organic_social,desktop,71,24,65.5,153.0,3.2,47,0,0.0,0.0
2024-08-01,organic_social,tablet,14,4,65.9,80.0,3.7,11,0,0.0,0.0
2024-08-02,organic_search,mobile,568,303,46.6,84.0,2.6,353,14,2079.95,2.46
2024-08-02,organic_search,desktop,387,216,44.0,144.0,2.3,237,10,2091.39,2.58
2024-08-02,organic_search,tablet,80,41,47.9,208.0,2.6,43,1,182.24,1.25
2024-08-02,paid_search,mobile,417,265,36.4,129.0,5.0,258,13,2194.18,3.12
2024-08-02,paid_search,desktop,216,124,42.4,224.0,2.1,117,5,486.95,2.31
2024-08-02,paid_search,tablet,71,47,32.8,179.0,2.5,54,2,286.82,2.82
2024-08-02,paid_social,mobile,298,127,57.3,70.0,1.5,235,6,816.68,2.01
2024-08-02,paid_social,desktop,255,97,61.9,62.0,4.6,164,5,639.71,1.96
2024-08-02,paid_social,tablet,59,25,56.3,153.0,1.6,31,0,0.0,0.0
2024-08-02,direct,mobile,290,199,31.1,245.0,1.5,145,8,677.05,2.76
2024-08-02,direct,desktop,164,118,27.5,151.0,4.6,126,5,1025.95,3.05
2024-08-02,direct,tablet,42,29,29.9,202.0,4.3,26,1,126.46,2.38
2024-08-02,email,mobile,144,113,21.3,221.0,2.8,100,5,457.45,3.47
2024-08-02,email,desktop,111,80,27.2,152.0,1.7,67,5,986.26,4.5
2024-08-02,email,tablet,33,23,28.5,212.0,3.7,22,1,169.72,3.03
2024-08-02,referral,mobile,114,64,43.4,124.0,3.5,67,2,397.63,1.75
2024-08-02,referral,desktop,83,45,45.6,148.0,1.4,56,1,148.87,1.2
2024-08-02,referral,tablet,20,10,48.3,87.0,4.6,12,0,0.0,0.0
2024-08-02,organic_social,mobile,102,38,62.1,178.0,4.2,63,1,158.3,0.98
2024-08-02,organic_social,desktop,66,31,52.9,203.0,3.7,46,0,0.0,0.0
2024-08-02,organic_social,tablet,13,5,59.2,66.0,3.2,10,0,0.0,0.0
2024-08-03,organic_search,mobile,594,298,49.8,190.0,4.5,463,13,2752.8,2.19
2024-08-03,organic_search,desktop,386,225,41.5,155.0,2.6,272,7,1237.06,1.81
2024-08-03,organic_search,tablet,64,39,38.9,187.0,5.1,44,1,107.14,1.56
2024-08-03,paid_search,mobile,420,284,32.4,182.0,2.3,316,13,2527.12,3.1
2024-08-03,paid_search,desktop,313,201,35.5,62.0,4.9,243,8,1019.15,2.56
2024-08-03,paid_search,tablet,75,44,41.0,168.0,4.6,55,2,265.66,2.67
2024-08-03,paid_social,mobile,259,118,54.4,131.0,2.6,184,4,741.12,1.54
2024-08-03,paid_social,desktop,217,106,51.0,48.0,1.8,119,4,383.31,1.84
2024-08-03,paid_social,tablet,64,27,57.1,66.0,3.1,42,1,108.58,1.56
2024-08-03,direct,mobile,254,184,27.5,74.0,4.4,153,6,502.05,2.36
2024-08-03,direct,desktop,131,91,30.1,74.0,4.5,92,4,560.07,3.05
2024-08-03,direct,tablet,49,34,28.9,174.0,1.7,30,1,185.5,2.04
2024-08-03,email,mobile,239,180,24.6,95.0,3.6,167,8,1361.04,3.35
2024-08-03,email,desktop,148,108,26.4,239.0,3.4,74,5,937.46,3.38
2024-08-03,email,tablet,42,32,22.5,134.0,4.8,25,1,123.07,2.38
2024-08-03,referral,mobile,98,47,52.0,115.0,1.6,65,2,387.98,2.04
2024-08-03,referral,desktop,66,37,42.8,146.0,3.9,40,1,136.48,1.52
2024-08-03,referral,tablet,17,9,46.3,183.0,3.0,8,0,0.0,0.0
2024-08-03,organic_social,mobile,74,25,65.6,187.0,2.6,41,1,84.39,1.35
2024-08-03,organic_social,desktop,46,16,64.9,77.0,3.7,24,0,0.0,0.0
2024-08-03,organic_social,tablet,13,6,53.4,73.0,2.7,9,0,0.0,0.0
2024-08-04,organic_search,mobile,419,206,50.7,158.0,3.8,241,13,2046.28,3.1
2024-08-04,organic_search,desktop,281,168,40.1,57.0,3.5,169,8,1450.71,2.85
2024-08-04,organic_search,tablet,104,59,42.9,152.0,2.5,57,2,206.41,1.92
2024-08-04,paid_search,mobile,412,248,39.6,147.0,4.9,308,17,2952.47,4.13
2024-08-04,paid_search,desktop,252,155,38.1,187.0,1.7,180,10,1663.98,3.97
2024-08-04,paid_search,tablet,60,39,33.6,131.0,3.1,33,2,353.53,3.33
2024-08-04,paid_social,mobile,244,115,52.5,192.0,1.7,128,3,417.13,1.23
2024-08-04,paid_social,desktop,273,111,59.0,158.0,2.6,195,3,273.42,1.1
2024-08-04,paid_social,tablet,59,21,62.7,96.0,3.3,32,1,86.53,1.69
2024-08-04,direct,mobile,202,149,26.2,72.0,4.1,138,7,1179.61,3.47
2024-08-04,direct,desktop,232,155,33.1,138.0,3.3,135,10,2152.55,4.31
2024-08-04,direct,tablet,52,38,26.9,101.0,2.2,40,2,166.98,3.85
2024-08-04,email,mobile,151,108,27.9,118.0,2.7,120,4,684.39,2.65
2024-08-04,email,desktop,102,78,22.8,262.0,4.3,68,4,734.82,3.92
2024-08-04,email,tablet,33,24,25.7,193.0,2.2,21,1,110.48,3.03
2024-08-04,referral,mobile,115,60,47.2,48.0,1.8,63,2,178.06,1.74
2024-08-04,referral,desktop,70,32,54.1,157.0,4.0,35,1,145.79,1.43
2024-08-04,referral,tablet,29,12,57.3,43.0,1.4,16,0,0.0,0.0
2024-08-04,organic_social,mobile,116,43,62.7,118.0,2.4,88,1,141.4,0.86
2024-08-04,organic_social,desktop,63,25,59.7,164.0,1.8,39,0,0.0,0.0
2024-08-04,organic_social,tablet,15,4,68.8,104.0,2.3,10,0,0.0,0.0
2024-08-05,organic_search,mobile,301,184,38.7,116.0,4.6,174,5,598.2,1.66
2024-08-05,organic_search,desktop,165,84,48.8,97.0,4.2,82,5,744.61,3.03
2024-08-05,organic_search,tablet,82,41,49.9,51.0,5.1,59,2,237.72,2.44
2024-08-05,paid_search,mobile,260,175,32.5,192.0,1.7,161,9,1963.5,3.46
2024-08-05,paid_search,desktop,140,80,42.7,63.0,1.8,98,4,730.69,2.86
2024-08-05,paid_search,tablet,63,41,34.6,208.0,3.9,33,1,166.72,1.59
2024-08-05,paid_social,mobile,266,102,61.3,207.0,1.6,171,5,809.51,1.88
2024-08-05,paid_social,desktop,192,97,49.1,109.0,2.1,112,4,518.27,2.08
2024-08-05,paid_social,tablet,49,22,53.8,55.0,4.4,28,0,0.0,0.0
2024-08-05,direct,mobile,216,153,28.9,254.0,2.6,143,7,1340.07,3.24
2024-08-05,direct,desktop,135,88,34.5,144.0,2.3,98,5,677.96,3.7
2024-08-05,direct,tablet,47,30,34.2,139.0,3.8,28,1,173.9,2.13
2024-08-05,email,mobile,164,128,21.4,253.0,4.1,117,4,721.03,2.44
2024-08-05,email,desktop,109,82,24.0,251.0,3.2,61,3,631.9,2.75
2024-08-05,email,tablet,32,23,26.6,257.0,1.5,18,0,0.0,0.0
2024-08-05,referral,mobile,104,56,45.3,96.0,4.4,67,1,129.42,0.96
2024-08-05,referral,desktop,55,29,47.2,177.0,1.7,35,0,0.0,0.0
2024-08-05,referral,tablet,22,11,48.0,203.0,4.7,14,0,0.0,0.0
2024-08-05,organic_social,mobile,91,31,65.7,60.0,3.2,52,1,168.14,1.1
2024-08-05,organic_social,desktop,39,18,53.3,150.0,2.4,28,0,0.0,0.0
2024-08-05,organic_social,tablet,13,4,62.5,144.0,4.4,7,0,0.0,0.0
2024-08-06,organic_search,mobile,335,201,39.8,220.0,3.5,200,6,811.42,1.79
2024-08-06,organic_search,desktop,263,161,38.5,161.0,3.7,148,6,984.7,2.28
2024-08-06,organic_search,tablet,59,29,50.8,160.0,2.2,36,1,123.69,1.69
2024-08-06,paid_search,mobile,339,210,38.0,171.0,1.5,245,13,2184.31,3.83
2024-08-06,paid_search,desktop,236,147,37.7,105.0,3.0,123,6,1300.66,2.54
2024-08-06,paid_search,tablet,40,26,34.8,170.0,3.7,25,1,158.09,2.5
2024-08-06,paid_social,mobile,306,115,62.2,112.0,1.3,234,4,392.91,1.31
2024-08-06,paid_social,desktop,139,61,55.8,50.0,4.1,109,1,157.46,0.72
2024-08-06,paid_social,tablet,41,20,51.0,78.0,4.3,22,0,0.0,0.0
2024-08-06,direct,mobile,152,106,30.2,85.0,4.7,97,4,711.01,2.63
2024-08-06,direct,desktop,143,104,27.2,105.0,3.0,92,3,505.14,2.1
2024-08-06,direct,tablet,32,21,32.7,234.0,4.9,17,1,140.47,3.12
2024-08-06,email,mobile,116,87,24.8,118.0,3.2,82,4,511.03,3.45
2024-08-06,email,desktop,68,49,26.6,92.0,1.7,44,3,560.67,4.41
2024-08-06,email,tablet,33,23,27.4,200.0,4.7,25,1,100.02,3.03
2024-08-06,referral,mobile,107,53,50.2,158.0,2.3,73,2,424.11,1.87
2024-08-06,referral,desktop,78,38,51.0,163.0,1.5,55,1,182.67,1.28
2024-08-06,referral,tablet,17,7,56.6,210.0,2.4,11,0,0.0,0.0
2024-08-06,organic_social,mobile,53,24,53.6,137.0,2.5,33,0,0.0,0.0
2024-08-06,organic_social,desktop,56,25,54.8,207.0,1.6,41,0,0.0,0.0
2024-08-06,organic_social,tablet,14,6,55.2,68.0,3.1,10,0,0.0,0.0
2024-08-07,organic_search,mobile,392,217,44.5,87.0,3.3,212,7,860.7,1.79
2024-08-07,organic_search,desktop,284,164,42.0,65.0,5.1,205,8,1423.63,2.82
2024-08-07,organic_search,tablet,93,51,44.7,48.0,4.0,60,1,214.68,1.08
2024-08-07,paid_search,mobile,477,302,36.6,58.0,1.6,268,15,2758.91,3.14
2024-08-07,paid_search,desktop,193,130,32.4,243.0,3.1,112,6,1148.59,3.11
2024-08-07,paid_search,tablet,85,49,41.9,220.0,2.0,43,2,236.48,2.35
2024-08-07,paid_social,mobile,408,179,56.1,176.0,4.4,238,6,1043.55,1.47
2024-08-07,paid_social,desktop,157,70,55.2,117.0,2.2,79,3,327.28,1.91
2024-08-07,paid_social,tablet,78,39,49.0,96.0,4.9,54,1,128.52,1.28
2024-08-07,direct,mobile,321,217,32.3,105.0,4.7,218,10,1589.13,3.12
2024-08-07,direct,desktop,155,102,33.6,57.0,5.0,121,5,746.52,3.23
2024-08-07,direct,tablet,54,38,29.5,169.0,1.9,41,1,117.53,1.85
2024-08-07,email,mobile,155,113,26.8,168.0,4.5,111,5,558.25,3.23
2024-08-07,email,desktop,102,77,23.7,204.0,2.5,75,5,906.27,4.9
2024-08-07,email,tablet,32,24,24.3,141.0,1.5,20,1,96.99,3.12
2024-08-07,referral,mobile,152,65,56.9,128.0,1.9,81,2,238.76,1.32
2024-08-07,referral,desktop,83,40,51.2,183.0,2.1,60,1,219.69,1.2
2024-08-07,referral,tablet,25,12,49.3,169.0,1.3,18,0,0.0,0.0
2024-08-07,organic_social,mobile,113,49,56.4,52.0,3.7,62,1,87.49,0.88
2024-08-07,organic_social,desktop,76,25,66.2,93.0,1.5,38,0,0.0,0.0
2024-08-07,organic_social,tablet,16,5,68.0,139.0,4.3,10,0,0.0,0.0
2024-08-08,organic_search,mobile,388,203,47.5,92.0,2.3,205,12,992.94,3.09
2024-08-08,organic_search,desktop,255,144,43.4,225.0,1.8,129,8,1603.5,3.14
2024-08-08,organic_search,tablet,67,33,50.6,86.0,1.4,35,1,160.17,1.49
2024-08-08,paid_search,mobile,433,284,34.4,180.0,3.2,339,11,1460.98,2.54
2024-08-08,paid_search,desktop,235,153,34.6,206.0,5.1,176,7,1001.87,2.98
2024-08-08,paid_search,tablet,65,42,34.8,202.0,5.3,43,2,268.06,3.08
2024-08-08,paid_social,mobile,342,142,58.3,96.0,1.8,233,5,741.77,1.46
2024-08-08,paid_social,desktop,230,93,59.3,174.0,2.6,158,5,554.26,2.17
2024-08-08,paid_social,tablet,76,37,51.0,186.0,3.9,55,1,147.24,1.32
2024-08-08,direct,mobile,252,171,31.8,127.0,2.7,126,9,1295.42,3.57
2024-08-08,direct,desktop,147,108,26.0,229.0,4.8,83,6,1202.47,4.08
2024-08-08,direct,tablet,52,34,33.7,142.0,1.4,30,2,160.51,3.85
2024-08-08,email,mobile,185,133,27.9,153.0,4.7,109,8,1045.98,4.32
2024-08-08,email,desktop,130,99,23.2,234.0,1.6,73,5,417.26,3.85
2024-08-08,email,tablet,31,22,25.9,61.0,4.7,22,1,91.26,3.23
2024-08-08,referral,mobile,161,76,52.6,149.0,4.3,88,3,399.2,1.86
2024-08-08,referral,desktop,81,37,53.6,95.0,1.4,41,1,175.43,1.23
2024-08-08,referral,tablet,31,13,56.7,46.0,2.1,18,0,0.0,0.0
2024-08-08,organic_social,mobile,81,28,65.4,153.0,3.1,43,1,91.34,1.23
2024-08-08,organic_social,desktop,70,33,52.5,210.0,3.9,43,0,0.0,0.0
2024-08-08,organic_social,tablet,20,9,54.9,141.0,4.2,13,0,0.0,0.0
2024-08-09,organic_search,mobile,593,299,49.4,57.0,2.1,357,12,1362.64,2.02
2024-08-09,organic_search,desktop,219,125,42.5,49.0,1.3,119,6,1185.88,2.74
2024-08-09,organic_search,tablet,107,59,44.6,213.0,1.8,68,3,612.68,2.8
2024-08-09,paid_search,mobile,499,329,34.0,127.0,4.9,337,16,2051.19,3.21
2024-08-09,paid_search,desktop,283,169,40.0,234.0,5.1,208,9,1717.56,3.18
2024-08-09,paid_search,tablet,69,45,34.2,117.0,1.9,39,1,112.4,1.45
2024-08-09,paid_social,mobile,259,115,55.4,101.0,3.8,198,3,551.96,1.16
2024-08-09,paid_social,desktop,165,60,63.1,93.0,4.4,112,3,262.41,1.82
2024-08-09,paid_social,tablet,54,20,62.3,188.0,4.0,31,1,182.98,1.85
2024-08-09,direct,mobile,303,202,33.1,82.0,2.1,160,8,822.59,2.64
2024-08-09,direct,desktop,220,147,32.9,176.0,2.5,125,6,1072.65,2.73
2024-08-09,direct,tablet,44,29,32.1,55.0,5.0,31,1,118.91,2.27
2024-08-09,email,mobile,189,135,28.3,114.0,2.7,142,6,1046.75,3.17
2024-08-09,email,desktop,143,109,23.5,214.0,1.8,100,4,520.25,2.8
2024-08-09,email,tablet,43,33,22.6,195.0,4.7,27,2,174.38,4.65
2024-08-09,referral,mobile,110,47,56.4,107.0,3.0,72,1,157.71,0.91
2024-08-09,referral,desktop,87,47,45.6,50.0,3.2,57,1,82.68,1.15
2024-08-09,referral,tablet,21,10,50.8,161.0,4.9,13,0,0.0,0.0
2024-08-09,organic_social,mobile,112,49,55.5,154.0,4.6,63,1,170.85,0.89
2024-08-09,organic_social,desktop,56,26,52.5,116.0,2.6,39,0,0.0,0.0
2024-08-09,organic_social,tablet,13,5,56.3,125.0,2.0,8,0,0.0,0.0
2024-08-10,organic_search,mobile,604,370,38.6,227.0,3.9,415,16,2679.35,2.65
2024-08-10,organic_search,desktop,355,206,41.9,131.0,1.6,208,9,1374.47,2.54
2024-08-10,organic_search,tablet,75,38,48.0,59.0,5.1,53,2,224.62,2.67
2024-08-10,paid_search,mobile,474,313,33.9,80.0,2.0,279,17,3295.71,3.59
2024-08-10,paid_search,desktop,203,114,43.4,198.0,2.8,143,5,932.91,2.46
2024-08-10,paid_search,tablet,53,33,36.8,124.0,4.5,37,2,207.19,3.77
2024-08-10,paid_social,mobile,373,146,60.8,189.0,1.3,249,4,751.85,1.07
2024-08-10,paid_social,desktop,200,104,47.6,214.0,3.7,151,3,510.49,1.5
2024-08-10,paid_social,tablet,48,23,50.2,87.0,3.6,29,1,204.24,2.08
2024-08-10,direct,mobile,283,188,33.2,113.0,2.5,207,11,1247.2,3.89
2024-08-10,direct,desktop,182,120,34.1,206.0,3.4,104,7,766.97,3.85
2024-08-10,direct,tablet,48,31,34.2,145.0,2.8,35,1,180.74,2.08
2024-08-10,email,mobile,232,181,21.8,121.0,4.7,123,8,1208.82,3.45
2024-08-10,email,desktop,144,106,25.9,90.0,2.4,102,5,641.12,3.47
2024-08-10,email,tablet,32,23,26.4,156.0,4.5,18,1,100.34,3.12
2024-08-10,referral,mobile,146,79,45.5,119.0,4.3,93,2,260.86,1.37
2024-08-10,referral,desktop,64,30,52.0,187.0,1.9,49,1,126.43,1.56
2024-08-10,referral,tablet,22,11,49.4,59.0,3.5,13,0,0.0,0.0
2024-08-10,organic_social,mobile,96,34,64.4,127.0,1.3,58,1,89.94,1.04
2024-08-10,organic_social,desktop,60,22,62.6,195.0,3.6,35,0,0.0,0.0
2024-08-10,organic_social,tablet,22,7,66.9,129.0,1.9,12,0,0.0,0.0
2024-08-11,organic_search,mobile,499,286,42.6,220.0,4.6,360,14,1311.57,2.81
2024-08-11,organic_search,desktop,262,136,47.9,103.0,4.5,134,6,1012.36,2.29
2024-08-11,organic_search,tablet,97,49,49.4,97.0,3.3,58,2,213.76,2.06
2024-08-11,paid_search,mobile,270,181,32.8,236.0,3.1,196,10,917.19,3.7
2024-08-11,paid_search,desktop,189,107,42.9,57.0,1.7,122,4,343.6,2.12
2024-08-11,paid_search,tablet,82,52,35.5,229.0,1.9,44,3,565.11,3.66
2024-08-11,paid_social,mobile,267,126,52.7,90.0,3.6,160,4,578.5,1.5
2024-08-11,paid_social,desktop,202,104,48.5,183.0,4.8,147,3,515.22,1.49
2024-08-11,paid_social,tablet,53,26,50.6,185.0,4.0,30,1,190.62,1.89
2024-08-11,direct,mobile,348,254,26.8,168.0,3.3,222,11,1413.57,3.16
2024-08-11,direct,desktop,189,133,29.2,213.0,3.3,131,5,864.88,2.65
2024-08-11,direct,tablet,53,39,26.0,190.0,3.5,28,1,81.38,1.89
2024-08-11,email,mobile,197,141,28.0,250.0,4.6,146,7,1522.72,3.55
2024-08-11,email,desktop,115,87,24.3,73.0,2.0,82,6,787.6,5.22
2024-08-11,email,tablet,32,24,22.7,174.0,2.0,17,1,148.41,3.12
2024-08-11,referral,mobile,104,51,50.2,92.0,4.5,55,2,365.04,1.92
2024-08-11,referral,desktop,65,29,55.2,45.0,1.6,44,1,179.14,1.54
2024-08-11,referral,tablet,19,10,42.9,198.0,4.5,13,0,0.0,0.0
2024-08-11,organic_social,mobile,84,34,59.3,98.0,4.3,52,1,89.7,1.19
2024-08-11,organic_social,desktop,65,30,52.7,196.0,1.7,49,0,0.0,0.0
2024-08-11,organic_social,tablet,16,6,62.2,85.0,4.5,9,0,0.0,0.0
2024-08-12,organic_search,mobile,405,242,40.1,186.0,2.6,259,11,992.67,2.72
2024-08-12,organic_search,desktop,183,97,46.7,166.0,2.0,138,4,534.69,2.19
2024-08-12,organic_search,tablet,75,40,46.0,50.0,4.4,44,1,176.2,1.33
2024-08-12,paid_search,mobile,222,146,34.2,97.0,5.2,120,9,1695.03,4.05
2024-08-12,paid_search,desktop,209,125,39.8,125.0,3.8,129,7,934.06,3.35
2024-08-12,paid_search,tablet,38,22,40.6,106.0,2.6,27,1,139.32,2.63
2024-08-12,paid_social,mobile,295,117,60.3,84.0,1.6,214,6,1116.67,2.03
2024-08-12,paid_social,desktop,125,46,63.0,99.0,3.1,90,2,309.37,1.6
2024-08-12,paid_social,tablet,54,28,48.0,53.0,2.5,35,1,169.81,1.85
2024-08-12,direct,mobile,176,128,26.9,64.0,2.9,98,4,830.47,2.27
2024-08-12,direct,desktop,157,106,31.9,170.0,3.0,108,6,998.12,3.82
2024-08-12,direct,tablet,30,20,31.7,153.0,3.5,20,0,0.0,0.0
2024-08-12,email,mobile,168,126,24.8,79.0,2.2,84,6,722.2,3.57
2024-08-12,email,desktop,112,81,27.0,154.0,3.1,82,3,241.0,2.68
2024-08-12,email,tablet,24,17,27.7,245.0,1.4,14,0,0.0,0.0
2024-08-12,referral,mobile,86,42,50.5,213.0,4.5,53,1,201.79,1.16
2024-08-12,referral,desktop,83,38,53.5,161.0,4.0,44,1,93.12,1.2
2024-08-12,referral,tablet,18,7,57.3,197.0,1.7,14,0,0.0,0.0
2024-08-12,organic_social,mobile,84,35,58.0,107.0,3.9,54,0,0.0,0.0
2024-08-12,organic_social,desktop,52,19,63.1,161.0,4.6,29,0,0.0,0.0
2024-08-12,organic_social,tablet,14,5,61.8,88.0,2.6,7,0,0.0,0.0
2024-08-13,organic_search,mobile,300,166,44.6,100.0,4.6,180,9,961.76,3.0
2024-08-13,organic_search,desktop,293,170,41.9,236.0,4.8,218,7,653.7,2.39
2024-08-13,organic_search,tablet,52,25,51.3,166.0,5.0,32,1,140.99,1.92
2024-08-13,paid_search,mobile,221,127,42.2,152.0,1.4,143,6,1309.05,2.71
2024-08-13,paid_search,desktop,207,139,32.6,179.0,5.2,142,6,610.67,2.9
2024-08-13,paid_search,tablet,58,36,36.8,198.0,4.8,40,1,156.14,1.72
2024-08-13,paid_social,mobile,334,132,60.4,193.0,4.7,205,4,604.19,1.2
2024-08-13,paid_social,desktop,187,86,53.5,208.0,3.2,94,2,407.69,1.07
2024-08-13,paid_social,tablet,56,25,54.6,70.0,3.8,33,0,0.0,0.0
2024-08-13,direct,mobile,168,111,33.8,96.0,3.7,91,7,695.8,4.17
2024-08-13,direct,desktop,109,77,28.5,225.0,4.2,78,4,858.97,3.67
2024-08-13,direct,tablet,38,26,30.3,71.0,2.3,29,1,182.38,2.63
2024-08-13,email,mobile,130,99,23.3,72.0,2.3,89,5,603.64,3.85
2024-08-13,email,desktop,76,56,26.1,232.0,4.5,53,2,171.73,2.63
2024-08-13,email,tablet,18,13,23.0,226.0,3.8,12,0,0.0,0.0
2024-08-13,referral,mobile,109,55,48.8,192.0,1.5,66,1,174.18,0.92
2024-08-13,referral,desktop,58,28,50.9,143.0,4.8,43,0,0.0,0.0
2024-08-13,referral,tablet,14,7,44.5,50.0,4.9,8,0,0.0,0.0
2024-08-13,organic_social,mobile,63,25,60.3,102.0,2.4,47,0,0.0,0.0
2024-08-13,organic_social,desktop,53,22,58.2,140.0,4.9,35,0,0.0,0.0
2024-08-13,organic_social,tablet,16,5,64.4,67.0,3.1,10,0,0.0,0.0
2024-08-14,organic_search,mobile,594,349,41.1,65.0,4.8,343,18,3794.92,3.03
2024-08-14,organic_search,desktop,229,111,51.2,143.0,2.1,160,5,836.09,2.18
2024-08-14,organic_search,tablet,63,37,41.0,140.0,2.0,39,1,213.49,1.59
2024-08-14,paid_search,mobile,472,315,33.1,133.0,1.7,255,11,2259.31,2.33
2024-08-14,paid_search,desktop,301,186,37.9,213.0,1.4,202,7,1436.18,2.33
2024-08-14,paid_search,tablet,59,36,38.4,165.0,3.5,36,1,124.22,1.69
2024-08-14,paid_social,mobile,264,98,62.7,55.0,3.7,139,3,505.91,1.14
2024-08-14,paid_social,desktop,184,78,57.4,64.0,2.0,132,2,309.2,1.09
2024-08-14,paid_social,tablet,45,23,48.6,63.0,2.4,23,0,0.0,0.0
2024-08-14,direct,mobile,352,260,26.1,73.0,1.5,181,14,2732.81,3.98
2024-08-14,direct,desktop,193,132,31.5,86.0,4.8,115,7,1090.65,3.63
2024-08-14,direct,tablet,67,47,29.0,168.0,4.3,41,2,410.39,2.99
2024-08-14,email,mobile,237,170,28.1,185.0,5.3,162,9,1023.31,3.8
2024-08-14,email,desktop,155,118,23.8,129.0,3.5,107,8,766.07,5.16
2024-08-14,email,tablet,30,21,28.2,75.0,1.7,19,1,191.91,3.33
2024-08-14,referral,mobile,156,86,44.3,182.0,3.0,110,3,461.7,1.92
2024-08-14,referral,desktop,68,36,45.7,229.0,1.5,44,1,126.11,1.47
2024-08-14,referral,tablet,21,8,57.4,88.0,4.0,16,0,0.0,0.0
2024-08-14,organic_social,mobile,105,35,66.6,152.0,1.9,77,0,0.0,0.0
2024-08-14,organic_social,desktop,77,25,67.2,119.0,1.8,60,0,0.0,0.0
2024-08-14,organic_social,tablet,13,4,64.7,48.0,2.0,8,0,0.0,0.0
2024-08-15,organic_search,mobile,532,272,48.7,178.0,4.4,303,9,912.14,1.69
2024-08-15,organic_search,desktop,256,155,39.4,162.0,4.9,139,5,405.61,1.95
2024-08-15,organic_search,tablet,100,54,46.0,204.0,3.8,74,3,575.21,3.0
2024-08-15,paid_search,mobile,350,228,34.7,68.0,4.8,211,13,2376.49,3.71
2024-08-15,paid_search,desktop,215,130,39.4,97.0,5.1,168,7,1087.49,3.26
2024-08-15,paid_search,tablet,49,31,36.2,223.0,3.4,36,1,199.03,2.04
2024-08-15,paid_social,mobile,388,174,55.0,89.0,3.4,213,6,703.63,1.55
2024-08-15,paid_social,desktop,177,93,46.9,209.0,4.0,130,3,657.62,1.69
2024-08-15,paid_social,tablet,59,28,51.7,157.0,1.9,43,0,0.0,0.0
2024-08-15,direct,mobile,235,170,27.6,155.0,1.6,123,10,947.55,4.26
2024-08-15,direct,desktop,198,136,31.2,193.0,2.6,113,5,1010.74,2.53
2024-08-15,direct,tablet,60,40,32.1,94.0,2.6,35,1,128.89,1.67
2024-08-15,email,mobile,247,180,26.9,52.0,1.6,164,12,1426.07,4.86
2024-08-15,email,desktop,106,81,22.7,181.0,1.8,77,3,607.87,2.83
2024-08-15,email,tablet,40,30,23.4,123.0,4.9,20,1,193.96,2.5
2024-08-15,referral,mobile,134,73,45.2,123.0,1.7,79,2,439.22,1.49
2024-08-15,referral,desktop,105,48,54.0,153.0,1.9,70,1,213.5,0.95
2024-08-15,referral,tablet,23,10,54.8,185.0,3.8,13,0,0.0,0.0
2024-08-15,organic_social,mobile,123,48,60.9,206.0,4.2,96,1,110.2,0.81
2024-08-15,organic_social,desktop,50,20,58.8,91.0,4.8,35,0,0.0,0.0
2024-08-15,organic_social,tablet,15,4,68.2,186.0,3.9,8,0,0.0,0.0
2024-08-16,organic_search,mobile,892,511,42.6,80.0,3.7,546,24,4758.57,2.69
2024-08-16,organic_search,desktop,370,227,38.4,219.0,3.7,253,11,1089.26,2.97
2024-08-16,organic_search,tablet,149,81,45.1,152.0,3.4,87,3,298.3,2.01
2024-08-16,paid_search,mobile,583,365,37.3,231.0,3.4,446,22,3483.22,3.77
2024-08-16,paid_search,desktop,354,217,38.7,229.0,2.2,189,10,1360.24,2.82
2024-08-16,paid_search,tablet,119,72,38.9,150.0,3.7,88,3,421.61,2.52
2024-08-16,paid_social,mobile,463,194,57.9,86.0,2.5,314,10,1981.28,2.16
2024-08-16,paid_social,desktop,387,155,59.8,116.0,4.3,288,7,1524.06,1.81
2024-08-16,paid_social,tablet,112,41,63.0,117.0,4.3,84,2,214.78,1.79
2024-08-16,direct,mobile,371,274,25.9,70.0,4.7,217,13,1902.86,3.5
2024-08-16,direct,desktop,285,209,26.4,133.0,4.0,158,12,2201.98,4.21
2024-08-16,direct,tablet,96,64,32.7,54.0,3.7,52,3,304.42,3.12
2024-08-16,email,mobile,321,242,24.4,263.0,5.4,173,12,1083.73,3.74
2024-08-16,email,desktop,157,119,24.2,205.0,5.4,119,5,1054.13,3.18
2024-08-16,email,tablet,57,41,26.5,91.0,4.1,37,2,351.56,3.51
2024-08-16,referral,mobile,248,123,50.1,210.0,5.0,178,3,350.96,1.21
2024-08-16,referral,desktop,89,50,42.9,211.0,5.0,61,1,219.95,1.12
2024-08-16,referral,tablet,42,22,47.3,86.0,4.1,29,0,0.0,0.0
2024-08-16,organic_social,mobile,109,49,54.5,50.0,2.8,76,1,185.97,0.92
2024-08-16,organic_social,desktop,70,32,53.1,158.0,4.9,35,0,0.0,0.0
2024-08-16,organic_social,tablet,31,12,58.8,140.0,1.6,16,0,0.0,0.0
2024-08-17,organic_search,mobile,806,472,41.3,105.0,4.4,579,20,2798.63,2.48
2024-08-17,organic_search,desktop,475,269,43.3,201.0,3.6,375,9,1370.03,1.89
2024-08-17,organic_search,tablet,88,42,51.7,104.0,3.2,65,2,393.15,2.27
2024-08-17,paid_search,mobile,636,406,36.1,233.0,3.1,385,18,3110.28,2.83
2024-08-17,paid_search,desktop,432,258,40.1,186.0,2.7,225,12,1056.22,2.78
2024-08-17,paid_search,tablet,106,67,36.0,190.0,2.4,55,3,441.25,2.83
2024-08-17,paid_social,mobile,472,247,47.7,166.0,2.3,261,9,1928.65,1.91
2024-08-17,paid_social,desktop,264,130,50.4,206.0,4.7,180,4,374.51,1.52
2024-08-17,paid_social,tablet,66,26,60.0,97.0,2.8,40,0,0.0,0.0
2024-08-17,direct,mobile,329,241,26.5,98.0,3.4,168,13,1700.99,3.95
2024-08-17,direct,desktop,278,200,27.7,219.0,2.3,177,10,1659.78,3.6
2024-08-17,direct,tablet,95,64,32.0,173.0,2.4,69,4,839.32,4.21
2024-08-17,email,mobile,307,228,25.7,161.0,3.1,157,14,2322.63,4.56
2024-08-17,email,desktop,213,153,27.7,57.0,1.4,111,9,1057.53,4.23
2024-08-17,email,tablet,45,34,22.7,257.0,2.3,28,1,177.95,2.22
2024-08-17,referral,mobile,249,108,56.5,85.0,1.8,158,4,499.03,1.61
2024-08-17,referral,desktop,110,50,53.7,94.0,3.5,76,1,183.09,0.91
2024-08-17,referral,tablet,38,20,45.1,154.0,1.6,24,0,0.0,0.0
2024-08-17,organic_social,mobile,103,44,57.1,91.0,3.5,74,1,137.76,0.97
2024-08-17,organic_social,desktop,74,32,56.4,80.0,3.7,57,0,0.0,0.0
2024-08-17,organic_social,tablet,24,10,56.7,105.0,2.2,13,0,0.0,0.0
2024-08-18,organic_search,mobile,555,287,48.2,54.0,4.1,367,17,2275.75,3.06
2024-08-18,organic_search,desktop,496,262,47.0,77.0,2.6,321,15,1494.92,3.02
2024-08-18,organic_search,tablet,156,77,50.5,176.0,2.7,121,4,444.62,2.56
2024-08-18,paid_search,mobile,455,300,33.9,214.0,2.0,348,17,3066.24,3.74
2024-08-18,paid_search,desktop,387,233,39.7,128.0,1.8,256,12,2244.99,3.1
2024-08-18,paid_search,tablet,114,75,34.1,103.0,2.0,87,3,532.55,2.63
2024-08-18,paid_social,mobile,394,187,52.4,108.0,4.7,274,6,879.96,1.52
2024-08-18,paid_social,desktop,288,136,52.7,208.0,2.1,204,5,423.56,1.74
2024-08-18,paid_social,tablet,104,41,60.4,56.0,4.2,67,1,155.14,0.96
2024-08-18,direct,mobile,327,222,32.0,143.0,2.3,256,10,960.31,3.06
2024-08-18,direct,desktop,240,166,30.7,124.0,2.0,187,10,1351.21,4.17
2024-08-18,direct,tablet,88,63,27.5,163.0,3.7,61,2,416.18,2.27
2024-08-18,email,mobile,318,228,28.3,221.0,1.6,170,15,3162.55,4.72
2024-08-18,email,desktop,215,168,21.5,143.0,2.9,120,10,1989.78,4.65
2024-08-18,email,tablet,36,26,26.8,114.0,4.7,18,1,212.25,2.78
2024-08-18,referral,mobile,196,102,47.7,218.0,1.3,113,2,343.62,1.02
2024-08-18,referral,desktop,137,60,55.6,45.0,2.1,71,2,179.8,1.46
2024-08-18,referral,tablet,32,16,49.1,129.0,1.3,18,0,0.0,0.0
2024-08-18,organic_social,mobile,126,59,53.1,177.0,3.1,81,1,108.17,0.79
2024-08-18,organic_social,desktop,95,45,51.8,119.0,2.9,66,0,0.0,0.0
2024-08-18,organic_social,tablet,17,5,68.3,183.0,1.2,13,0,0.0,0.0
2024-08-19,organic_search,mobile,372,223,39.9,148.0,1.7,194,7,989.95,1.88
2024-08-19,organic_search,desktop,235,136,41.7,193.0,2.1,122,7,942.05,2.98
2024-08-19,organic_search,tablet,96,48,49.3,98.0,1.7,67,2,312.94,2.08
2024-08-19,paid_search,mobile,358,207,41.9,155.0,4.3,210,12,2402.92,3.35
2024-08-19,paid_search,desktop,262,176,32.5,202.0,4.3,180,8,1237.79,3.05
2024-08-19,paid_search,tablet,55,31,42.6,138.0,4.5,35,1,192.46,1.82
2024-08-19,paid_social,mobile,403,190,52.7,171.0,2.0,288,8,924.68,1.99
2024-08-19,paid_social,desktop,207,100,51.3,168.0,4.8,113,4,775.67,1.93
2024-08-19,paid_social,tablet,58,28,51.6,169.0,2.3,33,0,0.0,0.0
2024-08-19,direct,mobile,322,234,27.2,249.0,2.7,243,10,881.12,3.11
2024-08-19,direct,desktop,200,144,27.6,251.0,2.1,106,5,886.47,2.5
2024-08-19,direct,tablet,52,36,29.0,64.0,5.2,31,2,291.29,3.85
2024-08-19,email,mobile,227,167,26.3,70.0,5.3,167,6,483.03,2.64
2024-08-19,email,desktop,102,75,25.9,142.0,4.3,56,4,320.31,3.92
2024-08-19,email,tablet,45,33,26.2,56.0,5.1,27,1,199.69,2.22
2024-08-19,referral,mobile,161,73,54.3,133.0,3.5,94,2,259.8,1.24
2024-08-19,referral,desktop,119,55,53.6,120.0,4.5,71,2,339.32,1.68
2024-08-19,referral,tablet,21,11,43.2,89.0,3.2,12,0,0.0,0.0
2024-08-19,organic_social,mobile,86,32,62.1,105.0,3.2,51,0,0.0,0.0
2024-08-19,organic_social,desktop,68,32,52.5,122.0,2.8,46,0,0.0,0.0
2024-08-19,organic_social,tablet,20,8,58.4,207.0,1.9,10,0,0.0,0.0
2024-08-20,organic_search,mobile,442,248,43.8,139.0,2.3,346,9,1771.73,2.04
2024-08-20,organic_search,desktop,254,152,39.9,192.0,2.6,182,5,453.74,1.97
2024-08-20,organic_search,tablet,108,63,41.5,213.0,1.4,64,2,305.49,1.85
2024-08-20,paid_search,mobile,507,329,35.0,110.0,3.2,378,12,1927.91,2.37
2024-08-20,paid_search,desktop,265,163,38.2,192.0,2.3,157,7,1337.01,2.64
2024-08-20,paid_search,tablet,87,55,36.4,81.0,2.7,64,2,262.04,2.3
2024-08-20,paid_social,mobile,369,168,54.3,51.0,1.3,238,5,524.3,1.36
2024-08-20,paid_social,desktop,223,108,51.3,185.0,2.1,128,5,678.6,2.24
2024-08-20,paid_social,tablet,70,37,46.8,87.0,3.3,49,0,0.0,0.0
2024-08-20,direct,mobile,274,198,27.7,192.0,5.2,156,11,1130.68,4.01
2024-08-20,direct,desktop,148,97,34.3,146.0,2.3,118,4,474.37,2.7
2024-08-20,direct,tablet,40,28,29.6,158.0,5.4,30,1,145.37,2.5
2024-08-20,email,mobile,182,135,25.4,87.0,4.3,103,5,686.7,2.75
2024-08-20,email,desktop,150,114,23.6,231.0,4.0,118,7,996.51,4.67
2024-08-20,email,tablet,42,30,26.7,112.0,1.5,29,1,150.68,2.38
2024-08-20,referral,mobile,121,62,48.5,58.0,2.6,63,2,215.9,1.65
2024-08-20,referral,desktop,94,53,42.8,105.0,2.3,49,2,430.61,2.13
2024-08-20,referral,tablet,32,15,51.3,207.0,4.4,23,0,0.0,0.0
2024-08-20,organic_social,mobile,126,41,66.8,153.0,2.5,79,1,216.27,0.79
2024-08-20,organic_social,desktop,72,30,57.5,198.0,2.4,39,1,100.73,1.39
2024-08-20,organic_social,tablet,22,9,55.3,206.0,2.1,11,0,0.0,0.0
2024-08-21,organic_search,mobile,867,515,40.5,64.0,3.1,452,27,5274.63,3.11
2024-08-21,organic_search,desktop,392,223,43.0,79.0,2.6,265,10,2166.25,2.55
2024-08-21,organic_search,tablet,100,52,47.8,161.0,2.7,71,2,425.88,2.0
2024-08-21,paid_search,mobile,661,387,41.4,134.0,2.8,392,18,2490.8,2.72
2024-08-21,paid_search,desktop,403,272,32.4,76.0,2.5,293,11,1098.09,2.73
2024-08-21,paid_search,tablet,128,79,38.2,62.0,1.7,77,3,588.25,2.34
2024-08-21,paid_social,mobile,479,192,59.9,125.0,2.0,304,10,1543.79,2.09
2024-08-21,paid_social,desktop,395,184,53.2,135.0,3.5,248,5,636.11,1.27
2024-08-21,paid_social,tablet,103,44,56.4,192.0,2.0,70,2,401.62,1.94
2024-08-21,direct,mobile,466,341,26.8,218.0,2.0,336,19,2000.05,4.08
2024-08-21,direct,desktop,207,147,28.9,253.0,1.8,128,5,589.5,2.42
2024-08-21,direct,tablet,82,60,26.4,186.0,5.1,61,2,200.11,2.44
2024-08-21,email,mobile,354,263,25.6,141.0,3.0,182,18,2208.43,5.08
2024-08-21,email,desktop,209,164,21.4,55.0,2.6,126,9,1232.9,4.31
2024-08-21,email,tablet,63,46,26.2,134.0,1.5,45,2,195.57,3.17
2024-08-21,referral,mobile,153,74,51.4,157.0,4.2,84,3,393.93,1.96
2024-08-21,referral,desktop,129,59,53.5,94.0,4.8,78,2,205.5,1.55
2024-08-21,referral,tablet,26,14,43.7,140.0,2.7,19,0,0.0,0.0
2024-08-21,organic_social,mobile,168,68,59.5,150.0,1.8,86,2,286.13,1.19
2024-08-21,organic_social,desktop,69,30,55.5,66.0,4.7,48,0,0.0,0.0
2024-08-21,organic_social,tablet,24,11,52.7,152.0,3.8,14,0,0.0,0.0
2024-08-22,organic_search,mobile,857,523,38.9,166.0,5.2,578,25,3938.28,2.92
2024-08-22,organic_search,desktop,515,307,40.3,233.0,5.0,290,15,2798.25,2.91
2024-08-22,organic_search,tablet,122,60,50.6,64.0,2.6,85,3,434.75,2.46
2024-08-22,paid_search,mobile,641,401,37.4,229.0,3.3,499,15,2529.66,2.34
2024-08-22,paid_search,desktop,319,183,42.4,197.0,2.6,245,11,2361.08,3.45
2024-08-22,paid_search,tablet,110,72,34.1,206.0,3.8,72,2,262.44,1.82
2024-08-22,paid_social,mobile,347,159,53.9,218.0,4.6,205,4,574.56,1.15
2024-08-22,paid_social,desktop,332,149,55.0,117.0,3.2,230,4,874.29,1.2
2024-08-22,paid_social,tablet,73,36,50.4,81.0,4.8,52,1,133.83,1.37
2024-08-22,direct,mobile,510,341,33.1,173.0,2.1,275,20,2279.69,3.92
2024-08-22,direct,desktop,283,194,31.1,64.0,4.3,225,7,905.38,2.47
2024-08-22,direct,tablet,85,56,33.1,196.0,2.4,52,2,186.76,2.35
2024-08-22,email,mobile,308,221,28.0,159.0,1.9,201,12,2575.5,3.9
2024-08-22,email,desktop,212,158,25.3,167.0,2.6,118,10,1567.14,4.72
2024-08-22,email,tablet,43,32,24.6,87.0,3.7,26,2,392.12,4.65
2024-08-22,referral,mobile,200,95,52.2,210.0,1.7,142,3,626.08,1.5
2024-08-22,referral,desktop,88,49,43.2,108.0,3.9,66,2,354.56,2.27
2024-08-22,referral,tablet,42,24,42.8,160.0,3.2,22,1,199.45,2.38
2024-08-22,organic_social,mobile,116,46,59.8,125.0,4.1,84,1,192.44,0.86
2024-08-22,organic_social,desktop,91,40,55.0,45.0,1.6,66,0,0.0,0.0
2024-08-22,organic_social,tablet,18,7,58.2,170.0,2.3,12,0,0.0,0.0
2024-08-23,organic_search,mobile,686,365,46.7,228.0,2.6,387,16,2469.36,2.33
2024-08-23,organic_search,desktop,423,231,45.3,125.0,2.9,295,7,1349.85,1.65
2024-08-23,organic_search,tablet,145,70,51.6,75.0,4.6,96,2,256.76,1.38
2024-08-23,paid_search,mobile,666,376,43.5,115.0,1.4,502,21,2027.37,3.15
2024-08-23,paid_search,desktop,248,151,39.1,98.0,3.5,129,6,486.35,2.42
2024-08-23,paid_search,tablet,106,63,40.0,157.0,4.5,64,4,823.74,3.77
2024-08-23,paid_social,mobile,520,242,53.4,96.0,2.7,317,8,1454.96,1.54
2024-08-23,paid_social,desktop,385,194,49.6,48.0,4.9,296,6,1225.81,1.56
2024-08-23,paid_social,tablet,85,36,57.5,59.0,4.4,45,1,157.69,1.18
2024-08-23,direct,mobile,352,234,33.4,140.0,4.4,200,10,1843.12,2.84
2024-08-23,direct,desktop,249,178,28.4,118.0,5.3,164,7,868.14,2.81
2024-08-23,direct,tablet,73,51,30.0,194.0,2.6,46,3,514.51,4.11
2024-08-23,email,mobile,222,163,26.4,96.0,3.1,142,8,1478.08,3.6
2024-08-23,email,desktop,139,108,21.8,193.0,3.2,90,5,781.42,3.6
2024-08-23,email,tablet,51,38,25.1,95.0,3.6,37,1,136.7,1.96
2024-08-23,referral,mobile,201,108,45.8,125.0,3.0,114,3,255.54,1.49
2024-08-23,referral,desktop,141,72,48.3,156.0,4.8,71,3,508.83,2.13
2024-08-23,referral,tablet,25,11,53.3,82.0,2.0,16,0,0.0,0.0
2024-08-23,organic_social,mobile,119,51,57.1,134.0,2.5,71,1,83.67,0.84
2024-08-23,organic_social,desktop,74,34,53.4,160.0,4.2,38,0,0.0,0.0
2024-08-23,organic_social,tablet,17,6,61.8,106.0,2.6,9,0,0.0,0.0
2024-08-24,organic_search,mobile,792,466,41.2,48.0,4.3,609,17,2957.6,2.15
2024-08-24,organic_search,desktop,319,171,46.2,172.0,3.7,221,7,636.89,2.19
2024-08-24,organic_search,tablet,148,85,42.1,79.0,5.1,89,4,736.26,2.7
2024-08-24,paid_search,mobile,620,366,40.9,100.0,2.2,406,19,1862.39,3.06
2024-08-24,paid_search,desktop,299,183,38.5,119.0,3.7,218,8,641.1,2.68
2024-08-24,paid_search,tablet,71,45,35.2,203.0,3.4,38,2,233.31,2.82
2024-08-24,paid_social,mobile,537,200,62.7,126.0,2.4,326,11,1943.05,2.05
2024-08-24,paid_social,desktop,285,108,62.0,113.0,2.7,142,4,531.7,1.4
2024-08-24,paid_social,tablet,77,34,55.0,110.0,3.8,53,1,159.73,1.3
2024-08-24,direct,mobile,350,257,26.4,89.0,2.5,255,14,2158.37,4.0
2024-08-24,direct,desktop,286,188,34.0,189.0,2.4,170,9,785.76,3.15
2024-08-24,direct,tablet,61,43,28.3,74.0,3.8,42,2,321.48,3.28
2024-08-24,email,mobile,338,244,27.7,62.0,2.0,180,10,2013.38,2.96
2024-08-24,email,desktop,141,102,27.3,243.0,3.0,70,6,1057.05,4.26
2024-08-24,email,tablet,54,39,27.8,222.0,4.9,29,2,261.89,3.7
2024-08-24,referral,mobile,207,113,45.1,193.0,3.5,153,4,812.39,1.93
2024-08-24,referral,desktop,96,52,45.4,212.0,3.5,75,1,188.64,1.04
2024-08-24,referral,tablet,39,19,51.0,61.0,1.9,22,0,0.0,0.0
2024-08-24,organic_social,mobile,170,54,68.0,126.0,2.9,127,1,209.34,0.59
2024-08-24,organic_social,desktop,89,36,59.2,148.0,1.5,64,0,0.0,0.0
2024-08-24,organic_social,tablet,26,10,59.2,84.0,3.3,19,0,0.0,0.0
2024-08-25,organic_search,mobile,488,287,41.0,64.0,2.9,320,12,1887.77,2.46
2024-08-25,organic_search,desktop,417,218,47.7,123.0,4.0,277,12,1733.24,2.88
2024-08-25,organic_search,tablet,152,83,44.7,202.0,2.9,108,3,294.1,1.97
2024-08-25,paid_search,mobile,526,356,32.3,131.0,2.7,294,15,1509.75,2.85
2024-08-25,paid_search,desktop,270,160,40.6,143.0,3.2,163,9,1053.9,3.33
2024-08-25,paid_search,tablet,86,56,34.4,133.0,4.3,55,3,589.99,3.49
2024-08-25,paid_social,mobile,371,147,60.3,130.0,3.8,237,5,894.77,1.35
2024-08-25,paid_social,desktop,353,186,47.3,183.0,4.5,224,4,821.95,1.13
2024-08-25,paid_social,tablet,87,38,55.6,187.0,4.7,56,1,182.69,1.15
2024-08-25,direct,mobile,391,262,33.0,182.0,4.9,205,15,3021.27,3.84
2024-08-25,direct,desktop,290,213,26.3,55.0,3.9,157,11,1847.8,3.79
2024-08-25,direct,tablet,58,42,26.9,78.0,2.4,29,2,192.35,3.45
2024-08-25,email,mobile,238,176,25.9,77.0,5.0,146,10,2157.35,4.2
2024-08-25,email,desktop,163,124,23.9,219.0,5.0,128,5,734.95,3.07
2024-08-25,email,tablet,58,42,25.9,207.0,2.1,40,2,404.97,3.45
2024-08-25,referral,mobile,184,89,51.4,212.0,4.6,99,4,685.44,2.17
2024-08-25,referral,desktop,86,44,48.3,171.0,3.1,62,2,224.44,2.33
2024-08-25,referral,tablet,27,14,46.1,100.0,4.4,16,0,0.0,0.0
2024-08-25,organic_social,mobile,150,47,68.1,171.0,1.2,86,1,113.9,0.67
2024-08-25,organic_social,desktop,81,36,54.5,115.0,2.4,51,1,158.12,1.23
2024-08-25,organic_social,tablet,21,9,55.0,156.0,2.4,16,0,0.0,0.0
2024-08-26,organic_search,mobile,441,229,47.9,130.0,3.5,244,8,1384.63,1.81
2024-08-26,organic_search,desktop,315,161,48.6,109.0,1.3,166,9,1019.32,2.86
2024-08-26,organic_search,tablet,72,41,42.2,197.0,4.3,48,2,302.87,2.78
2024-08-26,paid_search,mobile,412,235,42.9,211.0,1.6,287,13,1918.74,3.16
2024-08-26,paid_search,desktop,201,117,41.6,173.0,4.4,129,7,1053.53,3.48
2024-08-26,paid_search,tablet,93,58,37.3,132.0,1.3,54,3,484.75,3.23
2024-08-26,paid_social,mobile,453,209,53.8,94.0,3.1,277,7,1039.62,1.55
2024-08-26,paid_social,desktop,294,129,56.1,80.0,4.5,154,6,1056.97,2.04
2024-08-26,paid_social,tablet,65,32,50.7,174.0,4.8,46,1,122.01,1.54
2024-08-26,direct,mobile,282,194,30.9,75.0,1.9,182,12,1413.65,4.26
2024-08-26,direct,desktop,224,153,31.4,179.0,3.9,125,7,1274.71,3.12
2024-08-26,direct,tablet,49,34,28.6,103.0,1.6,35,2,377.03,4.08
2024-08-26,email,mobile,195,150,22.9,144.0,2.8,138,6,490.76,3.08
2024-08-26,email,desktop,168,129,22.8,152.0,4.3,101,5,636.11,2.98
2024-08-26,email,tablet,28,20,26.7,80.0,3.6,15,1,114.67,3.57
2024-08-26,referral,mobile,133,60,54.2,162.0,2.1,87,2,385.75,1.5
2024-08-26,referral,desktop,98,53,45.5,175.0,3.1,51,1,154.36,1.02
2024-08-26,referral,tablet,32,15,52.9,114.0,5.0,17,0,0.0,0.0
2024-08-26,organic_social,mobile,117,48,58.6,138.0,4.7,90,1,180.42,0.85
2024-08-26,organic_social,desktop,47,21,54.5,119.0,1.4,32,0,0.0,0.0
2024-08-26,organic_social,tablet,15,5,60.9,197.0,3.0,7,0,0.0,0.0
2024-08-27,organic_search,mobile,540,309,42.6,187.0,4.9,328,15,2186.85,2.78
2024-08-27,organic_search,desktop,424,253,40.3,89.0,3.8,217,11,933.54,2.59
2024-08-27,organic_search,tablet,71,41,42.2,139.0,3.8,44,1,82.24,1.41
2024-08-27,paid_search,mobile,305,185,39.3,182.0,2.1,214,10,1508.46,3.28
2024-08-27,paid_search,desktop,209,132,36.8,154.0,5.2,163,4,778.71,1.91
2024-08-27,paid_search,tablet,97,64,33.5,156.0,2.6,49,3,411.18,3.09
2024-08-27,paid_social,mobile,417,155,62.7,196.0,2.6,322,7,882.99,1.68
2024-08-27,paid_social,desktop,286,127,55.5,155.0,1.9,202,5,890.22,1.75
2024-08-27,paid_social,tablet,47,19,58.5,179.0,2.7,30,0,0.0,0.0
2024-08-27,direct,mobile,221,156,29.1,103.0,1.6,141,6,711.96,2.71
2024-08-27,direct,desktop,199,138,30.6,58.0,3.9,151,6,1210.4,3.02
2024-08-27,direct,tablet,40,28,30.0,103.0,4.6,26,1,106.73,2.5
2024-08-27,email,mobile,183,133,27.0,153.0,4.1,110,8,1026.85,4.37
2024-08-27,email,desktop,141,108,23.1,252.0,4.9,94,5,617.47,3.55
2024-08-27,email,tablet,38,29,21.7,185.0,4.9,19,1,125.94,2.63
2024-08-27,referral,mobile,153,75,51.0,144.0,4.2,81,2,341.0,1.31
2024-08-27,referral,desktop,88,37,57.5,97.0,1.6,69,1,175.8,1.14
2024-08-27,referral,tablet,20,8,57.4,96.0,3.2,14,0,0.0,0.0
2024-08-27,organic_social,mobile,132,56,57.5,164.0,2.7,73,1,166.34,0.76
2024-08-27,organic_social,desktop,57,21,62.8,77.0,4.3,31,0,0.0,0.0
2024-08-27,organic_social,tablet,16,6,61.6,199.0,3.8,9,0,0.0,0.0
2024-08-28,organic_search,mobile,780,408,47.7,176.0,2.6,574,22,4580.91,2.82
2024-08-28,organic_search,desktop,488,263,46.0,141.0,3.7,304,11,2298.42,2.25
2024-08-28,organic_search,tablet,146,83,42.9,181.0,3.2,103,4,380.45,2.74
2024-08-28,paid_search,mobile,560,370,33.8,200.0,2.6,438,17,3655.65,3.04
2024-08-28,paid_search,desktop,408,259,36.5,68.0,4.6,227,13,1816.57,3.19
2024-08-28,paid_search,tablet,97,57,40.3,123.0,3.8,71,3,266.34,3.09
2024-08-28,paid_social,mobile,620,330,46.8,191.0,1.9,476,12,971.65,1.94
2024-08-28,paid_social,desktop,249,101,59.4,145.0,2.0,146,3,474.05,1.2
2024-08-28,paid_social,tablet,68,36,46.8,177.0,4.4,35,1,152.24,1.47
2024-08-28,direct,mobile,356,240,32.4,129.0,2.5,183,12,1266.07,3.37
2024-08-28,direct,desktop,304,218,28.1,199.0,2.7,177,13,2656.39,4.28
2024-08-28,direct,tablet,73,52,28.7,200.0,3.9,54,3,291.87,4.11
2024-08-28,email,mobile,282,208,26.0,74.0,3.0,180,15,1393.12,5.32
2024-08-28,email,desktop,143,111,21.9,157.0,4.9,86,4,748.17,2.8
2024-08-28,email,tablet,56,42,24.9,70.0,5.3,42,2,263.66,3.57
2024-08-28,referral,mobile,170,73,56.9,173.0,2.4,101,2,284.04,1.18
2024-08-28,referral,desktop,115,58,49.5,211.0,2.6,61,1,82.45,0.87
2024-08-28,referral,tablet,40,21,46.9,215.0,1.7,30,0,0.0,0.0
2024-08-28,organic_social,mobile,169,63,62.4,61.0,3.4,126,2,220.88,1.18
2024-08-28,organic_social,desktop,97,44,54.3,153.0,1.5,66,1,156.5,1.03
2024-08-28,organic_social,tablet,28,12,54.3,208.0,2.8,18,0,0.0,0.0
2024-08-29,organic_search,mobile,780,442,43.3,173.0,2.3,398,14,2402.47,1.79
2024-08-29,organic_search,desktop,480,250,47.7,217.0,2.0,315,8,1416.37,1.67
2024-08-29,organic_search,tablet,139,81,41.4,203.0,2.3,103,3,604.6,2.16
2024-08-29,paid_search,mobile,521,336,35.3,134.0,4.8,285,13,2694.35,2.5
2024-08-29,paid_search,desktop,406,269,33.6,65.0,3.2,309,9,1973.76,2.22
2024-08-29,paid_search,tablet,119,74,37.7,70.0,2.5,70,4,672.64,3.36
2024-08-29,paid_social,mobile,458,223,51.3,112.0,3.1,252,7,907.69,1.53
2024-08-29,paid_social,desktop,369,144,61.0,162.0,4.6,188,5,486.31,1.36
2024-08-29,paid_social,tablet,63,31,49.8,180.0,3.5,44,1,215.07,1.59
2024-08-29,direct,mobile,345,235,31.7,98.0,4.1,251,10,1111.39,2.9
2024-08-29,direct,desktop,275,203,26.1,112.0,3.1,143,6,662.42,2.18
2024-08-29,direct,tablet,85,57,31.9,71.0,3.0,64,2,317.64,2.35
2024-08-29,email,mobile,301,234,22.0,150.0,4.3,166,15,2629.46,4.98
2024-08-29,email,desktop,180,133,25.9,131.0,5.3,101,9,804.28,5.0
2024-08-29,email,tablet,59,46,21.3,218.0,1.8,36,1,125.87,1.69
2024-08-29,referral,mobile,149,80,45.9,85.0,2.8,105,2,249.36,1.34
2024-08-29,referral,desktop,94,47,49.7,193.0,4.8,53,1,133.01,1.06
2024-08-29,referral,tablet,37,17,52.7,127.0,5.0,29,0,0.0,0.0
2024-08-29,organic_social,mobile,138,54,60.8,152.0,3.1,70,1,132.33,0.72
2024-08-29,organic_social,desktop,106,33,67.9,101.0,3.3,68,0,0.0,0.0
2024-08-29,organic_social,tablet,25,10,59.9,111.0,3.8,19,0,0.0,0.0
2024-08-30,organic_search,mobile,514,290,43.5,223.0,1.5,390,15,2752.02,2.92
2024-08-30,organic_search,desktop,514,260,49.3,143.0,2.8,338,13,1134.49,2.53
2024-08-30,organic_search,tablet,143,76,46.3,61.0,1.3,88,3,491.79,2.1
2024-08-30,paid_search,mobile,634,369,41.7,71.0,5.1,492,20,4030.42,3.15
2024-08-30,paid_search,desktop,370,248,33.0,176.0,2.1,238,11,1156.08,2.97
2024-08-30,paid_search,tablet,82,53,34.4,192.0,2.6,58,2,168.18,2.44
2024-08-30,paid_social,mobile,540,281,47.8,213.0,2.8,351,8,1274.88,1.48
2024-08-30,paid_social,desktop,362,144,60.0,75.0,4.1,194,8,1196.85,2.21
2024-08-30,paid_social,tablet,85,36,57.1,76.0,4.9,47,1,182.62,1.18
2024-08-30,direct,mobile,312,213,31.5,171.0,3.6,160,13,2058.08,4.17
2024-08-30,direct,desktop,291,207,28.7,113.0,3.4,187,12,1273.81,4.12
2024-08-30,direct,tablet,70,50,28.3,144.0,3.7,46,1,194.93,1.43
2024-08-30,email,mobile,287,210,26.5,167.0,2.4,194,12,1420.16,4.18
2024-08-30,email,desktop,167,131,21.5,251.0,2.6,133,7,829.17,4.19
2024-08-30,email,tablet,48,37,21.4,66.0,2.5,28,1,91.49,2.08
2024-08-30,referral,mobile,147,74,49.1,81.0,4.8,96,2,338.17,1.36
2024-08-30,referral,desktop,131,74,43.1,221.0,4.8,90,2,263.07,1.53
2024-08-30,referral,tablet,40,19,52.2,76.0,3.9,20,0,0.0,0.0
2024-08-30,organic_social,mobile,121,48,60.3,130.0,4.8,73,1,177.16,0.83
2024-08-30,organic_social,desktop,99,33,66.0,103.0,1.7,49,1,185.58,1.01
2024-08-30,organic_social,tablet,28,12,54.4,104.0,3.9,14,0,0.0,0.0
2024-08-31,organic_search,mobile,535,301,43.7,157.0,4.8,302,13,2540.03,2.43
2024-08-31,organic_search,desktop,462,244,47.1,132.0,2.7,349,13,2839.34,2.81
2024-08-31,organic_search,tablet,100,61,38.7,125.0,5.2,60,2,229.22,2.0
2024-08-31,paid_search,mobile,618,400,35.2,163.0,2.3,442,17,1938.71,2.75
2024-08-31,paid_search,desktop,387,243,37.1,153.0,4.7,263,8,665.37,2.07
2024-08-31,paid_search,tablet,96,55,42.4,154.0,2.5,76,2,260.64,2.08
2024-08-31,paid_social,mobile,480,251,47.6,146.0,5.1,326,6,927.28,1.25
2024-08-31,paid_social,desktop,346,172,50.3,200.0,3.5,218,4,657.13,1.16
2024-08-31,paid_social,tablet,94,42,54.5,137.0,2.8,62,1,183.77,1.06
2024-08-31,direct,mobile,348,245,29.4,205.0,3.5,263,13,1451.67,3.74
2024-08-31,direct,desktop,317,222,30.0,136.0,3.8,168,9,1648.17,2.84
2024-08-31,direct,tablet,80,56,28.9,140.0,4.2,55,2,434.38,2.5
2024-08-31,email,mobile,209,152,26.9,178.0,2.7,126,7,1342.96,3.35
2024-08-31,email,desktop,199,148,25.4,217.0,2.7,136,9,919.48,4.52
2024-08-31,email,tablet,38,29,23.7,239.0,4.2,28,1,118.39,2.63
2024-08-31,referral,mobile,180,102,43.0,132.0,4.0,127,3,382.46,1.67
2024-08-31,referral,desktop,87,39,54.0,96.0,2.8,62,1,157.94,1.15
2024-08-31,referral,tablet,40,20,48.3,197.0,3.6,29,0,0.0,0.0
2024-08-31,organic_social,mobile,135,60,55.1,101.0,2.0,98,1,133.41,0.74
2024-08-31,organic_social,desktop,65,21,67.0,198.0,2.6,51,0,0.0,0.0
2024-08-31,organic_social,tablet,30,14,52.5,76.0,3.5,15,0,0.0,0.0
2024-09-01,organic_search,mobile,547,267,51.1,137.0,4.7,291,17,3259.56,3.11
2024-09-01,organic_search,desktop,553,315,43.0,228.0,4.7,423,16,2777.16,2.89
2024-09-01,organic_search,tablet,134,67,49.5,162.0,1.8,101,3,307.88,2.24
2024-09-01,paid_search,mobile,406,229,43.6,223.0,1.5,260,12,1246.66,2.96
2024-09-01,paid_search,desktop,406,260,35.9,237.0,1.8,222,13,2314.75,3.2
2024-09-01,paid_search,tablet,100,62,37.1,159.0,4.9,54,3,364.72,3.0
2024-09-01,paid_social,mobile,410,172,57.8,96.0,2.6,254,5,871.63,1.22
2024-09-01,paid_social,desktop,286,112,60.6,139.0,1.5,204,6,940.33,2.1
2024-09-01,paid_social,tablet,94,49,47.6,77.0,3.8,73,1,108.27,1.06
2024-09-01,direct,mobile,477,334,29.8,174.0,2.8,270,15,2011.56,3.14
2024-09-01,direct,desktop,278,197,29.0,108.0,3.5,168,6,498.67,2.16
2024-09-01,direct,tablet,53,38,27.5,117.0,1.4,37,1,212.81,1.89
2024-09-01,email,mobile,230,171,25.5,256.0,4.1,163,7,1524.33,3.04
2024-09-01,email,desktop,167,119,28.5,75.0,2.2,112,6,681.15,3.59
2024-09-01,email,tablet,42,31,26.2,169.0,4.0,28,1,204.16,2.38
2024-09-01,referral,mobile,237,134,43.5,191.0,3.0,143,3,534.73,1.27
2024-09-01,referral,desktop,106,57,46.0,166.0,4.3,53,2,242.64,1.89
2024-09-01,referral,tablet,25,13,47.5,46.0,2.4,13,0,0.0,0.0
2024-09-01,organic_social,mobile,114,49,57.0,87.0,3.7,77,1,178.89,0.88
2024-09-01,organic_social,desktop,108,51,52.6,190.0,2.0,57,1,201.12,0.93
2024-09-01,organic_social,tablet,30,13,54.2,82.0,4.4,18,0,0.0,0.0
2024-09-02,organic_search,mobile,604,339,43.7,75.0,4.9,377,11,1977.55,1.82
2024-09-02,organic_search,desktop,245,143,41.3,211.0,2.0,156,7,874.66,2.86
2024-09-02,organic_search,tablet,115,70,38.9,164.0,4.2,86,2,414.76,1.74
2024-09-02,paid_search,mobile,418,242,41.9,76.0,5.0,308,14,2463.87,3.35
2024-09-02,paid_search,desktop,223,136,38.9,240.0,1.5,175,6,1034.74,2.69
2024-09-02,paid_search,tablet,55,34,37.6,159.0,4.7,32,1,117.62,1.82
2024-09-02,paid_social,mobile,275,117,57.2,70.0,4.6,177,5,1068.17,1.82
2024-09-02,paid_social,desktop,198,73,62.6,171.0,2.8,139,3,548.05,1.52
2024-09-02,paid_social,tablet,70,35,49.9,133.0,5.1,43,1,209.92,1.43
2024-09-02,direct,mobile,305,208,31.6,212.0,4.9,208,8,1650.18,2.62
2024-09-02,direct,desktop,242,165,31.6,139.0,3.4,133,8,1683.61,3.31
2024-09-02,direct,tablet,71,51,27.5,146.0,2.5,51,2,188.33,2.82
2024-09-02,email,mobile,182,133,26.7,220.0,2.9,97,6,673.17,3.3
2024-09-02,email,desktop,167,129,22.6,74.0,2.1,125,5,650.87,2.99
2024-09-02,email,tablet,30,23,22.1,87.0,3.8,15,1,142.13,3.33
2024-09-02,referral,mobile,138,67,51.4,181.0,1.8,86,3,377.12,2.17
2024-09-02,referral,desktop,76,38,49.9,210.0,3.5,42,1,217.17,1.32
2024-09-02,referral,tablet,27,12,54.4,51.0,2.2,14,0,0.0,0.0
2024-09-02,organic_social,mobile,131,60,54.0,134.0,4.1,78,1,216.09,0.76
2024-09-02,organic_social,desktop,66,32,51.1,137.0,2.8,48,0,0.0,0.0
2024-09-02,organic_social,tablet,18,6,62.5,101.0,3.0,10,0,0.0,0.0
2024-09-03,organic_search,mobile,636,315,50.4,63.0,1.4,477,13,2409.94,2.04
2024-09-03,organic_search,desktop,255,152,40.3,84.0,1.8,133,6,1166.09,2.35
2024-09-03,organic_search,tablet,67,40,39.8,163.0,5.0,46,2,186.68,2.99
2024-09-03,paid_search,mobile,296,180,39.1,109.0,2.3,192,11,1376.74,3.72
2024-09-03,paid_search,desktop,221,131,40.6,186.0,1.7,160,7,952.76,3.17
2024-09-03,paid_search,tablet,79,47,39.5,143.0,3.2,47,1,166.54,1.27
2024-09-03,paid_social,mobile,261,120,53.7,151.0,2.4,151,4,556.77,1.53
2024-09-03,paid_social,desktop,235,102,56.5,175.0,1.4,157,4,813.72,1.7
2024-09-03,paid_social,tablet,64,30,52.7,171.0,4.9,34,1,143.95,1.56
2024-09-03,direct,mobile,226,161,28.3,256.0,5.3,159,5,481.74,2.21
2024-09-03,direct,desktop,226,165,26.8,131.0,2.8,154,8,812.94,3.54
2024-09-03,direct,tablet,42,30,26.4,123.0,2.0,32,1,169.06,2.38
2024-09-03,email,mobile,150,110,26.6,190.0,4.7,92,4,676.93,2.67
2024-09-03,email,desktop,93,67,27.3,213.0,3.4,74,3,595.78,3.23
2024-09-03,email,tablet,36,26,26.5,174.0,4.7,24,1,152.53,2.78
2024-09-03,referral,mobile,140,66,52.4,66.0,2.9,106,2,190.57,1.43
2024-09-03,referral,desktop,99,42,57.1,97.0,1.3,74,1,181.08,1.01
2024-09-03,referral,tablet,20,10,45.7,162.0,2.3,11,0,0.0,0.0
2024-09-03,organic_social,mobile,78,36,53.7,214.0,4.4,59,1,209.18,1.28
2024-09-03,organic_social,desktop,78,24,68.2,91.0,3.3,53,1,144.68,1.28
2024-09-03,organic_social,tablet,19,6,63.7,88.0,4.5,12,0,0.0,0.0
2024-09-04,organic_search,mobile,616,309,49.7,95.0,4.6,442,13,1784.74,2.11
2024-09-04,organic_search,desktop,427,209,50.8,204.0,4.0,293,13,2334.98,3.04
2024-09-04,organic_search,tablet,119,69,41.9,71.0,2.9,67,2,384.24,1.68
2024-09-04,paid_search,mobile,535,342,35.9,235.0,3.8,424,20,4338.9,3.74
2024-09-04,paid_search,desktop,329,203,38.3,83.0,3.8,243,8,1645.74,2.43
2024-09-04,paid_search,tablet,105,70,33.2,88.0,4.3,80,3,562.17,2.86
2024-09-04,paid_social,mobile,639,297,53.5,160.0,4.6,499,8,1109.37,1.25
2024-09-04,paid_social,desktop,392,166,57.6,105.0,4.6,277,7,562.34,1.79
2024-09-04,paid_social,tablet,88,45,48.5,209.0,1.7,48,1,157.69,1.14
2024-09-04,direct,mobile,450,323,28.1,153.0,3.8,347,12,1259.77,2.67
2024-09-04,direct,desktop,267,182,31.7,181.0,2.2,187,7,1259.19,2.62
2024-09-04,direct,tablet,62,42,30.8,235.0,5.2,46,2,354.14,3.23
2024-09-04,email,mobile,337,264,21.4,102.0,3.0,256,12,1026.73,3.56
2024-09-04,email,desktop,176,130,26.1,222.0,2.6,137,6,986.45,3.41
2024-09-04,email,tablet,41,29,28.1,255.0,3.9,27,1,155.99,2.44
2024-09-04,referral,mobile,213,113,46.8,78.0,4.9,160,3,345.45,1.41
2024-09-04,referral,desktop,109,49,55.0,177.0,2.5,56,1,107.94,0.92
2024-09-04,referral,tablet,39,16,57.3,107.0,3.7,27,0,0.0,0.0
2024-09-04,organic_social,mobile,169,55,67.4,111.0,3.6,118,2,341.58,1.18
2024-09-04,organic_social,desktop,72,28,60.1,96.0,4.2,44,0,0.0,0.0
2024-09-04,organic_social,tablet,28,12,55.0,129.0,1.7,18,0,0.0,0.0
2024-09-05,organic_search,mobile,819,422,48.4,200.0,3.8,424,14,2084.67,1.71
2024-09-05,organic_search,desktop,391,212,45.8,164.0,2.1,260,7,1228.28,1.79
2024-09-05,organic_search,tablet,148,83,43.3,60.0,4.6,115,3,534.51,2.03
2024-09-05,paid_search,mobile,703,441,37.2,92.0,1.4,432,24,4800.74,3.41
2024-09-05,paid_search,desktop,430,266,38.1,160.0,1.5,287,14,2475.29,3.26
2024-09-05,paid_search,tablet,108,65,39.6,221.0,3.2,70,3,458.37,2.78
2024-09-05,paid_social,mobile,578,228,60.5,97.0,1.3,340,11,1074.61,1.9
2024-09-05,paid_social,desktop,328,131,60.0,86.0,3.4,233,6,513.51,1.83
2024-09-05,paid_social,tablet,109,40,62.7,164.0,2.1,56,2,290.85,1.83
2024-09-05,direct,mobile,302,218,27.7,153.0,4.7,236,7,1393.27,2.32
2024-09-05,direct,desktop,340,224,33.9,169.0,4.6,261,13,1844.4,3.82
2024-09-05,direct,tablet,95,64,32.1,244.0,3.3,65,3,646.72,3.16
2024-09-05,email,mobile,326,246,24.5,154.0,3.4,229,16,1529.66,4.91
2024-09-05,email,desktop,134,104,22.0,123.0,4.7,83,6,735.14,4.48
2024-09-05,email,tablet,59,44,24.3,250.0,2.8,35,2,307.09,3.39
2024-09-05,referral,mobile,246,114,53.6,137.0,2.4,142,5,607.18,2.03
2024-09-05,referral,desktop,125,53,57.3,84.0,4.2,81,2,227.91,1.6
2024-09-05,referral,tablet,32,14,55.2,56.0,1.7,17,0,0.0,0.0
2024-09-05,organic_social,mobile,124,49,60.4,71.0,2.2,68,1,106.59,0.81
2024-09-05,organic_social,desktop,71,22,68.7,168.0,3.6,50,0,0.0,0.0
2024-09-05,organic_social,tablet,26,9,62.7,86.0,1.6,19,0,0.0,0.0
2024-09-06,organic_search,mobile,666,329,50.5,125.0,3.6,486,15,2129.49,2.25
2024-09-06,organic_search,desktop,398,211,46.8,146.0,4.7,305,8,1260.53,2.01
2024-09-06,organic_search,tablet,124,76,38.6,141.0,1.4,75,3,240.26,2.42
2024-09-06,paid_search,mobile,595,377,36.5,176.0,2.8,304,23,3903.26,3.87
2024-09-06,paid_search,desktop,400,238,40.5,151.0,4.3,285,13,1797.61,3.25
2024-09-06,paid_search,tablet,109,62,42.6,164.0,3.7,56,3,246.09,2.75
2024-09-06,paid_social,mobile,473,201,57.5,187.0,1.7,322,9,1845.24,1.9
2024-09-06,paid_social,desktop,333,160,51.8,76.0,4.3,181,4,431.72,1.2
2024-09-06,paid_social,tablet,77,38,50.3,49.0,2.7,45,1,102.18,1.3
2024-09-06,direct,mobile,387,262,32.3,102.0,5.0,213,9,767.51,2.33
2024-09-06,direct,desktop,340,228,32.8,154.0,3.6,229,11,2031.71,3.24
2024-09-06,direct,tablet,81,59,26.0,117.0,5.4,44,3,541.12,3.7
2024-09-06,email,mobile,342,251,26.3,225.0,2.8,243,15,3039.65,4.39
2024-09-06,email,desktop,127,95,24.7,63.0,3.8,77,6,710.24,4.72
2024-09-06,email,tablet,46,34,25.6,159.0,5.5,36,2,282.45,4.35
2024-09-06,referral,mobile,216,118,44.9,125.0,5.0,139,3,610.9,1.39
2024-09-06,referral,desktop,149,84,43.0,210.0,3.7,82,2,356.07,1.34
2024-09-06,referral,tablet,43,21,51.1,170.0,3.0,32,0,0.0,0.0
2024-09-06,organic_social,mobile,131,50,61.5,79.0,2.0,76,1,151.78,0.76
2024-09-06,organic_social,desktop,63,29,53.9,67.0,4.9,39,0,0.0,0.0
2024-09-06,organic_social,tablet,23,10,55.8,116.0,2.7,16,0,0.0,0.0
2024-09-07,organic_search,mobile,873,435,50.1,46.0,3.7,558,16,2741.17,1.83
2024-09-07,organic_search,desktop,435,234,46.2,54.0,4.1,325,12,2185.49,2.76
2024-09-07,organic_search,tablet,92,52,42.6,178.0,3.3,72,2,298.07,2.17
2024-09-07,paid_search,mobile,693,446,35.5,70.0,3.0,507,20,2807.77,2.89
2024-09-07,paid_search,desktop,422,243,42.4,142.0,2.1,274,9,1713.9,2.13
2024-09-07,paid_search,tablet,120,75,37.3,144.0,2.5,60,4,665.34,3.33
2024-09-07,paid_social,mobile,527,230,56.3,189.0,2.4,350,9,1397.51,1.71
2024-09-07,paid_social,desktop,349,173,50.2,55.0,4.6,271,7,1282.38,2.01
2024-09-07,paid_social,tablet,105,48,53.8,138.0,1.9,66,2,194.84,1.9
2024-09-07,direct,mobile,518,348,32.6,238.0,2.8,265,21,2720.33,4.05
2024-09-07,direct,desktop,284,202,28.8,182.0,5.2,191,7,1475.96,2.46
2024-09-07,direct,tablet,55,40,25.8,181.0,2.6,38,2,170.84,3.64
2024-09-07,email,mobile,239,187,21.5,172.0,4.7,169,11,1358.79,4.6
2024-09-07,email,desktop,159,116,26.9,198.0,5.0,119,8,1323.17,5.03
2024-09-07,email,tablet,45,32,28.7,102.0,3.2,34,1,218.14,2.22
2024-09-07,referral,mobile,162,87,45.9,48.0,3.0,104,3,536.29,1.85
2024-09-07,referral,desktop,105,51,50.7,173.0,4.6,71,1,125.3,0.95
2024-09-07,referral,tablet,26,12,52.7,131.0,5.0,17,0,0.0,0.0
2024-09-07,organic_social,mobile,162,60,62.6,151.0,2.9,100,1,119.77,0.62
2024-09-07,organic_social,desktop,62,20,66.9,152.0,1.8,40,0,0.0,0.0
2024-09-07,organic_social,tablet,24,8,62.8,90.0,1.4,18,0,0.0,0.0
2024-09-08,organic_search,mobile,486,281,42.0,152.0,3.1,280,11,1371.4,2.26
2024-09-08,organic_search,desktop,329,197,40.1,67.0,4.0,242,8,1587.46,2.43
2024-09-08,organic_search,tablet,108,56,47.3,209.0,2.8,61,3,537.27,2.78
2024-09-08,paid_search,mobile,564,377,33.0,157.0,3.1,326,16,3258.42,2.84
2024-09-08,paid_search,desktop,297,193,35.0,155.0,1.7,215,11,2396.93,3.7
2024-09-08,paid_search,tablet,122,69,42.9,164.0,1.4,84,4,603.85,3.28
2024-09-08,paid_social,mobile,557,230,58.7,151.0,1.7,428,10,1780.06,1.8
2024-09-08,paid_social,desktop,338,139,58.8,128.0,3.8,265,5,1043.47,1.48
2024-09-08,paid_social,tablet,112,47,57.4,211.0,1.6,71,1,213.08,0.89
2024-09-08,direct,mobile,424,312,26.3,253.0,1.5,328,12,1863.35,2.83
2024-09-08,direct,desktop,325,217,33.2,131.0,5.2,213,10,1487.15,3.08
2024-09-08,direct,tablet,56,40,28.0,169.0,4.2,29,1,213.5,1.79
2024-09-08,email,mobile,337,251,25.3,196.0,3.3,182,17,2420.23,5.04
2024-09-08,email,desktop,151,118,21.8,106.0,3.5,96,6,1025.45,3.97
2024-09-08,email,tablet,51,39,22.6,114.0,3.9,27,2,261.98,3.92
2024-09-08,referral,mobile,238,103,56.5,151.0,3.5,146,5,612.21,2.1
2024-09-08,referral,desktop,106,58,45.0,211.0,2.8,56,1,171.42,0.94
2024-09-08,referral,tablet,24,12,48.6,89.0,3.8,16,0,0.0,0.0
2024-09-08,organic_social,mobile,171,62,63.6,71.0,3.2,89,1,185.22,0.58
2024-09-08,organic_social,desktop,63,25,59.4,99.0,4.1,37,0,0.0,0.0
2024-09-08,organic_social,tablet,24,8,64.9,175.0,4.8,15,0,0.0,0.0
2024-09-09,organic_search,mobile,475,248,47.7,107.0,4.1,254,8,684.52,1.68
2024-09-09,organic_search,desktop,354,205,41.9,69.0,2.3,200,9,1295.79,2.54
2024-09-09,organic_search,tablet,74,41,44.6,203.0,5.1,49,2,344.26,2.7
2024-09-09,paid_search,mobile,347,198,42.9,170.0,4.3,266,12,2571.02,3.46
2024-09-09,paid_search,desktop,303,185,38.7,198.0,2.8,196,9,1757.46,2.97
2024-09-09,paid_search,tablet,81,54,32.6,228.0,2.7,53,2,230.06,2.47
2024-09-09,paid_social,mobile,445,217,51.0,171.0,1.9,331,6,1276.62,1.35
2024-09-09,paid_social,desktop,276,108,60.6,158.0,2.7,143,4,571.2,1.45
2024-09-09,paid_social,tablet,52,22,56.6,175.0,2.8,30,0,0.0,0.0
2024-09-09,direct,mobile,349,245,29.6,53.0,3.7,277,13,1064.02,3.72
2024-09-09,direct,desktop,169,115,31.6,66.0,4.9,100,4,494.47,2.37
2024-09-09,direct,tablet,47,31,32.1,71.0,5.3,26,1,113.64,2.13
2024-09-09,email,mobile,267,206,22.6,177.0,2.9,174,7,1437.78,2.62
2024-09-09,email,desktop,112,82,26.0,242.0,3.3,62,5,456.13,4.46
2024-09-09,email,tablet,33,23,27.7,248.0,4.1,23,1,158.67,3.03
2024-09-09,referral,mobile,122,57,52.5,67.0,2.3,63,2,415.09,1.64
2024-09-09,referral,desktop,85,46,44.7,171.0,1.7,51,2,419.01,2.35
2024-09-09,referral,tablet,33,18,44.5,233.0,2.4,16,0,0.0,0.0
2024-09-09,organic_social,mobile,115,49,56.9,133.0,2.6,76,1,94.65,0.87
2024-09-09,organic_social,desktop,79,24,68.5,123.0,1.5,55,1,187.36,1.27
2024-09-09,organic_social,tablet,14,6,55.4,98.0,4.1,10,0,0.0,0.0
2024-09-10,organic_search,mobile,529,278,47.4,96.0,4.7,411,11,2375.04,2.08
2024-09-10,organic_search,desktop,371,188,49.2,180.0,2.5,189,9,1878.63,2.43
2024-09-10,organic_search,tablet,96,48,49.6,84.0,2.9,65,2,393.83,2.08
2024-09-10,paid_search,mobile,453,289,36.1,161.0,4.0,308,16,2603.61,3.53
2024-09-10,paid_search,desktop,210,121,42.3,81.0,3.9,161,5,921.14,2.38
2024-09-10,paid_search,tablet,52,29,43.5,208.0,4.1,27,1,81.59,1.92
2024-09-10,paid_social,mobile,468,197,57.8,125.0,2.3,349,6,1202.87,1.28
2024-09-10,paid_social,desktop,270,116,57.0,82.0,4.5,165,6,1203.48,2.22
2024-09-10,paid_social,tablet,64,23,62.8,148.0,3.2,34,1,125.01,1.56
2024-09-10,direct,mobile,381,255,32.9,94.0,4.9,230,15,2374.22,3.94
2024-09-10,direct,desktop,140,91,34.3,52.0,2.3,88,5,835.88,3.57
2024-09-10,direct,tablet,60,40,31.9,183.0,4.7,42,2,315.59,3.33
2024-09-10,email,mobile,262,189,27.8,94.0,5.5,186,8,1701.11,3.05
2024-09-10,email,desktop,141,107,23.7,236.0,3.2,94,4,390.66,2.84
2024-09-10,email,tablet,47,36,23.2,98.0,5.0,33,2,291.73,4.26
2024-09-10,referral,mobile,109,53,50.6,119.0,4.3,82,2,178.74,1.83
2024-09-10,referral,desktop,107,56,47.1,74.0,3.6,76,2,367.56,1.87
2024-09-10,referral,tablet,31,17,44.2,178.0,4.2,17,0,0.0,0.0
2024-09-10,organic_social,mobile,73,26,63.5,143.0,4.8,45,1,191.65,1.37
2024-09-10,organic_social,desktop,66,32,51.2,114.0,1.4,40,1,161.67,1.52
2024-09-10,organic_social,tablet,13,5,56.8,137.0,1.9,9,0,0.0,0.0
2024-09-11,organic_search,mobile,713,420,41.0,229.0,1.3,454,21,3985.03,2.95
2024-09-11,organic_search,desktop,568,288,49.2,174.0,4.4,299,17,2838.3,2.99
2024-09-11,organic_search,tablet,139,70,49.3,104.0,4.6,102,2,243.17,1.44
2024-09-11,paid_search,mobile,601,351,41.5,92.0,4.1,344,18,3644.7,3.0
2024-09-11,paid_search,desktop,253,163,35.5,150.0,2.1,201,8,1584.65,3.16
2024-09-11,paid_search,tablet,86,48,43.5,64.0,4.0,64,3,467.83,3.49
2024-09-11,paid_social,mobile,478,235,50.7,80.0,4.9,374,10,1563.11,2.09
2024-09-11,paid_social,desktop,289,150,47.8,58.0,4.7,231,5,622.06,1.73
2024-09-11,paid_social,tablet,81,33,59.0,61.0,1.4,54,1,131.76,1.23
2024-09-11,direct,mobile,487,342,29.6,202.0,2.8,253,17,2004.34,3.49
2024-09-11,direct,desktop,209,153,26.7,220.0,5.1,120,7,623.91,3.35
2024-09-11,direct,tablet,74,51,30.2,187.0,2.8,48,3,267.56,4.05
2024-09-11,email,mobile,228,176,22.5,113.0,4.3,158,8,719.81,3.51
2024-09-11,email,desktop,180,141,21.3,112.0,5.2,137,5,990.01,2.78
2024-09-11,email,tablet,39,28,28.0,228.0,3.0,28,1,168.24,2.56
2024-09-11,referral,mobile,211,96,54.1,95.0,4.8,119,4,364.83,1.9
2024-09-11,referral,desktop,120,62,47.9,98.0,3.1,91,1,105.37,0.83
2024-09-11,referral,tablet,35,16,52.3,162.0,1.6,22,0,0.0,0.0
2024-09-11,organic_social,mobile,164,58,64.2,200.0,2.2,84,2,223.75,1.22
2024-09-11,organic_social,desktop,87,40,53.0,207.0,3.6,57,1,206.08,1.15
2024-09-11,organic_social,tablet,32,12,61.4,90.0,1.3,20,0,0.0,0.0
2024-09-12,organic_search,mobile,836,421,49.5,65.0,4.9,523,22,2242.51,2.63
2024-09-12,organic_search,desktop,476,235,50.5,132.0,4.1,287,14,2231.13,2.94
2024-09-12,organic_search,tablet,134,82,38.6,233.0,2.8,88,4,878.9,2.99
2024-09-12,paid_search,mobile,462,296,35.8,53.0,2.9,308,14,2584.28,3.03
2024-09-12,paid_search,desktop,290,193,33.2,178.0,2.8,165,9,1523.64,3.1
2024-09-12,paid_search,tablet,83,55,32.8,51.0,1.5,44,2,389.21,2.41
2024-09-12,paid_social,mobile,471,224,52.3,211.0,4.7,344,6,573.2,1.27
2024-09-12,paid_social,desktop,268,128,52.1,139.0,3.7,175,5,604.19,1.87
2024-09-12,paid_social,tablet,85,40,52.5,167.0,2.7,62,1,183.46,1.18
2024-09-12,direct,mobile,525,358,31.7,174.0,4.9,374,17,3255.63,3.24
2024-09-12,direct,desktop,305,208,31.5,62.0,3.2,218,8,1183.33,2.62
2024-09-12,direct,tablet,71,52,25.5,216.0,4.6,52,2,178.97,2.82
2024-09-12,email,mobile,197,154,21.5,197.0,4.8,124,10,973.16,5.08
2024-09-12,email,desktop,179,137,23.0,99.0,3.6,99,9,1100.27,5.03
2024-09-12,email,tablet,55,41,25.1,81.0,2.0,32,1,89.41,1.82
2024-09-12,referral,mobile,230,130,43.4,151.0,4.3,178,3,367.22,1.3
2024-09-12,referral,desktop,116,64,44.1,194.0,4.0,65,1,120.21,0.86
2024-09-12,referral,tablet,42,18,55.4,67.0,1.6,26,1,118.5,2.38
2024-09-12,organic_social,mobile,131,43,66.6,166.0,2.2,75,1,167.76,0.76
2024-09-12,organic_social,desktop,96,34,64.1,175.0,3.7,51,1,198.99,1.04
2024-09-12,organic_social,tablet,29,9,67.8,123.0,4.6,14,0,0.0,0.0
2024-09-13,organic_search,mobile,773,392,49.2,212.0,1.8,443,22,3505.67,2.85
2024-09-13,organic_search,desktop,386,237,38.4,189.0,3.0,274,8,819.94,2.07
2024-09-13,organic_search,tablet,109,65,40.0,70.0,2.2,73,2,216.91,1.83
2024-09-13,paid_search,mobile,469,299,36.2,76.0,2.7,287,10,2049.09,2.13
2024-09-13,paid_search,desktop,407,253,37.8,165.0,1.6,241,12,2129.07,2.95
2024-09-13,paid_search,tablet,128,79,37.8,212.0,1.9,68,3,302.97,2.34
2024-09-13,paid_social,mobile,476,219,54.0,129.0,2.0,338,11,1076.4,2.31
2024-09-13,paid_social,desktop,294,125,57.4,123.0,2.6,194,4,636.15,1.36
2024-09-13,paid_social,tablet,83,33,60.0,79.0,1.6,50,1,206.44,1.2
2024-09-13,direct,mobile,334,237,29.0,168.0,3.4,245,9,1813.95,2.69
2024-09-13,direct,desktop,204,136,33.2,214.0,3.2,139,7,693.7,3.43
2024-09-13,direct,tablet,92,61,33.5,200.0,2.3,68,3,415.11,3.26
2024-09-13,email,mobile,248,186,24.7,253.0,2.9,135,12,2313.64,4.84
2024-09-13,email,desktop,218,163,24.9,236.0,4.1,162,11,2007.39,5.05
2024-09-13,email,tablet,38,27,28.5,161.0,4.3,27,1,83.43,2.63
2024-09-13,referral,mobile,173,79,53.8,112.0,3.6,131,4,661.61,2.31
2024-09-13,referral,desktop,151,86,43.0,140.0,3.0,100,2,161.26,1.32
2024-09-13,referral,tablet,38,19,48.0,47.0,4.5,23,0,0.0,0.0
2024-09-13,organic_social,mobile,147,63,56.8,79.0,3.6,78,1,155.66,0.68
2024-09-13,organic_social,desktop,86,30,64.0,85.0,1.4,44,1,184.48,1.16
2024-09-13,organic_social,tablet,21,8,58.3,185.0,3.8,13,0,0.0,0.0
2024-09-14,organic_search,mobile,590,330,44.0,200.0,3.3,303,12,2009.1,2.03
2024-09-14,organic_search,desktop,552,318,42.2,126.0,1.5,432,17,3295.1,3.08
2024-09-14,organic_search,tablet,136,79,41.6,91.0,1.7,78,3,506.86,2.21
2024-09-14,paid_search,mobile,400,267,33.1,100.0,5.2,269,10,1021.77,2.5
2024-09-14,paid_search,desktop,333,204,38.7,151.0,3.1,260,7,1436.85,2.1
2024-09-14,paid_search,tablet,113,72,36.1,237.0,1.7,88,4,797.12,3.54
2024-09-14,paid_social,mobile,507,213,57.8,56.0,2.8,287,7,697.59,1.38
2024-09-14,paid_social,desktop,235,88,62.5,164.0,3.5,130,4,610.0,1.7
2024-09-14,paid_social,tablet,97,40,58.0,108.0,3.5,52,1,124.82,1.03
2024-09-14,direct,mobile,472,336,28.6,230.0,4.4,263,18,3790.88,3.81
2024-09-14,direct,desktop,299,205,31.2,114.0,4.0,174,12,2419.61,4.01
2024-09-14,direct,tablet,68,47,30.2,206.0,3.8,53,2,328.18,2.94
2024-09-14,email,mobile,314,224,28.6,136.0,4.4,221,15,2266.63,4.78
2024-09-14,email,desktop,192,140,26.7,170.0,3.9,112,9,1006.98,4.69
2024-09-14,email,tablet,64,46,27.1,201.0,1.4,40,2,260.36,3.12
2024-09-14,referral,mobile,174,77,55.3,194.0,4.7,115,4,505.97,2.3
2024-09-14,referral,desktop,97,44,54.1,52.0,3.1,59,1,153.82,1.03
2024-09-14,referral,tablet,38,21,43.1,49.0,4.2,20,0,0.0,0.0
2024-09-14,organic_social,mobile,153,62,59.2,84.0,1.5,116,1,127.23,0.65
2024-09-14,organic_social,desktop,93,29,68.7,134.0,1.5,71,1,201.75,1.08
2024-09-14,organic_social,tablet,19,7,60.3,70.0,2.6,15,0,0.0,0.0
2024-09-15,organic_search,mobile,893,465,47.8,96.0,2.7,449,27,2327.1,3.02
2024-09-15,organic_search,desktop,405,245,39.5,100.0,4.8,228,10,806.19,2.47
2024-09-15,organic_search,tablet,92,53,41.6,159.0,1.3,59,2,324.41,2.17
2024-09-15,paid_search,mobile,472,301,36.1,85.0,4.4,242,15,3036.11,3.18
2024-09-15,paid_search,desktop,313,204,34.8,164.0,2.0,200,12,1259.04,3.83
2024-09-15,paid_search,tablet,94,63,32.8,106.0,3.8,57,3,567.65,3.19
2024-09-15,paid_social,mobile,574,240,58.2,73.0,1.9,413,7,1387.3,1.22
2024-09-15,paid_social,desktop,255,130,48.8,77.0,2.6,149,4,789.68,1.57
2024-09-15,paid_social,tablet,82,34,58.5,151.0,2.6,51,1,186.34,1.22
2024-09-15,direct,mobile,462,321,30.3,197.0,5.4,313,19,4002.27,4.11
2024-09-15,direct,desktop,190,132,30.0,151.0,2.6,112,5,633.6,2.63
2024-09-15,direct,tablet,70,50,28.1,133.0,4.8,53,1,187.18,1.43
2024-09-15,email,mobile,316,239,24.2,192.0,3.1,220,15,1525.96,4.75
2024-09-15,email,desktop,201,149,25.5,176.0,3.3,126,9,989.05,4.48
2024-09-15,email,tablet,47,35,23.6,171.0,1.5,24,1,177.96,2.13
2024-09-15,referral,mobile,200,89,55.2,191.0,1.3,116,2,302.02,1.0
2024-09-15,referral,desktop,153,86,43.7,75.0,1.5,99,3,453.1,1.96
2024-09-15,referral,tablet,39,21,45.2,113.0,3.9,21,0,0.0,0.0
2024-09-15,organic_social,mobile,133,52,60.9,165.0,3.6,92,1,135.65,0.75
2024-09-15,organic_social,desktop,108,33,68.9,162.0,1.7,70,1,128.76,0.93
2024-09-15,organic_social,tablet,25,7,68.7,114.0,3.1,14,0,0.0,0.0
2024-09-16,organic_search,mobile,617,318,48.3,118.0,3.4,331,17,1690.05,2.76
2024-09-16,organic_search,desktop,302,182,39.4,168.0,2.1,181,9,1666.59,2.98
2024-09-16,organic_search,tablet,73,39,45.5,66.0,2.2,52,2,165.33,2.74
2024-09-16,paid_search,mobile,510,301,40.9,192.0,1.7,308,16,1515.45,3.14
2024-09-16,paid_search,desktop,232,147,36.4,83.0,4.7,175,6,1126.11,2.59
2024-09-16,paid_search,tablet,74,49,33.5,108.0,4.7,52,2,389.86,2.7
2024-09-16,paid_social,mobile,479,189,60.4,59.0,1.5,340,7,1000.02,1.46
2024-09-16,paid_social,desktop,294,109,62.8,133.0,2.0,173,4,432.99,1.36
2024-09-16,paid_social,tablet,81,32,60.1,137.0,4.1,46,1,147.51,1.23
2024-09-16,direct,mobile,369,274,25.7,115.0,4.4,208,15,2829.41,4.07
2024-09-16,direct,desktop,205,139,31.8,87.0,3.3,156,8,1740.89,3.9
2024-09-16,direct,tablet,58,38,33.4,224.0,4.8,44,1,191.35,1.72
2024-09-16,email,mobile,171,129,24.5,155.0,5.4,115,5,526.38,2.92
2024-09-16,email,desktop,159,114,28.3,111.0,3.9,82,5,513.44,3.14
2024-09-16,email,tablet,43,33,21.7,173.0,5.1,33,1,133.44,2.33
2024-09-16,referral,mobile,177,98,44.1,70.0,3.5,107,3,425.52,1.69
2024-09-16,referral,desktop,83,46,43.9,99.0,4.9,65,2,363.27,2.41
2024-09-16,referral,tablet,31,14,52.4,125.0,4.9,22,0,0.0,0.0
2024-09-16,organic_social,mobile,90,33,62.2,57.0,3.8,53,1,193.7,1.11
2024-09-16,organic_social,desktop,51,18,64.2,67.0,4.8,37,0,0.0,0.0
2024-09-16,organic_social,tablet,16,5,64.3,50.0,2.4,12,0,0.0,0.0
2024-09-17,organic_search,mobile,398,213,46.3,97.0,2.5,239,7,1216.01,1.76
2024-09-17,organic_search,desktop,270,132,51.0,64.0,2.2,184,8,1614.42,2.96
2024-09-17,organic_search,tablet,120,64,46.4,71.0,4.7,95,2,388.87,1.67
2024-09-17,paid_search,mobile,528,348,34.0,89.0,3.6,366,17,2752.11,3.22
2024-09-17,paid_search,desktop,235,150,35.9,207.0,4.4,119,5,1069.78,2.13
2024-09-17,paid_search,tablet,80,52,34.4,219.0,2.4,40,2,333.92,2.5
2024-09-17,paid_social,mobile,463,177,61.7,124.0,3.1,345,8,727.46,1.73
2024-09-17,paid_social,desktop,267,139,47.9,62.0,2.8,139,5,495.02,1.87
2024-09-17,paid_social,tablet,80,36,54.4,215.0,4.7,60,1,160.76,1.25
2024-09-17,direct,mobile,287,210,26.8,99.0,1.8,181,10,1416.44,3.48
2024-09-17,direct,desktop,214,147,31.1,116.0,3.6,169,8,1162.54,3.74
2024-09-17,direct,tablet,40,27,30.3,139.0,4.0,26,1,94.75,2.5
2024-09-17,email,mobile,147,109,25.6,118.0,5.0,75,5,639.03,3.4
2024-09-17,email,desktop,119,90,24.2,206.0,4.5,66,5,952.28,4.2
2024-09-17,email,tablet,46,34,24.4,180.0,1.9,36,1,173.53,2.17
2024-09-17,referral,mobile,149,75,49.5,217.0,4.0,99,2,218.76,1.34
2024-09-17,referral,desktop,99,44,55.1,165.0,3.4,78,2,192.09,2.02
2024-09-17,referral,tablet,29,15,47.7,170.0,2.0,20,0,0.0,0.0
2024-09-17,organic_social,mobile,123,56,53.8,45.0,1.4,84,1,89.56,0.81
2024-09-17,organic_social,desktop,84,29,64.9,141.0,1.2,61,0,0.0,0.0
2024-09-17,organic_social,tablet,15,6,56.4,89.0,2.3,9,0,0.0,0.0
2024-09-18,organic_search,mobile,672,328,51.2,141.0,2.0,419,14,1300.11,2.08
2024-09-18,organic_search,desktop,355,176,50.1,216.0,4.9,233,7,1319.37,1.97
2024-09-18,organic_search,tablet,161,85,47.1,132.0,1.9,118,3,613.12,1.86
2024-09-18,paid_search,mobile,591,340,42.4,96.0,4.2,397,22,2745.94,3.72
2024-09-18,paid_search,desktop,259,169,34.4,67.0,2.2,171,6,975.43,2.32
2024-09-18,paid_search,tablet,77,49,35.1,110.0,4.9,44,3,532.79,3.9
2024-09-18,paid_social,mobile,521,245,52.8,88.0,3.6,376,10,1320.22,1.92
2024-09-18,paid_social,desktop,321,132,58.6,142.0,2.0,246,5,956.81,1.56
2024-09-18,paid_social,tablet,108,40,62.7,184.0,1.4,83,2,349.21,1.85
2024-09-18,direct,mobile,355,262,26.0,62.0,1.4,245,10,1620.9,2.82
2024-09-18,direct,desktop,255,170,33.1,66.0,3.5,155,7,835.09,2.75
2024-09-18,direct,tablet,67,47,29.6,158.0,2.2,37,2,189.45,2.99
2024-09-18,email,mobile,234,176,24.7,240.0,3.8,136,9,1818.1,3.85
2024-09-18,email,desktop,208,151,27.2,208.0,4.9,141,10,822.91,4.81
2024-09-18,email,tablet,57,41,27.1,216.0,5.2,44,2,387.81,3.51
2024-09-18,referral,mobile,195,111,43.0,111.0,2.8,124,2,422.9,1.03
2024-09-18,referral,desktop,105,51,51.4,177.0,3.8,69,2,232.06,1.9
2024-09-18,referral,tablet,31,13,55.6,154.0,4.7,20,0,0.0,0.0
2024-09-18,organic_social,mobile,155,63,59.2,65.0,1.3,103,1,97.35,0.65
2024-09-18,organic_social,desktop,68,22,66.6,112.0,2.5,47,1,149.42,1.47
2024-09-18,organic_social,tablet,26,11,57.2,138.0,3.9,20,0,0.0,0.0
2024-09-19,organic_search,mobile,802,462,42.4,194.0,4.8,461,23,3289.08,2.87
2024-09-19,organic_search,desktop,368,205,44.1,187.0,2.7,235,6,1055.98,1.63
2024-09-19,organic_search,tablet,131,79,39.2,169.0,4.2,92,3,461.21,2.29
2024-09-19,paid_search,mobile,416,244,41.2,97.0,2.2,311,14,2521.17,3.37
2024-09-19,paid_search,desktop,326,199,38.9,62.0,2.5,169,10,1619.23,3.07
2024-09-19,paid_search,tablet,98,56,42.6,101.0,4.7,61,2,379.09,2.04
2024-09-19,paid_social,mobile,451,188,58.3,52.0,1.9,329,8,1017.8,1.77
2024-09-19,paid_social,desktop,394,198,49.5,98.0,3.0,283,7,593.49,1.78
2024-09-19,paid_social,tablet,65,26,59.6,147.0,2.5,46,0,0.0,0.0
2024-09-19,direct,mobile,347,251,27.5,72.0,3.1,174,8,1080.25,2.31
2024-09-19,direct,desktop,208,137,33.9,193.0,4.0,115,8,904.5,3.85
2024-09-19,direct,tablet,69,45,33.7,162.0,4.0,45,2,372.9,2.9
2024-09-19,email,mobile,314,230,26.7,183.0,1.7,195,9,1516.04,2.87
2024-09-19,email,desktop,216,154,28.4,129.0,2.1,150,10,1012.06,4.63
2024-09-19,email,tablet,58,41,27.9,78.0,5.1,43,2,187.78,3.45
2024-09-19,referral,mobile,187,95,49.0,91.0,2.8,128,3,490.59,1.6
2024-09-19,referral,desktop,100,42,57.5,138.0,2.9,57,1,157.34,1.0
2024-09-19,referral,tablet,36,20,43.9,70.0,4.9,25,0,0.0,0.0
2024-09-19,organic_social,mobile,110,35,68.1,61.0,3.8,73,1,112.99,0.91
2024-09-19,organic_social,desktop,64,31,51.5,191.0,3.1,44,0,0.0,0.0
2024-09-19,organic_social,tablet,28,10,62.0,149.0,4.0,15,0,0.0,0.0
2024-09-20,organic_search,mobile,685,386,43.6,92.0,2.9,422,14,1600.81,2.04
2024-09-20,organic_search,desktop,451,272,39.5,98.0,3.3,318,11,913.64,2.44
2024-09-20,organic_search,tablet,145,88,38.7,183.0,2.5,104,3,388.86,2.07
2024-09-20,paid_search,mobile,583,342,41.3,161.0,4.8,318,24,4972.85,4.12
2024-09-20,paid_search,desktop,254,156,38.4,108.0,4.0,130,10,1793.63,3.94
2024-09-20,paid_search,tablet,98,63,35.0,193.0,3.6,49,2,229.97,2.04
2024-09-20,paid_social,mobile,468,191,59.2,43.0,2.0,263,10,2024.1,2.14
2024-09-20,paid_social,desktop,298,126,57.4,176.0,2.8,201,4,832.78,1.34
2024-09-20,paid_social,tablet,92,40,56.4,161.0,1.6,58,2,216.03,2.17
2024-09-20,direct,mobile,446,331,25.6,131.0,4.0,356,11,1020.55,2.47
2024-09-20,direct,desktop,223,163,26.7,57.0,3.7,170,7,703.06,3.14
2024-09-20,direct,tablet,91,66,26.4,129.0,4.3,59,2,297.51,2.2
2024-09-20,email,mobile,195,149,23.4,222.0,3.1,137,10,1516.11,5.13
2024-09-20,email,desktop,140,102,26.8,90.0,3.3,96,6,555.72,4.29
2024-09-20,email,tablet,54,39,26.3,172.0,1.4,29,2,301.61,3.7
2024-09-20,referral,mobile,192,88,53.7,129.0,2.3,121,4,728.21,2.08
2024-09-20,referral,desktop,86,41,51.5,156.0,1.3,57,1,100.35,1.16
2024-09-20,referral,tablet,37,16,54.3,178.0,2.3,28,0,0.0,0.0
2024-09-20,organic_social,mobile,111,42,61.5,188.0,3.5,78,1,136.38,0.9
2024-09-20,organic_social,desktop,73,23,67.6,42.0,1.3,37,0,0.0,0.0
2024-09-20,organic_social,tablet,31,13,57.5,113.0,2.1,16,0,0.0,0.0
2024-09-21,organic_search,mobile,526,282,46.3,132.0,3.2,409,12,2476.13,2.28
2024-09-21,organic_search,desktop,437,240,45.0,119.0,3.6,277,10,1794.58,2.29
2024-09-21,organic_search,tablet,127,64,49.4,148.0,4.9,89,3,336.63,2.36
2024-09-21,paid_search,mobile,486,275,43.3,83.0,5.2,254,14,3047.18,2.88
2024-09-21,paid_search,desktop,394,233,40.7,138.0,1.5,239,13,2455.24,3.3
2024-09-21,paid_search,tablet,108,65,39.7,142.0,4.2,81,2,230.84,1.85
2024-09-21,paid_social,mobile,372,141,62.0,125.0,3.4,247,8,648.89,2.15
2024-09-21,paid_social,desktop,336,151,55.1,80.0,4.0,192,5,466.99,1.49
2024-09-21,paid_social,tablet,107,49,53.4,82.0,2.0,85,1,201.59,0.93
2024-09-21,direct,mobile,422,307,27.2,176.0,1.9,323,11,2206.96,2.61
2024-09-21,direct,desktop,253,165,34.4,84.0,3.1,139,7,1078.24,2.77
2024-09-21,direct,tablet,66,47,27.9,60.0,3.4,45,2,431.55,3.03
2024-09-21,email,mobile,301,220,26.9,209.0,4.8,198,14,2992.79,4.65
2024-09-21,email,desktop,191,143,24.8,128.0,2.8,126,6,743.24,3.14
2024-09-21,email,tablet,42,31,25.1,99.0,2.8,32,2,273.67,4.76
2024-09-21,referral,mobile,243,107,55.8,212.0,2.5,131,4,537.19,1.65
2024-09-21,referral,desktop,106,45,57.0,61.0,4.1,55,2,421.49,1.89
2024-09-21,referral,tablet,28,13,51.7,218.0,1.5,15,0,0.0,0.0
2024-09-21,organic_social,mobile,149,48,67.1,159.0,1.9,75,2,290.36,1.34
2024-09-21,organic_social,desktop,91,31,65.6,108.0,3.1,69,1,159.69,1.1
2024-09-21,organic_social,tablet,24,11,51.1,175.0,4.7,14,0,0.0,0.0
2024-09-22,organic_search,mobile,688,368,46.4,175.0,4.1,510,15,2976.74,2.18
2024-09-22,organic_search,desktop,373,192,48.3,134.0,3.2,197,10,1979.35,2.68
2024-09-22,organic_search,tablet,151,82,45.5,158.0,1.5,117,3,291.01,1.99
2024-09-22,paid_search,mobile,669,438,34.5,209.0,4.4,533,22,3616.31,3.29
2024-09-22,paid_search,desktop,318,210,33.7,107.0,2.3,235,10,1869.59,3.14
2024-09-22,paid_search,tablet,115,75,34.6,71.0,2.8,88,4,395.45,3.48
2024-09-22,paid_social,mobile,553,258,53.3,150.0,5.0,403,7,1259.21,1.27
2024-09-22,paid_social,desktop,239,98,58.8,46.0,2.1,155,3,644.0,1.26
2024-09-22,paid_social,tablet,67,31,52.4,126.0,4.6,43,1,142.57,1.49
2024-09-22,direct,mobile,521,381,26.8,111.0,2.8,401,15,2578.68,2.88
2024-09-22,direct,desktop,268,191,28.5,167.0,1.8,148,10,898.93,3.73
2024-09-22,direct,tablet,55,36,33.6,95.0,2.9,35,1,152.3,1.82
2024-09-22,email,mobile,266,194,26.9,57.0,5.1,211,13,1586.5,4.89
2024-09-22,email,desktop,168,126,24.7,116.0,5.5,93,5,732.87,2.98
2024-09-22,email,tablet,46,34,25.9,256.0,3.5,35,1,146.42,2.17
2024-09-22,referral,mobile,139,77,44.3,184.0,3.0,86,3,294.07,2.16
2024-09-22,referral,desktop,134,62,53.4,167.0,2.6,95,3,347.89,2.24
2024-09-22,referral,tablet,27,13,49.4,175.0,2.2,19,0,0.0,0.0
2024-09-22,organic_social,mobile,137,64,52.7,219.0,2.7,70,1,201.69,0.73
2024-09-22,organic_social,desktop,68,23,65.2,104.0,4.1,42,0,0.0,0.0
2024-09-22,organic_social,tablet,28,12,56.3,137.0,3.5,17,0,0.0,0.0
2024-09-23,organic_search,mobile,505,293,41.8,148.0,1.4,278,16,3309.03,3.17
2024-09-23,organic_search,desktop,397,195,50.8,156.0,2.4,250,7,1279.83,1.76
2024-09-23,organic_search,tablet,103,62,39.6,222.0,3.6,67,2,169.33,1.94
2024-09-23,paid_search,mobile,463,261,43.6,102.0,4.8,288,11,1084.98,2.38
2024-09-23,paid_search,desktop,308,201,34.6,132.0,2.4,204,9,880.61,2.92
2024-09-23,paid_search,tablet,87,49,43.0,214.0,1.8,58,2,368.08,2.3
2024-09-23,paid_social,mobile,396,193,51.2,149.0,2.0,232,5,579.69,1.26
2024-09-23,paid_social,desktop,265,123,53.3,220.0,2.2,153,3,407.65,1.13
2024-09-23,paid_social,tablet,54,26,51.2,153.0,2.8,33,1,215.04,1.85
2024-09-23,direct,mobile,221,164,25.5,59.0,2.6,134,9,1337.6,4.07
2024-09-23,direct,desktop,230,162,29.4,58.0,5.3,127,9,1518.5,3.91
2024-09-23,direct,tablet,48,32,32.8,224.0,3.9,28,1,136.15,2.08
2024-09-23,email,mobile,224,162,27.3,256.0,5.4,146,8,1280.28,3.57
2024-09-23,email,desktop,99,72,26.5,125.0,4.4,60,3,521.18,3.03
2024-09-23,email,tablet,47,36,22.3,139.0,3.4,36,1,189.37,2.13
2024-09-23,referral,mobile,152,72,52.4,113.0,3.0,112,2,347.74,1.32
2024-09-23,referral,desktop,93,39,57.3,144.0,2.8,47,2,364.01,2.15
2024-09-23,referral,tablet,18,10,43.2,179.0,3.6,12,0,0.0,0.0
2024-09-23,organic_social,mobile,108,47,56.4,154.0,4.5,55,1,208.69,0.93
2024-09-23,organic_social,desktop,49,19,61.1,133.0,1.3,39,0,0.0,0.0
2024-09-23,organic_social,tablet,21,8,57.5,122.0,1.5,12,0,0.0,0.0
2024-09-24,organic_search,mobile,428,245,42.5,109.0,3.8,301,13,1817.48,3.04
2024-09-24,organic_search,desktop,423,230,45.6,78.0,3.0,264,12,1602.04,2.84
2024-09-24,organic_search,tablet,89,46,47.6,225.0,3.3,59,2,427.17,2.25
2024-09-24,paid_search,mobile,389,247,36.4,130.0,1.9,279,16,1371.07,4.11
2024-09-24,paid_search,desktop,214,123,42.4,234.0,4.3,147,6,1250.4,2.8
2024-09-24,paid_search,tablet,59,33,42.9,135.0,1.6,41,2,240.65,3.39
2024-09-24,paid_social,mobile,287,121,57.5,205.0,4.1,186,5,627.24,1.74
2024-09-24,paid_social,desktop,295,115,60.9,125.0,4.4,201,5,507.08,1.69
2024-09-24,paid_social,tablet,69,25,62.5,189.0,1.4,41,0,0.0,0.0
2024-09-24,direct,mobile,388,264,31.7,115.0,3.5,267,14,2407.72,3.61
2024-09-24,direct,desktop,173,116,32.7,91.0,3.0,133,5,450.01,2.89
2024-09-24,direct,tablet,53,39,26.3,89.0,1.6,37,1,156.23,1.89
2024-09-24,email,mobile,241,174,27.6,204.0,3.8,122,12,1597.16,4.98
2024-09-24,email,desktop,123,96,21.6,259.0,5.0,77,3,263.52,2.44
2024-09-24,email,tablet,31,24,21.8,224.0,1.6,19,1,164.05,3.23
2024-09-24,referral,mobile,185,103,44.3,72.0,4.6,131,3,355.52,1.62
2024-09-24,referral,desktop,86,44,48.0,72.0,4.8,64,2,185.42,2.33
2024-09-24,referral,tablet,30,14,51.9,132.0,2.3,18,0,0.0,0.0
2024-09-24,organic_social,mobile,73,32,55.6,49.0,2.1,38,0,0.0,0.0
2024-09-24,organic_social,desktop,47,21,53.5,147.0,2.5,25,0,0.0,0.0
2024-09-24,organic_social,tablet,23,9,60.3,90.0,3.3,15,0,0.0,0.0
2024-09-25,organic_search,mobile,626,329,47.3,49.0,2.6,334,18,2357.81,2.88
2024-09-25,organic_search,desktop,347,197,43.2,170.0,3.3,174,7,1476.19,2.02
2024-09-25,organic_search,tablet,95,48,48.9,195.0,2.4,58,2,172.74,2.11
2024-09-25,paid_search,mobile,706,476,32.5,63.0,4.9,441,25,5321.09,3.54
2024-09-25,paid_search,desktop,429,275,35.8,173.0,4.6,270,17,2899.98,3.96
2024-09-25,paid_search,tablet,85,54,35.3,215.0,3.4,52,2,332.86,2.35
2024-09-25,paid_social,mobile,582,282,51.5,65.0,3.7,305,11,1042.94,1.89
2024-09-25,paid_social,desktop,249,106,57.1,210.0,3.6,168,4,634.33,1.61
2024-09-25,paid_social,tablet,83,35,57.2,55.0,2.1,55,1,158.02,1.2
2024-09-25,direct,mobile,454,322,29.0,207.0,1.4,287,15,2245.85,3.3
2024-09-25,direct,desktop,185,132,28.4,151.0,5.2,130,6,547.13,3.24
2024-09-25,direct,tablet,87,60,30.7,142.0,3.8,66,3,301.69,3.45
2024-09-25,email,mobile,243,191,21.3,86.0,3.2,157,13,1087.28,5.35
2024-09-25,email,desktop,210,158,24.6,172.0,2.8,111,9,972.0,4.29
2024-09-25,email,tablet,63,49,21.9,92.0,2.4,39,2,414.29,3.17
2024-09-25,referral,mobile,168,77,53.9,194.0,4.6,87,3,654.05,1.79
2024-09-25,referral,desktop,98,53,45.0,196.0,3.4,65,2,163.34,2.04
2024-09-25,referral,tablet,35,17,50.5,132.0,3.9,20,0,0.0,0.0
2024-09-25,organic_social,mobile,162,55,65.6,97.0,1.9,120,1,158.41,0.62
2024-09-25,organic_social,desktop,113,43,61.2,136.0,3.0,64,1,169.9,0.88
2024-09-25,organic_social,tablet,18,7,59.0,160.0,1.9,10,0,0.0,0.0
2024-09-26,organic_search,mobile,652,386,40.8,65.0,4.1,433,20,3508.23,3.07
2024-09-26,organic_search,desktop,443,214,51.6,207.0,1.7,222,11,2260.96,2.48
2024-09-26,organic_search,tablet,120,61,48.6,127.0,4.2,85,3,570.75,2.5
2024-09-26,paid_search,mobile,488,320,34.2,163.0,2.2,284,16,2796.67,3.28
2024-09-26,paid_search,desktop,393,222,43.3,214.0,1.4,298,15,2291.28,3.82
2024-09-26,paid_search,tablet,98,57,41.2,161.0,2.3,59,2,403.2,2.04
2024-09-26,paid_social,mobile,406,187,53.8,187.0,5.0,233,6,928.98,1.48
2024-09-26,paid_social,desktop,240,112,53.3,132.0,3.6,130,3,590.38,1.25
2024-09-26,paid_social,tablet,103,38,62.8,47.0,1.3,81,1,214.74,0.97
2024-09-26,direct,mobile,462,336,27.2,198.0,4.9,242,14,2115.2,3.03
2024-09-26,direct,desktop,287,201,29.8,143.0,2.2,184,10,1511.94,3.48
2024-09-26,direct,tablet,61,45,25.9,170.0,1.7,38,1,83.49,1.64
2024-09-26,email,mobile,354,278,21.3,88.0,3.8,204,13,2265.34,3.67
2024-09-26,email,desktop,145,104,28.0,87.0,2.5,85,5,663.59,3.45
2024-09-26,email,tablet,44,32,26.1,180.0,4.8,35,2,302.99,4.55
2024-09-26,referral,mobile,187,81,56.5,142.0,4.5,118,3,568.44,1.6
2024-09-26,referral,desktop,136,68,49.5,89.0,3.1,71,3,657.63,2.21
2024-09-26,referral,tablet,27,11,56.4,159.0,3.3,15,0,0.0,0.0
2024-09-26,organic_social,mobile,114,43,61.6,94.0,4.4,58,1,99.48,0.88
2024-09-26,organic_social,desktop,104,39,62.2,112.0,4.3,80,0,0.0,0.0
2024-09-26,organic_social,tablet,21,7,65.1,72.0,3.7,12,0,0.0,0.0
2024-09-27,organic_search,mobile,673,341,49.2,74.0,3.5,521,19,3795.48,2.82
2024-09-27,organic_search,desktop,317,161,49.0,175.0,4.8,206,6,1042.51,1.89
2024-09-27,organic_search,tablet,151,92,38.9,152.0,3.2,119,3,424.6,1.99
2024-09-27,paid_search,mobile,410,265,35.3,162.0,1.7,239,16,2277.48,3.9
2024-09-27,paid_search,desktop,253,167,33.9,223.0,2.4,151,8,1495.26,3.16
2024-09-27,paid_search,tablet,104,69,33.3,243.0,1.8,56,3,442.98,2.88
2024-09-27,paid_social,mobile,450,224,50.2,61.0,2.2,257,9,1912.98,2.0
2024-09-27,paid_social,desktop,316,144,54.2,144.0,3.5,237,6,1095.41,1.9
2024-09-27,paid_social,tablet,84,44,47.0,118.0,2.7,44,1,84.95,1.19
2024-09-27,direct,mobile,475,330,30.5,187.0,2.1,377,13,2421.61,2.74
2024-09-27,direct,desktop,211,142,32.4,184.0,5.0,122,9,1634.13,4.27
2024-09-27,direct,tablet,64,43,31.3,248.0,2.3,47,2,332.86,3.12
2024-09-27,email,mobile,345,260,24.5,253.0,5.2,179,18,1949.41,5.22
2024-09-27,email,desktop,177,132,25.2,54.0,3.6,113,5,427.67,2.82
2024-09-27,email,tablet,63,47,23.8,193.0,5.2,38,2,162.12,3.17
2024-09-27,referral,mobile,171,82,51.9,93.0,2.6,120,3,409.02,1.75
2024-09-27,referral,desktop,153,74,51.2,215.0,4.7,81,2,233.89,1.31
2024-09-27,referral,tablet,43,18,57.0,139.0,2.5,23,0,0.0,0.0
2024-09-27,organic_social,mobile,126,40,67.7,127.0,2.7,80,1,126.29,0.79
2024-09-27,organic_social,desktop,101,39,60.8,137.0,3.8,65,0,0.0,0.0
2024-09-27,organic_social,tablet,26,9,65.2,79.0,4.5,14,0,0.0,0.0
2024-09-28,organic_search,mobile,700,389,44.4,98.0,3.9,518,16,3436.53,2.29
2024-09-28,organic_search,desktop,357,173,51.4,163.0,3.7,215,9,1872.26,2.52
2024-09-28,organic_search,tablet,145,88,38.7,108.0,1.7,112,3,253.5,2.07
2024-09-28,paid_search,mobile,592,355,39.9,72.0,3.8,469,22,4017.74,3.72
2024-09-28,paid_search,desktop,289,175,39.4,232.0,2.7,152,9,1213.47,3.11
2024-09-28,paid_search,tablet,127,75,40.6,225.0,2.4,83,3,357.81,2.36
2024-09-28,paid_social,mobile,410,150,63.2,164.0,4.6,323,8,1275.75,1.95
2024-09-28,paid_social,desktop,369,144,60.8,177.0,4.0,284,6,809.13,1.63
2024-09-28,paid_social,tablet,70,29,58.1,47.0,4.3,41,1,191.79,1.43
2024-09-28,direct,mobile,458,315,31.0,246.0,2.7,331,15,2766.66,3.28
2024-09-28,direct,desktop,233,155,33.1,205.0,3.4,135,7,1000.28,3.0
2024-09-28,direct,tablet,97,66,31.1,230.0,2.1,50,3,511.56,3.09
2024-09-28,email,mobile,256,190,25.5,68.0,4.7,183,9,1588.4,3.52
2024-09-28,email,desktop,144,110,23.5,225.0,2.7,113,7,1317.87,4.86
2024-09-28,email,tablet,56,43,21.7,90.0,5.2,40,2,346.07,3.57
2024-09-28,referral,mobile,144,63,56.2,178.0,3.7,90,2,286.69,1.39
2024-09-28,referral,desktop,104,51,50.3,154.0,3.6,66,2,336.66,1.92
2024-09-28,referral,tablet,36,19,46.8,55.0,1.5,20,0,0.0,0.0
2024-09-28,organic_social,mobile,112,47,57.7,85.0,1.3,67,1,96.36,0.89
2024-09-28,organic_social,desktop,103,45,55.8,45.0,3.1,65,1,93.76,0.97
2024-09-28,organic_social,tablet,20,8,56.2,95.0,2.1,14,0,0.0,0.0
2024-09-29,organic_search,mobile,497,287,42.1,50.0,5.0,377,10,1168.16,2.01
2024-09-29,organic_search,desktop,415,231,44.3,192.0,3.2,231,10,1469.64,2.41
2024-09-29,organic_search,tablet,96,47,50.6,169.0,2.8,53,1,205.66,1.04
2024-09-29,paid_search,mobile,487,300,38.3,135.0,2.8,355,17,3005.7,3.49
2024-09-29,paid_search,desktop,439,251,42.7,61.0,2.9,316,14,1274.88,3.19
2024-09-29,paid_search,tablet,99,59,39.5,226.0,2.6,50,3,256.94,3.03
2024-09-29,paid_social,mobile,594,224,62.2,185.0,3.1,418,12,2311.59,2.02
2024-09-29,paid_social,desktop,274,134,50.9,116.0,2.8,215,5,914.23,1.82
2024-09-29,paid_social,tablet,90,33,63.0,43.0,2.3,56,1,169.55,1.11
2024-09-29,direct,mobile,450,319,29.1,122.0,4.6,265,18,3110.52,4.0
2024-09-29,direct,desktop,193,140,27.1,182.0,3.7,134,4,786.12,2.07
2024-09-29,direct,tablet,81,56,30.6,214.0,4.6,45,3,425.2,3.7
2024-09-29,email,mobile,267,193,27.5,98.0,3.1,137,13,1083.69,4.87
2024-09-29,email,desktop,149,114,23.2,226.0,2.4,100,5,677.66,3.36
2024-09-29,email,tablet,51,37,27.4,236.0,4.8,35,2,222.6,3.92
2024-09-29,referral,mobile,145,83,42.7,73.0,2.3,87,2,215.06,1.38
2024-09-29,referral,desktop,141,66,53.1,177.0,1.9,75,2,433.59,1.42
2024-09-29,referral,tablet,26,12,53.5,118.0,3.9,15,0,0.0,0.0
2024-09-29,organic_social,mobile,136,61,54.5,119.0,3.0,71,1,130.25,0.74
2024-09-29,organic_social,desktop,66,29,55.7,48.0,2.6,37,0,0.0,0.0
2024-09-29,organic_social,tablet,30,10,66.4,193.0,3.1,22,0,0.0,0.0
2024-09-30,organic_search,mobile,616,302,51.0,63.0,3.4,405,13,1119.07,2.11
2024-09-30,organic_search,desktop,288,168,41.6,162.0,4.1,181,8,1021.36,2.78
2024-09-30,organic_search,tablet,76,38,49.9,196.0,3.5,52,1,196.13,1.32
2024-09-30,paid_search,mobile,377,219,41.9,48.0,5.0,295,10,1583.69,2.65
2024-09-30,paid_search,desktop,295,185,37.1,204.0,3.8,194,7,1042.61,2.37
2024-09-30,paid_search,tablet,90,57,35.9,50.0,4.3,68,3,424.57,3.33
2024-09-30,paid_social,mobile,367,167,54.3,214.0,2.6,248,7,1427.08,1.91
2024-09-30,paid_social,desktop,282,125,55.5,105.0,2.0,146,4,640.28,1.42
2024-09-30,paid_social,tablet,71,33,53.0,99.0,4.9,47,1,111.21,1.41
2024-09-30,direct,mobile,280,186,33.2,228.0,1.7,173,11,1762.64,3.93
2024-09-30,direct,desktop,233,165,29.0,120.0,3.1,164,10,1013.53,4.29
2024-09-30,direct,tablet,45,33,25.6,115.0,3.4,29,2,411.65,4.44
2024-09-30,email,mobile,251,186,25.7,171.0,2.6,163,12,2492.15,4.78
2024-09-30,email,desktop,158,117,25.6,130.0,3.2,111,8,1642.89,5.06
2024-09-30,email,tablet,28,21,24.7,251.0,2.0,19,0,0.0,0.0
2024-09-30,referral,mobile,156,71,53.9,95.0,1.9,121,3,331.19,1.92
2024-09-30,referral,desktop,93,39,57.1,178.0,4.2,52,1,157.38,1.08
2024-09-30,referral,tablet,22,12,44.0,62.0,2.3,13,0,0.0,0.0
2024-09-30,organic_social,mobile,105,41,60.4,61.0,2.3,63,1,186.98,0.95
2024-09-30,organic_social,desktop,58,20,65.1,127.0,2.2,34,0,0.0,0.0
2024-09-30,organic_social,tablet,21,7,66.6,141.0,3.9,14,0,0.0,0.0
2024-10-01,organic_search,mobile,632,383,39.3,211.0,2.4,426,14,2652.9,2.22
2024-10-01,organic_search,desktop,265,133,49.7,158.0,3.2,153,7,777.62,2.64
2024-10-01,organic_search,tablet,115,68,40.2,206.0,1.9,78,2,323.18,1.74
2024-10-01,paid_search,mobile,290,169,41.7,162.0,1.5,160,7,1266.5,2.41
2024-10-01,paid_search,desktop,225,129,42.4,56.0,1.3,176,7,1455.23,3.11
2024-10-01,paid_search,tablet,85,49,41.2,66.0,1.9,47,3,653.51,3.53
2024-10-01,paid_social,mobile,442,209,52.6,165.0,1.5,280,8,1597.85,1.81
2024-10-01,paid_social,desktop,174,78,54.7,185.0,4.9,137,2,160.37,1.15
2024-10-01,paid_social,tablet,59,23,60.4,184.0,4.8,32,1,192.01,1.69
2024-10-01,direct,mobile,359,243,32.1,86.0,5.1,274,10,1349.62,2.79
2024-10-01,direct,desktop,210,146,30.1,53.0,3.3,159,6,1143.27,2.86
2024-10-01,direct,tablet,60,41,31.2,187.0,1.6,35,1,120.14,1.67
2024-10-01,email,mobile,188,141,25.0,167.0,1.9,104,7,1005.04,3.72
2024-10-01,email,desktop,157,118,24.7,89.0,2.4,102,6,844.46,3.82
2024-10-01,email,tablet,34,25,24.8,133.0,3.0,26,1,101.91,2.94
2024-10-01,referral,mobile,103,43,57.4,166.0,4.7,59,2,311.83,1.94
2024-10-01,referral,desktop,81,45,44.2,221.0,3.0,62,1,102.32,1.23
2024-10-01,referral,tablet,21,9,52.9,203.0,2.9,11,0,0.0,0.0
2024-10-01,organic_social,mobile,132,54,58.9,146.0,3.1,91,1,130.91,0.76
2024-10-01,organic_social,desktop,71,33,53.2,159.0,1.6,42,0,0.0,0.0
2024-10-01,organic_social,tablet,23,7,66.5,137.0,1.2,16,0,0.0,0.0
2024-10-02,organic_search,mobile,782,430,45.0,199.0,3.6,557,13,2253.23,1.66
2024-10-02,organic_search,desktop,329,171,47.9,171.0,3.8,223,8,1010.74,2.43
2024-10-02,organic_search,tablet,101,58,42.2,59.0,4.8,55,3,421.91,2.97
2024-10-02,paid_search,mobile,518,334,35.5,189.0,3.7,265,21,2791.61,4.05
2024-10-02,paid_search,desktop,325,205,36.7,217.0,2.6,194,13,2517.71,4.0
2024-10-02,paid_search,tablet,100,60,39.5,216.0,1.4,73,3,584.74,3.0
2024-10-02,paid_social,mobile,527,234,55.5,138.0,1.9,332,10,2034.71,1.9
2024-10-02,paid_social,desktop,395,157,60.2,85.0,2.5,253,5,899.9,1.27
2024-10-02,paid_social,tablet,86,45,47.2,143.0,2.0,49,1,198.49,1.16
2024-10-02,direct,mobile,320,233,27.0,75.0,2.4,251,13,1913.9,4.06
2024-10-02,direct,desktop,263,183,30.1,249.0,1.7,186,9,860.64,3.42
2024-10-02,direct,tablet,55,38,29.5,120.0,3.6,30,2,375.16,3.64
2024-10-02,email,mobile,350,257,26.6,102.0,4.6,220,13,1618.64,3.71
2024-10-02,email,desktop,157,112,28.0,123.0,2.4,106,5,584.68,3.18
2024-10-02,email,tablet,53,41,21.7,69.0,1.9,30,1,107.79,1.89
2024-10-02,referral,mobile,174,79,54.4,54.0,3.7,128,2,347.61,1.15
2024-10-02,referral,desktop,130,70,45.5,126.0,2.3,101,2,385.45,1.54
2024-10-02,referral,tablet,37,16,54.6,124.0,3.5,20,0,0.0,0.0
2024-10-02,organic_social,mobile,137,50,63.3,105.0,2.9,74,1,176.8,0.73
2024-10-02,organic_social,desktop,95,42,55.0,141.0,4.7,52,1,157.48,1.05
2024-10-02,organic_social,tablet,25,10,57.9,172.0,2.0,14,0,0.0,0.0
2024-10-03,organic_search,mobile,493,261,46.9,163.0,4.5,266,11,1360.54,2.23
2024-10-03,organic_search,desktop,547,335,38.7,144.0,5.1,349,10,1973.38,1.83
2024-10-03,organic_search,tablet,156,91,41.5,119.0,1.3,80,4,876.9,2.56
2024-10-03,paid_search,mobile,668,414,37.9,206.0,3.2,505,21,4030.31,3.14
2024-10-03,paid_search,desktop,343,205,40.0,211.0,2.6,205,7,695.24,2.04
2024-10-03,paid_search,tablet,109,66,39.1,167.0,4.7,72,2,374.41,1.83
2024-10-03,paid_social,mobile,469,221,52.9,67.0,4.8,358,5,427.85,1.07
2024-10-03,paid_social,desktop,314,157,49.7,209.0,3.3,232,4,463.43,1.27
2024-10-03,paid_social,tablet,90,38,56.8,119.0,4.5,58,1,84.39,1.11
2024-10-03,direct,mobile,396,276,30.2,78.0,5.3,202,12,1825.87,3.03
2024-10-03,direct,desktop,259,188,27.4,256.0,4.5,149,6,1027.43,2.32
2024-10-03,direct,tablet,74,54,25.9,218.0,1.6,37,2,187.85,2.7
2024-10-03,email,mobile,334,239,28.3,204.0,3.6,262,10,1190.48,2.99
2024-10-03,email,desktop,163,128,21.3,215.0,4.7,126,4,636.32,2.45
2024-10-03,email,tablet,41,30,26.8,138.0,4.0,27,2,394.16,4.88
2024-10-03,referral,mobile,203,108,46.7,82.0,3.0,127,4,717.61,1.97
2024-10-03,referral,desktop,140,66,52.5,91.0,2.1,80,2,342.71,1.43
2024-10-03,referral,tablet,25,11,52.9,208.0,3.6,14,0,0.0,0.0
2024-10-03,organic_social,mobile,97,34,64.0,95.0,4.5,53,1,112.1,1.03
2024-10-03,organic_social,desktop,105,48,54.0,126.0,2.3,60,1,149.86,0.95
2024-10-03,organic_social,tablet,28,12,56.0,188.0,1.9,19,0,0.0,0.0
2024-10-04,organic_search,mobile,729,422,42.1,149.0,4.5,556,17,2038.57,2.33
2024-10-04,organic_search,desktop,495,273,44.8,136.0,4.6,274,15,2384.15,3.03
2024-10-04,organic_search,tablet,99,50,48.8,184.0,2.9,70,3,270.57,3.03
2024-10-04,paid_search,mobile,429,242,43.4,215.0,4.8,273,16,2189.38,3.73
2024-10-04,paid_search,desktop,443,250,43.4,109.0,3.2,233,11,982.67,2.48
2024-10-04,paid_search,tablet,78,44,43.4,230.0,2.8,55,2,404.98,2.56
2024-10-04,paid_social,mobile,401,177,55.9,60.0,3.4,314,5,512.3,1.25
2024-10-04,paid_social,desktop,243,109,55.0,202.0,1.9,123,4,597.68,1.65
2024-10-04,paid_social,tablet,83,36,55.9,182.0,2.0,52,1,103.58,1.2
2024-10-04,direct,mobile,524,361,31.0,156.0,4.4,391,18,2347.83,3.44
2024-10-04,direct,desktop,286,192,32.6,198.0,2.4,218,7,574.09,2.45
2024-10-04,direct,tablet,76,53,29.8,195.0,4.2,49,3,551.26,3.95
2024-10-04,email,mobile,345,248,27.9,236.0,3.9,230,13,2504.54,3.77
2024-10-04,email,desktop,193,149,22.5,175.0,1.9,120,6,1168.93,3.11
2024-10-04,email,tablet,43,31,27.8,100.0,4.7,33,1,160.85,2.33
2024-10-04,referral,mobile,226,113,49.9,65.0,3.0,125,5,531.57,2.21
2024-10-04,referral,desktop,104,50,51.3,85.0,5.1,63,1,201.22,0.96
2024-10-04,referral,tablet,35,19,44.5,187.0,2.3,22,0,0.0,0.0
2024-10-04,organic_social,mobile,131,61,52.8,131.0,2.4,71,1,133.4,0.76
2024-10-04,organic_social,desktop,108,52,51.7,99.0,3.0,72,1,182.3,0.93
2024-10-04,organic_social,tablet,32,11,64.6,84.0,2.3,23,0,0.0,0.0
2024-10-05,organic_search,mobile,657,372,43.2,146.0,4.3,473,20,1637.05,3.04
2024-10-05,organic_search,desktop,402,219,45.5,156.0,4.7,226,7,1084.13,1.74
2024-10-05,organic_search,tablet,149,77,47.9,113.0,4.0,118,4,540.86,2.68
2024-10-05,paid_search,mobile,518,296,42.8,88.0,4.3,388,17,3426.23,3.28
2024-10-05,paid_search,desktop,419,246,41.2,105.0,2.7,247,11,1683.8,2.63
2024-10-05,paid_search,tablet,87,52,40.2,181.0,2.5,48,3,325.79,3.45
2024-10-05,paid_social,mobile,568,268,52.7,153.0,2.1,312,10,1080.17,1.76
2024-10-05,paid_social,desktop,293,117,59.8,47.0,2.8,171,4,385.53,1.37
2024-10-05,paid_social,tablet,78,28,63.0,203.0,1.3,55,1,144.18,1.28
2024-10-05,direct,mobile,380,252,33.7,94.0,3.1,300,16,2147.36,4.21
2024-10-05,direct,desktop,228,149,34.3,207.0,1.5,151,9,1056.99,3.95
2024-10-05,direct,tablet,68,48,29.3,186.0,4.2,53,2,300.76,2.94
2024-10-05,email,mobile,318,234,26.4,64.0,3.4,222,12,1157.92,3.77
2024-10-05,email,desktop,190,136,28.4,234.0,3.0,122,7,1175.23,3.68
2024-10-05,email,tablet,62,46,25.4,172.0,1.8,46,3,632.96,4.84
2024-10-05,referral,mobile,229,127,44.2,205.0,2.4,143,4,592.77,1.75
2024-10-05,referral,desktop,130,64,50.3,60.0,2.4,65,3,643.48,2.31
2024-10-05,referral,tablet,33,15,52.4,79.0,1.9,21,0,0.0,0.0
2024-10-05,organic_social,mobile,152,65,56.7,191.0,2.3,95,1,191.8,0.66
2024-10-05,organic_social,desktop,65,29,55.1,149.0,4.8,46,0,0.0,0.0
2024-10-05,organic_social,tablet,24,10,57.6,62.0,1.5,12,0,0.0,0.0
2024-10-06,organic_search,mobile,581,309,46.7,181.0,1.9,338,17,3722.44,2.93
2024-10-06,organic_search,desktop,340,204,39.8,180.0,4.5,221,8,1655.53,2.35
2024-10-06,organic_search,tablet,123,60,50.9,104.0,1.6,91,3,432.92,2.44
2024-10-06,paid_search,mobile,440,272,38.2,65.0,1.4,313,15,2762.56,3.41
2024-10-06,paid_search,desktop,340,223,34.4,165.0,4.2,185,14,2671.05,4.12
2024-10-06,paid_search,tablet,127,71,43.7,179.0,3.9,80,4,694.26,3.15
2024-10-06,paid_social,mobile,507,246,51.4,96.0,4.3,315,8,1128.44,1.58
2024-10-06,paid_social,desktop,324,164,49.3,126.0,3.4,230,5,933.02,1.54
2024-10-06,paid_social,tablet,84,39,52.6,169.0,3.5,49,1,161.52,1.19
2024-10-06,direct,mobile,353,257,26.9,85.0,4.2,278,8,1118.1,2.27
2024-10-06,direct,desktop,195,129,33.5,81.0,5.0,153,7,1403.07,3.59
2024-10-06,direct,tablet,93,62,32.6,234.0,2.3,56,2,221.8,2.15
2024-10-06,email,mobile,200,148,26.0,239.0,3.5,136,8,1717.18,4.0
2024-10-06,email,desktop,165,128,22.2,144.0,1.7,115,8,1255.48,4.85
2024-10-06,email,tablet,46,35,23.2,162.0,4.7,34,2,211.42,4.35
2024-10-06,referral,mobile,229,100,55.9,45.0,2.2,120,3,634.99,1.31
2024-10-06,referral,desktop,155,79,48.9,74.0,3.6,79,2,206.78,1.29
2024-10-06,referral,tablet,36,16,54.1,90.0,1.5,25,0,0.0,0.0
2024-10-06,organic_social,mobile,164,65,60.0,75.0,3.0,92,2,288.22,1.22
2024-10-06,organic_social,desktop,86,39,53.7,64.0,2.1,68,0,0.0,0.0
2024-10-06,organic_social,tablet,26,9,61.5,78.0,2.8,18,0,0.0,0.0
2024-10-07,organic_search,mobile,630,365,41.9,161.0,2.4,483,13,1636.25,2.06
2024-10-07,organic_search,desktop,422,221,47.4,195.0,3.9,244,13,1563.89,3.08
2024-10-07,organic_search,tablet,83,45,44.8,165.0,4.1,48,2,404.22,2.41
2024-10-07,paid_search,mobile,472,286,39.2,147.0,4.5,310,12,2556.31,2.54
2024-10-07,paid_search,desktop,330,218,33.9,89.0,2.5,211,10,835.22,3.03
2024-10-07,paid_search,tablet,89,55,37.6,196.0,1.5,49,2,418.74,2.25
2024-10-07,paid_social,mobile,268,139,47.9,90.0,2.8,165,4,727.6,1.49
2024-10-07,paid_social,desktop,249,95,61.5,126.0,3.7,174,5,823.23,2.01
2024-10-07,paid_social,tablet,68,27,58.9,51.0,2.9,42,1,219.5,1.47
2024-10-07,direct,mobile,359,261,27.2,177.0,3.6,226,12,2132.55,3.34
2024-10-07,direct,desktop,226,155,31.3,79.0,3.9,116,9,1643.58,3.98
2024-10-07,direct,tablet,52,36,29.2,183.0,2.2,40,2,210.5,3.85
2024-10-07,email,mobile,209,153,26.6,240.0,4.0,136,9,1102.58,4.31
2024-10-07,email,desktop,133,95,27.9,225.0,1.5,92,4,537.87,3.01
2024-10-07,email,tablet,35,27,22.8,153.0,2.0,20,1,196.35,2.86
2024-10-07,referral,mobile,186,103,44.2,212.0,4.1,101,2,437.25,1.08
2024-10-07,referral,desktop,77,42,45.2,55.0,2.4,58,1,135.84,1.3
2024-10-07,referral,tablet,30,14,52.1,139.0,3.1,23,0,0.0,0.0
2024-10-07,organic_social,mobile,72,28,61.0,101.0,4.8,40,1,88.92,1.39
2024-10-07,organic_social,desktop,66,23,64.4,51.0,1.9,50,0,0.0,0.0
2024-10-07,organic_social,tablet,22,9,56.5,103.0,3.7,11,0,0.0,0.0
2024-10-08,organic_search,mobile,633,365,42.3,194.0,4.6,373,19,2728.67,3.0
2024-10-08,organic_search,desktop,355,190,46.5,102.0,2.5,235,8,1165.92,2.25
2024-10-08,organic_search,tablet,67,32,50.9,56.0,3.7,33,1,142.08,1.49
2024-10-08,paid_search,mobile,457,305,33.1,183.0,1.9,244,15,2052.36,3.28
2024-10-08,paid_search,desktop,222,139,37.0,112.0,4.2,149,6,548.89,2.7
2024-10-08,paid_search,tablet,95,59,37.3,129.0,3.8,74,2,354.23,2.11
2024-10-08,paid_social,mobile,371,167,55.0,133.0,1.5,294,7,1300.96,1.89
2024-10-08,paid_social,desktop,218,104,52.0,103.0,2.4,156,5,1010.49,2.29
2024-10-08,paid_social,tablet,60,29,50.9,181.0,4.0,43,1,159.2,1.67
2024-10-08,direct,mobile,384,268,30.0,244.0,4.3,294,15,2873.31,3.91
2024-10-08,direct,desktop,149,109,26.6,70.0,1.9,119,4,401.1,2.68
2024-10-08,direct,tablet,48,33,29.8,116.0,2.0,24,2,193.13,4.17
2024-10-08,email,mobile,263,190,27.7,84.0,4.6,188,13,2621.0,4.94
2024-10-08,email,desktop,164,126,22.9,108.0,4.1,90,6,727.74,3.66
2024-10-08,email,tablet,36,26,26.1,254.0,4.7,25,1,115.98,2.78
2024-10-08,referral,mobile,175,100,42.7,141.0,3.5,93,2,203.11,1.14
2024-10-08,referral,desktop,68,30,54.9,83.0,3.7,50,1,218.95,1.47
2024-10-08,referral,tablet,32,16,47.1,168.0,3.3,21,0,0.0,0.0
2024-10-08,organic_social,mobile,73,30,58.0,175.0,2.8,50,0,0.0,0.0
2024-10-08,organic_social,desktop,47,17,62.5,136.0,2.3,28,0,0.0,0.0
2024-10-08,organic_social,tablet,14,6,56.8,124.0,3.6,9,0,0.0,0.0
2024-10-09,organic_search,mobile,627,375,40.1,225.0,1.3,326,16,2957.59,2.55
2024-10-09,organic_search,desktop,542,288,46.8,123.0,2.6,294,17,2385.41,3.14
2024-10-09,organic_search,tablet,115,70,38.4,111.0,1.7,91,2,397.22,1.74
2024-10-09,paid_search,mobile,427,263,38.3,212.0,3.5,256,16,1845.25,3.75
2024-10-09,paid_search,desktop,426,258,39.4,101.0,2.5,224,14,2107.86,3.29
2024-10-09,paid_search,tablet,84,54,35.5,103.0,4.1,46,1,95.44,1.19
2024-10-09,paid_social,mobile,501,224,55.1,203.0,3.6,254,10,1652.83,2.0
2024-10-09,paid_social,desktop,292,121,58.3,157.0,2.3,225,5,693.58,1.71
2024-10-09,paid_social,tablet,85,36,57.2,134.0,4.4,56,1,189.97,1.18
2024-10-09,direct,mobile,398,265,33.4,119.0,4.2,200,9,1233.41,2.26
2024-10-09,direct,desktop,287,204,28.6,95.0,2.8,161,7,1520.72,2.44
2024-10-09,direct,tablet,82,55,32.5,156.0,4.0,56,3,370.62,3.66
2024-10-09,email,mobile,310,226,27.0,204.0,3.3,194,9,932.07,2.9
2024-10-09,email,desktop,170,129,24.0,187.0,2.2,123,7,876.86,4.12
2024-10-09,email,tablet,58,43,25.6,78.0,1.7,29,2,164.03,3.45
2024-10-09,referral,mobile,218,94,56.8,191.0,3.8,135,3,287.33,1.38
2024-10-09,referral,desktop,158,77,51.1,84.0,3.1,89,3,514.33,1.9
2024-10-09,referral,tablet,35,19,43.0,102.0,1.6,25,0,0.0,0.0
2024-10-09,organic_social,mobile,130,44,65.7,108.0,3.8,84,1,109.9,0.77
2024-10-09,organic_social,desktop,106,41,61.3,62.0,3.4,55,1,190.18,0.94
2024-10-09,organic_social,tablet,21,9,54.8,67.0,4.1,11,0,0.0,0.0
2024-10-10,organic_search,mobile,559,275,50.6,83.0,2.3,340,9,968.4,1.61
2024-10-10,organic_search,desktop,333,184,44.6,208.0,2.5,221,7,1172.44,2.1
2024-10-10,organic_search,tablet,115,70,38.8,49.0,2.3,68,3,506.37,2.61
2024-10-10,paid_search,mobile,652,384,41.0,121.0,4.5,414,19,1938.53,2.91
2024-10-10,paid_search,desktop,269,180,32.7,200.0,2.5,205,7,705.4,2.6
2024-10-10,paid_search,tablet,107,67,36.8,77.0,5.2,71,3,363.97,2.8
2024-10-10,paid_social,mobile,348,167,51.9,54.0,2.2,245,4,464.58,1.15
2024-10-10,paid_social,desktop,375,178,52.5,60.0,3.4,282,6,515.1,1.6
2024-10-10,paid_social,tablet,67,31,53.7,79.0,2.3,52,1,183.43,1.49
2024-10-10,direct,mobile,343,241,29.5,100.0,4.1,195,10,1486.05,2.92
2024-10-10,direct,desktop,278,198,28.7,250.0,4.9,146,8,1418.4,2.88
2024-10-10,direct,tablet,72,49,31.8,247.0,2.8,52,2,363.38,2.78
2024-10-10,email,mobile,208,150,27.8,221.0,4.1,138,10,1529.35,4.81
2024-10-10,email,desktop,221,171,22.2,156.0,2.4,128,12,1219.45,5.43
2024-10-10,email,tablet,53,41,21.5,112.0,5.0,38,2,238.29,3.77
2024-10-10,referral,mobile,212,117,44.7,232.0,3.9,159,4,522.03,1.89
2024-10-10,referral,desktop,139,67,51.4,54.0,2.6,82,3,490.94,2.16
2024-10-10,referral,tablet,39,19,51.1,138.0,2.1,19,0,0.0,0.0
2024-10-10,organic_social,mobile,109,52,51.6,72.0,1.6,86,1,168.9,0.92
2024-10-10,organic_social,desktop,113,42,62.5,130.0,1.9,76,1,195.01,0.88
2024-10-10,organic_social,tablet,18,5,68.5,106.0,2.6,13,0,0.0,0.0
2024-10-11,organic_search,mobile,627,383,38.9,232.0,5.0,370,12,1322.16,1.91
2024-10-11,organic_search,desktop,306,167,45.2,128.0,2.0,183,9,1058.44,2.94
2024-10-11,organic_search,tablet,144,80,44.0,190.0,2.0,89,3,571.61,2.08
2024-10-11,paid_search,mobile,665,415,37.5,60.0,2.0,412,23,2825.2,3.46
2024-10-11,paid_search,desktop,319,183,42.5,177.0,3.4,233,10,1678.02,3.13
2024-10-11,paid_search,tablet,116,73,36.3,175.0,4.2,84,2,436.18,1.72
2024-10-11,paid_social,mobile,528,240,54.5,191.0,2.9,407,12,2182.46,2.27
2024-10-11,paid_social,desktop,358,146,59.1,99.0,3.7,240,4,665.78,1.12
2024-10-11,paid_social,tablet,69,30,55.5,131.0,3.1,49,1,188.7,1.45
2024-10-11,direct,mobile,454,297,34.4,83.0,4.6,334,14,2469.18,3.08
2024-10-11,direct,desktop,298,218,26.6,129.0,3.8,228,13,2755.55,4.36
2024-10-11,direct,tablet,74,51,30.9,168.0,3.0,48,2,341.79,2.7
2024-10-11,email,mobile,336,242,27.7,214.0,3.0,234,16,2207.6,4.76
2024-10-11,email,desktop,182,139,23.5,246.0,2.3,115,7,1373.75,3.85
2024-10-11,email,tablet,48,36,24.9,227.0,4.2,25,2,305.25,4.17
2024-10-11,referral,mobile,215,102,52.2,87.0,4.2,131,4,361.69,1.86
2024-10-11,referral,desktop,152,75,50.3,137.0,2.5,76,2,355.67,1.32
2024-10-11,referral,tablet,28,15,44.9,90.0,4.0,21,0,0.0,0.0
2024-10-11,organic_social,mobile,147,51,65.0,100.0,3.8,103,1,90.49,0.68
2024-10-11,organic_social,desktop,111,41,62.3,67.0,4.2,67,1,191.6,0.9
2024-10-11,organic_social,tablet,19,8,53.9,74.0,2.3,11,0,0.0,0.0
2024-10-12,organic_search,mobile,504,303,39.7,238.0,1.6,386,14,2662.27,2.78
2024-10-12,organic_search,desktop,389,222,42.7,232.0,4.7,205,7,1526.57,1.8
2024-10-12,organic_search,tablet,150,79,46.8,173.0,4.4,113,2,233.29,1.33
2024-10-12,paid_search,mobile,564,347,38.4,82.0,4.3,339,20,3777.62,3.55
2024-10-12,paid_search,desktop,325,217,33.2,233.0,3.9,259,10,930.79,3.08
2024-10-12,paid_search,tablet,84,50,40.0,66.0,3.8,51,3,365.4,3.57
2024-10-12,paid_social,mobile,427,157,63.1,49.0,1.9,251,8,1183.64,1.87
2024-10-12,paid_social,desktop,312,140,55.0,138.0,1.3,221,4,848.28,1.28
2024-10-12,paid_social,tablet,66,27,58.6,100.0,1.8,34,1,217.89,1.52
2024-10-12,direct,mobile,306,205,32.8,112.0,4.6,161,12,2599.54,3.92
2024-10-12,direct,desktop,326,241,26.0,90.0,4.3,250,13,1599.39,3.99
2024-10-12,direct,tablet,86,61,28.3,221.0,1.8,66,2,213.01,2.33
2024-10-12,email,mobile,291,216,25.7,116.0,2.8,160,14,2428.37,4.81
2024-10-12,email,desktop,171,133,22.1,238.0,4.3,131,7,725.84,4.09
2024-10-12,email,tablet,37,26,27.2,259.0,2.6,20,1,86.24,2.7
2024-10-12,referral,mobile,182,104,42.6,146.0,3.8,134,4,470.35,2.2
2024-10-12,referral,desktop,104,48,53.3,206.0,1.6,55,1,178.59,0.96
2024-10-12,referral,tablet,36,20,43.2,138.0,2.3,23,0,0.0,0.0
2024-10-12,organic_social,mobile,139,49,64.2,99.0,2.2,95,2,301.05,1.44
2024-10-12,organic_social,desktop,110,38,64.8,160.0,1.7,78,1,205.06,0.91
2024-10-12,organic_social,tablet,21,8,59.8,171.0,4.3,11,0,0.0,0.0
2024-10-13,organic_search,mobile,580,324,44.1,198.0,4.9,387,17,1543.9,2.93
2024-10-13,organic_search,desktop,322,187,41.9,201.0,1.5,188,6,697.8,1.86
2024-10-13,organic_search,tablet,126,62,50.0,150.0,3.9,95,2,377.93,1.59
2024-10-13,paid_search,mobile,393,242,38.3,74.0,2.7,205,14,2853.82,3.56
2024-10-13,paid_search,desktop,420,243,42.1,67.0,3.8,333,13,1077.85,3.1
2024-10-13,paid_search,tablet,120,70,41.4,205.0,2.6,86,3,653.79,2.5
2024-10-13,paid_social,mobile,474,200,57.6,179.0,3.4,372,10,1145.03,2.11
2024-10-13,paid_social,desktop,245,101,58.6,97.0,2.8,193,3,343.55,1.22
2024-10-13,paid_social,tablet,66,33,49.5,56.0,5.0,44,0,0.0,0.0
2024-10-13,direct,mobile,490,330,32.5,232.0,1.9,377,18,3719.11,3.67
2024-10-13,direct,desktop,266,191,27.9,151.0,4.7,135,9,1073.94,3.38
2024-10-13,direct,tablet,60,39,34.1,234.0,5.0,30,2,244.93,3.33
2024-10-13,email,mobile,252,181,28.1,118.0,4.4,137,8,1287.6,3.17
2024-10-13,email,desktop,185,145,21.3,99.0,5.0,143,6,616.22,3.24
2024-10-13,email,tablet,57,42,25.7,117.0,4.6,32,2,236.92,3.51
2024-10-13,referral,mobile,247,112,54.4,147.0,2.3,168,6,865.71,2.43
2024-10-13,referral,desktop,157,89,43.0,232.0,1.8,116,2,238.76,1.27
2024-10-13,referral,tablet,30,13,55.4,167.0,4.4,19,0,0.0,0.0
2024-10-13,organic_social,mobile,155,70,54.3,83.0,2.3,84,2,187.01,1.29
2024-10-13,organic_social,desktop,82,33,59.2,79.0,4.2,60,0,0.0,0.0
2024-10-13,organic_social,tablet,22,8,59.3,204.0,2.3,16,0,0.0,0.0
2024-10-14,organic_search,mobile,469,289,38.3,196.0,4.3,367,12,1649.47,2.56
2024-10-14,organic_search,desktop,315,173,44.8,165.0,4.5,172,7,851.0,2.22
2024-10-14,organic_search,tablet,120,63,47.5,138.0,1.6,88,3,659.52,2.5
2024-10-14,paid_search,mobile,504,331,34.2,114.0,5.1,252,11,1089.17,2.18
2024-10-14,paid_search,desktop,310,179,42.0,176.0,5.1,166,11,1006.61,3.55
2024-10-14,paid_search,tablet,53,30,42.3,230.0,4.3,32,1,170.5,1.89
2024-10-14,paid_social,mobile,356,181,49.1,93.0,4.8,179,5,711.78,1.4
2024-10-14,paid_social,desktop,248,100,59.5,111.0,4.6,148,5,850.61,2.02
2024-10-14,paid_social,tablet,77,29,62.0,170.0,3.5,47,1,212.59,1.3
2024-10-14,direct,mobile,384,284,25.9,222.0,2.2,197,12,2231.14,3.12
2024-10-14,direct,desktop,232,164,29.3,182.0,3.8,175,6,551.88,2.59
2024-10-14,direct,tablet,40,26,33.3,65.0,5.2,20,1,142.48,2.5
2024-10-14,email,mobile,217,162,24.9,151.0,5.1,171,10,1503.65,4.61
2024-10-14,email,desktop,135,101,24.7,120.0,3.8,73,6,1178.12,4.44
2024-10-14,email,tablet,40,28,27.5,145.0,4.9,28,1,125.23,2.5
2024-10-14,referral,mobile,128,68,46.1,156.0,3.8,85,2,294.37,1.56
2024-10-14,referral,desktop,98,43,55.8,145.0,2.9,57,2,201.73,2.04
2024-10-14,referral,tablet,28,13,50.2,99.0,1.4,20,0,0.0,0.0
2024-10-14,organic_social,mobile,128,49,61.6,125.0,3.2,65,1,86.5,0.78
2024-10-14,organic_social,desktop,76,33,56.0,215.0,2.0,39,1,136.41,1.32
2024-10-14,organic_social,tablet,24,10,55.4,154.0,3.5,17,0,0.0,0.0
2024-10-15,organic_search,mobile,366,184,49.5,119.0,5.1,271,9,1373.75,2.46
2024-10-15,organic_search,desktop,290,148,48.8,51.0,2.6,182,6,1210.81,2.07
2024-10-15,organic_search,tablet,107,63,40.7,62.0,2.1,77,2,362.69,1.87
2024-10-15,paid_search,mobile,505,299,40.6,206.0,1.8,310,16,1501.9,3.17
2024-10-15,paid_search,desktop,191,113,40.4,74.0,4.6,124,6,1242.39,3.14
2024-10-15,paid_search,tablet,68,41,39.6,93.0,5.0,40,2,283.28,2.94
2024-10-15,paid_social,mobile,482,195,59.4,118.0,3.1,295,9,735.62,1.87
2024-10-15,paid_social,desktop,186,87,52.8,59.0,4.1,130,2,241.46,1.08
2024-10-15,paid_social,tablet,85,39,53.0,158.0,3.3,62,1,162.27,1.18
2024-10-15,direct,mobile,224,165,26.2,175.0,4.1,159,5,602.08,2.23
2024-10-15,direct,desktop,170,116,31.4,191.0,4.3,116,4,325.59,2.35
2024-10-15,direct,tablet,48,31,33.8,247.0,2.6,31,2,304.35,4.17
2024-10-15,email,mobile,259,194,24.7,97.0,2.0,173,10,911.15,3.86
2024-10-15,email,desktop,116,90,21.8,211.0,4.9,74,4,694.76,3.45
2024-10-15,email,tablet,35,25,26.4,137.0,3.3,20,1,168.69,2.86
2024-10-15,referral,mobile,112,57,48.5,217.0,3.8,86,1,214.42,0.89
2024-10-15,referral,desktop,105,54,47.7,171.0,1.5,78,2,221.69,1.9
2024-10-15,referral,tablet,27,15,43.4,207.0,4.3,18,0,0.0,0.0
2024-10-15,organic_social,mobile,96,44,53.5,107.0,3.4,54,1,128.59,1.04
2024-10-15,organic_social,desktop,53,19,63.9,112.0,1.8,41,0,0.0,0.0
2024-10-15,organic_social,tablet,20,8,58.8,153.0,4.8,12,0,0.0,0.0
2024-10-16,organic_search,mobile,766,452,40.9,86.0,3.3,431,20,2269.35,2.61
2024-10-16,organic_search,desktop,495,243,50.9,76.0,2.8,330,11,1376.59,2.22
2024-10-16,organic_search,tablet,115,61,46.7,174.0,4.8,58,3,281.09,2.61
2024-10-16,paid_search,mobile,566,344,39.2,206.0,3.5,352,20,2680.15,3.53
2024-10-16,paid_search,desktop,396,226,42.9,97.0,1.8,261,15,3154.4,3.79
2024-10-16,paid_search,tablet,72,43,40.0,174.0,3.2,41,1,143.61,1.39
2024-10-16,paid_social,mobile,607,246,59.4,112.0,2.6,332,11,1955.75,1.81
2024-10-16,paid_social,desktop,372,174,53.0,184.0,1.7,255,7,853.94,1.88
2024-10-16,paid_social,tablet,106,44,57.6,138.0,1.5,60,2,307.28,1.89
2024-10-16,direct,mobile,467,308,34.0,186.0,5.4,344,16,2905.32,3.43
2024-10-16,direct,desktop,282,207,26.5,230.0,3.2,186,9,1035.88,3.19
2024-10-16,direct,tablet,95,63,33.0,55.0,1.9,68,3,299.73,3.16
2024-10-16,email,mobile,260,202,22.1,179.0,4.5,177,12,1286.9,4.62
2024-10-16,email,desktop,226,170,24.5,159.0,4.9,177,8,865.34,3.54
2024-10-16,email,tablet,64,47,25.2,150.0,2.0,33,2,322.83,3.12
2024-10-16,referral,mobile,185,101,45.3,161.0,1.5,127,4,746.55,2.16
2024-10-16,referral,desktop,131,66,49.1,183.0,3.1,75,2,400.22,1.53
2024-10-16,referral,tablet,34,14,56.7,178.0,1.9,22,0,0.0,0.0
2024-10-16,organic_social,mobile,162,63,61.1,93.0,4.3,121,1,124.98,0.62
2024-10-16,organic_social,desktop,104,45,56.1,79.0,3.2,64,1,85.13,0.96
2024-10-16,organic_social,tablet,19,9,51.8,47.0,2.9,11,0,0.0,0.0
2024-10-17,organic_search,mobile,719,353,50.8,60.0,1.6,513,15,3293.99,2.09
2024-10-17,organic_search,desktop,502,281,44.0,226.0,5.2,346,10,1911.6,1.99
2024-10-17,organic_search,tablet,143,72,49.4,192.0,3.8,87,4,876.3,2.8
2024-10-17,paid_search,mobile,582,335,42.3,109.0,5.1,429,16,1348.66,2.75
2024-10-17,paid_search,desktop,284,191,32.4,67.0,5.3,194,10,1610.61,3.52
2024-10-17,paid_search,tablet,109,63,42.0,157.0,5.1,58,3,474.47,2.75
2024-10-17,paid_social,mobile,571,249,56.2,45.0,2.2,316,12,2357.68,2.1
2024-10-17,paid_social,desktop,307,117,61.7,188.0,4.6,214,3,445.04,0.98
2024-10-17,paid_social,tablet,107,51,52.1,134.0,3.0,65,1,86.88,0.93
2024-10-17,direct,mobile,316,228,27.6,252.0,1.4,174,9,1909.4,2.85
2024-10-17,direct,desktop,323,239,25.8,165.0,4.6,185,14,1864.93,4.33
2024-10-17,direct,tablet,57,38,32.8,216.0,5.2,32,2,344.46,3.51
2024-10-17,email,mobile,250,192,22.9,84.0,1.8,151,7,1277.63,2.8
2024-10-17,email,desktop,128,99,22.6,219.0,5.0,97,3,608.46,2.34
2024-10-17,email,tablet,63,48,22.6,89.0,4.1,37,3,460.52,4.76
2024-10-17,referral,mobile,140,78,43.7,105.0,4.3,72,2,391.42,1.43
2024-10-17,referral,desktop,114,63,44.4,107.0,5.2,82,2,431.02,1.75
2024-10-17,referral,tablet,24,12,49.8,144.0,3.0,14,0,0.0,0.0
2024-10-17,organic_social,mobile,98,37,62.2,145.0,2.5,49,1,190.62,1.02
2024-10-17,organic_social,desktop,108,44,58.7,66.0,1.6,79,1,107.24,0.93
2024-10-17,organic_social,tablet,27,10,62.2,70.0,1.9,16,0,0.0,0.0
2024-10-18,organic_search,mobile,841,419,50.1,206.0,3.7,478,22,3787.08,2.62
2024-10-18,organic_search,desktop,491,252,48.6,118.0,3.1,266,13,1537.9,2.65
2024-10-18,organic_search,tablet,121,72,40.4,230.0,2.3,77,3,261.34,2.48
2024-10-18,paid_search,mobile,395,258,34.5,174.0,1.4,252,14,1339.13,3.54
2024-10-18,paid_search,desktop,396,226,42.9,198.0,2.5,301,12,2372.09,3.03
2024-10-18,paid_search,tablet,108,71,33.5,144.0,3.2,74,4,418.94,3.7
2024-10-18,paid_social,mobile,543,268,50.6,67.0,4.4,393,8,801.94,1.47
2024-10-18,paid_social,desktop,304,157,48.3,187.0,1.7,193,5,606.12,1.64
2024-10-18,paid_social,tablet,94,34,63.0,204.0,2.7,67,1,95.95,1.06
2024-10-18,direct,mobile,482,345,28.3,209.0,4.8,342,13,1542.49,2.7
2024-10-18,direct,desktop,253,182,27.9,230.0,2.7,151,8,1664.27,3.16
2024-10-18,direct,tablet,87,61,29.3,101.0,2.1,47,3,417.37,3.45
2024-10-18,email,mobile,194,148,23.4,69.0,2.8,127,6,696.68,3.09
2024-10-18,email,desktop,221,168,23.9,226.0,2.8,129,6,784.39,2.71
2024-10-18,email,tablet,62,47,23.5,198.0,3.9,35,3,589.71,4.84
2024-10-18,referral,mobile,219,114,47.7,100.0,3.3,140,4,378.28,1.83
2024-10-18,referral,desktop,110,55,49.6,136.0,4.0,82,2,288.61,1.82
2024-10-18,referral,tablet,35,15,56.7,162.0,1.9,26,0,0.0,0.0
2024-10-18,organic_social,mobile,128,46,63.6,157.0,4.1,101,1,87.61,0.78
2024-10-18,organic_social,desktop,83,33,60.1,74.0,1.7,65,1,117.69,1.2
2024-10-18,organic_social,tablet,21,7,64.6,189.0,2.9,14,0,0.0,0.0
2024-10-19,organic_search,mobile,573,328,42.6,143.0,1.8,432,16,2048.42,2.79
2024-10-19,organic_search,desktop,499,256,48.5,50.0,2.5,301,10,1493.22,2.0
2024-10-19,organic_search,tablet,156,75,51.7,123.0,1.3,115,4,609.39,2.56
2024-10-19,paid_search,mobile,606,365,39.7,123.0,3.0,480,22,4618.41,3.63
2024-10-19,paid_search,desktop,384,222,42.0,122.0,2.6,293,10,1243.91,2.6
2024-10-19,paid_search,tablet,100,56,43.2,73.0,2.2,69,2,170.43,2.0
2024-10-19,paid_social,mobile,400,187,53.0,58.0,3.3,283,8,779.73,2.0
2024-10-19,paid_social,desktop,392,165,57.7,101.0,4.4,291,8,913.87,2.04
2024-10-19,paid_social,tablet,98,44,55.1,71.0,1.4,71,1,119.26,1.02
2024-10-19,direct,mobile,321,228,28.7,80.0,4.2,238,14,1921.94,4.36
2024-10-19,direct,desktop,227,152,32.8,75.0,3.1,148,6,1062.21,2.64
2024-10-19,direct,tablet,85,58,31.4,184.0,1.9,54,3,317.4,3.53
2024-10-19,email,mobile,279,219,21.5,115.0,2.9,193,8,1579.98,2.87
2024-10-19,email,desktop,145,112,22.7,248.0,5.3,91,5,441.3,3.45
2024-10-19,email,tablet,41,30,24.8,68.0,4.3,23,1,135.69,2.44
2024-10-19,referral,mobile,194,111,42.7,222.0,3.3,102,3,241.37,1.55
2024-10-19,referral,desktop,110,62,43.2,136.0,2.5,80,2,194.26,1.82
2024-10-19,referral,tablet,34,15,55.2,89.0,4.1,21,0,0.0,0.0
2024-10-19,organic_social,mobile,131,43,66.6,135.0,1.4,99,1,146.89,0.76
2024-10-19,organic_social,desktop,77,28,62.8,187.0,1.5,49,1,180.77,1.3
2024-10-19,organic_social,tablet,25,9,63.4,65.0,1.5,16,0,0.0,0.0
2024-10-20,organic_search,mobile,728,355,51.2,83.0,1.8,496,20,3255.89,2.75
2024-10-20,organic_search,desktop,364,190,47.8,187.0,4.5,219,6,765.29,1.65
2024-10-20,organic_search,tablet,103,50,51.2,84.0,2.9,53,2,385.98,1.94
2024-10-20,paid_search,mobile,421,274,34.8,133.0,4.2,324,11,2415.66,2.61
2024-10-20,paid_search,desktop,296,195,33.9,182.0,3.2,220,8,1628.31,2.7
2024-10-20,paid_search,tablet,84,54,35.0,101.0,2.2,53,2,381.22,2.38
2024-10-20,paid_social,mobile,386,157,59.1,190.0,3.9,210,7,1062.29,1.81
2024-10-20,paid_social,desktop,299,143,52.1,128.0,4.4,186,6,1083.99,2.01
2024-10-20,paid_social,tablet,106,55,47.3,67.0,3.9,76,1,185.84,0.94
2024-10-20,direct,mobile,452,303,32.9,164.0,3.4,295,15,3083.78,3.32
2024-10-20,direct,desktop,327,236,27.7,71.0,5.3,176,12,1367.59,3.67
2024-10-20,direct,tablet,83,58,29.3,81.0,3.3,42,3,564.74,3.61
2024-10-20,email,mobile,263,193,26.5,63.0,1.5,133,9,1740.64,3.42
2024-10-20,email,desktop,151,113,24.8,263.0,3.6,101,4,878.18,2.65
2024-10-20,email,tablet,62,45,27.0,100.0,3.2,40,2,381.9,3.23
2024-10-20,referral,mobile,217,119,44.8,201.0,3.3,151,3,603.77,1.38
2024-10-20,referral,desktop,138,69,49.6,217.0,4.5,88,2,294.79,1.45
2024-10-20,referral,tablet,29,12,55.8,63.0,4.1,17,0,0.0,0.0
2024-10-20,organic_social,mobile,146,56,61.3,147.0,1.5,102,1,155.27,0.68
2024-10-20,organic_social,desktop,71,29,58.1,169.0,3.9,37,0,0.0,0.0
2024-10-20,organic_social,tablet,23,10,56.1,77.0,3.1,17,0,0.0,0.0
2024-10-21,organic_search,mobile,587,304,48.0,184.0,1.5,303,17,2310.2,2.9
2024-10-21,organic_search,desktop,295,174,40.9,234.0,4.7,234,7,739.54,2.37
2024-10-21,organic_search,tablet,111,54,51.1,88.0,3.7,81,2,299.41,1.8
2024-10-21,paid_search,mobile,412,265,35.7,191.0,3.2,317,13,1154.47,3.16
2024-10-21,paid_search,desktop,329,218,33.7,175.0,4.7,166,13,2805.08,3.95
2024-10-21,paid_search,tablet,96,59,37.5,202.0,3.0,58,3,401.75,3.12
2024-10-21,paid_social,mobile,470,196,58.3,199.0,4.0,245,10,1560.7,2.13
2024-10-21,paid_social,desktop,274,145,47.1,156.0,4.2,189,5,632.31,1.82
2024-10-21,paid_social,tablet,74,28,61.5,71.0,2.9,40,1,156.6,1.35
2024-10-21,direct,mobile,334,239,28.4,111.0,3.4,184,14,1793.41,4.19
2024-10-21,direct,desktop,161,108,32.5,57.0,3.2,116,5,544.44,3.11
2024-10-21,direct,tablet,51,36,27.7,139.0,2.4,34,1,214.28,1.96
2024-10-21,email,mobile,244,191,21.4,100.0,5.3,164,10,1970.84,4.1
2024-10-21,email,desktop,132,94,28.5,220.0,3.4,66,4,734.48,3.03
2024-10-21,email,tablet,38,29,22.4,166.0,4.0,20,1,183.41,2.63
2024-10-21,referral,mobile,109,48,55.3,206.0,3.0,76,1,119.8,0.92
2024-10-21,referral,desktop,76,40,46.6,223.0,3.5,40,1,169.33,1.32
2024-10-21,referral,tablet,24,12,46.2,105.0,2.4,18,0,0.0,0.0
2024-10-21,organic_social,mobile,108,47,55.7,197.0,3.8,67,1,193.54,0.93
2024-10-21,organic_social,desktop,76,24,67.9,174.0,2.5,44,0,0.0,0.0
2024-10-21,organic_social,tablet,19,8,55.9,128.0,3.0,10,0,0.0,0.0
2024-10-22,organic_search,mobile,516,266,48.3,78.0,2.6,391,10,1316.44,1.94
2024-10-22,organic_search,desktop,276,169,38.6,112.0,3.9,141,7,1127.9,2.54
2024-10-22,organic_search,tablet,84,50,40.2,143.0,1.7,44,1,133.55,1.19
2024-10-22,paid_search,mobile,455,287,36.9,190.0,1.5,296,11,1241.77,2.42
2024-10-22,paid_search,desktop,240,140,41.5,121.0,3.8,166,9,1588.39,3.75
2024-10-22,paid_search,tablet,67,38,42.3,199.0,3.3,42,2,248.04,2.99
2024-10-22,paid_social,mobile,345,167,51.6,123.0,4.1,246,7,1286.0,2.03
2024-10-22,paid_social,desktop,203,102,49.7,225.0,1.4,134,4,774.39,1.97
2024-10-22,paid_social,tablet,75,32,56.4,43.0,1.6,46,1,99.22,1.33
2024-10-22,direct,mobile,277,184,33.4,242.0,3.4,149,7,993.85,2.53
2024-10-22,direct,desktop,172,118,31.1,166.0,4.2,111,4,862.14,2.33
2024-10-22,direct,tablet,71,49,30.8,226.0,1.5,41,2,401.03,2.82
2024-10-22,email,mobile,174,136,21.3,128.0,1.8,138,8,995.2,4.6
2024-10-22,email,desktop,156,116,25.5,190.0,2.1,111,7,1321.57,4.49
2024-10-22,email,tablet,39,28,26.7,182.0,3.8,29,1,213.89,2.56
2024-10-22,referral,mobile,133,70,47.2,86.0,3.9,98,2,323.65,1.5
2024-10-22,referral,desktop,96,47,50.3,180.0,3.1,66,1,207.34,1.04
2024-10-22,referral,tablet,23,13,43.4,142.0,3.7,14,0,0.0,0.0
2024-10-22,organic_social,mobile,104,49,52.5,157.0,2.9,57,1,84.59,0.96
2024-10-22,organic_social,desktop,66,23,65.1,64.0,3.4,49,0,0.0,0.0
2024-10-22,organic_social,tablet,19,8,54.0,191.0,4.7,12,0,0.0,0.0
2024-10-23,organic_search,mobile,844,511,39.4,197.0,3.2,510,17,2115.08,2.01
2024-10-23,organic_search,desktop,347,176,49.2,89.0,1.8,191,6,763.31,1.73
2024-10-23,organic_search,tablet,124,69,44.0,214.0,1.8,65,3,545.6,2.42
2024-10-23,paid_search,mobile,490,301,38.5,156.0,4.3,297,11,1982.6,2.24
2024-10-23,paid_search,desktop,329,192,41.5,50.0,3.5,248,9,1200.59,2.74
2024-10-23,paid_search,tablet,71,43,39.3,109.0,5.3,36,2,298.3,2.82
2024-10-23,paid_social,mobile,408,157,61.4,97.0,4.2,287,6,1168.67,1.47
2024-10-23,paid_social,desktop,309,137,55.4,168.0,4.4,221,4,384.9,1.29
2024-10-23,paid_social,tablet,112,43,61.4,69.0,3.9,81,2,411.48,1.79
2024-10-23,direct,mobile,326,216,33.7,54.0,3.5,203,8,1126.76,2.45
2024-10-23,direct,desktop,281,189,32.4,71.0,3.1,209,11,1992.22,3.91
2024-10-23,direct,tablet,81,55,31.6,244.0,4.8,44,2,251.02,2.47
2024-10-23,email,mobile,282,211,24.9,188.0,5.4,215,11,1604.74,3.9
2024-10-23,email,desktop,214,157,26.5,158.0,4.9,166,6,849.99,2.8
2024-10-23,email,tablet,48,36,23.5,111.0,5.2,30,1,161.01,2.08
2024-10-23,referral,mobile,249,139,44.1,209.0,2.7,187,4,606.49,1.61
2024-10-23,referral,desktop,117,52,55.3,92.0,2.1,73,2,292.13,1.71
2024-10-23,referral,tablet,31,14,54.3,217.0,4.9,24,0,0.0,0.0
2024-10-23,organic_social,mobile,144,59,58.4,150.0,3.3,99,1,82.1,0.69
2024-10-23,organic_social,desktop,91,42,53.5,135.0,2.6,46,1,130.46,1.1
2024-10-23,organic_social,tablet,30,13,53.7,83.0,2.8,18,0,0.0,0.0
2024-10-24,organic_search,mobile,518,290,44.0,138.0,1.7,397,12,1004.68,2.32
2024-10-24,organic_search,desktop,476,290,39.0,92.0,2.3,323,14,1828.73,2.94
2024-10-24,organic_search,tablet,93,56,39.0,142.0,3.0,72,2,434.93,2.15
2024-10-24,paid_search,mobile,464,301,35.0,60.0,4.1,346,18,3070.27,3.88
2024-10-24,paid_search,desktop,302,191,36.7,179.0,1.6,212,7,1180.68,2.32
2024-10-24,paid_search,tablet,109,73,32.7,137.0,5.0,65,3,497.85,2.75
2024-10-24,paid_social,mobile,366,154,57.8,82.0,2.7,233,7,1529.28,1.91
2024-10-24,paid_social,desktop,383,177,53.6,116.0,1.8,300,8,815.78,2.09
2024-10-24,paid_social,tablet,72,33,53.7,153.0,4.9,36,0,0.0,0.0
2024-10-24,direct,mobile,332,235,28.9,197.0,2.0,225,12,1513.59,3.61
2024-10-24,direct,desktop,246,172,30.1,239.0,4.6,155,8,707.08,3.25
2024-10-24,direct,tablet,77,57,25.8,131.0,4.8,42,2,279.37,2.6
2024-10-24,email,mobile,221,165,25.2,167.0,2.6,160,10,831.42,4.52
2024-10-24,email,desktop,171,123,27.5,200.0,4.8,127,6,1174.76,3.51
2024-10-24,email,tablet,49,37,24.0,72.0,5.0,30,2,261.23,4.08
2024-10-24,referral,mobile,150,71,52.2,143.0,1.6,106,3,601.61,2.0
2024-10-24,referral,desktop,130,70,45.7,115.0,1.7,100,3,276.4,2.31
2024-10-24,referral,tablet,25,12,48.9,64.0,1.8,15,0,0.0,0.0
2024-10-24,organic_social,mobile,131,47,63.9,204.0,4.4,90,1,178.26,0.76
2024-10-24,organic_social,desktop,110,34,68.8,183.0,4.2,57,1,118.31,0.91
2024-10-24,organic_social,tablet,31,13,57.6,97.0,3.2,20,0,0.0,0.0
2024-10-25,organic_search,mobile,656,368,43.8,224.0,4.1,467,18,1447.63,2.74
2024-10-25,organic_search,desktop,417,203,51.3,188.0,4.1,242,7,634.95,1.68
2024-10-25,organic_search,tablet,132,72,45.4,231.0,5.1,104,3,490.14,2.27
2024-10-25,paid_search,mobile,566,362,35.9,111.0,3.9,388,18,3009.18,3.18
2024-10-25,paid_search,desktop,434,282,35.0,75.0,2.6,224,15,2146.6,3.46
2024-10-25,paid_search,tablet,89,59,33.1,214.0,5.0,56,3,282.73,3.37
2024-10-25,paid_social,mobile,362,157,56.6,141.0,2.6,260,5,523.66,1.38
2024-10-25,paid_social,desktop,332,131,60.4,137.0,4.5,247,4,451.55,1.2
2024-10-25,paid_social,tablet,99,43,56.2,146.0,3.1,60,1,109.91,1.01
2024-10-25,direct,mobile,508,340,33.0,96.0,2.2,397,13,2834.03,2.56
2024-10-25,direct,desktop,253,170,32.7,217.0,3.5,180,7,1415.71,2.77
2024-10-25,direct,tablet,95,66,29.6,130.0,5.3,48,3,543.58,3.16
2024-10-25,email,mobile,259,190,26.6,138.0,5.0,172,10,1162.95,3.86
2024-10-25,email,desktop,157,115,26.3,134.0,1.7,107,7,1109.24,4.46
2024-10-25,email,tablet,47,35,24.5,219.0,3.4,25,1,114.92,2.13
2024-10-25,referral,mobile,140,75,45.9,73.0,3.0,73,2,332.83,1.43
2024-10-25,referral,desktop,88,39,55.5,75.0,2.5,55,1,189.35,1.14
2024-10-25,referral,tablet,38,18,50.5,130.0,4.4,24,0,0.0,0.0
2024-10-25,organic_social,mobile,112,46,58.4,141.0,4.8,68,1,98.9,0.89
2024-10-25,organic_social,desktop,63,23,62.4,49.0,1.8,47,0,0.0,0.0
2024-10-25,organic_social,tablet,28,11,57.2,120.0,1.5,20,0,0.0,0.0
2024-10-26,organic_search,mobile,636,366,42.3,188.0,1.9,417,13,1054.03,2.04
2024-10-26,organic_search,desktop,310,165,46.7,63.0,2.3,165,7,1178.13,2.26
2024-10-26,organic_search,tablet,135,81,39.7,230.0,3.0,72,3,296.57,2.22
2024-10-26,paid_search,mobile,398,254,36.1,205.0,3.0,294,15,1502.01,3.77
2024-10-26,paid_search,desktop,428,241,43.7,60.0,2.5,296,10,1914.82,2.34
2024-10-26,paid_search,tablet,96,58,38.7,119.0,3.7,49,3,583.84,3.12
2024-10-26,paid_social,mobile,481,207,56.8,92.0,4.6,335,9,1855.91,1.87
2024-10-26,paid_social,desktop,235,110,53.0,65.0,3.3,126,4,517.39,1.7
2024-10-26,paid_social,tablet,112,43,61.0,134.0,3.4,85,1,89.48,0.89
2024-10-26,direct,mobile,305,208,31.7,75.0,4.2,183,11,1149.15,3.61
2024-10-26,direct,desktop,341,226,33.5,82.0,5.0,217,12,2038.11,3.52
2024-10-26,direct,tablet,75,49,33.4,175.0,2.0,39,1,149.21,1.33
2024-10-26,email,mobile,280,209,25.4,115.0,3.5,155,10,2035.12,3.57
2024-10-26,email,desktop,123,92,24.4,147.0,2.6,83,5,935.28,4.07
2024-10-26,email,tablet,46,35,23.0,96.0,4.2,34,2,310.27,4.35
2024-10-26,referral,mobile,222,107,51.5,171.0,3.4,154,4,755.3,1.8
2024-10-26,referral,desktop,98,56,42.8,196.0,2.8,53,2,421.88,2.04
2024-10-26,referral,tablet,32,14,53.4,162.0,3.6,24,0,0.0,0.0
2024-10-26,organic_social,mobile,169,61,63.8,78.0,2.6,126,1,211.45,0.59
2024-10-26,organic_social,desktop,72,27,62.5,199.0,4.2,42,0,0.0,0.0
2024-10-26,organic_social,tablet,18,5,68.4,139.0,1.3,10,0,0.0,0.0
2024-10-27,organic_search,mobile,742,417,43.7,209.0,4.0,474,16,2748.31,2.16
2024-10-27,organic_search,desktop,479,250,47.6,67.0,3.9,256,13,1598.83,2.71
2024-10-27,organic_search,tablet,122,71,41.4,218.0,4.0,67,2,291.77,1.64
2024-10-27,paid_search,mobile,675,418,38.0,86.0,2.8,500,17,2615.3,2.52
2024-10-27,paid_search,desktop,383,238,37.7,239.0,2.7,262,10,1195.04,2.61
2024-10-27,paid_search,tablet,99,66,32.6,183.0,4.6,71,4,369.24,4.04
2024-10-27,paid_social,mobile,586,240,59.0,197.0,2.9,378,10,2054.78,1.71
2024-10-27,paid_social,desktop,312,151,51.4,195.0,3.3,235,4,466.71,1.28
2024-10-27,paid_social,tablet,103,48,52.5,210.0,4.4,75,1,159.41,0.97
2024-10-27,direct,mobile,477,332,30.2,169.0,2.7,350,13,1559.69,2.73
2024-10-27,direct,desktop,242,177,26.5,105.0,5.4,150,9,1599.64,3.72
2024-10-27,direct,tablet,83,55,33.7,190.0,2.0,58,2,406.13,2.41
2024-10-27,email,mobile,336,244,27.2,91.0,3.6,226,16,1641.39,4.76
2024-10-27,email,desktop,221,166,24.8,64.0,1.7,148,8,853.67,3.62
2024-10-27,email,tablet,40,28,27.6,140.0,3.8,26,1,201.08,2.5
2024-10-27,referral,mobile,248,112,54.5,87.0,4.0,197,5,824.61,2.02
2024-10-27,referral,desktop,95,45,52.1,44.0,1.8,48,1,199.06,1.05
2024-10-27,referral,tablet,27,12,53.1,197.0,1.4,13,0,0.0,0.0
2024-10-27,organic_social,mobile,177,65,63.1,203.0,2.0,128,1,122.94,0.56
2024-10-27,organic_social,desktop,73,30,58.2,95.0,3.0,50,1,83.98,1.37
2024-10-27,organic_social,tablet,17,7,58.4,103.0,4.7,9,0,0.0,0.0
2024-10-28,organic_search,mobile,542,312,42.3,136.0,2.5,372,10,1205.61,1.85
2024-10-28,organic_search,desktop,416,252,39.2,48.0,1.9,267,11,881.93,2.64
2024-10-28,organic_search,tablet,68,35,48.0,169.0,2.2,45,1,149.36,1.47
2024-10-28,paid_search,mobile,353,230,34.7,211.0,2.2,214,13,1645.9,3.68
2024-10-28,paid_search,desktop,199,123,38.0,139.0,1.6,149,5,404.17,2.51
2024-10-28,paid_search,tablet,74,44,40.2,113.0,1.4,38,2,174.33,2.7
2024-10-28,paid_social,mobile,268,121,54.6,89.0,2.2,157,4,354.29,1.49
2024-10-28,paid_social,desktop,256,106,58.3,114.0,3.2,139,4,761.41,1.56
2024-10-28,paid_social,tablet,56,23,58.8,52.0,1.8,35,1,178.65,1.79
2024-10-28,direct,mobile,352,256,27.0,213.0,3.7,239,14,2209.44,3.98
2024-10-28,direct,desktop,167,113,32.0,56.0,3.9,133,7,1413.86,4.19
2024-10-28,direct,tablet,59,43,27.0,61.0,3.2,31,2,234.01,3.39
2024-10-28,email,mobile,158,118,24.7,201.0,4.9,98,7,1447.28,4.43
2024-10-28,email,desktop,116,86,25.7,108.0,2.9,73,5,797.78,4.31
2024-10-28,email,tablet,26,18,27.8,87.0,3.7,20,1,185.14,3.85
2024-10-28,referral,mobile,119,62,47.7,155.0,2.8,83,2,267.33,1.68
2024-10-28,referral,desktop,91,50,44.9,151.0,1.5,70,2,227.06,2.2
2024-10-28,referral,tablet,32,16,48.0,93.0,4.0,24,0,0.0,0.0
2024-10-28,organic_social,mobile,108,36,66.5,76.0,2.0,82,1,207.46,0.93
2024-10-28,organic_social,desktop,67,23,65.4,71.0,3.7,34,0,0.0,0.0
2024-10-28,organic_social,tablet,15,5,62.6,96.0,4.2,11,0,0.0,0.0
2024-10-29,organic_search,mobile,463,274,40.8,58.0,3.2,333,9,1224.41,1.94
2024-10-29,organic_search,desktop,334,162,51.3,128.0,4.8,176,8,654.85,2.4
2024-10-29,organic_search,tablet,78,40,47.9,122.0,4.4,51,1,187.13,1.28
2024-10-29,paid_search,mobile,309,195,36.7,171.0,4.4,188,8,1547.29,2.59
2024-10-29,paid_search,desktop,292,195,33.0,205.0,3.5,181,6,721.47,2.05
2024-10-29,paid_search,tablet,92,57,38.0,150.0,4.5,57,3,654.05,3.26
2024-10-29,paid_social,mobile,267,105,60.5,126.0,2.8,213,6,844.88,2.25
2024-10-29,paid_social,desktop,293,154,47.4,50.0,3.0,159,6,984.7,2.05
2024-10-29,paid_social,tablet,82,43,47.0,59.0,4.1,54,1,211.72,1.22
2024-10-29,direct,mobile,393,264,32.7,82.0,2.9,295,15,3143.57,3.82
2024-10-29,direct,desktop,149,98,33.9,117.0,1.9,78,5,707.53,3.36
2024-10-29,direct,tablet,53,35,33.1,114.0,2.0,42,1,143.16,1.89
2024-10-29,email,mobile,147,112,23.6,119.0,5.5,100,7,1070.15,4.76
2024-10-29,email,desktop,115,83,27.6,225.0,5.4,70,3,434.7,2.61
2024-10-29,email,tablet,29,21,25.5,178.0,2.7,19,1,173.19,3.45
2024-10-29,referral,mobile,177,91,48.1,114.0,3.1,93,2,294.67,1.13
2024-10-29,referral,desktop,82,36,54.9,167.0,2.6,47,1,215.51,1.22
2024-10-29,referral,tablet,29,15,47.0,51.0,2.1,19,0,0.0,0.0
2024-10-29,organic_social,mobile,123,56,54.1,142.0,1.3,82,1,100.18,0.81
2024-10-29,organic_social,desktop,66,31,51.8,155.0,3.3,47,0,0.0,0.0
2024-10-29,organic_social,tablet,19,6,67.6,185.0,4.5,10,0,0.0,0.0
2024-10-30,organic_search,mobile,891,518,41.9,90.0,3.6,704,15,3220.67,1.68
2024-10-30,organic_search,desktop,319,185,41.9,201.0,4.8,175,8,1494.07,2.51
2024-10-30,organic_search,tablet,115,59,47.9,101.0,2.5,88,3,369.38,2.61
2024-10-30,paid_search,mobile,685,462,32.5,248.0,5.2,471,19,2562.81,2.77
2024-10-30,paid_search,desktop,254,166,34.5,68.0,4.5,141,7,1499.85,2.76
2024-10-30,paid_search,tablet,100,58,41.0,203.0,2.5,60,3,565.81,3.0
2024-10-30,paid_social,mobile,588,309,47.4,208.0,4.4,297,10,2088.57,1.7
2024-10-30,paid_social,desktop,388,148,61.8,123.0,4.0,288,7,852.94,1.8
2024-10-30,paid_social,tablet,81,38,52.1,135.0,2.9,56,1,176.09,1.23
2024-10-30,direct,mobile,296,218,26.2,214.0,4.6,211,10,1094.39,3.38
2024-10-30,direct,desktop,326,238,26.8,215.0,3.5,187,9,1037.9,2.76
2024-10-30,direct,tablet,58,38,33.5,243.0,4.8,32,2,307.99,3.45
2024-10-30,email,mobile,276,207,24.9,147.0,4.0,216,13,1311.34,4.71
2024-10-30,email,desktop,216,161,25.3,209.0,5.0,166,9,1794.03,4.17
2024-10-30,email,tablet,59,46,21.3,199.0,2.7,35,2,272.98,3.39
2024-10-30,referral,mobile,180,77,56.8,44.0,2.1,140,3,299.08,1.67
2024-10-30,referral,desktop,155,76,50.4,55.0,2.7,107,3,574.29,1.94
2024-10-30,referral,tablet,43,20,53.4,161.0,4.4,26,0,0.0,0.0
2024-10-30,organic_social,mobile,96,44,54.0,148.0,2.8,60,1,84.64,1.04
2024-10-30,organic_social,desktop,82,39,52.2,54.0,1.6,58,0,0.0,0.0
2024-10-30,organic_social,tablet,19,8,55.7,201.0,3.0,14,0,0.0,0.0
2024-10-31,organic_search,mobile,560,343,38.7,159.0,3.2,356,14,1764.33,2.5
2024-10-31,organic_search,desktop,529,312,40.8,176.0,1.5,348,13,1797.13,2.46
2024-10-31,organic_search,tablet,123,59,51.4,135.0,4.3,80,3,305.09,2.44
2024-10-31,paid_search,mobile,502,318,36.6,192.0,3.8,291,14,1159.11,2.79
2024-10-31,paid_search,desktop,377,241,35.8,209.0,3.9,277,10,1837.61,2.65
2024-10-31,paid_search,tablet,91,60,33.1,206.0,2.8,63,3,347.51,3.3
2024-10-31,paid_social,mobile,510,202,60.2,91.0,4.4,316,11,985.18,2.16
2024-10-31,paid_social,desktop,317,159,49.8,195.0,2.0,192,5,585.23,1.58
2024-10-31,paid_social,tablet,68,29,56.5,46.0,2.8,49,1,104.24,1.47
2024-10-31,direct,mobile,530,392,26.0,84.0,2.2,411,21,2763.9,3.96
2024-10-31,direct,desktop,311,222,28.3,118.0,4.1,248,13,1231.56,4.18
2024-10-31,direct,tablet,73,49,32.8,108.0,1.8,53,3,244.04,4.11
2024-10-31,email,mobile,286,223,22.0,202.0,4.7,150,11,1671.51,3.85
2024-10-31,email,desktop,173,134,22.5,207.0,1.7,112,8,1376.59,4.62
2024-10-31,email,tablet,60,44,26.6,112.0,3.2,39,3,326.56,5.0
2024-10-31,referral,mobile,163,84,48.2,66.0,5.1,109,3,511.06,1.84
2024-10-31,referral,desktop,121,52,57.0,181.0,2.7,87,1,156.11,0.83
2024-10-31,referral,tablet,43,23,46.4,123.0,1.7,24,0,0.0,0.0
2024-10-31,organic_social,mobile,168,65,61.2,171.0,2.6,122,1,212.1,0.6
2024-10-31,organic_social,desktop,92,33,63.3,83.0,1.5,59,0,0.0,0.0
2024-10-31,organic_social,tablet,23,11,51.0,125.0,5.0,17,0,0.0,0.0
2024-11-01,organic_search,mobile,520,277,46.6,70.0,2.3,303,15,1563.2,2.88
2024-11-01,organic_search,desktop,559,286,48.8,76.0,2.7,332,10,1901.07,1.79
2024-11-01,organic_search,tablet,107,61,42.4,199.0,1.7,72,3,351.95,2.8
2024-11-01,paid_search,mobile,669,446,33.2,116.0,1.8,470,23,3487.41,3.44
2024-11-01,paid_search,desktop,309,197,36.2,115.0,4.3,243,11,2335.84,3.56
2024-11-01,paid_search,tablet,75,46,38.3,104.0,2.7,52,1,195.52,1.33
2024-11-01,paid_social,mobile,580,270,53.3,200.0,3.9,454,11,2352.79,1.9
2024-11-01,paid_social,desktop,386,159,58.8,127.0,3.1,194,8,1555.48,2.07
2024-11-01,paid_social,tablet,64,26,59.1,203.0,2.9,33,1,186.53,1.56
2024-11-01,direct,mobile,443,326,26.4,200.0,2.8,240,16,2462.14,3.61
2024-11-01,direct,desktop,220,150,31.7,116.0,4.8,175,7,1090.0,3.18
2024-11-01,direct,tablet,66,44,32.0,137.0,3.8,37,1,183.94,1.52
2024-11-01,email,mobile,333,257,22.6,115.0,3.8,252,17,1505.77,5.11
2024-11-01,email,desktop,183,141,22.9,103.0,3.8,128,9,1471.16,4.92
2024-11-01,email,tablet,55,40,26.7,178.0,1.5,39,2,390.95,3.64
2024-11-01,referral,mobile,247,130,47.1,163.0,4.9,158,5,938.07,2.02
2024-11-01,referral,desktop,124,70,43.1,231.0,2.1,71,3,350.16,2.42
2024-11-01,referral,tablet,34,16,52.4,140.0,4.9,26,0,0.0,0.0
2024-11-01,organic_social,mobile,123,45,63.2,60.0,3.2,89,1,171.48,0.81
2024-11-01,organic_social,desktop,71,30,57.3,190.0,1.9,51,0,0.0,0.0
2024-11-01,organic_social,tablet,22,8,63.4,186.0,3.5,12,0,0.0,0.0
2024-11-02,organic_search,mobile,526,258,50.9,133.0,1.8,385,10,1827.71,1.9
2024-11-02,organic_search,desktop,543,326,39.9,144.0,4.0,343,10,1989.79,1.84
2024-11-02,organic_search,tablet,118,68,42.3,183.0,3.5,89,3,307.12,2.54
2024-11-02,paid_search,mobile,688,395,42.6,115.0,3.9,490,23,2866.32,3.34
2024-11-02,paid_search,desktop,278,156,43.7,147.0,3.6,183,6,989.96,2.16
2024-11-02,paid_search,tablet,73,41,43.7,86.0,2.0,37,3,460.23,4.11
2024-11-02,paid_social,mobile,528,239,54.6,196.0,1.5,350,9,1381.77,1.7
2024-11-02,paid_social,desktop,352,131,62.8,167.0,4.9,269,7,1097.15,1.99
2024-11-02,paid_social,tablet,67,29,56.2,115.0,2.5,46,1,174.06,1.49
2024-11-02,direct,mobile,390,276,29.0,184.0,5.0,267,16,1987.07,4.1
2024-11-02,direct,desktop,261,193,25.8,221.0,4.0,167,10,2196.54,3.83
2024-11-02,direct,tablet,62,42,31.7,122.0,3.0,35,1,204.19,1.61
2024-11-02,email,mobile,271,199,26.4,181.0,2.9,160,10,1782.57,3.69
2024-11-02,email,desktop,212,166,21.3,207.0,3.5,111,10,1384.16,4.72
2024-11-02,email,tablet,64,49,21.9,255.0,2.6,42,2,277.69,3.12
2024-11-02,referral,mobile,194,101,47.5,152.0,2.1,150,4,600.82,2.06
2024-11-02,referral,desktop,93,43,52.9,49.0,2.5,68,2,183.53,2.15
2024-11-02,referral,tablet,39,17,54.8,107.0,4.3,23,0,0.0,0.0
2024-11-02,organic_social,mobile,114,48,57.1,105.0,1.8,74,1,98.08,0.88
2024-11-02,organic_social,desktop,63,25,58.8,66.0,2.4,46,0,0.0,0.0
2024-11-02,organic_social,tablet,22,9,57.9,124.0,1.5,12,0,0.0,0.0
2024-11-03,organic_search,mobile,567,314,44.5,118.0,2.5,338,16,2074.1,2.82
2024-11-03,organic_search,desktop,412,204,50.4,204.0,2.9,286,7,1172.09,1.7
2024-11-03,organic_search,tablet,131,74,42.8,58.0,4.3,86,2,221.49,1.53
2024-11-03,paid_search,mobile,644,414,35.6,73.0,3.5,504,24,2958.93,3.73
2024-11-03,paid_search,desktop,332,205,38.2,90.0,3.0,215,10,1440.41,3.01
2024-11-03,paid_search,tablet,114,75,33.9,126.0,3.6,81,3,518.12,2.63
2024-11-03,paid_social,mobile,484,231,52.3,83.0,4.6,321,10,2184.34,2.07
2024-11-03,paid_social,desktop,305,117,61.5,101.0,4.3,197,6,709.03,1.97
2024-11-03,paid_social,tablet,78,29,62.6,112.0,2.9,41,1,165.45,1.28
2024-11-03,direct,mobile,352,256,27.0,217.0,4.3,189,14,2487.58,3.98
2024-11-03,direct,desktop,337,245,27.2,81.0,2.1,257,10,1789.63,2.97
2024-11-03,direct,tablet,67,45,31.5,93.0,1.9,48,2,432.5,2.99
2024-11-03,email,mobile,223,165,25.6,188.0,4.9,129,9,1425.5,4.04
2024-11-03,email,desktop,180,137,23.8,180.0,5.5,131,6,497.15,3.33
2024-11-03,email,tablet,42,30,26.6,230.0,2.8,21,1,185.51,2.38
2024-11-03,referral,mobile,169,91,45.6,53.0,3.4,128,3,361.83,1.78
2024-11-03,referral,desktop,118,61,48.1,106.0,5.1,60,1,134.23,0.85
2024-11-03,referral,tablet,29,16,43.5,196.0,4.0,22,0,0.0,0.0
2024-11-03,organic_social,mobile,98,44,54.7,165.0,3.4,66,1,161.93,1.02
2024-11-03,organic_social,desktop,110,35,67.6,121.0,2.5,56,0,0.0,0.0
2024-11-03,organic_social,tablet,24,7,68.6,70.0,3.3,14,0,0.0,0.0
2024-11-04,organic_search,mobile,468,233,50.0,160.0,3.4,244,15,2012.0,3.21
2024-11-04,organic_search,desktop,237,121,48.7,224.0,1.6,137,5,615.3,2.11
2024-11-04,organic_search,tablet,113,63,43.9,219.0,1.8,63,2,173.55,1.77
2024-11-04,paid_search,mobile,327,202,38.0,76.0,3.0,259,12,1408.43,3.67
2024-11-04,paid_search,desktop,185,114,38.0,194.0,1.6,118,6,1157.65,3.24
2024-11-04,paid_search,tablet,56,33,39.4,107.0,5.0,39,1,86.78,1.79
2024-11-04,paid_social,mobile,260,126,51.4,167.0,4.2,192,3,363.61,1.15
2024-11-04,paid_social,desktop,294,138,52.8,139.0,4.9,230,6,1091.24,2.04
2024-11-04,paid_social,tablet,83,41,50.1,117.0,4.3,58,1,206.14,1.2
2024-11-04,direct,mobile,358,265,25.7,155.0,4.3,260,12,2399.92,3.35
2024-11-04,direct,desktop,152,111,26.9,123.0,5.2,102,6,525.84,3.95
2024-11-04,direct,tablet,70,50,28.3,74.0,5.5,38,2,240.29,2.86
2024-11-04,email,mobile,167,120,27.6,67.0,1.8,105,8,1735.17,4.79
2024-11-04,email,desktop,138,108,21.5,197.0,1.8,107,4,713.87,2.9
2024-11-04,email,tablet,31,22,27.9,137.0,2.5,23,1,148.61,3.23
2024-11-04,referral,mobile,118,56,51.8,219.0,4.5,59,2,229.69,1.69
2024-11-04,referral,desktop,87,45,47.9,228.0,2.1,49,2,234.06,2.3
2024-11-04,referral,tablet,28,15,44.9,230.0,4.7,21,0,0.0,0.0
2024-11-04,organic_social,mobile,97,38,60.2,48.0,2.6,76,1,218.24,1.03
2024-11-04,organic_social,desktop,60,25,58.2,93.0,4.8,35,0,0.0,0.0
2024-11-04,organic_social,tablet,22,9,56.0,121.0,2.7,13,0,0.0,0.0
2024-11-05,organic_search,mobile,550,320,41.8,54.0,3.8,410,11,1624.5,2.0
2024-11-05,organic_search,desktop,372,206,44.6,217.0,3.5,221,9,752.99,2.42
2024-11-05,organic_search,tablet,82,43,47.2,121.0,3.9,48,2,212.6,2.44
2024-11-05,paid_search,mobile,414,268,35.2,194.0,2.2,300,9,1209.19,2.17
2024-11-05,paid_search,desktop,289,178,38.1,158.0,3.6,168,11,2240.46,3.81
2024-11-05,paid_search,tablet,93,53,42.5,180.0,2.3,51,3,293.71,3.23
2024-11-05,paid_social,mobile,428,160,62.6,77.0,4.7,303,5,514.78,1.17
2024-11-05,paid_social,desktop,261,117,55.1,70.0,4.2,167,4,482.5,1.53
2024-11-05,paid_social,tablet,57,24,57.2,75.0,4.1,33,0,0.0,0.0
2024-11-05,direct,mobile,298,201,32.3,65.0,5.1,149,11,1495.54,3.69
2024-11-05,direct,desktop,224,147,34.0,100.0,2.6,142,6,543.37,2.68
2024-11-05,direct,tablet,57,38,32.0,201.0,1.9,34,2,290.14,3.51
2024-11-05,email,mobile,158,116,26.4,120.0,2.4,91,8,1635.75,5.06
2024-11-05,email,desktop,114,89,21.9,55.0,1.6,80,3,330.08,2.63
2024-11-05,email,tablet,40,28,28.3,65.0,2.0,28,1,142.21,2.5
2024-11-05,referral,mobile,121,55,54.1,165.0,3.9,80,2,369.23,1.65
2024-11-05,referral,desktop,101,50,50.4,118.0,1.3,77,1,110.47,0.99
2024-11-05,referral,tablet,22,12,43.3,122.0,2.3,14,0,0.0,0.0
2024-11-05,organic_social,mobile,107,37,64.7,41.0,1.2,84,1,178.87,0.93
2024-11-05,organic_social,desktop,56,24,56.1,123.0,1.7,29,0,0.0,0.0
2024-11-05,organic_social,tablet,21,9,53.2,207.0,4.6,15,0,0.0,0.0
2024-11-06,organic_search,mobile,629,309,50.8,61.0,1.4,395,17,3469.84,2.7
2024-11-06,organic_search,desktop,523,294,43.8,54.0,4.3,359,16,1805.89,3.06
2024-11-06,organic_search,tablet,120,60,49.7,196.0,2.6,82,3,376.3,2.5
2024-11-06,paid_search,mobile,448,289,35.3,75.0,3.3,292,13,1612.56,2.9
2024-11-06,paid_search,desktop,278,182,34.3,121.0,1.9,215,6,505.49,2.16
2024-11-06,paid_search,tablet,81,54,33.1,62.0,4.4,54,2,213.89,2.47
2024-11-06,paid_social,mobile,363,165,54.5,107.0,4.4,261,4,518.42,1.1
2024-11-06,paid_social,desktop,390,198,49.1,195.0,2.7,203,7,579.79,1.79
2024-11-06,paid_social,tablet,80,38,51.5,144.0,4.3,57,1,97.73,1.25
2024-11-06,direct,mobile,520,387,25.5,59.0,4.8,367,16,2107.87,3.08
2024-11-06,direct,desktop,266,188,29.1,120.0,5.3,138,11,1287.28,4.14
2024-11-06,direct,tablet,87,59,32.0,246.0,1.5,52,3,278.04,3.45
2024-11-06,email,mobile,206,161,21.6,162.0,1.9,135,11,1988.29,5.34
2024-11-06,email,desktop,156,119,23.3,147.0,3.5,108,7,1335.11,4.49
2024-11-06,email,tablet,38,27,27.5,91.0,3.4,20,1,155.75,2.63
2024-11-06,referral,mobile,222,117,47.2,123.0,4.3,153,3,636.92,1.35
2024-11-06,referral,desktop,108,60,44.4,78.0,2.3,78,2,373.5,1.85
2024-11-06,referral,tablet,45,20,55.2,93.0,1.3,26,0,0.0,0.0
2024-11-06,organic_social,mobile,176,58,66.9,53.0,4.0,107,1,150.27,0.57
2024-11-06,organic_social,desktop,109,52,52.0,92.0,3.2,70,1,135.91,0.92
2024-11-06,organic_social,tablet,22,8,62.7,139.0,3.8,11,0,0.0,0.0
2024-11-07,organic_search,mobile,753,383,49.1,172.0,4.3,466,22,1888.27,2.92
2024-11-07,organic_search,desktop,448,260,41.8,76.0,2.8,264,9,1352.04,2.01
2024-11-07,organic_search,tablet,105,57,44.8,169.0,2.3,56,3,341.75,2.86
2024-11-07,paid_search,mobile,696,420,39.5,82.0,4.8,399,16,2697.12,2.3
2024-11-07,paid_search,desktop,414,270,34.6,108.0,1.7,275,13,2700.44,3.14
2024-11-07,paid_search,tablet,80,47,40.6,183.0,2.3,62,2,256.99,2.5
2024-11-07,paid_social,mobile,449,182,59.3,48.0,2.3,237,6,1080.45,1.34
2024-11-07,paid_social,desktop,305,140,53.9,87.0,4.2,193,5,1086.82,1.64
2024-11-07,paid_social,tablet,81,40,50.1,191.0,5.0,46,1,126.71,1.23
2024-11-07,direct,mobile,320,229,28.3,251.0,4.6,252,10,1221.35,3.12
2024-11-07,direct,desktop,242,173,28.2,204.0,5.0,154,7,1072.38,2.89
2024-11-07,direct,tablet,65,46,28.4,152.0,2.2,49,2,318.92,3.08
2024-11-07,email,mobile,321,249,22.3,150.0,3.1,229,12,1870.78,3.74
2024-11-07,email,desktop,128,96,24.8,150.0,2.1,73,4,367.39,3.12
2024-11-07,email,tablet,50,35,28.6,130.0,3.0,27,2,238.29,4.0
2024-11-07,referral,mobile,153,84,44.7,157.0,5.1,82,3,523.16,1.96
2024-11-07,referral,desktop,158,79,49.5,130.0,2.6,89,2,424.12,1.27
2024-11-07,referral,tablet,30,12,57.2,99.0,2.1,16,0,0.0,0.0
2024-11-07,organic_social,mobile,130,58,55.3,189.0,4.4,76,1,113.57,0.77
2024-11-07,organic_social,desktop,100,33,66.4,111.0,4.0,58,1,131.29,1.0
2024-11-07,organic_social,tablet,22,10,53.9,100.0,2.7,12,0,0.0,0.0
2024-11-08,organic_search,mobile,523,286,45.3,90.0,2.4,396,15,1904.85,2.87
2024-11-08,organic_search,desktop,444,266,40.0,60.0,2.3,244,12,1219.34,2.7
2024-11-08,organic_search,tablet,132,72,44.8,125.0,3.3,83,3,454.86,2.27
2024-11-08,paid_search,mobile,397,237,40.1,129.0,1.5,304,16,2225.36,4.03
2024-11-08,paid_search,desktop,440,257,41.6,52.0,3.1,286,10,2060.31,2.27
2024-11-08,paid_search,tablet,120,70,40.9,139.0,4.4,62,4,806.02,3.33
2024-11-08,paid_social,mobile,478,252,47.2,61.0,3.3,285,10,2141.78,2.09
2024-11-08,paid_social,desktop,285,130,54.2,145.0,1.3,193,3,315.92,1.05
2024-11-08,paid_social,tablet,80,31,60.5,61.0,2.2,63,1,179.13,1.25
2024-11-08,direct,mobile,396,282,28.7,161.0,2.2,241,16,1354.09,4.04
2024-11-08,direct,desktop,215,159,25.8,251.0,4.0,132,7,1333.42,3.26
2024-11-08,direct,tablet,87,60,30.0,213.0,3.4,68,2,210.15,2.3
2024-11-08,email,mobile,324,244,24.4,70.0,3.5,246,15,2152.12,4.63
2024-11-08,email,desktop,212,157,25.6,118.0,5.5,152,8,651.31,3.77
2024-11-08,email,tablet,56,40,27.0,146.0,3.2,42,2,324.04,3.57
2024-11-08,referral,mobile,180,80,55.1,50.0,1.8,106,4,751.7,2.22
2024-11-08,referral,desktop,148,65,55.6,191.0,2.2,117,2,250.92,1.35
2024-11-08,referral,tablet,34,14,56.6,105.0,4.5,20,0,0.0,0.0
2024-11-08,organic_social,mobile,151,61,59.5,114.0,1.7,101,2,204.62,1.32
2024-11-08,organic_social,desktop,82,39,52.1,132.0,2.8,53,1,132.57,1.22
2024-11-08,organic_social,tablet,17,5,65.7,51.0,3.1,13,0,0.0,0.0
2024-11-09,organic_search,mobile,645,381,40.9,93.0,5.2,370,12,2403.27,1.86
2024-11-09,organic_search,desktop,432,240,44.4,172.0,4.2,283,7,1081.2,1.62
2024-11-09,organic_search,tablet,148,76,48.4,71.0,1.8,105,3,408.67,2.03
2024-11-09,paid_search,mobile,560,340,39.2,126.0,3.7,296,20,2376.26,3.57
2024-11-09,paid_search,desktop,419,267,36.2,143.0,2.2,236,14,3071.31,3.34
2024-11-09,paid_search,tablet,73,43,41.0,184.0,2.5,49,2,208.36,2.74
2024-11-09,paid_social,mobile,470,224,52.3,199.0,1.5,239,8,991.45,1.7
2024-11-09,paid_social,desktop,297,149,49.6,92.0,2.7,168,6,776.88,2.02
2024-11-09,paid_social,tablet,79,34,56.1,99.0,4.2,40,1,131.92,1.27
2024-11-09,direct,mobile,363,255,29.6,140.0,3.7,237,13,1324.03,3.58
2024-11-09,direct,desktop,274,187,31.5,62.0,4.9,192,8,711.27,2.92
2024-11-09,direct,tablet,86,56,33.9,181.0,2.4,67,3,530.77,3.49
2024-11-09,email,mobile,281,216,22.9,106.0,1.6,176,9,1747.24,3.2
2024-11-09,email,desktop,208,157,24.4,233.0,3.8,147,10,1958.1,4.81
2024-11-09,email,tablet,42,32,22.0,153.0,1.8,22,1,81.48,2.38
2024-11-09,referral,mobile,235,112,52.1,118.0,2.4,148,5,683.13,2.13
2024-11-09,referral,desktop,128,70,45.3,118.0,4.5,95,2,298.53,1.56
2024-11-09,referral,tablet,31,15,49.3,84.0,2.4,16,0,0.0,0.0
2024-11-09,organic_social,mobile,152,65,56.7,187.0,2.5,86,1,187.54,0.66
2024-11-09,organic_social,desktop,105,44,57.9,198.0,3.0,57,1,100.97,0.95
2024-11-09,organic_social,tablet,25,8,66.7,132.0,4.2,13,0,0.0,0.0
2024-11-10,organic_search,mobile,498,303,39.0,131.0,4.1,355,10,810.22,2.01
2024-11-10,organic_search,desktop,473,273,42.2,210.0,3.2,262,13,2089.21,2.75
2024-11-10,organic_search,tablet,135,80,40.3,193.0,4.0,71,4,713.84,2.96
2024-11-10,paid_search,mobile,538,324,39.7,206.0,2.4,301,14,2451.82,2.6
2024-11-10,paid_search,desktop,430,290,32.4,186.0,5.4,262,11,1506.36,2.56
2024-11-10,paid_search,tablet,126,80,36.5,139.0,4.8,75,4,412.61,3.17
2024-11-10,paid_social,mobile,377,168,55.4,201.0,3.5,227,6,672.81,1.59
2024-11-10,paid_social,desktop,408,207,49.0,89.0,3.2,285,8,898.3,1.96
2024-11-10,paid_social,tablet,100,52,47.1,209.0,3.9,57,1,172.48,1.0
2024-11-10,direct,mobile,414,284,31.3,146.0,2.7,284,11,1719.16,2.66
2024-11-10,direct,desktop,283,186,34.2,81.0,3.6,144,9,1389.4,3.18
2024-11-10,direct,tablet,59,43,27.0,218.0,3.3,37,2,318.84,3.39
2024-11-10,email,mobile,219,160,26.8,91.0,4.6,153,6,836.91,2.74
2024-11-10,email,desktop,196,152,22.4,54.0,2.7,103,9,1590.53,4.59
2024-11-10,email,tablet,55,42,22.8,156.0,1.5,41,1,90.97,1.82
2024-11-10,referral,mobile,137,77,43.4,215.0,1.6,80,2,416.74,1.46
2024-11-10,referral,desktop,124,70,42.9,158.0,4.9,72,2,285.37,1.61
2024-11-10,referral,tablet,37,18,48.9,218.0,4.6,25,0,0.0,0.0
2024-11-10,organic_social,mobile,134,55,58.6,142.0,3.1,93,1,110.55,0.75
2024-11-10,organic_social,desktop,71,25,63.5,115.0,3.7,54,0,0.0,0.0
2024-11-10,organic_social,tablet,19,9,51.2,182.0,3.6,10,0,0.0,0.0
2024-11-11,organic_search,mobile,489,254,47.9,228.0,1.8,301,15,2001.83,3.07
2024-11-11,organic_search,desktop,402,212,47.0,139.0,2.2,284,11,2278.01,2.74
2024-11-11,organic_search,tablet,97,49,48.7,209.0,4.2,70,2,387.11,2.06
2024-11-11,paid_search,mobile,434,270,37.7,212.0,3.3,289,17,2895.37,3.92
2024-11-11,paid_search,desktop,288,171,40.6,94.0,3.0,162,8,1039.07,2.78
2024-11-11,paid_search,tablet,71,40,42.3,75.0,3.0,48,2,321.59,2.82
2024-11-11,paid_social,mobile,342,170,50.1,84.0,2.2,260,5,731.75,1.46
2024-11-11,paid_social,desktop,275,143,47.7,57.0,3.9,169,4,617.88,1.45
2024-11-11,paid_social,tablet,63,30,51.1,186.0,4.8,44,1,200.64,1.59
2024-11-11,direct,mobile,323,233,27.8,66.0,3.2,175,12,2482.35,3.72
2024-11-11,direct,desktop,233,160,31.0,234.0,1.6,136,10,888.34,4.29
2024-11-11,direct,tablet,44,32,26.8,215.0,5.1,29,1,147.23,2.27
2024-11-11,email,mobile,163,127,21.8,186.0,3.9,83,6,1122.92,3.68
2024-11-11,email,desktop,124,92,25.4,94.0,5.3,80,5,403.37,4.03
2024-11-11,email,tablet,42,32,23.6,116.0,3.1,26,1,129.91,2.38
2024-11-11,referral,mobile,129,69,46.4,83.0,4.2,92,2,266.61,1.55
2024-11-11,referral,desktop,113,55,50.8,95.0,3.8,62,1,200.92,0.88
2024-11-11,referral,tablet,28,12,55.1,216.0,1.3,16,0,0.0,0.0
2024-11-11,organic_social,mobile,129,48,62.6,94.0,1.5,75,1,169.28,0.78
2024-11-11,organic_social,desktop,59,23,59.6,75.0,1.9,35,0,0.0,0.0
2024-11-11,organic_social,tablet,18,7,57.2,73.0,4.5,10,0,0.0,0.0
2024-11-12,organic_search,mobile,659,319,51.6,186.0,4.6,469,18,2705.04,2.73
2024-11-12,organic_search,desktop,249,153,38.3,84.0,3.4,163,5,531.97,2.01
2024-11-12,organic_search,tablet,106,62,41.0,140.0,3.9,65,2,346.51,1.89
2024-11-12,paid_search,mobile,474,284,40.1,213.0,2.8,256,16,1341.76,3.38
2024-11-12,paid_search,desktop,302,187,37.8,133.0,4.3,219,6,1136.77,1.99
2024-11-12,paid_search,tablet,56,33,39.3,65.0,3.7,41,1,156.5,1.79
2024-11-12,paid_social,mobile,479,229,52.0,48.0,2.8,370,6,787.36,1.25
2024-11-12,paid_social,desktop,192,87,54.6,101.0,4.7,113,3,315.56,1.56
2024-11-12,paid_social,tablet,72,36,49.0,87.0,1.8,37,1,119.08,1.39
2024-11-12,direct,mobile,396,280,29.2,93.0,4.9,282,16,3341.0,4.04
2024-11-12,direct,desktop,206,138,32.8,76.0,5.0,109,5,584.52,2.43
2024-11-12,direct,tablet,72,52,26.5,246.0,2.7,43,2,344.94,2.78
2024-11-12,email,mobile,249,177,28.6,102.0,4.4,182,7,1182.61,2.81
2024-11-12,email,desktop,151,113,24.5,219.0,5.2,96,5,809.34,3.31
2024-11-12,email,tablet,31,24,22.1,197.0,2.1,15,1,154.94,3.23
2024-11-12,referral,mobile,184,83,54.7,206.0,2.0,136,3,432.0,1.63
2024-11-12,referral,desktop,65,28,55.6,166.0,1.5,36,1,146.86,1.54
2024-11-12,referral,tablet,24,11,51.8,91.0,3.7,18,0,0.0,0.0
2024-11-12,organic_social,mobile,82,37,54.4,169.0,2.3,54,1,143.5,1.22
2024-11-12,organic_social,desktop,61,26,56.1,100.0,3.6,33,0,0.0,0.0
2024-11-12,organic_social,tablet,22,9,56.1,116.0,3.7,16,0,0.0,0.0
2024-11-13,organic_search,mobile,840,454,45.9,71.0,4.7,598,19,3963.27,2.26
2024-11-13,organic_search,desktop,501,287,42.6,195.0,4.2,347,9,1278.38,1.8
2024-11-13,organic_search,tablet,178,86,51.4,127.0,4.5,113,4,427.82,2.25
2024-11-13,paid_search,mobile,545,322,40.8,153.0,5.1,320,19,4096.74,3.49
2024-11-13,paid_search,desktop,469,298,36.3,172.0,4.3,369,17,3563.85,3.62
2024-11-13,paid_search,tablet,101,62,38.1,218.0,3.8,72,4,696.78,3.96
2024-11-13,paid_social,mobile,385,183,52.4,109.0,4.9,256,8,1092.49,2.08
2024-11-13,paid_social,desktop,282,128,54.5,169.0,3.2,177,5,1092.11,1.77
2024-11-13,paid_social,tablet,123,52,57.4,90.0,4.8,87,2,290.1,1.63
2024-11-13,direct,mobile,424,308,27.1,149.0,3.1,320,11,1615.72,2.59
2024-11-13,direct,desktop,371,264,28.7,144.0,2.3,205,11,2065.97,2.96
2024-11-13,direct,tablet,71,52,25.5,70.0,2.1,42,3,420.7,4.23
2024-11-13,email,mobile,311,228,26.5,210.0,4.8,185,11,2354.73,3.54
2024-11-13,email,desktop,178,132,25.3,261.0,4.9,101,7,814.69,3.93
2024-11-13,email,tablet,67,49,25.7,58.0,1.7,37,1,128.46,1.49
2024-11-13,referral,mobile,209,108,48.2,101.0,2.9,115,3,405.71,1.44
2024-11-13,referral,desktop,143,81,43.2,126.0,3.0,74,2,410.57,1.4
2024-11-13,referral,tablet,40,17,56.5,144.0,1.6,31,0,0.0,0.0
2024-11-13,organic_social,mobile,148,69,53.1,105.0,3.9,89,1,132.34,0.68
2024-11-13,organic_social,desktop,86,37,56.8,45.0,2.6,50,1,123.17,1.16
2024-11-13,organic_social,tablet,34,13,59.6,84.0,4.1,23,0,0.0,0.0
2024-11-14,organic_search,mobile,739,415,43.7,117.0,2.7,430,22,3223.25,2.98
2024-11-14,organic_search,desktop,454,272,39.9,135.0,2.0,241,8,1246.44,1.76
2024-11-14,organic_search,tablet,108,62,42.5,190.0,2.1,58,2,214.14,1.85
2024-11-14,paid_search,mobile,784,490,37.4,94.0,5.0,419,20,4104.76,2.55
2024-11-14,paid_search,desktop,463,303,34.4,87.0,4.8,285,18,2887.09,3.89
2024-11-14,paid_search,tablet,125,75,39.6,229.0,3.5,65,4,512.48,3.2
2024-11-14,paid_social,mobile,402,165,58.9,89.0,2.1,269,8,1418.71,1.99
2024-11-14,paid_social,desktop,283,132,53.0,110.0,2.6,180,5,599.44,1.77
2024-11-14,paid_social,tablet,109,43,59.7,193.0,3.4,84,2,167.33,1.83
2024-11-14,direct,mobile,580,407,29.7,104.0,1.7,368,25,3278.85,4.31
2024-11-14,direct,desktop,321,210,34.3,228.0,3.5,176,11,2011.09,3.43
2024-11-14,direct,tablet,99,68,30.7,63.0,2.1,58,4,688.75,4.04
2024-11-14,email,mobile,263,190,27.5,132.0,3.7,151,11,1008.4,4.18
2024-11-14,email,desktop,139,105,24.1,245.0,3.5,89,5,1033.34,3.6
2024-11-14,email,tablet,59,45,23.2,70.0,2.1,40,2,160.72,3.39
2024-11-14,referral,mobile,175,97,44.4,58.0,4.3,119,3,513.74,1.71
2024-11-14,referral,desktop,126,53,57.2,70.0,2.5,68,1,156.28,0.79
2024-11-14,referral,tablet,42,21,48.5,212.0,2.2,25,1,171.54,2.38
2024-11-14,organic_social,mobile,138,46,66.1,47.0,4.4,87,1,212.54,0.72
2024-11-14,organic_social,desktop,97,30,69.0,131.0,4.6,68,1,206.56,1.03
2024-11-14,organic_social,tablet,32,11,64.0,159.0,2.8,22,0,0.0,0.0
2024-11-15,organic_search,mobile,654,347,46.8,170.0,3.6,388,16,3292.72,2.45
2024-11-15,organic_search,desktop,586,357,39.0,85.0,4.9,350,18,3085.5,3.07
2024-11-15,organic_search,tablet,110,63,42.6,220.0,2.5,57,3,556.16,2.73
2024-11-15,paid_search,mobile,627,389,37.8,126.0,1.3,401,22,3431.44,3.51
2024-11-15,paid_search,desktop,297,169,42.8,77.0,1.9,198,11,2117.62,3.7
2024-11-15,paid_search,tablet,125,71,42.6,235.0,1.9,94,4,406.98,3.2
2024-11-15,paid_social,mobile,572,240,57.9,151.0,4.4,312,10,2017.55,1.75
2024-11-15,paid_social,desktop,422,155,63.1,77.0,4.2,232,8,1733.52,1.9
2024-11-15,paid_social,tablet,99,41,57.7,97.0,4.9,49,1,173.92,1.01
2024-11-15,direct,mobile,486,324,33.3,165.0,3.2,308,21,3797.4,4.32
2024-11-15,direct,desktop,275,187,31.8,200.0,3.5,145,10,1520.67,3.64
2024-11-15,direct,tablet,99,65,33.3,152.0,1.9,61,2,380.2,2.02
2024-11-15,email,mobile,225,163,27.1,95.0,2.3,157,7,721.1,3.11
2024-11-15,email,desktop,208,161,22.2,151.0,1.9,148,9,1159.81,4.33
2024-11-15,email,tablet,50,37,26.0,199.0,3.7,31,2,173.68,4.0
2024-11-15,referral,mobile,173,83,51.9,54.0,4.2,91,2,280.17,1.16
2024-11-15,referral,desktop,166,73,55.5,212.0,4.6,88,4,828.73,2.41
2024-11-15,referral,tablet,37,20,43.6,220.0,5.1,21,0,0.0,0.0
2024-11-15,organic_social,mobile,158,64,59.4,196.0,4.5,84,1,154.44,0.63
2024-11-15,organic_social,desktop,87,30,64.5,202.0,2.4,56,1,168.37,1.15
2024-11-15,organic_social,tablet,35,12,63.5,81.0,2.6,22,0,0.0,0.0
2024-11-16,organic_search,mobile,754,373,50.4,71.0,4.1,596,14,1606.77,1.86
2024-11-16,organic_search,desktop,595,309,48.0,203.0,3.8,334,10,1285.84,1.68
2024-11-16,organic_search,tablet,134,81,39.4,56.0,3.8,76,3,618.43,2.24
2024-11-16,paid_search,mobile,783,524,33.0,227.0,1.8,492,26,3013.19,3.32
2024-11-16,paid_search,desktop,312,182,41.4,186.0,4.5,199,9,955.26,2.88
2024-11-16,paid_search,tablet,102,61,39.5,101.0,5.1,57,3,517.51,2.94
2024-11-16,paid_social,mobile,503,244,51.4,189.0,1.3,355,11,2155.69,2.19
2024-11-16,paid_social,desktop,290,108,62.7,100.0,3.2,210,5,795.29,1.72
2024-11-16,paid_social,tablet,102,43,57.3,197.0,1.4,54,1,180.3,0.98
2024-11-16,direct,mobile,504,358,28.9,169.0,2.8,328,15,1575.05,2.98
2024-11-16,direct,desktop,368,249,32.3,116.0,1.8,290,15,1460.82,4.08
2024-11-16,direct,tablet,91,67,25.7,165.0,2.1,47,3,350.68,3.3
2024-11-16,email,mobile,270,206,23.5,115.0,3.8,140,12,1757.24,4.44
2024-11-16,email,desktop,211,163,22.4,153.0,5.4,126,7,836.48,3.32
2024-11-16,email,tablet,47,36,22.5,83.0,5.0,24,1,105.49,2.13
2024-11-16,referral,mobile,238,129,45.5,177.0,2.6,124,3,573.96,1.26
2024-11-16,referral,desktop,123,67,45.2,225.0,2.7,82,3,462.44,2.44
2024-11-16,referral,tablet,31,14,54.6,112.0,3.4,21,0,0.0,0.0
2024-11-16,organic_social,mobile,170,77,54.7,93.0,3.1,133,2,279.54,1.18
2024-11-16,organic_social,desktop,122,53,56.0,86.0,3.5,92,1,202.75,0.82
2024-11-16,organic_social,tablet,27,11,57.7,70.0,4.3,13,0,0.0,0.0
2024-11-17,organic_search,mobile,894,516,42.2,193.0,4.8,662,22,3434.03,2.46
2024-11-17,organic_search,desktop,502,286,42.9,93.0,2.7,299,12,1010.44,2.39
2024-11-17,organic_search,tablet,104,63,38.9,104.0,3.2,58,2,180.94,1.92
2024-11-17,paid_search,mobile,452,283,37.2,74.0,3.8,269,14,2914.6,3.1
2024-11-17,paid_search,desktop,298,188,36.8,199.0,4.7,162,9,1178.09,3.02
2024-11-17,paid_search,tablet,88,55,37.1,244.0,2.1,64,2,389.48,2.27
2024-11-17,paid_social,mobile,579,246,57.4,136.0,3.5,456,8,748.86,1.38
2024-11-17,paid_social,desktop,382,175,54.1,72.0,3.6,221,8,1058.03,2.09
2024-11-17,paid_social,tablet,124,57,53.8,158.0,2.6,75,1,99.83,0.81
2024-11-17,direct,mobile,484,350,27.5,53.0,5.1,268,13,2236.22,2.69
2024-11-17,direct,desktop,279,202,27.4,173.0,2.7,160,8,1575.2,2.87
2024-11-17,direct,tablet,68,47,30.5,118.0,4.3,49,2,230.99,2.94
2024-11-17,email,mobile,249,188,24.1,87.0,3.0,197,12,2203.52,4.82
2024-11-17,email,desktop,195,143,26.6,178.0,2.1,119,6,1179.31,3.08
2024-11-17,email,tablet,41,29,27.1,146.0,3.3,20,1,148.63,2.44
2024-11-17,referral,mobile,195,108,44.4,96.0,3.2,149,3,644.09,1.54
2024-11-17,referral,desktop,127,62,50.4,136.0,2.7,64,2,239.82,1.57
2024-11-17,referral,tablet,36,16,54.7,64.0,3.8,26,0,0.0,0.0
2024-11-17,organic_social,mobile,110,36,67.0,80.0,2.5,86,1,152.54,0.91
2024-11-17,organic_social,desktop,120,45,62.3,199.0,4.0,73,1,109.48,0.83
2024-11-17,organic_social,tablet,32,14,54.8,141.0,3.3,21,0,0.0,0.0
2024-11-18,organic_search,mobile,439,250,43.0,142.0,3.5,343,11,1261.29,2.51
2024-11-18,organic_search,desktop,305,170,44.2,193.0,2.0,230,9,955.36,2.95
2024-11-18,organic_search,tablet,102,49,51.4,169.0,4.0,54,2,352.62,1.96
2024-11-18,paid_search,mobile,396,252,36.2,60.0,4.3,260,11,1919.53,2.78
2024-11-18,paid_search,desktop,232,151,34.9,167.0,3.7,182,5,721.34,2.16
2024-11-18,paid_search,tablet,72,42,41.0,225.0,5.0,44,2,177.17,2.78
2024-11-18,paid_social,mobile,388,154,60.3,48.0,2.2,204,6,1151.33,1.55
2024-11-18,paid_social,desktop,252,98,60.8,103.0,1.5,183,4,611.39,1.59
2024-11-18,paid_social,tablet,77,29,62.1,203.0,1.7,44,1,136.21,1.3
2024-11-18,direct,mobile,337,235,30.2,240.0,4.2,194,12,1316.34,3.56
2024-11-18,direct,desktop,189,125,33.4,74.0,2.4,118,6,947.35,3.17
2024-11-18,direct,tablet,67,48,28.0,212.0,2.9,50,2,221.66,2.99
2024-11-18,email,mobile,284,219,22.7,203.0,4.9,175,11,1117.72,3.87
2024-11-18,email,desktop,135,104,22.8,86.0,2.7,104,5,626.73,3.7
2024-11-18,email,tablet,36,27,23.3,215.0,2.2,26,1,214.44,2.78
2024-11-18,referral,mobile,184,79,56.8,121.0,3.9,145,4,373.31,2.17
2024-11-18,referral,desktop,75,38,48.0,129.0,2.7,59,1,137.85,1.33
2024-11-18,referral,tablet,34,15,53.5,60.0,1.8,26,0,0.0,0.0
2024-11-18,organic_social,mobile,117,53,53.9,198.0,2.2,68,1,216.48,0.85
2024-11-18,organic_social,desktop,68,26,61.4,195.0,1.6,49,1,213.86,1.47
2024-11-18,organic_social,tablet,25,10,57.0,58.0,4.8,13,0,0.0,0.0
2024-11-19,organic_search,mobile,552,267,51.5,194.0,4.9,429,17,3206.86,3.08
2024-11-19,organic_search,desktop,387,200,48.2,206.0,4.1,293,10,1509.09,2.58
2024-11-19,organic_search,tablet,78,42,46.0,159.0,4.6,39,1,151.88,1.28
2024-11-19,paid_search,mobile,362,207,42.8,110.0,1.3,263,14,1228.63,3.87
2024-11-19,paid_search,desktop,320,196,38.7,95.0,4.3,235,11,1708.2,3.44
2024-11-19,paid_search,tablet,100,56,43.2,51.0,4.2,51,3,262.91,3.0
2024-11-19,paid_social,mobile,363,185,49.0,55.0,4.9,247,8,994.36,2.2
2024-11-19,paid_social,desktop,187,73,60.5,143.0,1.9,135,2,384.68,1.07
2024-11-19,paid_social,tablet,72,30,57.3,105.0,5.0,46,1,116.44,1.39
2024-11-19,direct,mobile,352,253,28.1,105.0,2.4,239,11,1652.39,3.12
2024-11-19,direct,desktop,175,121,30.5,203.0,2.8,139,6,646.54,3.43
2024-11-19,direct,tablet,79,53,32.7,251.0,3.2,54,2,422.42,2.53
2024-11-19,email,mobile,159,124,21.6,120.0,1.8,116,6,991.82,3.77
2024-11-19,email,desktop,137,101,26.1,89.0,3.9,81,6,939.34,4.38
2024-11-19,email,tablet,49,37,22.7,211.0,4.4,29,1,141.64,2.04
2024-11-19,referral,mobile,159,85,46.0,198.0,4.9,126,3,322.62,1.89
2024-11-19,referral,desktop,122,66,45.8,77.0,1.5,84,2,184.87,1.64
2024-11-19,referral,tablet,29,12,56.3,112.0,4.3,22,0,0.0,0.0
2024-11-19,organic_social,mobile,108,51,52.5,102.0,4.2,78,1,180.88,0.93
2024-11-19,organic_social,desktop,80,27,65.7,41.0,3.1,54,1,168.56,1.25
2024-11-19,organic_social,tablet,26,9,62.7,58.0,2.8,14,0,0.0,0.0
2024-11-20,organic_search,mobile,553,316,42.7,200.0,2.5,284,15,3020.27,2.71
2024-11-20,organic_search,desktop,453,260,42.5,53.0,2.8,302,10,1582.74,2.21
2024-11-20,organic_search,tablet,131,69,47.3,102.0,1.7,74,2,203.07,1.53
2024-11-20,paid_search,mobile,455,287,36.9,50.0,3.6,321,16,1921.85,3.52
2024-11-20,paid_search,desktop,359,230,35.7,176.0,4.3,255,11,1035.91,3.06
2024-11-20,paid_search,tablet,98,56,41.9,97.0,4.1,69,3,364.77,3.06
2024-11-20,paid_social,mobile,547,207,62.0,47.0,1.4,282,7,1027.82,1.28
2024-11-20,paid_social,desktop,344,149,56.5,127.0,2.1,173,4,674.23,1.16
2024-11-20,paid_social,tablet,78,33,56.7,69.0,4.6,48,1,170.59,1.28
2024-11-20,direct,mobile,526,383,27.0,212.0,3.9,326,18,2754.23,3.42
2024-11-20,direct,desktop,251,165,34.3,109.0,2.7,135,7,686.88,2.79
2024-11-20,direct,tablet,92,63,31.1,183.0,4.2,61,2,438.04,2.17
2024-11-20,email,mobile,311,244,21.4,80.0,4.8,205,15,3112.56,4.82
2024-11-20,email,desktop,167,119,28.2,234.0,3.4,113,4,473.47,2.4
2024-11-20,email,tablet,63,48,22.4,104.0,3.7,37,2,439.62,3.17
2024-11-20,referral,mobile,256,110,56.9,182.0,4.3,161,4,656.32,1.56
2024-11-20,referral,desktop,112,57,48.3,146.0,2.0,57,2,438.26,1.79
2024-11-20,referral,tablet,48,24,49.7,206.0,2.3,30,1,172.43,2.08
2024-11-20,organic_social,mobile,188,72,61.5,81.0,4.9,106,1,107.23,0.53
2024-11-20,organic_social,desktop,117,55,52.4,203.0,1.9,66,1,202.09,0.85
2024-11-20,organic_social,tablet,28,13,51.9,131.0,1.7,14,0,0.0,0.0
2024-11-21,organic_search,mobile,741,445,39.9,54.0,3.7,551,19,3633.32,2.56
2024-11-21,organic_search,desktop,463,225,51.2,86.0,5.1,272,8,1001.74,1.73
2024-11-21,organic_search,tablet,128,64,49.7,146.0,3.8,77,4,845.14,3.12
2024-11-21,paid_search,mobile,643,413,35.8,223.0,1.9,431,23,2829.22,3.58
2024-11-21,paid_search,desktop,389,251,35.3,241.0,5.1,208,8,806.36,2.06
2024-11-21,paid_search,tablet,101,63,37.6,227.0,5.0,51,3,365.5,2.97
2024-11-21,paid_social,mobile,593,308,48.0,164.0,3.1,466,11,2215.02,1.85
2024-11-21,paid_social,desktop,397,195,50.9,48.0,1.5,300,6,1118.3,1.51
2024-11-21,paid_social,tablet,71,29,57.9,187.0,4.8,37,1,195.62,1.41
2024-11-21,direct,mobile,432,299,30.7,65.0,2.2,280,18,2111.62,4.17
2024-11-21,direct,desktop,320,218,31.7,184.0,3.0,214,8,1492.78,2.5
2024-11-21,direct,tablet,95,68,27.9,238.0,4.4,66,4,397.15,4.21
2024-11-21,email,mobile,226,162,28.1,234.0,2.4,175,8,1475.09,3.54
2024-11-21,email,desktop,205,151,26.2,144.0,4.0,136,10,1537.43,4.88
2024-11-21,email,tablet,40,30,22.6,209.0,1.4,23,1,95.14,2.5
2024-11-21,referral,mobile,205,89,56.6,113.0,1.6,108,3,568.91,1.46
2024-11-21,referral,desktop,129,73,43.4,179.0,2.0,87,2,298.22,1.55
2024-11-21,referral,tablet,30,13,53.3,199.0,3.1,16,0,0.0,0.0
2024-11-21,organic_social,mobile,186,79,57.5,94.0,3.6,101,2,249.63,1.08
2024-11-21,organic_social,desktop,117,49,58.0,176.0,4.4,78,0,0.0,0.0
2024-11-21,organic_social,tablet,24,9,60.5,106.0,3.2,18,0,0.0,0.0
2024-11-22,organic_search,mobile,793,467,41.1,229.0,4.6,578,14,1306.23,1.77
2024-11-22,organic_search,desktop,480,252,47.3,194.0,1.5,282,9,1502.33,1.88
2024-11-22,organic_search,tablet,105,61,41.8,178.0,4.4,78,3,379.46,2.86
2024-11-22,paid_search,mobile,740,450,39.1,146.0,1.7,572,20,2021.56,2.7
2024-11-22,paid_search,desktop,371,214,42.3,215.0,1.5,266,13,2600.14,3.5
2024-11-22,paid_search,tablet,91,51,43.6,221.0,2.4,56,3,241.58,3.3
2024-11-22,paid_social,mobile,581,221,61.9,94.0,2.2,354,13,2065.52,2.24
2024-11-22,paid_social,desktop,280,118,57.8,59.0,2.7,160,5,941.43,1.79
2024-11-22,paid_social,tablet,101,45,54.5,171.0,3.1,56,1,124.19,0.99
2024-11-22,direct,mobile,466,322,30.9,100.0,2.4,266,11,1193.82,2.36
2024-11-22,direct,desktop,249,179,27.9,124.0,2.5,196,10,1247.51,4.02
2024-11-22,direct,tablet,84,57,31.0,247.0,2.0,53,3,380.16,3.57
2024-11-22,email,mobile,238,173,27.2,74.0,3.2,139,7,1102.82,2.94
2024-11-22,email,desktop,239,187,21.6,244.0,5.1,189,10,1773.35,4.18
2024-11-22,email,tablet,46,35,23.3,131.0,4.5,23,1,155.26,2.17
2024-11-22,referral,mobile,150,70,53.2,65.0,4.8,98,3,566.15,2.0
2024-11-22,referral,desktop,154,83,45.5,227.0,3.1,111,3,378.63,1.95
2024-11-22,referral,tablet,40,22,43.9,181.0,2.6,30,0,0.0,0.0
2024-11-22,organic_social,mobile,162,78,51.7,166.0,2.7,109,2,413.95,1.23
2024-11-22,organic_social,desktop,77,29,61.8,95.0,1.9,47,0,0.0,0.0
2024-11-22,organic_social,tablet,23,7,66.0,98.0,1.2,13,0,0.0,0.0
2024-11-23,organic_search,mobile,872,467,46.4,60.0,4.3,446,22,2624.0,2.52
2024-11-23,organic_search,desktop,353,203,42.2,64.0,3.2,240,9,1970.21,2.55
2024-11-23,organic_search,tablet,164,86,47.6,125.0,3.7,126,4,612.58,2.44
2024-11-23,paid_search,mobile,623,378,39.2,169.0,4.3,418,17,2778.77,2.73
2024-11-23,paid_search,desktop,315,192,38.9,208.0,1.6,217,8,737.8,2.54
2024-11-23,paid_search,tablet,142,94,33.3,69.0,4.7,71,3,559.54,2.11
2024-11-23,paid_social,mobile,671,349,47.9,144.0,4.3,350,15,3015.56,2.24
2024-11-23,paid_social,desktop,270,127,52.8,140.0,3.8,190,4,806.2,1.48
2024-11-23,paid_social,tablet,121,48,59.6,77.0,4.7,89,2,165.6,1.65
2024-11-23,direct,mobile,390,256,34.3,211.0,4.5,220,16,1424.83,4.1
2024-11-23,direct,desktop,318,209,34.2,70.0,4.3,178,12,2327.13,3.77
2024-11-23,direct,tablet,61,42,30.5,240.0,4.2,32,2,313.09,3.28
2024-11-23,email,mobile,381,295,22.4,266.0,2.8,247,18,1814.33,4.72
2024-11-23,email,desktop,188,146,22.0,225.0,5.4,139,7,706.52,3.72
2024-11-23,email,tablet,52,40,21.3,199.0,4.9,35,1,149.3,1.92
2024-11-23,referral,mobile,272,136,49.9,106.0,3.9,185,5,561.07,1.84
2024-11-23,referral,desktop,124,69,44.2,155.0,2.6,76,2,172.36,1.61
2024-11-23,referral,tablet,40,19,51.2,132.0,4.4,25,0,0.0,0.0
2024-11-23,organic_social,mobile,154,48,68.8,114.0,4.2,95,1,181.7,0.65
2024-11-23,organic_social,desktop,84,38,54.7,57.0,3.9,42,1,180.57,1.19
2024-11-23,organic_social,tablet,22,8,61.7,142.0,4.8,16,0,0.0,0.0
2024-11-24,organic_search,mobile,683,344,49.5,47.0,4.6,355,20,4315.23,2.93
2024-11-24,organic_search,desktop,489,274,43.8,159.0,4.0,247,15,2050.82,3.07
2024-11-24,organic_search,tablet,145,79,45.2,57.0,2.0,110,3,271.81,2.07
2024-11-24,paid_search,mobile,552,346,37.2,100.0,1.6,338,16,2880.19,2.9
2024-11-24,paid_search,desktop,437,250,42.7,60.0,2.6,221,10,1934.69,2.29
2024-11-24,paid_search,tablet,137,81,40.4,170.0,1.7,74,4,531.38,2.92
2024-11-24,paid_social,mobile,657,327,50.1,61.0,4.7,506,13,1450.96,1.98
2024-11-24,paid_social,desktop,368,167,54.4,176.0,4.1,274,6,822.83,1.63
2024-11-24,paid_social,tablet,100,40,60.0,151.0,1.6,66,1,84.22,1.0
2024-11-24,direct,mobile,513,363,29.2,60.0,5.1,264,13,2654.58,2.53
2024-11-24,direct,desktop,329,217,33.8,226.0,3.4,219,14,2871.03,4.26
2024-11-24,direct,tablet,88,58,33.6,185.0,3.9,68,3,568.85,3.41
2024-11-24,email,mobile,246,190,22.7,156.0,5.0,185,13,2046.75,5.28
2024-11-24,email,desktop,155,120,22.6,101.0,4.9,99,7,1329.92,4.52
2024-11-24,email,tablet,54,38,28.6,109.0,2.7,42,2,198.37,3.7
2024-11-24,referral,mobile,181,92,49.0,172.0,2.1,103,4,473.49,2.21
2024-11-24,referral,desktop,174,90,48.0,109.0,2.7,127,3,592.83,1.72
2024-11-24,referral,tablet,40,20,47.9,89.0,1.4,23,0,0.0,0.0
2024-11-24,organic_social,mobile,167,54,67.5,180.0,4.1,120,2,222.21,1.2
2024-11-24,organic_social,desktop,107,36,65.5,60.0,3.8,80,1,194.68,0.93
2024-11-24,organic_social,tablet,22,9,54.8,113.0,2.7,12,0,0.0,0.0
2024-11-25,organic_search,mobile,716,364,49.1,113.0,2.9,359,15,1422.78,2.09
2024-11-25,organic_search,desktop,444,223,49.7,177.0,3.7,349,13,2506.56,2.93
2024-11-25,organic_search,tablet,116,61,46.8,224.0,1.4,80,3,343.43,2.59
2024-11-25,paid_search,mobile,338,195,42.0,210.0,2.6,185,13,1783.67,3.85
2024-11-25,paid_search,desktop,250,160,35.7,90.0,1.7,141,8,1531.69,3.2
2024-11-25,paid_search,tablet,72,46,35.5,218.0,1.7,54,1,145.24,1.39
2024-11-25,paid_social,mobile,407,172,57.6,206.0,1.6,267,8,980.85,1.97
2024-11-25,paid_social,desktop,221,102,53.5,122.0,3.9,173,3,624.09,1.36
2024-11-25,paid_social,tablet,74,34,53.5,209.0,2.8,52,1,195.87,1.35
2024-11-25,direct,mobile,289,192,33.3,71.0,2.2,199,12,1410.02,4.15
2024-11-25,direct,desktop,186,127,31.2,142.0,3.4,112,5,1041.78,2.69
2024-11-25,direct,tablet,46,32,29.9,67.0,4.6,26,1,213.42,2.17
2024-11-25,email,mobile,270,205,23.8,242.0,2.2,136,8,1325.46,2.96
2024-11-25,email,desktop,177,130,26.5,237.0,3.1,136,8,707.02,4.52
2024-11-25,email,tablet,30,21,27.9,64.0,4.2,20,1,157.6,3.33
2024-11-25,referral,mobile,180,84,53.3,206.0,4.8,101,3,325.97,1.67
2024-11-25,referral,desktop,108,58,45.5,230.0,3.7,54,2,187.5,1.85
2024-11-25,referral,tablet,35,16,52.8,104.0,4.7,24,0,0.0,0.0
2024-11-25,organic_social,mobile,80,34,56.9,60.0,1.5,55,1,100.72,1.25
2024-11-25,organic_social,desktop,64,27,57.7,174.0,4.3,44,0,0.0,0.0
2024-11-25,organic_social,tablet,24,9,61.4,50.0,2.3,16,0,0.0,0.0
2024-11-26,organic_search,mobile,712,415,41.7,167.0,1.3,382,19,2792.13,2.67
2024-11-26,organic_search,desktop,299,148,50.3,212.0,3.8,192,5,798.74,1.67
2024-11-26,organic_search,tablet,96,51,46.7,160.0,3.5,75,2,357.52,2.08
2024-11-26,paid_search,mobile,545,331,39.2,203.0,2.5,381,17,3082.99,3.12
2024-11-26,paid_search,desktop,225,141,37.2,79.0,1.9,139,9,1131.14,4.0
2024-11-26,paid_search,tablet,68,42,37.2,70.0,4.4,36,2,408.68,2.94
2024-11-26,paid_social,mobile,378,139,63.2,96.0,4.7,191,5,416.02,1.32
2024-11-26,paid_social,desktop,216,93,56.7,52.0,3.3,144,3,262.6,1.39
2024-11-26,paid_social,tablet,83,42,48.9,86.0,3.4,59,1,164.13,1.2
2024-11-26,direct,mobile,440,304,30.9,242.0,4.3,248,18,3540.86,4.09
2024-11-26,direct,desktop,190,128,32.6,182.0,5.0,115,6,691.1,3.16
2024-11-26,direct,tablet,65,45,30.7,231.0,5.2,50,1,92.63,1.54
2024-11-26,email,mobile,212,162,23.4,227.0,2.8,146,11,2239.52,5.19
2024-11-26,email,desktop,166,123,25.6,213.0,2.4,102,7,1301.55,4.22
2024-11-26,email,tablet,48,36,23.2,243.0,2.6,25,2,394.89,4.17
2024-11-26,referral,mobile,120,58,50.8,85.0,3.4,79,2,233.79,1.67
2024-11-26,referral,desktop,96,53,44.6,70.0,1.4,52,2,279.82,2.08
2024-11-26,referral,tablet,25,12,52.0,185.0,4.7,15,0,0.0,0.0
2024-11-26,organic_social,mobile,96,38,59.8,124.0,4.0,65,1,81.54,1.04
2024-11-26,organic_social,desktop,72,28,61.0,101.0,3.1,41,0,0.0,0.0
2024-11-26,organic_social,tablet,26,11,54.4,204.0,3.7,16,0,0.0,0.0
2024-11-27,organic_search,mobile,949,470,50.4,207.0,2.5,590,22,3496.01,2.32
2024-11-27,organic_search,desktop,565,295,47.7,200.0,1.4,438,10,964.33,1.77
2024-11-27,organic_search,tablet,118,63,46.3,52.0,2.0,80,3,406.43,2.54
2024-11-27,paid_search,mobile,585,368,37.0,152.0,1.6,304,14,1800.37,2.39
2024-11-27,paid_search,desktop,383,234,38.7,203.0,4.8,228,10,1256.07,2.61
2024-11-27,paid_search,tablet,100,58,41.8,197.0,3.2,57,4,499.53,4.0
2024-11-27,paid_social,mobile,603,275,54.4,195.0,4.6,315,9,855.11,1.49
2024-11-27,paid_social,desktop,380,192,49.4,92.0,2.6,280,7,1449.46,1.84
2024-11-27,paid_social,tablet,112,52,53.5,124.0,1.4,73,2,417.76,1.79
2024-11-27,direct,mobile,519,376,27.5,54.0,4.3,282,13,1559.09,2.5
2024-11-27,direct,desktop,327,236,27.6,60.0,4.6,203,14,2162.32,4.28
2024-11-27,direct,tablet,87,57,34.1,110.0,4.2,46,3,577.84,3.45
2024-11-27,email,mobile,373,288,22.7,86.0,2.5,251,13,2783.95,3.49
2024-11-27,email,desktop,248,182,26.4,141.0,5.5,170,8,1477.89,3.23
2024-11-27,email,tablet,56,41,25.4,69.0,1.9,33,2,364.91,3.57
2024-11-27,referral,mobile,208,109,47.2,52.0,4.9,160,3,628.51,1.44
2024-11-27,referral,desktop,149,84,43.0,218.0,5.1,119,2,434.15,1.34
2024-11-27,referral,tablet,28,13,51.1,123.0,2.4,14,0,0.0,0.0
2024-11-27,organic_social,mobile,112,54,51.4,99.0,4.4,85,1,166.58,0.89
2024-11-27,organic_social,desktop,75,36,51.9,135.0,3.1,40,0,0.0,0.0
2024-11-27,organic_social,tablet,25,7,68.3,49.0,1.4,15,0,0.0,0.0
2024-11-28,organic_search,mobile,803,455,43.3,73.0,3.9,631,16,2928.54,1.99
2024-11-28,organic_search,desktop,472,278,41.0,224.0,4.2,296,14,2110.73,2.97
2024-11-28,organic_search,tablet,147,87,40.5,161.0,3.6,106,3,489.43,2.04
2024-11-28,paid_search,mobile,461,308,33.1,63.0,2.3,265,11,2100.29,2.39
2024-11-28,paid_search,desktop,419,264,36.9,183.0,4.5,225,10,1429.35,2.39
2024-11-28,paid_search,tablet,124,83,32.4,145.0,1.9,90,4,690.16,3.23
2024-11-28,paid_social,mobile,404,155,61.5,167.0,1.5,321,8,1469.88,1.98
2024-11-28,paid_social,desktop,421,188,55.1,188.0,2.2,257,8,1467.97,1.9
2024-11-28,paid_social,tablet,116,47,59.4,206.0,2.8,84,2,270.94,1.72
2024-11-28,direct,mobile,429,307,28.3,254.0,2.0,327,16,3089.06,3.73
2024-11-28,direct,desktop,292,214,26.5,233.0,2.0,208,12,1516.99,4.11
2024-11-28,direct,tablet,72,51,27.8,133.0,1.6,40,1,147.47,1.39
2024-11-28,email,mobile,300,218,27.3,135.0,5.3,236,15,2282.2,5.0
2024-11-28,email,desktop,156,116,25.2,196.0,3.3,96,7,1365.81,4.49
2024-11-28,email,tablet,65,50,22.9,230.0,3.0,43,2,318.72,3.08
2024-11-28,referral,mobile,183,82,55.1,53.0,3.1,98,4,779.26,2.19
2024-11-28,referral,desktop,148,78,47.2,140.0,1.8,98,3,267.37,2.03
2024-11-28,referral,tablet,40,20,49.4,165.0,4.6,28,0,0.0,0.0
2024-11-28,organic_social,mobile,186,60,67.7,103.0,4.5,124,2,355.44,1.08
2024-11-28,organic_social,desktop,110,53,51.3,90.0,1.3,79,1,183.88,0.91
2024-11-28,organic_social,tablet,24,9,58.7,60.0,4.8,14,0,0.0,0.0
2024-11-29,organic_search,mobile,645,394,38.9,114.0,3.0,458,12,1683.9,1.86
2024-11-29,organic_search,desktop,522,287,44.9,156.0,1.8,324,15,3000.38,2.87
2024-11-29,organic_search,tablet,148,90,39.1,189.0,1.9,93,2,425.53,1.35
2024-11-29,paid_search,mobile,493,333,32.4,242.0,4.5,280,14,2390.83,2.84
2024-11-29,paid_search,desktop,347,214,38.2,81.0,2.5,233,9,1769.51,2.59
2024-11-29,paid_search,tablet,85,51,39.4,205.0,3.1,51,3,530.45,3.53
2024-11-29,paid_social,mobile,488,206,57.6,60.0,3.7,350,8,1169.0,1.64
2024-11-29,paid_social,desktop,283,115,59.3,119.0,4.5,182,6,626.68,2.12
2024-11-29,paid_social,tablet,117,58,50.3,220.0,1.9,88,1,88.33,0.85
2024-11-29,direct,mobile,403,298,25.9,75.0,5.2,310,11,1658.46,2.73
2024-11-29,direct,desktop,227,154,32.1,62.0,3.3,132,7,1522.48,3.08
2024-11-29,direct,tablet,93,68,26.5,147.0,3.3,60,3,638.18,3.23
2024-11-29,email,mobile,287,216,24.6,77.0,2.6,161,11,2417.02,3.83
2024-11-29,email,desktop,197,155,21.3,246.0,2.9,107,10,1543.57,5.08
2024-11-29,email,tablet,44,33,24.8,219.0,4.3,33,1,189.45,2.27
2024-11-29,referral,mobile,218,109,49.7,137.0,3.4,159,4,421.89,1.83
2024-11-29,referral,desktop,122,68,43.9,228.0,1.7,88,2,380.63,1.64
2024-11-29,referral,tablet,40,22,42.7,195.0,4.1,28,0,0.0,0.0
2024-11-29,organic_social,mobile,116,37,67.5,97.0,3.0,61,1,206.04,0.86
2024-11-29,organic_social,desktop,70,33,52.1,147.0,3.5,54,0,0.0,0.0
2024-11-29,organic_social,tablet,33,11,63.9,43.0,2.9,22,0,0.0,0.0
2024-11-30,organic_search,mobile,889,495,44.3,66.0,3.0,709,28,5434.74,3.15
2024-11-30,organic_search,desktop,455,257,43.5,184.0,1.5,341,9,1332.98,1.98
2024-11-30,organic_search,tablet,171,87,48.8,127.0,1.6,128,5,466.43,2.92
2024-11-30,paid_search,mobile,769,494,35.7,124.0,3.3,566,25,3041.86,3.25
2024-11-30,paid_search,desktop,303,199,34.1,178.0,2.1,191,7,612.09,2.31
2024-11-30,paid_search,tablet,122,76,37.4,102.0,1.9,93,4,750.73,3.28
2024-11-30,paid_social,mobile,510,239,53.1,124.0,4.0,384,10,813.1,1.96
2024-11-30,paid_social,desktop,426,194,54.4,97.0,1.3,234,9,765.06,2.11
2024-11-30,paid_social,tablet,112,59,46.8,69.0,3.9,79,2,275.92,1.79
2024-11-30,direct,mobile,515,348,32.4,65.0,4.0,407,16,3506.85,3.11
2024-11-30,direct,desktop,240,172,28.0,119.0,4.8,137,8,1515.01,3.33
2024-11-30,direct,tablet,101,72,27.8,118.0,2.8,65,3,390.27,2.97
2024-11-30,email,mobile,365,266,26.9,229.0,5.0,232,14,1673.03,3.84
2024-11-30,email,desktop,215,163,24.0,197.0,4.6,162,7,875.05,3.26
2024-11-30,email,tablet,39,29,24.9,104.0,3.7,27,1,175.75,2.56
2024-11-30,referral,mobile,246,131,46.5,156.0,1.4,134,3,331.86,1.22
2024-11-30,referral,desktop,174,90,48.2,153.0,2.5,114,3,244.62,1.72
2024-11-30,referral,tablet,39,16,57.0,108.0,2.8,20,0,0.0,0.0
2024-11-30,organic_social,mobile,168,76,54.5,125.0,2.7,96,1,140.8,0.6
2024-11-30,organic_social,desktop,93,44,51.8,194.0,4.0,64,0,0.0,0.0
2024-11-30,organic_social,tablet,32,14,53.3,181.0,3.2,23,0,0.0,0.0
2024-12-01,organic_search,mobile,891,494,44.5,144.0,3.9,507,22,1847.06,2.47
2024-12-01,organic_search,desktop,621,301,51.4,50.0,3.8,426,13,2337.61,2.09
2024-12-01,organic_search,tablet,164,94,42.4,174.0,3.2,112,5,1000.58,3.05
2024-12-01,paid_search,mobile,688,389,43.4,194.0,2.9,482,17,2105.11,2.47
2024-12-01,paid_search,desktop,300,178,40.4,194.0,4.8,224,10,1620.15,3.33
2024-12-01,paid_search,tablet,85,50,40.8,216.0,3.5,55,2,253.49,2.35
2024-12-01,paid_social,mobile,637,281,55.9,177.0,1.9,361,13,1227.28,2.04
2024-12-01,paid_social,desktop,279,137,50.7,86.0,2.3,147,5,858.73,1.79
2024-12-01,paid_social,tablet,93,43,53.0,195.0,1.7,53,1,196.85,1.08
2024-12-01,direct,mobile,518,345,33.3,62.0,3.9,262,13,2682.31,2.51
2024-12-01,direct,desktop,362,258,28.7,117.0,4.4,286,13,1376.01,3.59
2024-12-01,direct,tablet,106,71,32.8,58.0,2.0,54,4,862.87,3.77
2024-12-01,email,mobile,302,216,28.4,222.0,5.2,214,13,2050.84,4.3
2024-12-01,email,desktop,238,184,22.6,124.0,2.3,182,10,1310.45,4.2
2024-12-01,email,tablet,53,39,25.2,181.0,1.4,30,1,214.8,1.89
2024-12-01,referral,mobile,275,117,57.1,197.0,3.9,214,5,794.88,1.82
2024-12-01,referral,desktop,133,57,57.1,57.0,3.5,97,2,340.55,1.5
2024-12-01,referral,tablet,37,18,50.0,131.0,1.8,18,0,0.0,0.0
2024-12-01,organic_social,mobile,175,68,60.9,194.0,4.7,90,1,133.55,0.57
2024-12-01,organic_social,desktop,74,36,51.1,64.0,2.1,57,1,89.92,1.35
2024-12-01,organic_social,tablet,30,11,62.1,165.0,1.5,20,0,0.0,0.0
2024-12-02,organic_search,mobile,653,353,45.9,224.0,4.0,461,11,1205.12,1.68
2024-12-02,organic_search,desktop,395,237,40.0,133.0,4.5,219,6,850.15,1.52
2024-12-02,organic_search,tablet,89,54,39.3,99.0,2.3,50,2,231.68,2.25
2024-12-02,paid_search,mobile,404,248,38.4,131.0,4.7,214,12,1066.59,2.97
2024-12-02,paid_search,desktop,365,234,35.8,63.0,3.6,217,8,923.53,2.19
2024-12-02,paid_search,tablet,97,57,40.7,164.0,2.4,52,3,475.45,3.09
2024-12-02,paid_social,mobile,378,195,48.3,144.0,1.7,189,6,944.19,1.59
2024-12-02,paid_social,desktop,195,102,47.3,90.0,2.1,120,3,403.7,1.54
2024-12-02,paid_social,tablet,55,27,50.3,196.0,3.9,33,0,0.0,0.0
2024-12-02,direct,mobile,268,194,27.2,139.0,2.4,205,7,716.88,2.61
2024-12-02,direct,desktop,276,188,31.7,185.0,1.6,217,11,1272.88,3.99
2024-12-02,direct,tablet,68,48,28.4,129.0,5.1,39,2,164.42,2.94
2024-12-02,email,mobile,249,189,24.0,245.0,2.1,145,9,1659.88,3.61
2024-12-02,email,desktop,143,106,25.9,213.0,3.1,73,5,963.87,3.5
2024-12-02,email,tablet,33,24,24.9,164.0,4.4,18,1,159.46,3.03
2024-12-02,referral,mobile,125,65,47.7,170.0,2.8,83,3,607.9,2.4
2024-12-02,referral,desktop,89,42,52.6,82.0,3.6,63,1,96.83,1.12
2024-12-02,referral,tablet,21,9,54.6,163.0,2.1,16,0,0.0,0.0
2024-12-02,organic_social,mobile,97,44,54.3,207.0,3.0,53,1,130.97,1.03
2024-12-02,organic_social,desktop,92,36,60.3,182.0,2.3,46,1,134.01,1.09
2024-12-02,organic_social,tablet,20,6,67.7,157.0,4.0,12,0,0.0,0.0
2024-12-03,organic_search,mobile,680,404,40.6,108.0,2.2,408,15,2048.98,2.21
2024-12-03,organic_search,desktop,256,133,47.7,105.0,3.0,199,7,1001.21,2.73
2024-12-03,organic_search,tablet,109,56,48.1,61.0,3.1,77,2,186.53,1.83
2024-12-03,paid_search,mobile,528,314,40.5,212.0,3.9,291,21,1832.89,3.98
2024-12-03,paid_search,desktop,320,197,38.1,139.0,2.3,167,9,1032.43,2.81
2024-12-03,paid_search,tablet,99,60,39.1,215.0,2.6,60,2,285.07,2.02
2024-12-03,paid_social,mobile,473,236,50.1,135.0,4.3,377,9,1267.25,1.9
2024-12-03,paid_social,desktop,311,157,49.4,175.0,3.2,239,4,549.56,1.29
2024-12-03,paid_social,tablet,54,26,51.0,128.0,1.3,39,0,0.0,0.0
2024-12-03,direct,mobile,312,225,27.8,246.0,1.7,177,8,1699.53,2.56
2024-12-03,direct,desktop,235,160,31.5,193.0,5.2,168,7,1117.14,2.98
2024-12-03,direct,tablet,47,31,32.0,157.0,4.5,23,1,150.35,2.13
2024-12-03,email,mobile,277,204,26.2,60.0,4.6,152,8,819.23,2.89
2024-12-03,email,desktop,105,81,22.3,106.0,5.4,79,4,597.47,3.81
2024-12-03,email,tablet,36,27,24.8,143.0,3.7,22,1,185.86,2.78
2024-12-03,referral,mobile,183,89,50.8,207.0,4.4,136,4,350.09,2.19
2024-12-03,referral,desktop,79,42,46.5,88.0,3.0,43,2,426.08,2.53
2024-12-03,referral,tablet,24,13,45.3,91.0,5.2,15,0,0.0,0.0
2024-12-03,organic_social,mobile,103,33,67.4,119.0,2.8,75,1,97.79,0.97
2024-12-03,organic_social,desktop,80,33,57.7,115.0,1.6,61,0,0.0,0.0
2024-12-03,organic_social,tablet,22,8,59.5,132.0,4.0,14,0,0.0,0.0
2024-12-04,organic_search,mobile,747,414,44.5,187.0,2.3,511,21,3894.82,2.81
2024-12-04,organic_search,desktop,561,303,45.8,78.0,2.5,381,16,3193.86,2.85
2024-12-04,organic_search,tablet,120,58,51.0,223.0,2.0,76,2,259.95,1.67
2024-12-04,paid_search,mobile,537,313,41.5,225.0,2.6,387,15,1539.0,2.79
2024-12-04,paid_search,desktop,336,220,34.3,116.0,4.5,219,12,1053.38,3.57
2024-12-04,paid_search,tablet,122,81,33.1,212.0,3.6,88,4,416.29,3.28
2024-12-04,paid_social,mobile,450,210,53.3,84.0,4.3,239,9,1867.61,2.0
2024-12-04,paid_social,desktop,331,124,62.2,73.0,1.8,213,7,850.75,2.11
2024-12-04,paid_social,tablet,74,35,52.6,203.0,3.0,38,0,0.0,0.0
2024-12-04,direct,mobile,493,324,34.1,233.0,3.0,344,16,2678.4,3.25
2024-12-04,direct,desktop,278,183,34.2,151.0,4.0,171,9,1835.92,3.24
2024-12-04,direct,tablet,103,70,31.3,187.0,1.8,73,2,164.38,1.94
2024-12-04,email,mobile,270,201,25.3,144.0,4.2,147,9,1030.24,3.33
2024-12-04,email,desktop,167,128,22.8,153.0,5.4,120,8,1365.77,4.79
2024-12-04,email,tablet,69,51,25.7,94.0,2.8,45,2,349.12,2.9
2024-12-04,referral,mobile,168,96,42.8,50.0,1.7,124,3,586.21,1.79
2024-12-04,referral,desktop,119,51,56.6,88.0,1.5,90,2,383.08,1.68
2024-12-04,referral,tablet,48,22,53.1,177.0,3.0,30,1,81.0,2.08
2024-12-04,organic_social,mobile,154,67,55.9,140.0,1.8,108,2,242.76,1.3
2024-12-04,organic_social,desktop,78,35,54.1,85.0,2.1,46,0,0.0,0.0
2024-12-04,organic_social,tablet,20,6,67.8,125.0,3.2,10,0,0.0,0.0
2024-12-05,organic_search,mobile,639,327,48.8,144.0,2.9,474,15,2159.84,2.35
2024-12-05,organic_search,desktop,553,317,42.5,166.0,4.7,355,16,2441.68,2.89
2024-12-05,organic_search,tablet,158,84,46.7,65.0,3.5,81,3,571.4,1.9
2024-12-05,paid_search,mobile,480,292,39.1,233.0,2.8,321,13,1517.7,2.71
2024-12-05,paid_search,desktop,392,262,33.0,127.0,1.6,230,13,1973.48,3.32
2024-12-05,paid_search,tablet,135,88,34.3,227.0,4.2,103,3,326.22,2.22
2024-12-05,paid_social,mobile,679,257,62.1,179.0,2.4,344,12,1760.06,1.77
2024-12-05,paid_social,desktop,311,128,58.6,181.0,1.6,164,4,759.48,1.29
2024-12-05,paid_social,tablet,81,38,52.6,195.0,1.8,57,1,147.98,1.23
2024-12-05,direct,mobile,467,316,32.1,56.0,1.8,286,14,2043.9,3.0
2024-12-05,direct,desktop,285,210,26.3,176.0,1.6,205,11,2336.92,3.86
2024-12-05,direct,tablet,68,46,32.1,107.0,3.1,49,2,174.96,2.94
2024-12-05,email,mobile,235,180,23.4,153.0,5.3,169,7,1163.49,2.98
2024-12-05,email,desktop,224,173,22.5,56.0,5.1,164,8,1214.72,3.57
2024-12-05,email,tablet,40,28,27.6,63.0,3.4,29,1,95.99,2.5
2024-12-05,referral,mobile,170,78,54.1,193.0,4.0,115,2,437.35,1.18
2024-12-05,referral,desktop,113,62,44.3,173.0,2.0,75,2,272.74,1.77
2024-12-05,referral,tablet,42,22,47.0,76.0,2.0,24,0,0.0,0.0
2024-12-05,organic_social,mobile,120,46,61.1,96.0,4.4,94,1,205.45,0.83
2024-12-05,organic_social,desktop,84,27,67.3,102.0,3.4,51,1,191.67,1.19
2024-12-05,organic_social,tablet,35,16,52.2,52.0,4.8,26,0,0.0,0.0
2024-12-06,organic_search,mobile,693,338,51.2,151.0,4.9,514,21,4331.83,3.03
2024-12-06,organic_search,desktop,608,352,42.1,157.0,4.5,481,15,3022.09,2.47
2024-12-06,organic_search,tablet,162,93,42.5,173.0,1.4,90,3,354.55,1.85
2024-12-06,paid_search,mobile,542,312,42.3,152.0,2.0,310,12,1043.89,2.21
2024-12-06,paid_search,desktop,312,190,38.9,72.0,5.1,228,7,1481.2,2.24
2024-12-06,paid_search,tablet,131,86,34.3,161.0,3.6,71,4,777.56,3.05
2024-12-06,paid_social,mobile,516,261,49.2,54.0,3.1,356,11,1934.67,2.13
2024-12-06,paid_social,desktop,262,110,57.7,149.0,2.6,160,3,411.31,1.15
2024-12-06,paid_social,tablet,119,57,51.9,72.0,1.4,88,2,397.76,1.68
2024-12-06,direct,mobile,467,313,32.9,69.0,4.9,348,13,2555.39,2.78
2024-12-06,direct,desktop,300,207,31.0,143.0,4.0,239,9,974.04,3.0
2024-12-06,direct,tablet,98,69,29.4,136.0,3.1,78,3,285.38,3.06
2024-12-06,email,mobile,282,220,21.9,115.0,5.1,181,8,1422.19,2.84
2024-12-06,email,desktop,172,125,26.9,200.0,4.4,130,6,1099.4,3.49
2024-12-06,email,tablet,66,48,26.2,246.0,2.0,37,3,248.71,4.55
2024-12-06,referral,mobile,252,129,48.5,86.0,1.7,140,4,466.29,1.59
2024-12-06,referral,desktop,140,65,53.1,207.0,2.5,74,3,395.45,2.14
2024-12-06,referral,tablet,48,23,50.6,181.0,1.7,36,1,135.11,2.08
2024-12-06,organic_social,mobile,121,57,52.2,96.0,4.9,91,1,158.03,0.83
2024-12-06,organic_social,desktop,113,38,65.6,190.0,4.6,66,1,201.13,0.88
2024-12-06,organic_social,tablet,22,8,62.6,169.0,3.6,15,0,0.0,0.0
2024-12-07,organic_search,mobile,960,506,47.3,108.0,2.4,490,23,2742.67,2.4
2024-12-07,organic_search,desktop,412,207,49.5,208.0,2.3,277,11,1837.63,2.67
2024-12-07,organic_search,tablet,98,48,50.3,88.0,4.5,52,2,209.8,2.04
2024-12-07,paid_search,mobile,759,481,36.6,129.0,3.5,513,20,2529.2,2.64
2024-12-07,paid_search,desktop,372,232,37.4,140.0,3.7,200,10,1337.33,2.69
2024-12-07,paid_search,tablet,127,76,40.1,230.0,1.4,94,3,432.92,2.36
2024-12-07,paid_social,mobile,548,235,57.0,76.0,4.6,395,10,1438.43,1.82
2024-12-07,paid_social,desktop,358,164,54.1,46.0,4.5,184,6,1171.77,1.68
2024-12-07,paid_social,tablet,105,50,52.2,143.0,4.5,68,2,183.95,1.9
2024-12-07,direct,mobile,340,252,25.8,67.0,3.1,191,12,1076.81,3.53
2024-12-07,direct,desktop,237,166,29.8,156.0,2.6,124,7,774.88,2.95
2024-12-07,direct,tablet,91,62,30.8,245.0,5.3,60,2,323.03,2.2
2024-12-07,email,mobile,229,172,24.7,244.0,3.3,152,6,828.77,2.62
2024-12-07,email,desktop,153,120,21.4,113.0,3.8,110,8,1018.85,5.23
2024-12-07,email,tablet,46,34,25.2,86.0,3.5,23,1,147.34,2.17
2024-12-07,referral,mobile,254,122,51.9,77.0,3.1,177,6,983.77,2.36
2024-12-07,referral,desktop,124,61,50.8,208.0,2.5,91,1,188.8,0.81
2024-12-07,referral,tablet,29,15,46.2,160.0,3.5,15,0,0.0,0.0
2024-12-07,organic_social,mobile,117,56,51.9,196.0,3.3,65,1,170.35,0.85
2024-12-07,organic_social,desktop,103,41,60.1,151.0,3.5,56,1,132.05,0.97
2024-12-07,organic_social,tablet,32,12,62.4,67.0,4.6,18,0,0.0,0.0
2024-12-08,organic_search,mobile,648,328,49.3,105.0,3.4,368,14,2748.19,2.16
2024-12-08,organic_search,desktop,548,326,40.5,138.0,1.4,434,16,2112.49,2.92
2024-12-08,organic_search,tablet,163,90,44.3,146.0,2.2,105,5,1051.74,3.07
2024-12-08,paid_search,mobile,541,338,37.4,212.0,5.1,401,21,2508.59,3.88
2024-12-08,paid_search,desktop,391,239,38.7,191.0,3.4,242,14,1207.22,3.58
2024-12-08,paid_search,tablet,127,82,35.3,170.0,3.4,71,5,881.94,3.94
2024-12-08,paid_social,mobile,582,240,58.7,184.0,3.6,398,7,919.09,1.2
2024-12-08,paid_social,desktop,290,124,57.2,74.0,1.5,188,6,817.48,2.07
2024-12-08,paid_social,tablet,109,55,49.4,73.0,2.3,74,1,159.61,0.92
2024-12-08,direct,mobile,515,354,31.2,220.0,4.7,380,20,3228.21,3.88
2024-12-08,direct,desktop,301,197,34.4,210.0,4.7,224,7,751.74,2.33
2024-12-08,direct,tablet,100,70,29.3,243.0,3.7,54,4,437.14,4.0
2024-12-08,email,mobile,345,264,23.5,59.0,4.6,222,12,1249.09,3.48
2024-12-08,email,desktop,247,186,24.5,57.0,1.8,149,12,2586.4,4.86
2024-12-08,email,tablet,67,48,27.5,218.0,3.8,34,2,215.97,2.99
2024-12-08,referral,mobile,250,107,56.9,184.0,3.4,199,3,360.07,1.2
2024-12-08,referral,desktop,168,92,45.2,67.0,1.6,112,3,514.38,1.79
2024-12-08,referral,tablet,36,17,50.7,113.0,4.7,21,0,0.0,0.0
2024-12-08,organic_social,mobile,184,77,58.0,180.0,4.4,136,2,240.19,1.09
2024-12-08,organic_social,desktop,104,45,56.5,155.0,4.8,61,1,214.33,0.96
2024-12-08,organic_social,tablet,33,11,63.9,119.0,3.7,25,0,0.0,0.0
2024-12-09,organic_search,mobile,539,263,51.1,133.0,4.5,309,9,737.86,1.67
2024-12-09,organic_search,desktop,402,218,45.6,60.0,3.4,255,8,960.09,1.99
2024-12-09,organic_search,tablet,90,43,51.4,138.0,2.0,62,2,306.99,2.22
2024-12-09,paid_search,mobile,577,331,42.5,229.0,2.1,383,13,1136.64,2.25
2024-12-09,paid_search,desktop,215,124,41.9,58.0,1.9,140,5,850.63,2.33
2024-12-09,paid_search,tablet,60,39,34.5,242.0,3.2,45,1,85.68,1.67
2024-12-09,paid_social,mobile,373,196,47.5,147.0,1.8,261,7,597.98,1.88
2024-12-09,paid_social,desktop,321,120,62.5,48.0,4.0,252,5,772.89,1.56
2024-12-09,paid_social,tablet,71,28,59.8,170.0,2.0,51,1,190.0,1.41
2024-12-09,direct,mobile,267,181,31.9,217.0,4.1,141,6,1251.81,2.25
2024-12-09,direct,desktop,258,171,33.4,69.0,4.2,169,10,2166.24,3.88
2024-12-09,direct,tablet,48,32,31.4,211.0,1.7,32,1,103.06,2.08
2024-12-09,email,mobile,267,207,22.3,183.0,3.2,153,11,1534.31,4.12
2024-12-09,email,desktop,123,88,27.7,72.0,1.7,62,4,388.94,3.25
2024-12-09,email,tablet,32,24,22.7,73.0,3.7,22,1,97.37,3.12
2024-12-09,referral,mobile,171,84,50.9,206.0,3.7,88,3,506.27,1.75
2024-12-09,referral,desktop,105,52,50.4,166.0,1.4,67,2,319.26,1.9
2024-12-09,referral,tablet,34,16,50.5,214.0,4.5,20,0,0.0,0.0
2024-12-09,organic_social,mobile,115,44,61.6,75.0,4.3,86,1,173.25,0.87
2024-12-09,organic_social,desktop,68,31,53.4,174.0,2.5,39,0,0.0,0.0
2024-12-09,organic_social,tablet,25,9,62.1,166.0,2.1,19,0,0.0,0.0
2024-12-10,organic_search,mobile,523,256,50.9,137.0,5.1,325,11,1818.16,2.1
2024-12-10,organic_search,desktop,291,146,49.5,65.0,3.5,207,5,1019.47,1.72
2024-12-10,organic_search,tablet,92,46,49.7,104.0,1.7,63,2,270.64,2.17
2024-12-10,paid_search,mobile,416,266,36.0,222.0,5.3,310,16,1891.07,3.85
2024-12-10,paid_search,desktop,205,118,42.2,235.0,2.9,142,5,647.29,2.44
2024-12-10,paid_search,tablet,73,46,36.5,104.0,2.3,37,2,425.52,2.74
2024-12-10,paid_social,mobile,335,163,51.1,67.0,3.2,186,4,635.62,1.19
2024-12-10,paid_social,desktop,327,157,51.8,116.0,4.4,194,4,788.25,1.22
2024-12-10,paid_social,tablet,74,33,54.1,131.0,3.8,46,1,136.23,1.35
2024-12-10,direct,mobile,377,256,31.9,51.0,4.4,291,15,2188.97,3.98
2024-12-10,direct,desktop,236,164,30.2,254.0,1.6,119,8,1357.71,3.39
2024-12-10,direct,tablet,79,55,29.5,203.0,4.0,50,2,370.96,2.53
2024-12-10,email,mobile,237,173,26.7,110.0,3.0,165,12,1173.87,5.06
2024-12-10,email,desktop,135,103,23.0,142.0,2.8,88,4,791.8,2.96
2024-12-10,email,tablet,31,23,24.2,216.0,3.3,18,1,183.06,3.23
2024-12-10,referral,mobile,190,104,45.1,100.0,2.1,124,4,817.25,2.11
2024-12-10,referral,desktop,83,36,55.6,197.0,2.0,63,1,123.96,1.2
2024-12-10,referral,tablet,23,10,56.2,126.0,2.6,12,0,0.0,0.0
2024-12-10,organic_social,mobile,102,36,63.8,165.0,1.2,64,1,194.91,0.98
2024-12-10,organic_social,desktop,57,27,52.3,189.0,4.6,38,0,0.0,0.0
2024-12-10,organic_social,tablet,26,10,59.7,67.0,3.4,13,0,0.0,0.0
2024-12-11,organic_search,mobile,563,332,40.9,111.0,5.2,418,16,3357.51,2.84
2024-12-11,organic_search,desktop,402,216,46.2,113.0,2.5,299,12,2385.96,2.99
2024-12-11,organic_search,tablet,141,83,40.5,77.0,4.1,100,3,517.96,2.13
2024-12-11,paid_search,mobile,521,329,36.8,203.0,3.4,293,21,3882.58,4.03
2024-12-11,paid_search,desktop,406,239,41.1,138.0,3.0,322,9,863.36,2.22
2024-12-11,paid_search,tablet,83,53,36.0,160.0,4.3,42,3,497.22,3.61
2024-12-11,paid_social,mobile,690,345,49.9,172.0,2.2,355,9,1147.08,1.3
2024-12-11,paid_social,desktop,254,124,51.0,76.0,2.6,160,3,396.42,1.18
2024-12-11,paid_social,tablet,113,55,50.5,222.0,3.4,71,2,388.3,1.77
2024-12-11,direct,mobile,489,342,29.9,251.0,4.0,286,13,1876.19,2.66
2024-12-11,direct,desktop,366,259,29.0,168.0,2.6,234,11,1829.56,3.01
2024-12-11,direct,tablet,74,50,32.1,83.0,2.6,44,2,370.07,2.7
2024-12-11,email,mobile,391,290,25.7,258.0,2.1,266,19,2997.31,4.86
2024-12-11,email,desktop,226,167,26.0,225.0,2.1,130,11,1805.09,4.87
2024-12-11,email,tablet,53,38,27.6,134.0,4.7,29,2,335.69,3.77
2024-12-11,referral,mobile,223,108,51.2,50.0,4.5,134,4,714.87,1.79
2024-12-11,referral,desktop,158,83,47.1,192.0,4.0,98,2,269.06,1.27
2024-12-11,referral,tablet,48,24,48.6,58.0,2.6,25,0,0.0,0.0
2024-12-11,organic_social,mobile,147,49,66.5,81.0,1.8,83,1,147.28,0.68
2024-12-11,organic_social,desktop,100,38,61.7,136.0,4.0,59,0,0.0,0.0
2024-12-11,organic_social,tablet,23,8,64.1,75.0,4.0,12,0,0.0,0.0
2024-12-12,organic_search,mobile,794,459,42.1,143.0,3.2,538,15,2495.21,1.89
2024-12-12,organic_search,desktop,444,234,47.3,152.0,3.2,239,8,1440.77,1.8
2024-12-12,organic_search,tablet,119,68,42.2,221.0,3.5,66,2,427.17,1.68
2024-12-12,paid_search,mobile,754,446,40.8,163.0,1.6,388,17,2527.89,2.25
2024-12-12,paid_search,desktop,376,254,32.3,233.0,4.5,238,8,824.95,2.13
2024-12-12,paid_search,tablet,108,64,40.1,190.0,1.5,69,3,266.85,2.78
2024-12-12,paid_social,mobile,662,339,48.7,226.0,3.9,523,13,1124.32,1.96
2024-12-12,paid_social,desktop,381,187,50.7,148.0,2.9,223,8,1341.87,2.1
2024-12-12,paid_social,tablet,100,47,52.8,138.0,4.4,50,2,168.06,2.0
2024-12-12,direct,mobile,394,291,26.0,253.0,3.9,263,14,1740.8,3.55
2024-12-12,direct,desktop,361,261,27.5,69.0,5.2,256,13,2027.86,3.6
2024-12-12,direct,tablet,101,66,34.3,165.0,5.3,57,3,577.54,2.97
2024-12-12,email,mobile,214,165,22.6,70.0,2.3,113,6,847.04,2.8
2024-12-12,email,desktop,190,145,23.3,163.0,1.9,100,7,647.11,3.68
2024-12-12,email,tablet,48,34,27.8,147.0,2.7,37,2,428.56,4.17
2024-12-12,referral,mobile,196,112,42.6,183.0,1.4,104,4,414.76,2.04
2024-12-12,referral,desktop,133,75,43.5,109.0,3.6,95,3,554.95,2.26
2024-12-12,referral,tablet,44,22,48.4,81.0,4.8,31,1,211.85,2.27
2024-12-12,organic_social,mobile,186,76,58.6,170.0,3.4,119,2,225.91,1.08
2024-12-12,organic_social,desktop,107,41,60.9,175.0,2.4,84,1,200.18,0.93
2024-12-12,organic_social,tablet,29,12,56.8,146.0,2.1,18,0,0.0,0.0
2024-12-13,organic_search,mobile,709,346,51.1,187.0,2.8,396,17,2513.51,2.4
2024-12-13,organic_search,desktop,558,276,50.5,123.0,2.4,285,10,2003.86,1.79
2024-12-13,organic_search,tablet,113,64,42.7,186.0,4.0,82,2,212.86,1.77
2024-12-13,paid_search,mobile,483,324,32.8,206.0,3.5,376,15,1919.85,3.11
2024-12-13,paid_search,desktop,283,179,36.4,163.0,1.5,202,8,781.0,2.83
2024-12-13,paid_search,tablet,79,45,42.3,77.0,1.8,56,1,143.89,1.27
2024-12-13,paid_social,mobile,634,260,58.9,100.0,2.1,506,10,2187.1,1.58
2024-12-13,paid_social,desktop,445,193,56.5,133.0,4.1,232,6,680.34,1.35
2024-12-13,paid_social,tablet,110,56,48.5,225.0,4.2,71,2,308.99,1.82
2024-12-13,direct,mobile,356,247,30.4,98.0,4.9,210,9,1860.5,2.53
2024-12-13,direct,desktop,240,172,28.2,74.0,1.9,147,9,1381.77,3.75
2024-12-13,direct,tablet,74,49,33.2,56.0,1.8,52,2,212.28,2.7
2024-12-13,email,mobile,365,266,27.1,257.0,1.7,272,17,1981.09,4.66
2024-12-13,email,desktop,145,111,23.3,137.0,2.9,100,6,524.81,4.14
2024-12-13,email,tablet,62,48,21.9,166.0,3.6,49,1,188.62,1.61
2024-12-13,referral,mobile,203,110,45.4,140.0,4.0,132,4,776.78,1.97
2024-12-13,referral,desktop,127,72,43.0,122.0,4.6,67,2,294.33,1.57
2024-12-13,referral,tablet,28,15,43.8,165.0,1.9,18,0,0.0,0.0
2024-12-13,organic_social,mobile,175,64,63.3,184.0,3.1,134,2,188.98,1.14
2024-12-13,organic_social,desktop,92,41,55.3,150.0,4.1,52,0,0.0,0.0
2024-12-13,organic_social,tablet,22,9,54.6,104.0,3.1,14,0,0.0,0.0
2024-12-14,organic_search,mobile,918,552,39.8,128.0,2.8,566,17,2113.05,1.85
2024-12-14,organic_search,desktop,582,293,49.5,52.0,1.8,418,17,3157.57,2.92
2024-12-14,organic_search,tablet,145,76,47.3,162.0,2.4,76,4,830.36,2.76
2024-12-14,paid_search,mobile,580,345,40.4,239.0,3.0,327,16,1548.98,2.76
2024-12-14,paid_search,desktop,307,177,42.1,151.0,5.1,174,11,1824.51,3.58
2024-12-14,paid_search,tablet,104,70,32.6,241.0,2.8,78,3,401.37,2.88
2024-12-14,paid_social,mobile,631,320,49.2,153.0,1.3,447,14,2356.69,2.22
2024-12-14,paid_social,desktop,254,127,49.8,188.0,4.0,135,3,398.85,1.18
2024-12-14,paid_social,tablet,116,52,54.4,181.0,4.0,64,1,111.34,0.86
2024-12-14,direct,mobile,327,234,28.2,170.0,1.7,212,13,2747.87,3.98
2024-12-14,direct,desktop,375,247,33.9,135.0,5.0,288,17,3024.61,4.53
2024-12-14,direct,tablet,64,43,32.5,192.0,3.5,46,2,411.59,3.12
2024-12-14,email,mobile,305,232,23.7,149.0,3.6,176,10,1556.92,3.28
2024-12-14,email,desktop,202,149,26.2,210.0,2.1,108,10,1625.98,4.95
2024-12-14,email,tablet,44,31,27.6,209.0,1.9,22,1,143.74,2.27
2024-12-14,referral,mobile,187,100,46.2,151.0,3.6,130,3,648.9,1.6
2024-12-14,referral,desktop,126,53,57.2,79.0,4.5,66,3,563.08,2.38
2024-12-14,referral,tablet,41,20,49.4,219.0,4.8,22,0,0.0,0.0
2024-12-14,organic_social,mobile,136,43,68.2,116.0,1.7,104,1,161.66,0.74
2024-12-14,organic_social,desktop,75,28,61.7,77.0,3.5,59,0,0.0,0.0
2024-12-14,organic_social,tablet,33,12,63.3,119.0,3.3,25,0,0.0,0.0
2024-12-15,organic_search,mobile,845,506,40.1,211.0,4.4,633,24,1996.29,2.84
2024-12-15,organic_search,desktop,343,166,51.4,146.0,2.6,201,9,1728.06,2.62
2024-12-15,organic_search,tablet,102,55,45.6,162.0,3.0,55,2,318.9,1.96
2024-12-15,paid_search,mobile,580,334,42.3,166.0,3.7,305,18,2303.68,3.1
2024-12-15,paid_search,desktop,324,201,37.9,135.0,2.5,195,9,1123.15,2.78
2024-12-15,paid_search,tablet,128,79,38.1,228.0,2.3,82,5,1063.99,3.91
2024-12-15,paid_social,mobile,555,217,60.8,133.0,1.4,416,10,1153.8,1.8
2024-12-15,paid_social,desktop,360,152,57.5,133.0,3.5,271,5,790.69,1.39
2024-12-15,paid_social,tablet,114,50,55.8,129.0,3.7,72,2,260.36,1.75
2024-12-15,direct,mobile,416,305,26.5,81.0,2.1,293,15,1604.47,3.61
2024-12-15,direct,desktop,226,148,34.3,168.0,1.4,170,9,1214.85,3.98
2024-12-15,direct,tablet,71,52,26.1,171.0,4.9,52,2,252.28,2.82
2024-12-15,email,mobile,272,196,27.8,178.0,1.7,184,10,1500.03,3.68
2024-12-15,email,desktop,201,145,27.8,150.0,4.2,134,7,797.34,3.48
2024-12-15,email,tablet,43,32,23.9,239.0,1.6,28,1,183.51,2.33
2024-12-15,referral,mobile,220,112,49.1,133.0,4.8,145,4,717.8,1.82
2024-12-15,referral,desktop,100,43,56.8,134.0,4.0,65,1,189.82,1.0
2024-12-15,referral,tablet,28,14,48.1,223.0,3.6,16,0,0.0,0.0
2024-12-15,organic_social,mobile,109,37,65.2,118.0,4.3,62,1,165.91,0.92
2024-12-15,organic_social,desktop,90,35,60.1,74.0,2.5,56,0,0.0,0.0
2024-12-15,organic_social,tablet,29,13,52.2,45.0,3.9,16,0,0.0,0.0
2024-12-16,organic_search,mobile,453,230,49.0,170.0,1.9,274,8,1648.27,1.77
2024-12-16,organic_search,desktop,458,244,46.6,131.0,1.9,249,12,2057.16,2.62
2024-12-16,organic_search,tablet,114,56,50.2,223.0,2.3,70,2,300.95,1.75
2024-12-16,paid_search,mobile,416,280,32.7,76.0,4.2,303,13,1419.79,3.12
2024-12-16,paid_search,desktop,356,203,42.9,89.0,1.8,215,13,1262.94,3.65
2024-12-16,paid_search,tablet,63,37,39.7,168.0,1.4,39,2,204.69,3.17
2024-12-16,paid_social,mobile,355,130,63.2,192.0,2.7,238,8,805.27,2.25
2024-12-16,paid_social,desktop,265,109,58.7,113.0,3.3,176,4,359.02,1.51
2024-12-16,paid_social,tablet,87,45,47.5,64.0,2.6,58,2,437.36,2.3
2024-12-16,direct,mobile,314,220,29.9,125.0,3.1,211,9,1617.29,2.87
2024-12-16,direct,desktop,277,190,31.3,136.0,4.4,175,7,872.52,2.53
2024-12-16,direct,tablet,67,44,33.1,199.0,4.7,52,1,187.2,1.49
2024-12-16,email,mobile,200,151,24.5,122.0,5.0,103,7,880.56,3.5
2024-12-16,email,desktop,118,87,25.8,62.0,3.3,65,5,888.16,4.24
2024-12-16,email,tablet,53,37,28.7,218.0,2.7,37,1,173.48,1.89
2024-12-16,referral,mobile,129,71,44.4,199.0,3.4,70,3,509.87,2.33
2024-12-16,referral,desktop,93,41,55.7,87.0,2.2,49,1,109.0,1.08
2024-12-16,referral,tablet,34,18,44.9,132.0,3.1,24,0,0.0,0.0
2024-12-16,organic_social,mobile,129,48,62.5,125.0,3.1,73,1,81.16,0.78
2024-12-16,organic_social,desktop,74,30,59.4,116.0,4.1,46,0,0.0,0.0
2024-12-16,organic_social,tablet,20,6,68.4,52.0,3.4,11,0,0.0,0.0
2024-12-17,organic_search,mobile,534,280,47.4,195.0,3.9,398,13,1960.43,2.43
2024-12-17,organic_search,desktop,454,236,47.9,95.0,2.8,327,10,1097.89,2.2
2024-12-17,organic_search,tablet,74,37,49.2,118.0,1.7,43,2,299.84,2.7
2024-12-17,paid_search,mobile,347,202,41.6,51.0,3.4,251,11,1260.05,3.17
2024-12-17,paid_search,desktop,334,217,34.7,115.0,2.9,179,13,2075.18,3.89
2024-12-17,paid_search,tablet,82,48,40.9,139.0,4.9,58,2,402.72,2.44
2024-12-17,paid_social,mobile,299,155,47.9,80.0,4.6,237,6,779.73,2.01
2024-12-17,paid_social,desktop,308,127,58.7,156.0,2.8,155,3,284.51,0.97
2024-12-17,paid_social,tablet,84,38,53.7,49.0,3.7,61,1,145.57,1.19
2024-12-17,direct,mobile,270,179,33.5,155.0,2.6,175,7,974.38,2.59
2024-12-17,direct,desktop,244,166,31.9,249.0,3.8,151,10,2006.93,4.1
2024-12-17,direct,tablet,52,37,27.7,187.0,2.6,39,1,181.73,1.92
2024-12-17,email,mobile,233,182,21.8,99.0,5.1,170,7,700.32,3.0
2024-12-17,email,desktop,118,90,23.1,120.0,3.6,90,5,1010.07,4.24
2024-12-17,email,tablet,47,33,27.9,75.0,3.9,27,1,176.73,2.13
2024-12-17,referral,mobile,178,98,44.6,206.0,4.0,116,3,537.58,1.69
2024-12-17,referral,desktop,118,62,46.8,118.0,5.1,71,2,362.87,1.69
2024-12-17,referral,tablet,21,11,47.1,69.0,3.0,15,0,0.0,0.0
2024-12-17,organic_social,mobile,83,32,61.1,195.0,3.0,60,0,0.0,0.0
2024-12-17,organic_social,desktop,76,32,57.1,117.0,4.7,60,0,0.0,0.0
2024-12-17,organic_social,tablet,17,6,61.1,157.0,3.5,11,0,0.0,0.0
2024-12-18,organic_search,mobile,706,344,51.2,119.0,1.9,468,12,1008.94,1.7
2024-12-18,organic_search,desktop,339,188,44.5,130.0,4.6,236,7,758.31,2.06
2024-12-18,organic_search,tablet,109,59,45.0,134.0,5.0,58,3,424.47,2.75
2024-12-18,paid_search,mobile,690,443,35.7,245.0,4.4,403,26,2277.88,3.77
2024-12-18,paid_search,desktop,445,254,42.8,115.0,1.3,237,10,2079.01,2.25
2024-12-18,paid_search,tablet,135,76,43.5,227.0,2.9,72,5,709.08,3.7
2024-12-18,paid_social,mobile,492,180,63.2,143.0,2.8,253,9,1148.4,1.83
2024-12-18,paid_social,desktop,284,150,47.1,81.0,3.3,201,4,734.16,1.41
2024-12-18,paid_social,tablet,101,53,47.0,109.0,3.4,66,1,141.83,0.99
2024-12-18,direct,mobile,368,249,32.3,203.0,4.2,231,10,1442.55,2.72
2024-12-18,direct,desktop,338,230,31.9,79.0,2.8,239,11,2259.09,3.25
2024-12-18,direct,tablet,100,71,28.4,128.0,2.7,75,3,244.97,3.0
2024-12-18,email,mobile,225,176,21.7,88.0,2.5,178,9,1233.31,4.0
2024-12-18,email,desktop,194,151,21.9,137.0,5.0,145,5,429.36,2.58
2024-12-18,email,tablet,50,36,27.1,136.0,2.1,29,2,295.24,4.0
2024-12-18,referral,mobile,191,86,54.7,60.0,3.1,133,3,324.38,1.57
2024-12-18,referral,desktop,160,72,54.5,195.0,2.9,88,3,428.1,1.88
2024-12-18,referral,tablet,36,18,47.6,166.0,2.2,21,0,0.0,0.0
2024-12-18,organic_social,mobile,159,75,52.5,195.0,2.8,90,2,210.09,1.26
2024-12-18,organic_social,desktop,105,40,61.0,117.0,1.8,77,1,195.8,0.95
2024-12-18,organic_social,tablet,21,6,68.4,111.0,1.9,15,0,0.0,0.0
2024-12-19,organic_search,mobile,660,346,47.5,129.0,4.4,451,14,1592.57,2.12
2024-12-19,organic_search,desktop,355,184,48.2,110.0,3.4,217,9,1505.69,2.54
2024-12-19,organic_search,tablet,102,51,49.6,80.0,3.8,58,2,347.72,1.96
2024-12-19,paid_search,mobile,673,430,36.1,70.0,4.4,357,17,3516.91,2.53
2024-12-19,paid_search,desktop,427,283,33.6,223.0,3.0,215,13,1382.15,3.04
2024-12-19,paid_search,tablet,118,73,37.4,129.0,3.1,89,4,562.56,3.39
2024-12-19,paid_social,mobile,572,241,57.8,186.0,4.7,344,11,2323.77,1.92
2024-12-19,paid_social,desktop,287,143,50.1,162.0,1.5,170,6,1177.7,2.09
2024-12-19,paid_social,tablet,112,55,50.9,92.0,4.8,64,2,311.97,1.79
2024-12-19,direct,mobile,561,390,30.4,212.0,4.8,387,14,2753.9,2.5
2024-12-19,direct,desktop,325,215,33.7,75.0,4.9,217,8,733.0,2.46
2024-12-19,direct,tablet,66,48,26.8,219.0,4.9,48,2,388.41,3.03
2024-12-19,email,mobile,222,162,26.7,153.0,3.4,119,9,1635.28,4.05
2024-12-19,email,desktop,239,181,24.1,131.0,5.0,134,10,1090.02,4.18
2024-12-19,email,tablet,45,34,23.2,90.0,4.3,34,1,152.9,2.22
2024-12-19,referral,mobile,173,82,52.6,154.0,2.1,129,3,378.15,1.73
2024-12-19,referral,desktop,96,47,51.0,134.0,4.3,74,1,203.39,1.04
2024-12-19,referral,tablet,34,15,55.7,61.0,4.3,21,0,0.0,0.0
2024-12-19,organic_social,mobile,150,49,67.0,100.0,4.4,111,2,191.56,1.33
2024-12-19,organic_social,desktop,109,51,52.8,74.0,4.2,64,1,161.46,0.92
2024-12-19,organic_social,tablet,29,12,57.5,95.0,1.5,16,0,0.0,0.0
2024-12-20,organic_search,mobile,810,489,39.6,69.0,2.8,437,15,3182.45,1.85
2024-12-20,organic_search,desktop,608,335,44.7,192.0,4.8,432,11,2063.98,1.81
2024-12-20,organic_search,tablet,100,54,45.7,156.0,4.1,55,2,369.6,2.0
2024-12-20,paid_search,mobile,582,365,37.2,208.0,1.7,305,23,1901.53,3.95
2024-12-20,paid_search,desktop,345,206,40.3,196.0,2.2,238,12,2014.84,3.48
2024-12-20,paid_search,tablet,119,71,39.8,224.0,5.2,84,4,444.05,3.36
2024-12-20,paid_social,mobile,526,233,55.6,212.0,3.3,351,7,916.13,1.33
2024-12-20,paid_social,desktop,440,169,61.4,61.0,4.4,341,8,941.27,1.82
2024-12-20,paid_social,tablet,98,50,48.3,74.0,4.8,56,1,131.44,1.02
2024-12-20,direct,mobile,511,360,29.4,76.0,3.2,295,21,3740.45,4.11
2024-12-20,direct,desktop,325,226,30.4,74.0,2.2,232,10,1261.24,3.08
2024-12-20,direct,tablet,87,62,28.7,215.0,4.6,65,3,443.45,3.45
2024-12-20,email,mobile,365,268,26.3,87.0,2.6,193,17,3209.04,4.66
2024-12-20,email,desktop,156,113,27.1,236.0,2.7,117,8,1394.47,5.13
2024-12-20,email,tablet,49,35,28.0,222.0,3.0,26,2,435.41,4.08
2024-12-20,referral,mobile,259,126,51.1,50.0,1.5,181,6,805.19,2.32
2024-12-20,referral,desktop,103,47,53.7,185.0,2.2,64,1,158.84,0.97
2024-12-20,referral,tablet,43,18,56.3,207.0,3.7,33,0,0.0,0.0
2024-12-20,organic_social,mobile,191,61,67.7,55.0,2.0,110,2,314.59,1.05
2024-12-20,organic_social,desktop,69,32,52.8,74.0,1.5,43,0,0.0,0.0
2024-12-20,organic_social,tablet,32,11,65.6,80.0,3.7,23,0,0.0,0.0
2024-12-21,organic_search,mobile,775,394,49.1,132.0,4.4,417,14,2285.77,1.81
2024-12-21,organic_search,desktop,398,215,45.8,184.0,2.1,211,12,1099.78,3.02
2024-12-21,organic_search,tablet,128,68,46.1,137.0,2.4,75,3,506.57,2.34
2024-12-21,paid_search,mobile,703,466,33.6,242.0,1.8,480,17,3072.97,2.42
2024-12-21,paid_search,desktop,324,218,32.6,55.0,5.0,214,12,1814.46,3.7
2024-12-21,paid_search,tablet,125,78,37.1,105.0,2.5,86,3,435.54,2.4
2024-12-21,paid_social,mobile,411,191,53.3,155.0,4.6,327,7,1255.66,1.7
2024-12-21,paid_social,desktop,437,177,59.4,132.0,3.7,272,8,679.68,1.83
2024-12-21,paid_social,tablet,92,40,55.7,112.0,3.7,51,2,233.06,2.17
2024-12-21,direct,mobile,544,372,31.5,107.0,4.5,283,17,3078.76,3.12
2024-12-21,direct,desktop,276,199,27.9,226.0,4.1,203,11,2039.23,3.99
2024-12-21,direct,tablet,79,54,31.6,189.0,4.9,57,1,203.3,1.27
2024-12-21,email,mobile,263,201,23.3,76.0,1.5,155,13,1376.17,4.94
2024-12-21,email,desktop,146,106,27.3,177.0,1.7,104,6,692.11,4.11
2024-12-21,email,tablet,55,43,21.3,94.0,5.5,42,2,370.05,3.64
2024-12-21,referral,mobile,247,139,43.7,73.0,5.2,134,4,486.99,1.62
2024-12-21,referral,desktop,119,52,55.7,212.0,2.2,84,1,145.73,0.84
2024-12-21,referral,tablet,28,13,51.5,122.0,2.4,18,0,0.0,0.0
2024-12-21,organic_social,mobile,118,40,65.7,99.0,4.5,81,1,156.3,0.85
2024-12-21,organic_social,desktop,83,28,65.5,59.0,4.6,48,1,97.78,1.2
2024-12-21,organic_social,tablet,30,14,51.7,69.0,4.2,22,0,0.0,0.0
2024-12-22,organic_search,mobile,853,525,38.4,182.0,4.3,587,18,2349.62,2.11
2024-12-22,organic_search,desktop,564,315,44.0,127.0,3.0,385,14,1245.93,2.48
2024-12-22,organic_search,tablet,127,74,41.5,181.0,3.8,85,2,197.48,1.57
2024-12-22,paid_search,mobile,616,391,36.5,135.0,3.0,338,22,4599.83,3.57
2024-12-22,paid_search,desktop,424,260,38.7,104.0,3.6,337,17,2750.69,4.01
2024-12-22,paid_search,tablet,124,82,33.8,221.0,3.8,92,3,365.45,2.42
2024-12-22,paid_social,mobile,438,167,61.7,44.0,1.9,345,5,662.39,1.14
2024-12-22,paid_social,desktop,258,131,49.1,119.0,1.5,189,5,897.12,1.94
2024-12-22,paid_social,tablet,98,46,52.1,142.0,4.4,71,1,150.74,1.02
2024-12-22,direct,mobile,526,357,32.1,225.0,3.6,345,21,3672.15,3.99
2024-12-22,direct,desktop,323,235,27.0,113.0,3.9,164,13,2743.8,4.02
2024-12-22,direct,tablet,95,65,30.5,215.0,2.4,67,3,300.06,3.16
2024-12-22,email,mobile,319,235,26.2,218.0,3.4,198,9,1654.73,2.82
2024-12-22,email,desktop,174,124,28.2,242.0,2.8,119,8,1422.45,4.6
2024-12-22,email,tablet,61,43,28.7,69.0,1.8,39,2,272.05,3.28
2024-12-22,referral,mobile,169,95,43.6,108.0,4.4,128,4,852.79,2.37
2024-12-22,referral,desktop,131,70,45.9,194.0,2.8,92,2,199.43,1.53
2024-12-22,referral,tablet,39,20,48.4,198.0,4.4,19,0,0.0,0.0
2024-12-22,organic_social,mobile,118,41,64.6,132.0,3.6,60,1,170.1,0.85
2024-12-22,organic_social,desktop,121,58,51.4,222.0,1.5,92,1,111.66,0.83
2024-12-22,organic_social,tablet,21,9,53.0,184.0,2.2,16,0,0.0,0.0
2024-12-23,organic_search,mobile,421,240,42.9,156.0,3.5,335,10,894.83,2.38
2024-12-23,organic_search,desktop,387,218,43.6,147.0,1.5,230,11,1395.85,2.84
2024-12-23,organic_search,tablet,104,54,47.7,210.0,2.4,75,1,191.61,0.96
2024-12-23,paid_search,mobile,366,225,38.3,54.0,3.5,275,13,1743.41,3.55
2024-12-23,paid_search,desktop,220,148,32.6,123.0,1.7,116,8,939.19,3.64
2024-12-23,paid_search,tablet,88,54,38.6,124.0,4.1,66,2,286.77,2.27
2024-12-23,paid_social,mobile,473,251,46.8,203.0,2.2,361,6,840.68,1.27
2024-12-23,paid_social,desktop,199,103,47.9,130.0,2.5,108,4,410.71,2.01
2024-12-23,paid_social,tablet,80,29,62.7,159.0,1.7,53,1,129.52,1.25
2024-12-23,direct,mobile,334,238,28.7,161.0,4.9,187,13,1255.65,3.89
2024-12-23,direct,desktop,185,126,31.4,123.0,4.4,108,7,837.67,3.78
2024-12-23,direct,tablet,68,49,26.9,147.0,1.5,42,2,352.83,2.94
2024-12-23,email,mobile,198,154,22.0,256.0,4.6,154,5,431.86,2.53
2024-12-23,email,desktop,111,82,25.5,150.0,4.1,57,3,251.26,2.7
2024-12-23,email,tablet,37,28,21.9,126.0,3.8,24,1,146.05,2.7
2024-12-23,referral,mobile,142,73,48.3,184.0,1.8,107,2,265.18,1.41
2024-12-23,referral,desktop,90,41,53.4,124.0,2.2,61,2,408.49,2.22
2024-12-23,referral,tablet,23,10,54.4,119.0,3.4,12,0,0.0,0.0
2024-12-23,organic_social,mobile,126,50,59.8,172.0,3.2,76,1,198.58,0.79
2024-12-23,organic_social,desktop,69,29,57.3,161.0,4.9,43,0,0.0,0.0
2024-12-23,organic_social,tablet,26,11,54.4,156.0,3.0,17,0,0.0,0.0
2024-12-24,organic_search,mobile,684,335,50.9,212.0,2.3,443,16,3010.11,2.34
2024-12-24,organic_search,desktop,468,266,43.0,76.0,4.5,291,12,2063.81,2.56
2024-12-24,organic_search,tablet,103,54,46.9,146.0,2.6,64,2,251.02,1.94
2024-12-24,paid_search,mobile,347,201,41.9,197.0,1.4,235,10,915.9,2.88
2024-12-24,paid_search,desktop,323,211,34.5,247.0,4.4,191,8,767.55,2.48
2024-12-24,paid_search,tablet,74,44,39.7,59.0,4.4,56,2,235.98,2.7
2024-12-24,paid_social,mobile,336,175,47.8,100.0,1.6,213,4,551.99,1.19
2024-12-24,paid_social,desktop,213,111,47.9,197.0,2.4,115,4,640.6,1.88
2024-12-24,paid_social,tablet,68,27,59.6,67.0,4.9,53,1,115.7,1.47
2024-12-24,direct,mobile,372,269,27.4,207.0,4.9,221,15,2426.26,4.03
2024-12-24,direct,desktop,270,179,33.6,132.0,4.0,179,9,1582.56,3.33
2024-12-24,direct,tablet,55,39,28.4,93.0,3.0,40,2,427.86,3.64
2024-12-24,email,mobile,175,124,28.7,224.0,4.6,89,8,1660.1,4.57
2024-12-24,email,desktop,136,105,22.8,76.0,2.9,70,6,1051.44,4.41
2024-12-24,email,tablet,47,35,24.4,62.0,2.5,25,1,152.48,2.13
2024-12-24,referral,mobile,199,103,48.2,166.0,2.4,106,4,601.65,2.01
2024-12-24,referral,desktop,75,40,45.4,127.0,1.4,51,1,113.04,1.33
2024-12-24,referral,tablet,35,19,43.2,101.0,1.5,18,0,0.0,0.0
2024-12-24,organic_social,mobile,141,51,63.8,185.0,4.2,107,2,283.33,1.42
2024-12-24,organic_social,desktop,52,19,62.7,124.0,4.1,41,0,0.0,0.0
2024-12-24,organic_social,tablet,24,7,66.7,106.0,2.5,18,0,0.0,0.0
2024-12-25,organic_search,mobile,940,493,47.5,125.0,4.5,582,28,3652.63,2.98
2024-12-25,organic_search,desktop,348,198,43.0,112.0,5.0,263,8,813.19,2.3
2024-12-25,organic_search,tablet,133,69,47.8,133.0,4.1,92,2,370.71,1.5
2024-12-25,paid_search,mobile,507,294,41.8,65.0,3.7,297,16,3036.6,3.16
2024-12-25,paid_search,desktop,468,266,43.1,66.0,4.7,251,10,1814.0,2.14
2024-12-25,paid_search,tablet,89,57,35.2,167.0,3.6,55,3,362.86,3.37
2024-12-25,paid_social,mobile,557,285,48.7,205.0,3.3,381,12,1307.89,2.15
2024-12-25,paid_social,desktop,296,146,50.4,121.0,3.0,172,5,587.15,1.69
2024-12-25,paid_social,tablet,86,31,62.8,49.0,1.2,56,1,196.46,1.16
2024-12-25,direct,mobile,542,373,31.0,249.0,3.5,287,20,1990.2,3.69
2024-12-25,direct,desktop,273,201,26.1,120.0,2.7,178,9,1616.57,3.3
2024-12-25,direct,tablet,82,57,29.7,148.0,5.4,59,2,173.43,2.44
2024-12-25,email,mobile,263,193,26.3,213.0,2.3,199,9,961.31,3.42
2024-12-25,email,desktop,178,130,26.9,96.0,1.5,132,6,1028.3,3.37
2024-12-25,email,tablet,66,47,27.9,224.0,2.7,42,2,373.06,3.03
2024-12-25,referral,mobile,200,101,49.1,100.0,1.8,140,4,554.01,2.0
2024-12-25,referral,desktop,101,57,43.4,84.0,5.1,74,2,354.4,1.98
2024-12-25,referral,tablet,42,19,53.8,197.0,1.4,31,0,0.0,0.0
2024-12-25,organic_social,mobile,146,59,59.4,156.0,1.8,97,1,164.99,0.68
2024-12-25,organic_social,desktop,94,32,65.1,126.0,3.0,73,1,140.14,1.06
2024-12-25,organic_social,tablet,24,11,51.7,206.0,1.7,15,0,0.0,0.0
2024-12-26,organic_search,mobile,597,331,44.4,202.0,3.4,412,17,3400.58,2.85
2024-12-26,organic_search,desktop,496,268,45.8,127.0,3.7,361,15,1639.47,3.02
2024-12-26,organic_search,tablet,159,95,39.8,117.0,1.3,89,3,622.84,1.89
2024-12-26,paid_search,mobile,775,497,35.8,177.0,2.9,487,26,4725.01,3.35
2024-12-26,paid_search,desktop,463,278,39.9,103.0,2.8,311,10,1084.84,2.16
2024-12-26,paid_search,tablet,101,58,41.7,129.0,2.5,72,3,450.92,2.97
2024-12-26,paid_social,mobile,456,190,58.1,46.0,1.9,332,8,754.53,1.75
2024-12-26,paid_social,desktop,322,128,60.0,184.0,4.7,168,5,422.92,1.55
2024-12-26,paid_social,tablet,81,33,58.6,59.0,3.5,56,1,202.68,1.23
2024-12-26,direct,mobile,489,339,30.6,199.0,3.7,317,14,2430.27,2.86
2024-12-26,direct,desktop,240,167,30.4,209.0,4.1,166,6,541.08,2.5
2024-12-26,direct,tablet,103,73,28.9,147.0,3.5,75,3,413.77,2.91
2024-12-26,email,mobile,251,189,24.5,200.0,1.6,169,10,1036.76,3.98
2024-12-26,email,desktop,158,124,21.3,229.0,3.1,122,5,700.4,3.16
2024-12-26,email,tablet,66,51,22.7,130.0,3.8,35,2,228.28,3.03
2024-12-26,referral,mobile,215,104,51.2,192.0,3.7,167,4,628.05,1.86
2024-12-26,referral,desktop,150,76,49.0,62.0,2.0,84,2,162.95,1.33
2024-12-26,referral,tablet,44,22,48.3,144.0,3.6,33,0,0.0,0.0
2024-12-26,organic_social,mobile,151,73,51.1,70.0,4.2,80,1,117.94,0.66
2024-12-26,organic_social,desktop,76,28,63.0,183.0,3.9,45,0,0.0,0.0
2024-12-26,organic_social,tablet,20,8,57.1,64.0,3.7,11,0,0.0,0.0
2024-12-27,organic_search,mobile,837,454,45.7,74.0,3.7,582,25,4790.09,2.99
2024-12-27,organic_search,desktop,585,310,46.9,163.0,4.8,448,11,1278.01,1.88
2024-12-27,organic_search,tablet,125,63,49.5,109.0,3.9,84,3,435.02,2.4
2024-12-27,paid_search,mobile,559,329,41.0,123.0,1.8,306,16,2589.03,2.86
2024-12-27,paid_search,desktop,421,246,41.5,112.0,3.7,269,13,1632.57,3.09
2024-12-27,paid_search,tablet,77,45,41.1,113.0,3.6,58,1,174.47,1.3
2024-12-27,paid_social,mobile,431,174,59.6,76.0,4.2,224,5,1044.96,1.16
2024-12-27,paid_social,desktop,310,132,57.2,103.0,3.7,194,6,1067.0,1.94
2024-12-27,paid_social,tablet,102,45,55.8,193.0,2.0,63,1,198.52,0.98
2024-12-27,direct,mobile,444,308,30.4,226.0,1.9,341,11,2048.58,2.48
2024-12-27,direct,desktop,349,242,30.4,150.0,3.4,242,10,1090.49,2.87
2024-12-27,direct,tablet,97,64,33.9,149.0,1.5,50,3,621.8,3.09
2024-12-27,email,mobile,260,192,25.9,230.0,5.5,131,9,929.34,3.46
2024-12-27,email,desktop,145,108,25.0,190.0,1.7,96,5,947.51,3.45
2024-12-27,email,tablet,49,35,28.5,58.0,1.8,30,2,419.75,4.08
2024-12-27,referral,mobile,260,128,50.7,65.0,2.2,180,6,718.16,2.31
2024-12-27,referral,desktop,164,83,49.3,81.0,3.5,87,2,338.53,1.22
2024-12-27,referral,tablet,45,20,54.6,93.0,1.8,29,0,0.0,0.0
2024-12-27,organic_social,mobile,115,38,66.7,151.0,3.7,71,1,101.85,0.87
2024-12-27,organic_social,desktop,76,35,53.4,150.0,4.5,51,1,110.82,1.32
2024-12-27,organic_social,tablet,35,13,62.6,92.0,4.8,22,0,0.0,0.0
2024-12-28,organic_search,mobile,961,569,40.7,67.0,4.2,556,16,1719.33,1.66
2024-12-28,organic_search,desktop,521,274,47.3,73.0,1.5,265,14,2751.91,2.69
2024-12-28,organic_search,tablet,104,58,43.4,132.0,4.5,80,3,388.35,2.88
2024-12-28,paid_search,mobile,776,452,41.7,161.0,2.1,400,24,2691.04,3.09
2024-12-28,paid_search,desktop,481,299,37.8,136.0,3.1,372,15,2479.36,3.12
2024-12-28,paid_search,tablet,130,84,34.7,163.0,4.4,93,3,517.46,2.31
2024-12-28,paid_social,mobile,612,237,61.3,187.0,2.5,473,12,1367.98,1.96
2024-12-28,paid_social,desktop,413,214,48.0,224.0,3.1,214,8,1200.13,1.94
2024-12-28,paid_social,tablet,86,39,53.8,134.0,3.1,64,1,101.29,1.16
2024-12-28,direct,mobile,399,281,29.5,222.0,4.1,255,13,2190.66,3.26
2024-12-28,direct,desktop,312,223,28.4,143.0,3.2,225,8,998.08,2.56
2024-12-28,direct,tablet,104,73,29.0,52.0,5.2,83,2,169.36,1.92
2024-12-28,email,mobile,221,168,23.9,178.0,4.8,167,10,1050.52,4.52
2024-12-28,email,desktop,216,168,21.9,95.0,3.3,129,8,1723.42,3.7
2024-12-28,email,tablet,45,34,23.7,90.0,4.0,35,1,202.82,2.22
2024-12-28,referral,mobile,269,130,51.5,178.0,5.0,140,4,458.82,1.49
2024-12-28,referral,desktop,158,87,44.3,102.0,3.8,98,2,318.65,1.27
2024-12-28,referral,tablet,32,15,50.5,139.0,4.9,16,0,0.0,0.0
2024-12-28,organic_social,mobile,172,74,56.4,105.0,2.9,87,1,128.79,0.58
2024-12-28,organic_social,desktop,116,38,66.9,51.0,4.1,79,1,188.64,0.86
2024-12-28,organic_social,tablet,24,9,62.0,120.0,4.1,12,0,0.0,0.0
2024-12-29,organic_search,mobile,685,371,45.8,60.0,1.4,427,18,1867.25,2.63
2024-12-29,organic_search,desktop,432,233,45.9,202.0,3.7,299,10,1351.7,2.31
2024-12-29,organic_search,tablet,127,65,48.7,54.0,1.7,66,2,272.56,1.57
2024-12-29,paid_search,mobile,583,348,40.2,183.0,2.1,417,16,1339.61,2.74
2024-12-29,paid_search,desktop,271,173,35.9,198.0,3.1,193,9,1817.65,3.32
2024-12-29,paid_search,tablet,112,65,41.6,67.0,2.7,62,4,866.48,3.57
2024-12-29,paid_social,mobile,587,248,57.7,146.0,3.7,311,8,1112.14,1.36
2024-12-29,paid_social,desktop,434,228,47.3,104.0,3.0,307,10,1242.86,2.3
2024-12-29,paid_social,tablet,78,38,51.0,83.0,3.5,43,1,202.76,1.28
2024-12-29,direct,mobile,467,332,28.8,103.0,3.0,363,14,2364.74,3.0
2024-12-29,direct,desktop,332,235,28.9,217.0,4.9,222,9,1550.35,2.71
2024-12-29,direct,tablet,83,56,32.0,65.0,3.8,56,2,398.6,2.41
2024-12-29,email,mobile,268,210,21.5,92.0,3.7,209,12,1000.61,4.48
2024-12-29,email,desktop,142,105,25.6,252.0,2.5,111,5,868.59,3.52
2024-12-29,email,tablet,67,49,25.8,220.0,2.7,49,3,603.25,4.48
2024-12-29,referral,mobile,188,83,55.5,163.0,2.8,138,3,480.35,1.6
2024-12-29,referral,desktop,169,92,45.3,158.0,2.6,124,2,335.42,1.18
2024-12-29,referral,tablet,46,24,47.5,108.0,5.0,27,1,169.88,2.17
2024-12-29,organic_social,mobile,162,68,57.8,82.0,4.3,102,1,92.83,0.62
2024-12-29,organic_social,desktop,101,32,68.0,100.0,2.4,69,0,0.0,0.0
2024-12-29,organic_social,tablet,34,14,57.3,150.0,3.6,22,0,0.0,0.0
2024-12-30,organic_search,mobile,716,351,50.9,186.0,4.5,447,16,2302.26,2.23
2024-12-30,organic_search,desktop,328,166,49.3,70.0,3.4,196,7,957.13,2.13
2024-12-30,organic_search,tablet,108,60,44.3,79.0,4.0,66,3,356.66,2.78
2024-12-30,paid_search,mobile,471,268,43.0,127.0,3.2,343,14,1418.69,2.97
2024-12-30,paid_search,desktop,235,149,36.3,195.0,3.2,155,5,891.38,2.13
2024-12-30,paid_search,tablet,94,60,35.4,179.0,1.7,55,3,644.85,3.19
2024-12-30,paid_social,mobile,413,214,47.9,206.0,3.2,292,8,1372.72,1.94
2024-12-30,paid_social,desktop,210,111,46.8,125.0,3.1,145,3,266.13,1.43
2024-12-30,paid_social,tablet,58,28,50.3,50.0,4.5,39,1,160.71,1.72
2024-12-30,direct,mobile,276,199,27.8,218.0,2.9,183,9,1426.61,3.26
2024-12-30,direct,desktop,227,157,30.5,120.0,5.4,145,5,687.88,2.2
2024-12-30,direct,tablet,59,41,29.9,130.0,5.1,45,2,331.21,3.39
2024-12-30,email,mobile,194,147,24.2,144.0,2.2,119,10,1557.47,5.15
2024-12-30,email,desktop,155,121,21.5,100.0,2.2,117,4,323.01,2.58
2024-12-30,email,tablet,33,24,26.2,143.0,3.1,24,1,163.1,3.03
2024-12-30,referral,mobile,127,61,51.4,220.0,1.3,97,3,539.84,2.36
2024-12-30,referral,desktop,107,61,42.5,82.0,4.0,57,2,374.88,1.87
2024-12-30,referral,tablet,34,16,51.0,199.0,1.4,20,0,0.0,0.0
2024-12-30,organic_social,mobile,117,52,54.8,94.0,1.4,83,1,188.64,0.85
2024-12-30,organic_social,desktop,91,30,66.0,189.0,4.0,61,1,139.48,1.1
2024-12-30,organic_social,tablet,25,9,61.8,133.0,4.6,15,0,0.0,0.0
2024-12-31,organic_search,mobile,635,377,40.6,229.0,1.4,447,19,2179.81,2.99
2024-12-31,organic_search,desktop,285,146,48.7,175.0,4.2,152,7,1451.46,2.46
2024-12-31,organic_search,tablet,78,39,49.7,71.0,2.5,60,1,201.37,1.28
2024-12-31,paid_search,mobile,546,366,32.9,53.0,1.8,378,16,3318.1,2.93
2024-12-31,paid_search,desktop,220,137,37.4,236.0,3.4,143,7,1403.05,3.18
2024-12-31,paid_search,tablet,93,60,34.5,50.0,3.9,56,3,240.5,3.23
2024-12-31,paid_social,mobile,383,189,50.4,170.0,1.6,198,6,1175.51,1.57
2024-12-31,paid_social,desktop,260,107,58.8,65.0,3.5,189,5,1004.88,1.92
2024-12-31,paid_social,tablet,93,47,48.4,144.0,2.9,70,1,129.64,1.08
2024-12-31,direct,mobile,432,319,26.1,240.0,2.0,344,16,1535.97,3.7
2024-12-31,direct,desktop,207,147,28.9,99.0,4.0,148,7,946.47,3.38
2024-12-31,direct,tablet,78,55,29.2,222.0,1.5,47,3,590.11,3.85
2024-12-31,email,mobile,160,119,25.4,222.0,2.8,82,8,1552.71,5.0
2024-12-31,email,desktop,115,84,26.3,126.0,1.8,68,3,292.64,2.61
2024-12-31,email,tablet,52,40,21.4,147.0,5.4,30,2,438.21,3.85
2024-12-31,referral,mobile,204,90,55.4,194.0,4.8,152,5,491.28,2.45
2024-12-31,referral,desktop,76,42,43.8,49.0,5.0,49,1,178.69,1.32
2024-12-31,referral,tablet,26,12,50.9,97.0,3.1,18,0,0.0,0.0
2024-12-31,organic_social,mobile,127,54,56.8,136.0,3.7,87,1,148.2,0.79
2024-12-31,organic_social,desktop,66,28,56.3,118.0,1.7,33,0,0.0,0.0
2024-12-31,organic_social,tablet,14,4,66.6,189.0,1.7,8,0,0.0,0.0
2025-01-01,organic_search,mobile,773,389,49.6,161.0,4.8,580,25,4490.87,3.23
2025-01-01,organic_search,desktop,586,361,38.3,84.0,4.3,294,14,2654.15,2.39
2025-01-01,organic_search,tablet,143,71,49.7,141.0,3.8,93,3,550.57,2.1
2025-01-01,paid_search,mobile,596,346,41.9,69.0,3.5,470,14,2265.92,2.35
2025-01-01,paid_search,desktop,282,177,37.1,151.0,1.8,159,10,1317.57,3.55
2025-01-01,paid_search,tablet,122,71,41.7,162.0,4.5,96,4,788.68,3.28
2025-01-01,paid_social,mobile,408,184,54.7,131.0,3.6,257,5,725.66,1.23
2025-01-01,paid_social,desktop,310,162,47.5,128.0,2.9,172,4,418.0,1.29
2025-01-01,paid_social,tablet,118,49,58.0,211.0,2.1,71,1,191.58,0.85
2025-01-01,direct,mobile,587,430,26.7,149.0,1.7,344,15,2294.08,2.56
2025-01-01,direct,desktop,274,183,32.9,117.0,2.6,175,10,2080.34,3.65
2025-01-01,direct,tablet,58,42,27.4,146.0,5.1,29,1,88.55,1.72
2025-01-01,email,mobile,325,234,27.8,221.0,2.3,250,10,2084.16,3.08
2025-01-01,email,desktop,227,176,22.1,228.0,4.0,140,11,1714.96,4.85
2025-01-01,email,tablet,58,42,26.0,191.0,5.5,42,2,392.59,3.45
2025-01-01,referral,mobile,263,138,47.3,126.0,5.0,137,4,522.91,1.52
2025-01-01,referral,desktop,134,73,44.9,131.0,2.8,70,3,253.08,2.24
2025-01-01,referral,tablet,35,15,54.6,54.0,2.3,25,0,0.0,0.0
2025-01-01,organic_social,mobile,138,55,59.6,72.0,4.4,91,1,180.17,0.72
2025-01-01,organic_social,desktop,99,31,67.8,176.0,1.5,71,1,184.04,1.01
2025-01-01,organic_social,tablet,23,10,56.1,171.0,1.8,13,0,0.0,0.0
2025-01-02,organic_search,mobile,747,411,44.9,167.0,4.7,462,19,2776.01,2.54
2025-01-02,organic_search,desktop,590,346,41.2,87.0,5.2,362,11,1248.68,1.86
2025-01-02,organic_search,tablet,149,78,47.6,126.0,3.1,117,3,333.9,2.01
2025-01-02,paid_search,mobile,629,356,43.4,119.0,4.4,394,21,2106.29,3.34
2025-01-02,paid_search,desktop,292,194,33.4,216.0,3.5,211,7,1113.48,2.4
2025-01-02,paid_search,tablet,119,73,38.3,102.0,2.3,68,3,610.93,2.52
2025-01-02,paid_social,mobile,412,185,55.0,122.0,3.2,242,6,918.43,1.46
2025-01-02,paid_social,desktop,412,183,55.6,62.0,4.0,289,6,1237.52,1.46
2025-01-02,paid_social,tablet,73,28,61.6,88.0,3.2,57,1,183.73,1.37
2025-01-02,direct,mobile,483,346,28.2,143.0,5.1,367,16,2794.33,3.31
2025-01-02,direct,desktop,227,153,32.6,98.0,1.4,121,10,1243.67,4.41
2025-01-02,direct,tablet,105,74,29.0,85.0,3.5,75,3,352.01,2.86
2025-01-02,email,mobile,311,244,21.5,148.0,2.9,176,15,3156.35,4.82
2025-01-02,email,desktop,169,124,26.1,123.0,3.3,93,8,1012.08,4.73
2025-01-02,email,tablet,69,50,26.5,229.0,3.4,50,2,194.24,2.9
2025-01-02,referral,mobile,152,81,46.6,100.0,2.1,89,3,444.93,1.97
2025-01-02,referral,desktop,154,84,45.3,188.0,2.1,89,3,417.95,1.95
2025-01-02,referral,tablet,36,19,45.0,231.0,3.6,18,0,0.0,0.0
2025-01-02,organic_social,mobile,147,48,66.8,183.0,1.8,73,2,429.31,1.36
2025-01-02,organic_social,desktop,102,37,63.6,198.0,4.6,55,0,0.0,0.0
2025-01-02,organic_social,tablet,23,7,67.1,103.0,3.8,14,0,0.0,0.0
2025-01-03,organic_search,mobile,937,537,42.6,170.0,2.5,649,23,3520.05,2.45
2025-01-03,organic_search,desktop,377,187,50.3,169.0,2.6,225,7,1383.49,1.86
2025-01-03,organic_search,tablet,175,103,40.9,221.0,4.2,136,4,422.86,2.29
2025-01-03,paid_search,mobile,742,455,38.6,88.0,2.2,477,18,1998.08,2.43
2025-01-03,paid_search,desktop,469,316,32.6,224.0,2.6,288,12,1962.63,2.56
2025-01-03,paid_search,tablet,101,64,35.6,216.0,5.0,77,3,515.44,2.97
2025-01-03,paid_social,mobile,557,279,49.8,211.0,3.3,434,8,1301.08,1.44
2025-01-03,paid_social,desktop,297,153,48.2,127.0,1.7,152,6,1218.68,2.02
2025-01-03,paid_social,tablet,73,33,54.0,129.0,3.0,50,1,144.67,1.37
2025-01-03,direct,mobile,502,356,29.1,66.0,2.7,281,15,1973.64,2.99
2025-01-03,direct,desktop,252,171,31.9,216.0,4.4,197,11,2302.27,4.37
2025-01-03,direct,tablet,94,66,29.7,52.0,2.8,58,3,368.43,3.19
2025-01-03,email,mobile,344,248,27.7,250.0,4.7,175,18,2326.52,5.23
2025-01-03,email,desktop,203,154,24.0,176.0,2.4,158,6,926.46,2.96
2025-01-03,email,tablet,58,44,22.6,154.0,4.9,31,2,299.76,3.45
2025-01-03,referral,mobile,210,96,54.2,181.0,4.8,149,4,323.03,1.9
2025-01-03,referral,desktop,165,85,47.9,180.0,4.9,126,3,374.76,1.82
2025-01-03,referral,tablet,30,14,51.9,157.0,4.7,23,0,0.0,0.0
2025-01-03,organic_social,mobile,135,63,52.7,134.0,3.0,102,1,212.58,0.74
2025-01-03,organic_social,desktop,91,33,63.3,72.0,1.5,69,1,132.8,1.1
2025-01-03,organic_social,tablet,22,10,52.1,145.0,3.0,11,0,0.0,0.0
2025-01-04,organic_search,mobile,538,328,38.9,126.0,3.0,374,17,2625.81,3.16
2025-01-04,organic_search,desktop,445,226,49.0,215.0,2.3,310,9,1182.75,2.02
2025-01-04,organic_search,tablet,126,69,44.6,66.0,4.6,99,2,206.83,1.59
2025-01-04,paid_search,mobile,448,299,33.2,180.0,4.3,331,14,2107.91,3.12
2025-01-04,paid_search,desktop,303,203,32.7,245.0,3.5,197,11,1603.09,3.63
2025-01-04,paid_search,tablet,118,77,34.2,92.0,2.3,77,3,620.44,2.54
2025-01-04,paid_social,mobile,590,314,46.8,205.0,4.5,455,10,1358.62,1.69
2025-01-04,paid_social,desktop,417,167,59.7,99.0,3.8,323,9,940.26,2.16
2025-01-04,paid_social,tablet,108,53,50.2,174.0,4.2,75,2,372.9,1.85
2025-01-04,direct,mobile,323,233,27.8,211.0,3.1,249,14,1685.66,4.33
2025-01-04,direct,desktop,298,205,31.2,204.0,1.6,213,8,704.43,2.68
2025-01-04,direct,tablet,85,57,32.9,173.0,1.7,61,2,311.63,2.35
2025-01-04,email,mobile,282,219,22.2,243.0,3.3,152,11,1031.38,3.9
2025-01-04,email,desktop,163,119,26.7,64.0,5.2,97,8,686.27,4.91
2025-01-04,email,tablet,44,34,22.2,165.0,1.5,28,1,187.95,2.27
2025-01-04,referral,mobile,187,88,52.7,150.0,3.7,122,3,645.44,1.6
2025-01-04,referral,desktop,119,57,52.0,86.0,2.7,80,2,360.86,1.68
2025-01-04,referral,tablet,41,19,52.5,202.0,1.4,22,0,0.0,0.0
2025-01-04,organic_social,mobile,112,41,63.1,120.0,3.5,76,1,107.88,0.89
2025-01-04,organic_social,desktop,99,30,68.9,159.0,3.2,51,1,113.44,1.01
2025-01-04,organic_social,tablet,20,6,65.4,95.0,4.6,14,0,0.0,0.0
2025-01-05,organic_search,mobile,950,573,39.6,72.0,2.7,536,24,4062.09,2.53
2025-01-05,organic_search,desktop,621,337,45.6,169.0,2.6,495,13,2249.38,2.09
2025-01-05,organic_search,tablet,162,91,43.7,80.0,4.7,121,4,717.9,2.47
2025-01-05,paid_search,mobile,697,454,34.8,68.0,5.1,526,17,1789.7,2.44
2025-01-05,paid_search,desktop,290,173,40.0,104.0,3.1,146,7,576.93,2.41
2025-01-05,paid_search,tablet,98,58,40.3,218.0,1.4,72,2,295.77,2.04
2025-01-05,paid_social,mobile,506,224,55.7,170.0,2.0,305,7,1127.37,1.38
2025-01-05,paid_social,desktop,360,166,53.6,95.0,2.4,245,5,716.18,1.39
2025-01-05,paid_social,tablet,97,40,57.9,68.0,3.6,65,2,424.03,2.06
2025-01-05,direct,mobile,553,367,33.6,90.0,2.5,376,22,3594.02,3.98
2025-01-05,direct,desktop,226,164,27.2,53.0,4.9,176,9,1924.95,3.98
2025-01-05,direct,tablet,83,58,29.5,223.0,2.6,57,3,243.16,3.61
2025-01-05,email,mobile,270,202,25.2,192.0,5.1,207,13,1369.91,4.81
2025-01-05,email,desktop,238,178,25.1,149.0,2.6,139,11,1568.16,4.62
2025-01-05,email,tablet,39,29,25.2,78.0,2.8,30,1,106.28,2.56
2025-01-05,referral,mobile,213,104,50.9,164.0,1.8,169,3,458.34,1.41
2025-01-05,referral,desktop,168,71,57.4,99.0,4.0,131,3,585.37,1.79
2025-01-05,referral,tablet,30,16,44.6,171.0,3.3,21,0,0.0,0.0
2025-01-05,organic_social,mobile,183,58,68.1,186.0,2.8,118,1,141.83,0.55
2025-01-05,organic_social,desktop,121,43,64.2,190.0,1.2,72,1,130.02,0.83
2025-01-05,organic_social,tablet,34,13,60.0,109.0,3.7,24,0,0.0,0.0
2025-01-06,organic_search,mobile,521,280,46.2,184.0,3.6,397,9,1409.97,1.73
2025-01-06,organic_search,desktop,314,173,44.9,129.0,3.4,169,5,890.01,1.59
2025-01-06,organic_search,tablet,133,68,48.7,158.0,5.0,97,3,479.38,2.26
2025-01-06,paid_search,mobile,412,233,43.4,179.0,2.4,324,11,1768.5,2.67
2025-01-06,paid_search,desktop,239,149,37.3,92.0,1.5,122,6,1214.99,2.51
2025-01-06,paid_search,tablet,78,48,38.3,67.0,4.0,46,1,93.0,1.28
2025-01-06,paid_social,mobile,423,220,48.0,188.0,4.5,336,9,1103.59,2.13
2025-01-06,paid_social,desktop,297,136,54.1,199.0,2.9,215,4,346.81,1.35
2025-01-06,paid_social,tablet,74,28,61.3,167.0,2.2,54,1,91.96,1.35
2025-01-06,direct,mobile,431,285,33.9,205.0,4.2,238,11,964.2,2.55
2025-01-06,direct,desktop,240,178,25.6,187.0,1.7,191,9,1768.71,3.75
2025-01-06,direct,tablet,56,39,28.9,107.0,4.7,39,1,103.4,1.79
2025-01-06,email,mobile,238,172,27.7,133.0,4.4,165,12,1606.42,5.04
2025-01-06,email,desktop,102,75,26.2,175.0,4.2,75,4,872.12,3.92
2025-01-06,email,tablet,31,22,26.8,191.0,2.4,20,1,94.01,3.23
2025-01-06,referral,mobile,137,76,44.1,139.0,1.9,81,2,282.87,1.46
2025-01-06,referral,desktop,122,53,56.2,144.0,2.1,97,2,297.3,1.64
2025-01-06,referral,tablet,33,17,46.1,106.0,2.7,24,0,0.0,0.0
2025-01-06,organic_social,mobile,97,35,63.7,64.0,4.6,54,1,97.38,1.03
2025-01-06,organic_social,desktop,51,17,66.6,76.0,4.5,37,0,0.0,0.0
2025-01-06,organic_social,tablet,21,8,59.2,169.0,2.3,16,0,0.0,0.0
2025-01-07,organic_search,mobile,715,377,47.2,180.0,1.9,505,23,2442.94,3.22
2025-01-07,organic_search,desktop,451,245,45.5,164.0,1.5,230,13,1300.48,2.88
2025-01-07,organic_search,tablet,111,59,46.0,173.0,3.8,57,2,303.62,1.8
2025-01-07,paid_search,mobile,502,302,39.8,159.0,5.0,398,17,3376.7,3.39
2025-01-07,paid_search,desktop,332,211,36.4,78.0,1.9,257,8,1558.56,2.41
2025-01-07,paid_search,tablet,85,54,35.6,155.0,2.7,59,3,537.08,3.53
2025-01-07,paid_social,mobile,464,192,58.5,141.0,4.4,318,6,1065.69,1.29
2025-01-07,paid_social,desktop,204,97,52.0,84.0,2.6,102,4,734.38,1.96
2025-01-07,paid_social,tablet,66,34,47.2,224.0,4.7,44,1,173.33,1.52
2025-01-07,direct,mobile,340,226,33.5,132.0,1.6,200,10,1112.93,2.94
2025-01-07,direct,desktop,162,119,26.0,164.0,1.7,100,5,895.72,3.09
2025-01-07,direct,tablet,47,32,31.4,64.0,3.0,27,1,96.34,2.13
2025-01-07,email,mobile,194,149,22.8,235.0,3.9,143,7,1506.07,3.61
2025-01-07,email,desktop,102,79,22.1,242.0,2.4,55,3,510.44,2.94
2025-01-07,email,tablet,49,37,24.3,90.0,4.3,30,2,313.45,4.08
2025-01-07,referral,mobile,138,60,56.0,95.0,1.5,72,1,136.68,0.72
2025-01-07,referral,desktop,81,40,50.1,88.0,4.0,45,1,197.3,1.23
2025-01-07,referral,tablet,20,10,46.5,110.0,1.3,13,0,0.0,0.0
2025-01-07,organic_social,mobile,143,60,57.9,209.0,4.0,73,1,143.32,0.7
2025-01-07,organic_social,desktop,55,22,59.5,156.0,3.4,34,0,0.0,0.0
2025-01-07,organic_social,tablet,21,6,67.5,42.0,1.5,16,0,0.0,0.0
2025-01-08,organic_search,mobile,845,449,46.8,116.0,3.6,583,19,2010.34,2.25
2025-01-08,organic_search,desktop,385,214,44.3,149.0,3.6,280,10,2143.95,2.6
2025-01-08,organic_search,tablet,130,73,43.4,167.0,2.0,80,3,568.99,2.31
2025-01-08,paid_search,mobile,609,375,38.3,179.0,3.2,386,17,2603.35,2.79
2025-01-08,paid_search,desktop,454,268,40.9,60.0,2.6,232,13,2852.74,2.86
2025-01-08,paid_search,tablet,132,77,40.9,183.0,2.7,100,4,440.1,3.03
2025-01-08,paid_social,mobile,446,221,50.3,125.0,2.6,334,10,1523.83,2.24
2025-01-08,paid_social,desktop,315,149,52.6,208.0,4.9,251,4,611.61,1.27
2025-01-08,paid_social,tablet,97,39,59.5,178.0,4.3,49,1,156.71,1.03
2025-01-08,direct,mobile,574,385,32.9,158.0,4.5,390,22,4384.26,3.83
2025-01-08,direct,desktop,296,214,27.4,253.0,1.9,173,12,2444.9,4.05
2025-01-08,direct,tablet,91,60,33.2,195.0,1.6,63,3,431.35,3.3
2025-01-08,email,mobile,213,166,21.6,66.0,3.4,110,10,1468.68,4.69
2025-01-08,email,desktop,174,134,22.4,132.0,1.9,114,6,644.31,3.45
2025-01-08,email,tablet,51,36,27.5,149.0,2.6,31,2,390.8,3.92
2025-01-08,referral,mobile,235,116,50.4,210.0,4.9,176,5,885.6,2.13
2025-01-08,referral,desktop,99,42,57.2,47.0,3.0,68,2,354.15,2.02
2025-01-08,referral,tablet,33,18,43.7,55.0,3.3,17,0,0.0,0.0
2025-01-08,organic_social,mobile,144,63,55.9,140.0,1.8,85,2,169.73,1.39
2025-01-08,organic_social,desktop,77,23,68.9,135.0,3.9,52,0,0.0,0.0
2025-01-08,organic_social,tablet,23,8,61.8,117.0,3.0,12,0,0.0,0.0
2025-01-09,organic_search,mobile,787,456,42.0,56.0,1.8,445,15,2195.84,1.91
2025-01-09,organic_search,desktop,622,316,49.2,139.0,3.8,311,15,1688.39,2.41
2025-01-09,organic_search,tablet,177,94,46.7,161.0,3.1,89,5,728.35,2.82
2025-01-09,paid_search,mobile,732,458,37.4,133.0,4.2,519,23,2999.08,3.14
2025-01-09,paid_search,desktop,456,258,43.4,140.0,1.9,331,13,1656.91,2.85
2025-01-09,paid_search,tablet,115,75,34.7,56.0,2.1,88,4,666.68,3.48
2025-01-09,paid_social,mobile,505,186,63.0,139.0,1.6,374,9,981.97,1.78
2025-01-09,paid_social,desktop,373,139,62.7,120.0,3.2,289,7,608.17,1.88
2025-01-09,paid_social,tablet,94,40,56.5,137.0,3.8,59,1,114.25,1.06
2025-01-09,direct,mobile,435,314,27.8,158.0,1.4,294,17,1373.03,3.91
2025-01-09,direct,desktop,207,136,34.0,220.0,2.3,137,7,1230.34,3.38
2025-01-09,direct,tablet,100,69,30.3,129.0,3.9,51,3,394.93,3.0
2025-01-09,email,mobile,287,213,25.5,246.0,3.2,199,14,2158.79,4.88
2025-01-09,email,desktop,136,104,23.0,254.0,4.6,86,6,972.42,4.41
2025-01-09,email,tablet,64,48,24.8,235.0,3.1,45,2,173.19,3.12
2025-01-09,referral,mobile,167,75,54.9,161.0,3.2,111,3,442.5,1.8
2025-01-09,referral,desktop,166,71,57.0,95.0,4.1,119,3,379.33,1.81
2025-01-09,referral,tablet,27,15,43.8,64.0,2.9,20,0,0.0,0.0
2025-01-09,organic_social,mobile,139,50,63.5,141.0,4.5,77,2,207.41,1.44
2025-01-09,organic_social,desktop,124,52,57.6,123.0,3.7,80,1,197.29,0.81
2025-01-09,organic_social,tablet,29,14,51.6,107.0,4.2,22,0,0.0,0.0
2025-01-10,organic_search,mobile,546,274,49.8,216.0,3.5,351,10,2084.27,1.83
2025-01-10,organic_search,desktop,555,273,50.6,120.0,4.5,300,11,1468.96,1.98
2025-01-10,organic_search,tablet,147,83,43.0,231.0,1.4,84,4,510.28,2.72
2025-01-10,paid_search,mobile,589,381,35.2,187.0,5.2,375,21,4074.78,3.57
2025-01-10,paid_search,desktop,495,328,33.7,156.0,3.3,374,19,1622.25,3.84
2025-01-10,paid_search,tablet,123,77,37.3,54.0,4.8,80,4,816.09,3.25
2025-01-10,paid_social,mobile,655,329,49.7,95.0,3.4,462,9,1629.98,1.37
2025-01-10,paid_social,desktop,369,153,58.3,58.0,4.4,278,7,931.55,1.9
2025-01-10,paid_social,tablet,69,27,60.6,111.0,3.7,36,0,0.0,0.0
2025-01-10,direct,mobile,542,357,34.0,233.0,3.6,389,24,2228.58,4.43
2025-01-10,direct,desktop,363,248,31.4,189.0,5.2,278,12,1842.19,3.31
2025-01-10,direct,tablet,86,62,27.4,112.0,4.5,64,2,261.31,2.33
2025-01-10,email,mobile,269,194,27.6,196.0,4.6,179,12,1701.08,4.46
2025-01-10,email,desktop,185,144,22.0,111.0,4.2,144,5,1056.08,2.7
2025-01-10,email,tablet,65,50,22.2,124.0,4.3,48,3,545.09,4.62
2025-01-10,referral,mobile,185,82,55.5,84.0,4.0,102,2,307.69,1.08
2025-01-10,referral,desktop,121,67,44.4,182.0,4.1,65,2,197.04,1.65
2025-01-10,referral,tablet,40,20,50.0,60.0,4.4,30,0,0.0,0.0
2025-01-10,organic_social,mobile,117,43,62.8,124.0,2.4,82,1,156.81,0.85
2025-01-10,organic_social,desktop,83,33,59.3,131.0,3.0,50,1,92.54,1.2
2025-01-10,organic_social,tablet,29,14,51.3,137.0,2.1,16,0,0.0,0.0
2025-01-11,organic_search,mobile,823,497,39.5,68.0,3.2,576,18,3533.66,2.19
2025-01-11,organic_search,desktop,377,216,42.5,68.0,2.2,200,9,1132.31,2.39
2025-01-11,organic_search,tablet,177,103,41.4,156.0,3.3,127,4,559.97,2.26
2025-01-11,paid_search,mobile,740,476,35.6,220.0,2.8,568,19,4138.34,2.57
2025-01-11,paid_search,desktop,424,265,37.3,210.0,3.0,313,16,2792.63,3.77
2025-01-11,paid_search,tablet,101,59,40.7,200.0,1.8,78,3,410.18,2.97
2025-01-11,paid_social,mobile,547,233,57.2,164.0,4.5,413,9,1533.8,1.65
2025-01-11,paid_social,desktop,316,136,56.9,196.0,4.3,226,6,1122.49,1.9
2025-01-11,paid_social,tablet,113,45,60.1,173.0,4.7,64,2,258.75,1.77
2025-01-11,direct,mobile,330,243,26.2,79.0,4.5,250,9,1878.94,2.73
2025-01-11,direct,desktop,354,250,29.3,81.0,2.2,191,12,1503.06,3.39
2025-01-11,direct,tablet,77,56,27.0,188.0,4.1,57,2,398.33,2.6
2025-01-11,email,mobile,219,159,27.2,116.0,1.8,120,7,899.01,3.2
2025-01-11,email,desktop,245,181,25.8,222.0,1.8,176,10,1860.91,4.08
2025-01-11,email,tablet,69,51,25.6,194.0,5.5,40,3,605.57,4.35
2025-01-11,referral,mobile,255,123,51.7,222.0,1.5,198,4,814.51,1.57
2025-01-11,referral,desktop,110,59,45.6,187.0,1.5,75,1,209.11,0.91
2025-01-11,referral,tablet,29,13,53.8,189.0,3.4,21,0,0.0,0.0
2025-01-11,organic_social,mobile,167,68,58.8,100.0,4.1,121,2,164.13,1.2
2025-01-11,organic_social,desktop,118,44,62.0,124.0,1.9,86,1,158.08,0.85
2025-01-11,organic_social,tablet,30,12,59.3,62.0,2.6,16,0,0.0,0.0
2025-01-12,organic_search,mobile,919,455,50.4,152.0,4.7,571,27,4461.47,2.94
2025-01-12,organic_search,desktop,354,196,44.6,76.0,4.4,254,9,1412.31,2.54
2025-01-12,organic_search,tablet,115,62,45.7,97.0,3.1,86,3,243.23,2.61
2025-01-12,paid_search,mobile,713,470,34.0,130.0,3.5,463,22,2698.28,3.09
2025-01-12,paid_search,desktop,302,200,33.7,54.0,2.2,237,7,1384.46,2.32
2025-01-12,paid_search,tablet,81,54,32.7,164.0,2.7,45,2,202.34,2.47
2025-01-12,paid_social,mobile,707,336,52.4,208.0,2.8,560,13,2630.89,1.84
2025-01-12,paid_social,desktop,393,171,56.4,116.0,3.4,235,7,912.94,1.78
2025-01-12,paid_social,tablet,114,55,50.9,84.0,4.1,65,2,202.6,1.75
2025-01-12,direct,mobile,534,360,32.6,84.0,4.4,402,15,1353.47,2.81
2025-01-12,direct,desktop,268,195,27.0,255.0,2.1,140,6,661.29,2.24
2025-01-12,direct,tablet,96,66,31.0,193.0,4.2,60,3,428.1,3.12
2025-01-12,email,mobile,254,183,27.6,195.0,4.0,174,8,1238.09,3.15
2025-01-12,email,desktop,211,152,27.8,196.0,3.8,162,8,1342.73,3.79
2025-01-12,email,tablet,60,45,24.4,164.0,3.8,35,3,445.62,5.0
2025-01-12,referral,mobile,240,134,44.0,113.0,2.2,147,5,928.18,2.08
2025-01-12,referral,desktop,159,90,43.0,212.0,2.9,112,3,346.73,1.89
2025-01-12,referral,tablet,35,18,47.4,222.0,2.1,24,0,0.0,0.0
2025-01-12,organic_social,mobile,129,50,60.9,125.0,4.5,67,1,143.01,0.78
2025-01-12,organic_social,desktop,115,46,59.3,180.0,3.4,82,1,104.8,0.87
2025-01-12,organic_social,tablet,24,10,58.1,169.0,4.0,16,0,0.0,0.0
2025-01-13,organic_search,mobile,542,291,46.3,167.0,2.0,429,17,3147.17,3.14
2025-01-13,organic_search,desktop,332,162,51.0,141.0,4.7,171,9,770.5,2.71
2025-01-13,organic_search,tablet,114,60,46.5,52.0,1.3,87,2,264.61,1.75
2025-01-13,paid_search,mobile,474,305,35.6,230.0,3.9,259,11,963.83,2.32
2025-01-13,paid_search,desktop,291,163,43.7,200.0,4.2,153,10,1425.15,3.44
2025-01-13,paid_search,tablet,94,54,42.4,90.0,4.6,59,3,453.42,3.19
2025-01-13,paid_social,mobile,388,195,49.6,134.0,4.4,290,5,1089.64,1.29
2025-01-13,paid_social,desktop,304,112,63.0,101.0,3.4,226,5,1065.22,1.64
2025-01-13,paid_social,tablet,84,37,55.4,122.0,3.8,62,1,181.99,1.19
2025-01-13,direct,mobile,372,268,27.8,217.0,1.9,283,13,1085.56,3.49
2025-01-13,direct,desktop,185,135,27.0,134.0,3.7,112,7,756.28,3.78
2025-01-13,direct,tablet,45,31,29.2,86.0,3.3,30,1,180.68,2.22
2025-01-13,email,mobile,261,204,21.8,233.0,1.8,207,13,1418.97,4.98
2025-01-13,email,desktop,155,121,21.7,165.0,4.0,99,5,783.98,3.23
2025-01-13,email,tablet,42,31,23.9,121.0,3.2,29,1,84.73,2.38
2025-01-13,referral,mobile,170,91,46.1,222.0,3.8,119,3,338.17,1.76
2025-01-13,referral,desktop,93,49,46.7,216.0,2.1,62,1,171.93,1.08
2025-01-13,referral,tablet,26,12,52.1,167.0,2.3,18,0,0.0,0.0
2025-01-13,organic_social,mobile,90,42,52.5,66.0,2.5,52,0,0.0,0.0
2025-01-13,organic_social,desktop,48,18,61.8,197.0,1.4,27,0,0.0,0.0
2025-01-13,organic_social,tablet,17,5,66.8,145.0,2.3,11,0,0.0,0.0
2025-01-14,organic_search,mobile,376,207,44.7,90.0,4.5,287,8,1038.45,2.13
2025-01-14,organic_search,desktop,404,227,43.6,173.0,2.6,235,8,750.22,1.98
2025-01-14,organic_search,tablet,86,46,45.7,182.0,1.5,50,1,214.59,1.16
2025-01-14,paid_search,mobile,301,195,34.9,192.0,1.5,203,8,1444.14,2.66
2025-01-14,paid_search,desktop,335,202,39.5,137.0,3.3,260,13,1732.62,3.88
2025-01-14,paid_search,tablet,69,38,43.5,66.0,2.0,35,2,221.07,2.9
2025-01-14,paid_social,mobile,414,185,55.3,205.0,1.7,230,8,1516.13,1.93
2025-01-14,paid_social,desktop,243,124,48.9,177.0,4.5,188,3,519.86,1.23
2025-01-14,paid_social,tablet,65,24,62.9,94.0,4.6,36,0,0.0,0.0
2025-01-14,direct,mobile,354,250,29.3,196.0,2.1,226,11,971.51,3.11
2025-01-14,direct,desktop,154,106,30.9,243.0,5.1,86,4,652.86,2.6
2025-01-14,direct,tablet,42,31,25.9,112.0,2.3,31,1,114.9,2.38
2025-01-14,email,mobile,265,193,26.9,162.0,4.4,135,13,2169.31,4.91
2025-01-14,email,desktop,96,70,26.4,215.0,3.8,71,3,445.31,3.12
2025-01-14,email,tablet,35,26,23.4,61.0,1.6,20,1,98.44,2.86
2025-01-14,referral,mobile,125,64,48.2,82.0,4.2,67,2,372.6,1.6
2025-01-14,referral,desktop,118,62,46.8,221.0,4.5,71,2,213.33,1.69
2025-01-14,referral,tablet,25,14,42.6,133.0,1.9,16,0,0.0,0.0
2025-01-14,organic_social,mobile,113,47,57.7,48.0,2.5,74,1,156.68,0.88
2025-01-14,organic_social,desktop,59,25,57.2,185.0,1.6,34,0,0.0,0.0
2025-01-14,organic_social,tablet,21,6,68.5,156.0,4.7,11,0,0.0,0.0
2025-01-15,organic_search,mobile,644,356,44.7,215.0,4.6,332,17,2916.45,2.64
2025-01-15,organic_search,desktop,433,243,43.7,175.0,2.4,296,14,1957.43,3.23
2025-01-15,organic_search,tablet,102,54,46.4,139.0,5.1,55,3,248.08,2.94
2025-01-15,paid_search,mobile,445,277,37.7,148.0,1.7,350,17,2699.37,3.82
2025-01-15,paid_search,desktop,317,205,35.2,140.0,4.1,241,9,1241.87,2.84
2025-01-15,paid_search,tablet,73,45,37.9,207.0,1.7,39,2,163.05,2.74
2025-01-15,paid_social,mobile,360,179,50.1,164.0,1.5,272,5,643.51,1.39
2025-01-15,paid_social,desktop,282,121,56.8,43.0,1.9,178,3,393.64,1.06
2025-01-15,paid_social,tablet,91,46,49.3,66.0,2.6,60,1,106.46,1.1
2025-01-15,direct,mobile,533,376,29.3,208.0,2.1,385,17,1501.21,3.19
2025-01-15,direct,desktop,327,221,32.4,142.0,1.9,239,12,1974.58,3.67
2025-01-15,direct,tablet,73,50,31.1,214.0,2.8,55,2,216.2,2.74
2025-01-15,email,mobile,351,254,27.5,159.0,2.4,185,11,2196.72,3.13
2025-01-15,email,desktop,151,117,22.3,231.0,4.5,84,4,873.15,2.65
2025-01-15,email,tablet,35,26,24.9,230.0,5.1,20,1,214.8,2.86
2025-01-15,referral,mobile,152,81,46.2,213.0,2.5,115,2,383.58,1.32
2025-01-15,referral,desktop,89,42,52.7,180.0,2.1,55,1,118.74,1.12
2025-01-15,referral,tablet,39,20,47.6,83.0,3.0,24,0,0.0,0.0
2025-01-15,organic_social,mobile,130,51,60.0,91.0,1.2,91,1,201.81,0.77
2025-01-15,organic_social,desktop,95,29,68.7,189.0,2.5,70,1,126.58,1.05
2025-01-15,organic_social,tablet,22,10,51.9,105.0,4.0,13,0,0.0,0.0
2025-01-16,organic_search,mobile,529,297,43.7,151.0,1.8,272,15,1473.43,2.84
2025-01-16,organic_search,desktop,405,214,47.1,136.0,4.5,302,8,1139.22,1.98
2025-01-16,organic_search,tablet,87,48,43.8,56.0,3.8,65,2,398.67,2.3
2025-01-16,paid_search,mobile,469,306,34.6,187.0,3.1,237,14,3006.66,2.99
2025-01-16,paid_search,desktop,361,230,36.3,116.0,1.5,259,9,1350.19,2.49
2025-01-16,paid_search,tablet,113,68,39.4,103.0,3.1,58,4,433.78,3.54
2025-01-16,paid_social,mobile,608,274,54.8,100.0,2.3,385,9,1322.23,1.48
2025-01-16,paid_social,desktop,311,143,53.9,54.0,4.3,176,5,948.37,1.61
2025-01-16,paid_social,tablet,76,32,56.6,159.0,3.8,51,1,82.44,1.32
2025-01-16,direct,mobile,291,200,31.0,192.0,4.2,223,7,636.51,2.41
2025-01-16,direct,desktop,184,130,28.9,152.0,3.5,111,4,524.21,2.17
2025-01-16,direct,tablet,85,60,29.2,87.0,2.7,55,3,576.04,3.53
2025-01-16,email,mobile,319,241,24.4,202.0,4.4,204,9,1965.93,2.82
2025-01-16,email,desktop,179,127,28.7,250.0,3.6,90,7,774.55,3.91
2025-01-16,email,tablet,52,40,21.8,169.0,3.0,39,2,391.09,3.85
2025-01-16,referral,mobile,241,126,47.7,78.0,2.4,151,4,870.44,1.66
2025-01-16,referral,desktop,93,49,46.6,172.0,2.6,49,1,111.99,1.08
2025-01-16,referral,tablet,40,19,51.0,48.0,1.4,29,0,0.0,0.0
2025-01-16,organic_social,mobile,130,40,68.6,177.0,2.0,83,1,82.26,0.77
2025-01-16,organic_social,desktop,87,41,52.1,158.0,2.3,57,0,0.0,0.0
2025-01-16,organic_social,tablet,23,8,62.3,204.0,4.6,12,0,0.0,0.0
2025-01-17,organic_search,mobile,669,371,44.4,149.0,3.7,356,20,2600.13,2.99
2025-01-17,organic_search,desktop,452,264,41.6,66.0,1.6,313,9,1035.4,1.99
2025-01-17,organic_search,tablet,158,82,47.5,145.0,4.6,88,3,380.72,1.9
2025-01-17,paid_search,mobile,539,334,38.0,200.0,1.7,322,21,3256.29,3.9
2025-01-17,paid_search,desktop,373,223,40.0,104.0,3.5,266,14,2277.23,3.75
2025-01-17,paid_search,tablet,117,66,43.1,85.0,2.6,63,3,517.6,2.56
2025-01-17,paid_social,mobile,576,219,61.8,82.0,3.0,417,7,1357.24,1.22
2025-01-17,paid_social,desktop,316,156,50.6,212.0,4.5,241,7,1141.71,2.22
2025-01-17,paid_social,tablet,82,30,63.0,188.0,4.0,58,1,127.26,1.22
2025-01-17,direct,mobile,290,215,25.7,65.0,2.6,217,11,1309.17,3.79
2025-01-17,direct,desktop,257,177,31.0,53.0,2.7,202,10,1252.72,3.89
2025-01-17,direct,tablet,74,51,30.6,200.0,2.6,45,2,192.18,2.7
2025-01-17,email,mobile,236,183,22.4,233.0,2.7,164,9,839.25,3.81
2025-01-17,email,desktop,153,118,22.8,100.0,4.0,76,7,1171.52,4.58
2025-01-17,email,tablet,40,29,26.7,157.0,3.3,27,1,108.51,2.5
2025-01-17,referral,mobile,143,64,54.8,167.0,2.6,110,2,287.08,1.4
2025-01-17,referral,desktop,141,72,48.9,191.0,2.0,81,2,172.16,1.42
2025-01-17,referral,tablet,24,13,42.8,194.0,4.3,17,0,0.0,0.0
2025-01-17,organic_social,mobile,111,34,68.6,86.0,3.1,59,1,100.99,0.9
2025-01-17,organic_social,desktop,100,42,57.7,197.0,4.3,66,1,182.79,1.0
2025-01-17,organic_social,tablet,32,12,60.5,67.0,1.8,21,0,0.0,0.0
2025-01-18,organic_search,mobile,652,368,43.5,118.0,3.7,401,12,1600.23,1.84
2025-01-18,organic_search,desktop,416,241,41.9,56.0,2.1,248,8,976.01,1.92
2025-01-18,organic_search,tablet,98,51,47.2,164.0,3.0,62,2,332.35,2.04
2025-01-18,paid_search,mobile,576,372,35.3,170.0,3.3,439,13,2213.94,2.26
2025-01-18,paid_search,desktop,351,225,35.8,195.0,5.0,187,12,2576.84,3.42
2025-01-18,paid_search,tablet,77,50,34.1,145.0,2.4,55,2,269.12,2.6
2025-01-18,paid_social,mobile,597,302,49.4,96.0,3.3,433,8,1020.13,1.34
2025-01-18,paid_social,desktop,370,184,50.2,71.0,1.6,211,5,654.59,1.35
2025-01-18,paid_social,tablet,84,36,56.4,184.0,1.4,53,1,111.19,1.19
2025-01-18,direct,mobile,445,319,28.1,70.0,3.5,225,17,3423.59,3.82
2025-01-18,direct,desktop,227,166,26.7,111.0,2.2,130,8,918.53,3.52
2025-01-18,direct,tablet,62,42,31.8,172.0,4.7,39,2,297.26,3.23
2025-01-18,email,mobile,242,173,28.4,196.0,4.0,168,12,1330.2,4.96
2025-01-18,email,desktop,209,154,26.3,107.0,4.2,148,8,1587.59,3.83
2025-01-18,email,tablet,61,43,28.7,175.0,4.1,43,2,295.64,3.28
2025-01-18,referral,mobile,167,83,49.8,155.0,4.6,129,3,256.28,1.8
2025-01-18,referral,desktop,123,56,54.0,55.0,4.1,71,2,224.09,1.63
2025-01-18,referral,tablet,36,17,50.4,197.0,4.1,28,0,0.0,0.0
2025-01-18,organic_social,mobile,167,75,54.8,149.0,4.8,94,2,255.24,1.2
2025-01-18,organic_social,desktop,106,33,68.2,81.0,2.7,77,1,194.68,0.94
2025-01-18,organic_social,tablet,19,6,67.0,57.0,1.9,12,0,0.0,0.0
2025-01-19,organic_search,mobile,743,431,41.9,207.0,2.1,525,14,2197.13,1.88
2025-01-19,organic_search,desktop,407,199,51.0,67.0,4.3,316,7,599.17,1.72
2025-01-19,organic_search,tablet,149,77,47.9,216.0,3.7,95,2,219.87,1.34
2025-01-19,paid_search,mobile,600,393,34.3,143.0,3.2,448,23,3953.3,3.83
2025-01-19,paid_search,desktop,309,204,33.9,151.0,4.1,241,8,730.87,2.59
2025-01-19,paid_search,tablet,115,70,38.9,186.0,1.5,67,4,819.64,3.48
2025-01-19,paid_social,mobile,446,164,63.2,175.0,3.6,225,7,1306.65,1.57
2025-01-19,paid_social,desktop,224,89,60.3,84.0,1.5,123,4,620.23,1.79
2025-01-19,paid_social,tablet,94,41,55.8,143.0,4.4,69,2,428.04,2.13
2025-01-19,direct,mobile,474,334,29.4,243.0,4.8,262,15,1754.68,3.16
2025-01-19,direct,desktop,223,154,30.7,211.0,1.4,134,7,769.62,3.14
2025-01-19,direct,tablet,94,63,32.3,232.0,1.6,50,3,630.07,3.19
2025-01-19,email,mobile,256,183,28.2,157.0,4.3,149,12,1040.24,4.69
2025-01-19,email,desktop,198,150,24.0,254.0,5.2,153,7,944.71,3.54
2025-01-19,email,tablet,62,47,22.6,232.0,3.7,35,3,329.16,4.84
2025-01-19,referral,mobile,180,91,49.0,193.0,2.8,130,4,659.37,2.22
2025-01-19,referral,desktop,144,81,43.4,179.0,2.9,79,2,408.08,1.39
2025-01-19,referral,tablet,26,14,45.9,79.0,1.9,19,0,0.0,0.0
2025-01-19,organic_social,mobile,116,45,61.1,88.0,1.5,92,1,148.85,0.86
2025-01-19,organic_social,desktop,85,35,58.1,151.0,2.4,54,0,0.0,0.0
2025-01-19,organic_social,tablet,21,8,60.5,129.0,2.7,10,0,0.0,0.0
2025-01-20,organic_search,mobile,651,379,41.8,99.0,3.4,460,16,2114.67,2.46
2025-01-20,organic_search,desktop,384,204,46.8,141.0,5.1,252,9,1699.35,2.34
2025-01-20,organic_search,tablet,83,46,44.3,76.0,3.0,63,2,239.38,2.41
2025-01-20,paid_search,mobile,351,223,36.4,211.0,4.2,233,12,1098.22,3.42
2025-01-20,paid_search,desktop,216,143,33.4,237.0,4.3,142,5,933.05,2.31
2025-01-20,paid_search,tablet,95,55,41.7,102.0,2.5,57,3,255.92,3.16
2025-01-20,paid_social,mobile,346,130,62.2,112.0,2.5,185,7,1238.1,2.02
2025-01-20,paid_social,desktop,229,114,50.1,107.0,1.4,114,3,305.68,1.31
2025-01-20,paid_social,tablet,82,34,57.3,167.0,4.0,64,1,151.93,1.22
2025-01-20,direct,mobile,261,176,32.6,125.0,3.1,194,11,924.69,4.21
2025-01-20,direct,desktop,139,96,30.9,74.0,5.4,103,6,604.01,4.32
2025-01-20,direct,tablet,62,43,29.1,201.0,3.0,41,2,418.38,3.23
2025-01-20,email,mobile,156,121,22.4,64.0,3.5,85,7,588.73,4.49
2025-01-20,email,desktop,115,87,24.2,155.0,2.9,60,4,478.78,3.48
2025-01-20,email,tablet,45,34,23.4,95.0,1.5,34,2,319.54,4.44
2025-01-20,referral,mobile,144,73,48.7,184.0,2.9,95,3,253.93,2.08
2025-01-20,referral,desktop,105,51,50.7,186.0,3.0,66,1,182.0,0.95
2025-01-20,referral,tablet,22,10,52.2,181.0,4.4,12,0,0.0,0.0
2025-01-20,organic_social,mobile,97,39,58.8,142.0,1.6,71,1,86.89,1.03
2025-01-20,organic_social,desktop,83,36,56.2,97.0,1.8,59,0,0.0,0.0
2025-01-20,organic_social,tablet,20,7,61.3,185.0,2.3,11,0,0.0,0.0
2025-01-21,organic_search,mobile,619,327,47.0,203.0,1.9,484,14,1923.12,2.26
2025-01-21,organic_search,desktop,354,180,48.9,181.0,3.0,228,8,1297.32,2.26
2025-01-21,organic_search,tablet,98,59,39.1,103.0,4.8,70,2,402.67,2.04
2025-01-21,paid_search,mobile,408,260,36.3,130.0,3.0,228,12,1857.82,2.94
2025-01-21,paid_search,desktop,295,179,39.2,70.0,3.4,160,12,1197.29,4.07
2025-01-21,paid_search,tablet,79,51,34.5,141.0,2.6,58,2,331.17,2.53
2025-01-21,paid_social,mobile,450,218,51.3,132.0,2.2,309,9,1213.46,2.0
2025-01-21,paid_social,desktop,179,77,56.5,197.0,3.0,97,4,741.94,2.23
2025-01-21,paid_social,tablet,58,30,47.6,123.0,3.5,34,1,170.95,1.72
2025-01-21,direct,mobile,232,163,29.4,122.0,4.1,173,8,1740.55,3.45
2025-01-21,direct,desktop,177,117,33.9,50.0,3.9,130,5,1078.86,2.82
2025-01-21,direct,tablet,48,35,26.6,165.0,4.9,24,1,90.42,2.08
2025-01-21,email,mobile,158,124,21.3,113.0,3.3,87,5,1044.87,3.16
2025-01-21,email,desktop,101,78,22.6,222.0,3.4,66,3,294.72,2.97
2025-01-21,email,tablet,34,26,22.8,93.0,5.0,19,1,90.63,2.94
2025-01-21,referral,mobile,131,64,51.1,79.0,3.3,95,2,346.43,1.53
2025-01-21,referral,desktop,85,36,57.1,122.0,4.4,54,1,174.48,1.18
2025-01-21,referral,tablet,33,17,47.1,192.0,1.4,19,0,0.0,0.0
2025-01-21,organic_social,mobile,124,53,56.7,73.0,2.8,68,1,218.91,0.81
2025-01-21,organic_social,desktop,52,19,62.4,203.0,2.4,39,0,0.0,0.0
2025-01-21,organic_social,tablet,17,7,55.7,161.0,3.2,11,0,0.0,0.0
2025-01-22,organic_search,mobile,606,320,47.1,61.0,2.8,413,12,2056.15,1.98
2025-01-22,organic_search,desktop,530,269,49.2,137.0,3.3,379,13,2647.73,2.45
2025-01-22,organic_search,tablet,153,82,46.4,216.0,2.1,100,4,450.25,2.61
2025-01-22,paid_search,mobile,647,378,41.4,63.0,1.5,486,17,3706.43,2.63
2025-01-22,paid_search,desktop,416,247,40.4,66.0,5.2,285,16,1588.13,3.85
2025-01-22,paid_search,tablet,125,71,42.6,115.0,1.9,88,4,671.95,3.2
2025-01-22,paid_social,mobile,589,260,55.7,61.0,3.7,394,7,702.02,1.19
2025-01-22,paid_social,desktop,308,136,55.7,100.0,3.7,190,4,770.65,1.3
2025-01-22,paid_social,tablet,66,32,51.0,63.0,2.4,50,1,106.68,1.52
2025-01-22,direct,mobile,364,257,29.3,256.0,3.4,267,11,2403.02,3.02
2025-01-22,direct,desktop,218,155,28.9,97.0,5.2,124,8,960.69,3.67
2025-01-22,direct,tablet,55,37,32.3,73.0,1.6,35,1,143.03,1.82
2025-01-22,email,mobile,248,185,25.0,179.0,1.8,189,13,1781.45,5.24
2025-01-22,email,desktop,207,154,25.2,115.0,5.5,133,7,977.43,3.38
2025-01-22,email,tablet,47,36,22.5,167.0,2.9,27,1,179.62,2.13
2025-01-22,referral,mobile,157,89,43.0,222.0,2.9,119,4,741.74,2.55
2025-01-22,referral,desktop,104,51,50.1,134.0,3.3,78,1,187.85,0.96
2025-01-22,referral,tablet,40,17,57.0,148.0,2.9,25,0,0.0,0.0
2025-01-22,organic_social,mobile,124,42,66.0,73.0,2.1,74,1,165.04,0.81
2025-01-22,organic_social,desktop,85,40,51.8,162.0,2.5,52,1,206.52,1.18
2025-01-22,organic_social,tablet,28,12,56.2,114.0,3.4,21,0,0.0,0.0
2025-01-23,organic_search,mobile,621,319,48.5,202.0,4.2,429,17,3569.82,2.74
2025-01-23,organic_search,desktop,369,194,47.3,176.0,3.9,228,7,991.22,1.9
2025-01-23,organic_search,tablet,101,55,44.8,107.0,4.0,65,2,231.52,1.98
2025-01-23,paid_search,mobile,508,291,42.6,127.0,4.5,280,18,2686.53,3.54
2025-01-23,paid_search,desktop,384,259,32.5,154.0,2.6,283,8,1683.6,2.08
2025-01-23,paid_search,tablet,129,86,32.7,162.0,4.9,91,2,399.34,1.55
2025-01-23,paid_social,mobile,486,245,49.4,87.0,4.0,279,8,1521.6,1.65
2025-01-23,paid_social,desktop,308,159,48.2,148.0,2.8,188,5,828.89,1.62
2025-01-23,paid_social,tablet,77,31,59.4,107.0,3.6,51,1,147.62,1.3
2025-01-23,direct,mobile,453,325,28.3,138.0,1.9,342,18,2238.19,3.97
2025-01-23,direct,desktop,285,206,27.6,143.0,5.5,171,12,2144.05,4.21
2025-01-23,direct,tablet,56,38,32.1,215.0,4.5,43,2,176.51,3.57
2025-01-23,email,mobile,212,157,25.8,108.0,3.2,113,7,951.45,3.3
2025-01-23,email,desktop,154,120,21.8,180.0,3.3,88,6,729.21,3.9
2025-01-23,email,tablet,38,27,26.9,257.0,4.0,21,1,84.61,2.63
2025-01-23,referral,mobile,231,102,55.7,48.0,4.8,119,4,815.92,1.73
2025-01-23,referral,desktop,132,69,47.7,70.0,4.6,79,1,210.1,0.76
2025-01-23,referral,tablet,40,21,46.3,151.0,2.5,22,0,0.0,0.0
2025-01-23,organic_social,mobile,110,37,66.1,80.0,2.8,75,1,151.21,0.91
2025-01-23,organic_social,desktop,65,27,57.5,146.0,2.4,33,0,0.0,0.0
2025-01-23,organic_social,tablet,20,9,53.9,128.0,3.6,15,0,0.0,0.0
2025-01-24,organic_search,mobile,582,344,40.8,172.0,4.0,327,11,1435.06,1.89
2025-01-24,organic_search,desktop,340,189,44.3,62.0,4.2,174,6,1162.85,1.76
2025-01-24,organic_search,tablet,148,78,46.7,170.0,2.0,113,3,410.32,2.03
2025-01-24,paid_search,mobile,544,321,41.0,137.0,2.7,391,17,2436.42,3.12
2025-01-24,paid_search,desktop,422,244,42.0,85.0,1.4,245,10,1865.92,2.37
2025-01-24,paid_search,tablet,87,50,41.5,110.0,2.3,59,3,275.57,3.45
2025-01-24,paid_social,mobile,507,213,58.0,154.0,4.7,335,11,1528.45,2.17
2025-01-24,paid_social,desktop,278,129,53.4,176.0,4.1,215,5,904.01,1.8
2025-01-24,paid_social,tablet,104,40,60.9,203.0,4.4,76,1,170.18,0.96
2025-01-24,direct,mobile,458,326,28.7,137.0,1.8,329,16,1403.49,3.49
2025-01-24,direct,desktop,324,236,27.1,173.0,3.8,216,9,1799.8,2.78
2025-01-24,direct,tablet,62,44,27.7,70.0,2.3,42,2,362.57,3.23
2025-01-24,email,mobile,239,183,23.1,183.0,5.2,145,8,848.01,3.35
2025-01-24,email,desktop,135,105,22.2,153.0,5.1,88,7,1078.16,5.19
2025-01-24,email,tablet,49,35,28.2,171.0,5.4,38,2,269.47,4.08
2025-01-24,referral,mobile,224,112,50.0,160.0,2.0,156,5,693.57,2.23
2025-01-24,referral,desktop,106,48,54.1,175.0,2.9,75,2,271.55,1.89
2025-01-24,referral,tablet,42,23,44.6,198.0,5.1,31,0,0.0,0.0
2025-01-24,organic_social,mobile,121,55,54.2,57.0,4.7,78,1,110.36,0.83
2025-01-24,organic_social,desktop,66,23,64.7,71.0,3.6,48,0,0.0,0.0
2025-01-24,organic_social,tablet,21,8,61.4,72.0,1.5,13,0,0.0,0.0
2025-01-25,organic_search,mobile,741,452,38.9,91.0,4.3,536,14,2947.29,1.89
2025-01-25,organic_search,desktop,390,230,41.0,120.0,3.3,289,8,1273.81,2.05
2025-01-25,organic_search,tablet,125,60,51.7,133.0,4.4,70,3,327.04,2.4
2025-01-25,paid_search,mobile,625,420,32.7,83.0,4.9,327,25,4321.77,4.0
2025-01-25,paid_search,desktop,330,195,40.7,207.0,2.1,168,13,1674.83,3.94
2025-01-25,paid_search,tablet,71,42,39.8,236.0,2.3,45,1,87.05,1.41
2025-01-25,paid_social,mobile,528,268,49.1,161.0,4.5,333,8,1365.43,1.52
2025-01-25,paid_social,desktop,388,162,58.0,141.0,3.4,282,7,674.79,1.8
2025-01-25,paid_social,tablet,101,44,55.5,104.0,1.8,76,1,188.13,0.99
2025-01-25,direct,mobile,527,372,29.4,65.0,3.7,400,23,2879.08,4.36
2025-01-25,direct,desktop,281,209,25.6,229.0,2.4,180,6,1088.45,2.14
2025-01-25,direct,tablet,95,66,29.6,152.0,2.8,50,2,415.26,2.11
2025-01-25,email,mobile,268,195,27.0,201.0,2.8,193,12,1794.27,4.48
2025-01-25,email,desktop,131,101,22.7,97.0,1.8,80,6,726.67,4.58
2025-01-25,email,tablet,37,27,25.0,61.0,2.6,20,1,190.2,2.7
2025-01-25,referral,mobile,142,79,44.1,120.0,3.2,102,3,370.23,2.11
2025-01-25,referral,desktop,144,61,57.0,97.0,2.9,106,2,244.3,1.39
2025-01-25,referral,tablet,29,13,54.2,183.0,4.5,18,0,0.0,0.0
2025-01-25,organic_social,mobile,123,43,64.9,176.0,2.7,82,1,100.73,0.81
2025-01-25,organic_social,desktop,109,50,53.4,196.0,2.5,67,1,158.23,0.92
2025-01-25,organic_social,tablet,25,11,54.0,78.0,4.4,15,0,0.0,0.0
2025-01-26,organic_search,mobile,607,364,40.0,239.0,4.9,387,11,2358.75,1.81
2025-01-26,organic_search,desktop,518,261,49.5,218.0,2.4,362,11,1782.48,2.12
2025-01-26,organic_search,tablet,137,76,44.4,144.0,1.9,101,3,431.68,2.19
2025-01-26,paid_search,mobile,603,341,43.4,111.0,3.3,338,16,1606.97,2.65
2025-01-26,paid_search,desktop,341,205,39.6,229.0,2.4,249,8,1488.99,2.35
2025-01-26,paid_search,tablet,95,57,39.9,199.0,1.7,75,3,363.89,3.16
2025-01-26,paid_social,mobile,446,221,50.4,150.0,4.9,309,6,1162.23,1.35
2025-01-26,paid_social,desktop,284,112,60.6,47.0,2.2,164,4,482.87,1.41
2025-01-26,paid_social,tablet,79,37,52.8,157.0,1.8,61,1,110.29,1.27
2025-01-26,direct,mobile,295,195,33.7,109.0,2.1,231,10,1794.06,3.39
2025-01-26,direct,desktop,253,177,29.8,72.0,3.8,168,11,1397.55,4.35
2025-01-26,direct,tablet,87,57,34.1,136.0,4.5,47,2,362.1,2.3
2025-01-26,email,mobile,275,214,21.8,259.0,3.7,181,11,1140.22,4.0
2025-01-26,email,desktop,224,168,25.0,201.0,1.8,164,10,865.35,4.46
2025-01-26,email,tablet,61,46,23.6,174.0,3.1,39,3,442.71,4.92
2025-01-26,referral,mobile,239,103,56.7,63.0,2.5,156,4,608.04,1.67
2025-01-26,referral,desktop,100,48,51.1,124.0,4.2,59,2,341.99,2.0
2025-01-26,referral,tablet,34,18,46.6,86.0,2.5,19,0,0.0,0.0
2025-01-26,organic_social,mobile,171,67,60.4,72.0,4.7,113,2,421.73,1.17
2025-01-26,organic_social,desktop,106,48,54.0,158.0,1.8,78,1,107.18,0.94
2025-01-26,organic_social,tablet,21,9,55.6,203.0,4.7,11,0,0.0,0.0
2025-01-27,organic_search,mobile,442,232,47.3,204.0,1.8,305,11,1419.04,2.49
2025-01-27,organic_search,desktop,283,154,45.4,137.0,5.1,163,6,1302.98,2.12
2025-01-27,organic_search,tablet,108,56,47.9,170.0,3.8,85,3,531.32,2.78
2025-01-27,paid_search,mobile,345,232,32.6,187.0,2.7,176,12,1249.53,3.48
2025-01-27,paid_search,desktop,304,204,32.9,77.0,5.1,208,8,1016.78,2.63
2025-01-27,paid_search,tablet,91,54,40.1,58.0,2.0,61,3,460.56,3.3
2025-01-27,paid_social,mobile,337,173,48.6,140.0,4.9,177,5,732.2,1.48
2025-01-27,paid_social,desktop,216,96,55.1,133.0,3.0,150,2,352.58,0.93
2025-01-27,paid_social,tablet,58,27,52.3,110.0,2.3,31,0,0.0,0.0
2025-01-27,direct,mobile,220,160,27.2,102.0,4.8,141,6,887.77,2.73
2025-01-27,direct,desktop,211,153,27.4,116.0,2.8,156,7,1150.72,3.32
2025-01-27,direct,tablet,67,46,30.3,62.0,3.7,47,2,366.27,2.99
2025-01-27,email,mobile,211,152,27.5,183.0,4.4,153,7,624.17,3.32
2025-01-27,email,desktop,92,67,26.3,199.0,3.7,59,2,376.94,2.17
2025-01-27,email,tablet,42,32,21.7,156.0,3.5,30,2,216.34,4.76
2025-01-27,referral,mobile,117,62,47.0,101.0,3.7,61,2,275.58,1.71
2025-01-27,referral,desktop,107,53,50.4,68.0,3.6,74,1,137.19,0.93
2025-01-27,referral,tablet,24,12,47.6,168.0,1.8,17,0,0.0,0.0
2025-01-27,organic_social,mobile,99,41,57.6,76.0,2.6,59,1,87.55,1.01
2025-01-27,organic_social,desktop,66,27,58.2,174.0,2.6,41,0,0.0,0.0
2025-01-27,organic_social,tablet,21,9,53.2,193.0,4.3,12,0,0.0,0.0
2025-01-28,organic_search,mobile,392,193,50.7,208.0,4.8,226,8,1058.59,2.04
2025-01-28,organic_search,desktop,247,152,38.3,101.0,2.4,149,5,798.0,2.02
2025-01-28,organic_search,tablet,80,40,49.8,200.0,2.9,51,2,392.11,2.5
2025-01-28,paid_search,mobile,530,309,41.6,135.0,4.8,392,19,3072.68,3.58
2025-01-28,paid_search,desktop,265,171,35.4,108.0,2.4,140,6,944.27,2.26
2025-01-28,paid_search,tablet,54,31,41.2,88.0,4.3,40,1,204.41,1.85
2025-01-28,paid_social,mobile,436,169,61.2,88.0,4.7,275,7,1526.17,1.61
2025-01-28,paid_social,desktop,173,69,59.7,181.0,1.8,94,3,322.87,1.73
2025-01-28,paid_social,tablet,80,38,51.5,144.0,3.0,52,1,213.89,1.25
2025-01-28,direct,mobile,341,227,33.3,86.0,2.9,230,13,2385.94,3.81
2025-01-28,direct,desktop,210,151,27.9,75.0,2.3,152,9,868.91,4.29
2025-01-28,direct,tablet,40,26,34.4,129.0,2.2,24,1,102.36,2.5
2025-01-28,email,mobile,210,152,27.4,247.0,3.7,135,6,1308.99,2.86
2025-01-28,email,desktop,135,106,21.4,115.0,3.3,79,6,897.01,4.44
2025-01-28,email,tablet,41,30,25.9,236.0,4.2,29,1,123.99,2.44
2025-01-28,referral,mobile,154,86,43.6,222.0,3.4,117,2,280.17,1.3
2025-01-28,referral,desktop,69,32,53.4,96.0,4.0,42,1,153.43,1.45
2025-01-28,referral,tablet,25,13,46.2,148.0,1.9,14,0,0.0,0.0
2025-01-28,organic_social,mobile,105,46,55.9,211.0,4.0,68,1,81.98,0.95
2025-01-28,organic_social,desktop,82,27,66.7,80.0,2.0,59,0,0.0,0.0
2025-01-28,organic_social,tablet,19,6,66.3,92.0,3.4,13,0,0.0,0.0
2025-01-29,organic_search,mobile,794,404,49.0,83.0,4.1,461,17,2276.44,2.14
2025-01-29,organic_search,desktop,408,207,49.1,163.0,5.0,211,9,1087.29,2.21
2025-01-29,organic_search,tablet,150,90,39.9,186.0,5.0,79,3,415.02,2.0
2025-01-29,paid_search,mobile,630,403,36.0,186.0,2.0,496,25,2973.76,3.97
2025-01-29,paid_search,desktop,245,159,35.0,246.0,2.0,145,8,1595.95,3.27
2025-01-29,paid_search,tablet,123,82,32.7,189.0,3.5,84,4,556.91,3.25
2025-01-29,paid_social,mobile,544,233,57.2,165.0,4.1,400,10,1595.69,1.84
2025-01-29,paid_social,desktop,381,182,52.0,110.0,4.2,223,7,1487.73,1.84
2025-01-29,paid_social,tablet,72,33,54.1,95.0,2.3,40,1,123.0,1.39
2025-01-29,direct,mobile,439,317,27.7,164.0,3.1,346,19,2440.18,4.33
2025-01-29,direct,desktop,250,173,30.6,57.0,3.2,166,10,1039.82,4.0
2025-01-29,direct,tablet,65,45,29.7,174.0,3.2,32,2,432.52,3.08
2025-01-29,email,mobile,243,184,23.9,217.0,4.9,142,10,1895.04,4.12
2025-01-29,email,desktop,158,122,22.4,70.0,2.7,86,8,1370.5,5.06
2025-01-29,email,tablet,64,48,23.7,153.0,5.6,37,2,249.01,3.12
2025-01-29,referral,mobile,167,86,48.1,115.0,3.5,116,2,366.92,1.2
2025-01-29,referral,desktop,88,42,52.2,66.0,2.9,53,1,91.6,1.14
2025-01-29,referral,tablet,33,15,52.0,190.0,1.3,20,0,0.0,0.0
2025-01-29,organic_social,mobile,118,48,58.8,65.0,3.9,83,1,106.26,0.85
2025-01-29,organic_social,desktop,85,33,60.0,96.0,3.9,56,0,0.0,0.0
2025-01-29,organic_social,tablet,28,10,61.6,107.0,4.5,18,0,0.0,0.0
2025-01-30,organic_search,mobile,697,425,39.0,182.0,1.7,411,19,3344.81,2.73
2025-01-30,organic_search,desktop,403,203,49.4,145.0,1.3,202,12,1656.78,2.98
2025-01-30,organic_search,tablet,93,48,48.0,124.0,4.6,70,1,186.1,1.08
2025-01-30,paid_search,mobile,675,415,38.5,85.0,2.8,532,25,4316.69,3.7
2025-01-30,paid_search,desktop,407,263,35.3,114.0,5.1,256,11,1271.44,2.7
2025-01-30,paid_search,tablet,91,59,35.0,114.0,3.8,71,3,642.1,3.3
2025-01-30,paid_social,mobile,494,224,54.5,96.0,3.9,390,9,761.79,1.82
2025-01-30,paid_social,desktop,327,163,49.9,72.0,2.5,207,5,743.01,1.53
2025-01-30,paid_social,tablet,77,36,52.6,147.0,3.4,40,1,165.8,1.3
2025-01-30,direct,mobile,334,245,26.5,93.0,4.4,236,8,916.45,2.4
2025-01-30,direct,desktop,215,156,27.0,113.0,1.5,144,5,624.03,2.33
2025-01-30,direct,tablet,92,64,30.3,150.0,5.1,56,2,327.87,2.17
2025-01-30,email,mobile,316,247,21.5,127.0,5.4,224,15,1287.21,4.75
2025-01-30,email,desktop,219,164,25.0,153.0,3.8,112,9,1372.36,4.11
2025-01-30,email,tablet,40,30,22.9,210.0,2.1,26,1,140.84,2.5
2025-01-30,referral,mobile,166,82,50.2,84.0,4.0,115,3,484.63,1.81
2025-01-30,referral,desktop,154,73,52.0,63.0,3.9,91,3,580.63,1.95
2025-01-30,referral,tablet,41,20,49.7,162.0,1.4,29,0,0.0,0.0
2025-01-30,organic_social,mobile,109,48,55.1,111.0,2.1,62,0,0.0,0.0
2025-01-30,organic_social,desktop,108,46,56.9,182.0,3.8,78,1,113.23,0.93
2025-01-30,organic_social,tablet,24,7,66.8,142.0,4.6,12,0,0.0,0.0
2025-01-31,organic_search,mobile,537,298,44.5,98.0,2.4,317,16,1328.57,2.98
2025-01-31,organic_search,desktop,312,157,49.4,55.0,4.3,225,5,734.39,1.6
2025-01-31,organic_search,tablet,141,73,48.2,202.0,2.0,89,4,553.41,2.84
2025-01-31,paid_search,mobile,387,249,35.5,112.0,4.0,290,12,2487.61,3.1
2025-01-31,paid_search,desktop,313,205,34.2,180.0,1.9,170,10,1198.14,3.19
2025-01-31,paid_search,tablet,110,62,43.4,147.0,4.6,67,2,359.9,1.82
2025-01-31,paid_social,mobile,635,329,48.1,203.0,4.5,481,14,2778.63,2.2
2025-01-31,paid_social,desktop,374,143,61.6,105.0,3.9,266,6,1269.0,1.6
2025-01-31,paid_social,tablet,107,43,58.9,46.0,3.2,80,1,183.48,0.93
2025-01-31,direct,mobile,494,330,33.1,152.0,3.4,295,18,1903.21,3.64
2025-01-31,direct,desktop,250,166,33.3,149.0,3.9,131,8,1429.31,3.2
2025-01-31,direct,tablet,94,66,29.4,215.0,1.5,73,3,520.18,3.19
2025-01-31,email,mobile,329,238,27.5,171.0,3.5,241,13,2489.31,3.95
2025-01-31,email,desktop,188,146,21.8,247.0,5.3,141,7,1169.65,3.72
2025-01-31,email,tablet,42,31,24.8,63.0,2.1,22,1,141.42,2.38
2025-01-31,referral,mobile,206,105,48.7,104.0,4.2,113,3,426.44,1.46
2025-01-31,referral,desktop,89,42,52.3,55.0,2.2,48,1,170.07,1.12
2025-01-31,referral,tablet,30,15,47.4,161.0,2.6,19,0,0.0,0.0
2025-01-31,organic_social,mobile,177,80,54.8,115.0,4.4,111,1,197.96,0.56
2025-01-31,organic_social,desktop,62,26,57.7,121.0,5.0,41,0,0.0,0.0
2025-01-31,organic_social,tablet,27,9,64.0,198.0,3.9,16,0,0.0,0.0
2025-02-01,organic_search,mobile,631,363,42.3,102.0,3.3,416,17,1591.61,2.69
2025-02-01,organic_search,desktop,465,237,49.0,203.0,4.5,347,9,1003.52,1.94
2025-02-01,organic_search,tablet,103,62,39.0,94.0,4.9,55,2,403.61,1.94
2025-02-01,paid_search,mobile,483,310,35.7,131.0,2.1,262,12,2426.27,2.48
2025-02-01,paid_search,desktop,333,224,32.5,55.0,5.4,211,8,644.14,2.4
2025-02-01,paid_search,tablet,113,67,40.7,148.0,2.6,75,4,378.1,3.54
2025-02-01,paid_social,mobile,445,223,49.8,206.0,1.8,304,8,683.04,1.8
2025-02-01,paid_social,desktop,363,188,48.0,227.0,1.5,259,8,1038.92,2.2
2025-02-01,paid_social,tablet,71,33,53.4,103.0,4.2,52,1,136.86,1.41
2025-02-01,direct,mobile,371,260,29.8,82.0,4.7,274,12,1957.11,3.23
2025-02-01,direct,desktop,276,187,32.2,173.0,3.4,182,12,2509.81,4.35
2025-02-01,direct,tablet,73,51,29.8,60.0,2.3,41,2,437.79,2.74
2025-02-01,email,mobile,329,248,24.4,233.0,3.5,230,14,2039.54,4.26
2025-02-01,email,desktop,124,91,26.1,209.0,1.8,65,4,805.45,3.23
2025-02-01,email,tablet,43,33,22.2,193.0,2.4,28,2,436.31,4.65
2025-02-01,referral,mobile,227,97,56.9,121.0,2.8,147,3,459.95,1.32
2025-02-01,referral,desktop,115,60,47.7,196.0,1.7,82,1,149.98,0.87
2025-02-01,referral,tablet,30,15,48.2,177.0,3.6,17,0,0.0,0.0
2025-02-01,organic_social,mobile,151,61,59.2,173.0,4.4,112,2,319.9,1.32
2025-02-01,organic_social,desktop,82,34,57.6,90.0,1.7,42,1,100.03,1.22
2025-02-01,organic_social,tablet,26,8,67.2,100.0,3.4,18,0,0.0,0.0
2025-02-02,organic_search,mobile,774,463,40.1,63.0,2.2,488,14,2931.42,1.81
2025-02-02,organic_search,desktop,521,279,46.4,194.0,2.2,263,13,2299.36,2.5
2025-02-02,organic_search,tablet,97,57,40.5,217.0,4.1,53,1,184.65,1.03
2025-02-02,paid_search,mobile,585,361,38.2,193.0,3.4,382,22,4662.28,3.76
2025-02-02,paid_search,desktop,414,274,33.7,199.0,1.6,249,10,1280.92,2.42
2025-02-02,paid_search,tablet,89,55,37.8,170.0,4.9,49,2,360.03,2.25
2025-02-02,paid_social,mobile,474,221,53.4,103.0,4.0,258,6,618.46,1.27
2025-02-02,paid_social,desktop,270,113,57.9,204.0,1.8,139,5,473.08,1.85
2025-02-02,paid_social,tablet,79,41,47.2,210.0,2.8,46,1,161.02,1.27
2025-02-02,direct,mobile,515,380,26.1,132.0,3.1,341,17,1961.19,3.3
2025-02-02,direct,desktop,255,167,34.4,60.0,3.1,142,6,1116.43,2.35
2025-02-02,direct,tablet,95,64,32.0,196.0,5.2,67,3,639.94,3.16
2025-02-02,email,mobile,205,151,25.9,218.0,2.1,130,11,1209.84,5.37
2025-02-02,email,desktop,131,99,23.8,121.0,4.0,102,6,518.03,4.58
2025-02-02,email,tablet,42,32,22.5,189.0,5.6,27,1,113.15,2.38
2025-02-02,referral,mobile,166,76,53.7,150.0,2.1,102,2,168.4,1.2
2025-02-02,referral,desktop,102,44,56.3,84.0,1.6,66,1,142.87,0.98
2025-02-02,referral,tablet,42,21,47.8,89.0,1.8,26,0,0.0,0.0
2025-02-02,organic_social,mobile,170,71,57.7,104.0,2.6,89,2,411.48,1.18
2025-02-02,organic_social,desktop,79,28,64.4,42.0,1.6,56,1,181.19,1.27
2025-02-02,organic_social,tablet,31,11,63.5,185.0,1.6,16,0,0.0,0.0
2025-02-03,organic_search,mobile,545,322,40.8,228.0,1.8,424,11,1099.08,2.02
2025-02-03,organic_search,desktop,293,148,49.3,184.0,2.3,180,9,1374.26,3.07
2025-02-03,organic_search,tablet,96,48,49.7,100.0,4.6,54,2,166.19,2.08
2025-02-03,paid_search,mobile,379,239,36.7,209.0,4.7,255,9,1160.76,2.37
2025-02-03,paid_search,desktop,290,178,38.4,242.0,2.2,230,6,1065.22,2.07
2025-02-03,paid_search,tablet,97,64,33.9,143.0,2.7,66,3,523.72,3.09
2025-02-03,paid_social,mobile,447,235,47.3,50.0,4.7,351,8,1368.3,1.79
2025-02-03,paid_social,desktop,252,129,48.7,51.0,3.5,134,5,963.5,1.98
2025-02-03,paid_social,tablet,52,26,49.9,51.0,3.9,41,0,0.0,0.0
2025-02-03,direct,mobile,335,224,32.8,183.0,1.4,219,14,2521.0,4.18
2025-02-03,direct,desktop,193,134,30.2,232.0,1.9,127,6,1241.51,3.11
2025-02-03,direct,tablet,71,49,30.9,127.0,2.7,35,2,264.54,2.82
2025-02-03,email,mobile,258,196,23.9,164.0,2.9,197,9,1677.03,3.49
2025-02-03,email,desktop,156,111,28.6,118.0,1.8,82,7,1236.29,4.49
2025-02-03,email,tablet,40,31,22.1,102.0,2.6,28,2,357.08,5.0
2025-02-03,referral,mobile,172,77,55.1,186.0,4.2,129,3,305.2,1.74
2025-02-03,referral,desktop,73,34,52.8,171.0,2.2,43,1,115.85,1.37
2025-02-03,referral,tablet,26,11,55.9,177.0,2.6,15,0,0.0,0.0
2025-02-03,organic_social,mobile,102,33,66.8,49.0,1.6,72,0,0.0,0.0
2025-02-03,organic_social,desktop,55,26,51.7,181.0,3.6,39,0,0.0,0.0
2025-02-03,organic_social,tablet,17,7,53.0,112.0,2.3,10,0,0.0,0.0
2025-02-04,organic_search,mobile,547,325,40.5,214.0,2.8,325,13,2202.41,2.38
2025-02-04,organic_search,desktop,302,166,45.0,116.0,4.3,173,6,690.38,1.99
2025-02-04,organic_search,tablet,113,65,42.1,228.0,3.0,58,2,431.87,1.77
2025-02-04,paid_search,mobile,512,339,33.7,236.0,4.0,408,20,3651.37,3.91
2025-02-04,paid_search,desktop,257,164,36.1,128.0,4.9,174,7,903.28,2.72
2025-02-04,paid_search,tablet,85,54,35.6,81.0,4.5,63,3,357.91,3.53
2025-02-04,paid_social,mobile,347,153,55.7,184.0,4.1,224,5,605.75,1.44
2025-02-04,paid_social,desktop,229,115,49.7,175.0,3.2,117,4,837.26,1.75
2025-02-04,paid_social,tablet,84,40,51.8,121.0,4.9,46,1,145.74,1.19
2025-02-04,direct,mobile,344,252,26.5,220.0,3.3,253,10,1810.99,2.91
2025-02-04,direct,desktop,248,163,33.9,195.0,4.0,153,7,865.9,2.82
2025-02-04,direct,tablet,47,32,31.1,180.0,4.2,28,1,98.5,2.13
2025-02-04,email,mobile,247,193,21.8,94.0,2.1,151,10,2138.87,4.05
2025-02-04,email,desktop,112,86,22.9,66.0,5.2,71,5,641.39,4.46
2025-02-04,email,tablet,42,31,24.0,193.0,4.8,23,2,240.58,4.76
2025-02-04,referral,mobile,170,77,54.4,112.0,3.5,132,4,836.77,2.35
2025-02-04,referral,desktop,64,30,51.9,186.0,4.0,51,1,183.43,1.56
2025-02-04,referral,tablet,25,12,50.9,210.0,5.0,19,0,0.0,0.0
2025-02-04,organic_social,mobile,127,40,67.8,180.0,3.8,96,1,104.29,0.79
2025-02-04,organic_social,desktop,76,35,53.5,144.0,3.3,51,1,187.97,1.32
2025-02-04,organic_social,tablet,17,5,65.5,47.0,1.9,12,0,0.0,0.0
2025-02-05,organic_search,mobile,839,478,43.0,88.0,2.3,442,16,3203.12,1.91
2025-02-05,organic_search,desktop,545,312,42.7,111.0,4.2,310,10,2135.1,1.83
2025-02-05,organic_search,tablet,142,83,41.4,200.0,4.2,110,3,425.16,2.11
2025-02-05,paid_search,mobile,509,300,40.9,103.0,4.4,322,20,2541.67,3.93
2025-02-05,paid_search,desktop,328,201,38.5,139.0,1.8,250,13,1192.61,3.96
2025-02-05,paid_search,tablet,78,52,33.3,215.0,3.3,49,3,476.6,3.85
2025-02-05,paid_social,mobile,617,227,63.1,183.0,3.2,482,11,2294.01,1.78
2025-02-05,paid_social,desktop,260,100,61.3,173.0,4.6,146,4,337.09,1.54
2025-02-05,paid_social,tablet,91,37,59.1,109.0,2.9,65,1,100.57,1.1
2025-02-05,direct,mobile,337,226,32.8,164.0,3.2,197,11,2271.99,3.26
2025-02-05,direct,desktop,200,142,28.8,228.0,3.3,118,6,957.36,3.0
2025-02-05,direct,tablet,91,61,32.1,109.0,1.9,70,2,206.74,2.2
2025-02-05,email,mobile,293,211,27.7,143.0,5.4,167,14,1420.34,4.78
2025-02-05,email,desktop,127,96,23.8,143.0,2.5,71,5,439.11,3.94
2025-02-05,email,tablet,42,32,22.0,256.0,4.8,31,1,163.42,2.38
2025-02-05,referral,mobile,219,94,56.8,166.0,2.4,115,5,944.81,2.28
2025-02-05,referral,desktop,92,42,53.5,108.0,2.0,57,1,194.3,1.09
2025-02-05,referral,tablet,39,20,46.6,208.0,3.6,25,0,0.0,0.0
2025-02-05,organic_social,mobile,158,56,64.2,193.0,4.7,103,1,119.46,0.63
2025-02-05,organic_social,desktop,90,44,51.0,68.0,2.4,62,1,109.74,1.11
2025-02-05,organic_social,tablet,24,10,57.3,192.0,2.9,17,0,0.0,0.0
2025-02-06,organic_search,mobile,846,418,50.5,206.0,2.3,625,21,2724.66,2.48
2025-02-06,organic_search,desktop,544,281,48.2,83.0,3.8,400,15,1306.42,2.76
2025-02-06,organic_search,tablet,92,56,38.5,148.0,1.4,50,2,340.59,2.17
2025-02-06,paid_search,mobile,633,407,35.7,217.0,3.2,412,15,1306.81,2.37
2025-02-06,paid_search,desktop,257,159,37.9,224.0,4.5,190,8,777.53,3.11
2025-02-06,paid_search,tablet,102,65,36.1,76.0,3.5,65,3,334.66,2.94
2025-02-06,paid_social,mobile,391,173,55.5,175.0,2.1,291,7,1414.08,1.79
2025-02-06,paid_social,desktop,403,166,58.6,211.0,1.9,292,8,938.4,1.99
2025-02-06,paid_social,tablet,84,39,52.6,184.0,4.8,52,1,141.75,1.19
2025-02-06,direct,mobile,450,303,32.6,93.0,5.1,358,11,2359.24,2.44
2025-02-06,direct,desktop,199,132,33.5,72.0,4.7,136,7,1361.57,3.52
2025-02-06,direct,tablet,75,52,30.5,243.0,2.6,57,3,365.01,4.0
2025-02-06,email,mobile,194,139,28.1,204.0,2.9,124,9,876.47,4.64
2025-02-06,email,desktop,129,99,22.8,59.0,3.6,102,6,831.08,4.65
2025-02-06,email,tablet,44,34,22.3,237.0,4.2,24,2,417.55,4.55
2025-02-06,referral,mobile,225,101,54.8,115.0,1.8,164,5,682.76,2.22
2025-02-06,referral,desktop,139,77,44.0,50.0,3.8,88,1,213.24,0.72
2025-02-06,referral,tablet,40,22,43.8,207.0,3.3,28,0,0.0,0.0
2025-02-06,organic_social,mobile,132,41,68.7,54.0,2.8,68,1,185.5,0.76
2025-02-06,organic_social,desktop,67,26,60.1,125.0,1.8,40,0,0.0,0.0
2025-02-06,organic_social,tablet,30,10,66.4,161.0,1.4,20,0,0.0,0.0
2025-02-07,organic_search,mobile,813,436,46.3,140.0,4.3,563,20,3087.4,2.46
2025-02-07,organic_search,desktop,362,202,44.1,91.0,1.8,193,9,1247.88,2.49
2025-02-07,organic_search,tablet,109,61,43.7,215.0,4.5,81,3,653.67,2.75
2025-02-07,paid_search,mobile,581,376,35.2,161.0,1.4,323,18,1799.24,3.1
2025-02-07,paid_search,desktop,394,254,35.5,58.0,1.4,224,12,2357.86,3.05
2025-02-07,paid_search,tablet,111,72,35.0,106.0,2.3,74,4,517.03,3.6
2025-02-07,paid_social,mobile,600,279,53.5,203.0,2.5,418,9,1250.29,1.5
2025-02-07,paid_social,desktop,282,118,57.9,204.0,3.5,223,6,982.79,2.13
2025-02-07,paid_social,tablet,102,43,57.5,87.0,2.0,54,2,163.11,1.96
2025-02-07,direct,mobile,520,381,26.7,182.0,4.6,354,15,1903.84,2.88
2025-02-07,direct,desktop,301,213,29.1,133.0,4.8,172,13,1349.57,4.32
2025-02-07,direct,tablet,86,61,28.8,213.0,1.8,56,2,272.94,2.33
2025-02-07,email,mobile,314,229,26.9,230.0,2.2,250,12,1743.62,3.82
2025-02-07,email,desktop,166,127,23.3,213.0,4.1,95,4,390.01,2.41
2025-02-07,email,tablet,62,44,27.5,90.0,4.0,44,2,252.42,3.23
2025-02-07,referral,mobile,180,83,53.6,158.0,2.7,90,4,662.69,2.22
2025-02-07,referral,desktop,155,71,54.1,177.0,3.8,103,3,252.52,1.94
2025-02-07,referral,tablet,37,16,56.3,197.0,1.3,28,0,0.0,0.0
2025-02-07,organic_social,mobile,98,34,65.0,144.0,1.4,55,1,165.75,1.02
2025-02-07,organic_social,desktop,108,36,65.8,108.0,3.2,57,0,0.0,0.0
2025-02-07,organic_social,tablet,23,9,58.8,135.0,1.4,12,0,0.0,0.0
2025-02-08,organic_search,mobile,547,272,50.2,76.0,4.5,304,16,3086.56,2.93
2025-02-08,organic_search,desktop,451,233,48.2,91.0,3.2,277,8,1309.68,1.77
2025-02-08,organic_search,tablet,138,76,44.9,225.0,4.4,93,3,622.35,2.17
2025-02-08,paid_search,mobile,676,411,39.2,188.0,4.3,525,17,1401.48,2.51
2025-02-08,paid_search,desktop,418,252,39.6,132.0,2.2,309,10,1631.67,2.39
2025-02-08,paid_search,tablet,78,47,39.5,131.0,1.8,39,2,245.01,2.56
2025-02-08,paid_social,mobile,350,176,49.6,66.0,4.7,234,7,1072.16,2.0
2025-02-08,paid_social,desktop,225,91,59.3,146.0,1.6,176,3,463.8,1.33
2025-02-08,paid_social,tablet,76,32,57.0,151.0,4.9,57,1,126.47,1.32
2025-02-08,direct,mobile,481,339,29.5,192.0,2.0,364,16,2367.61,3.33
2025-02-08,direct,desktop,186,135,27.0,128.0,2.8,108,6,691.78,3.23
2025-02-08,direct,tablet,69,48,30.0,114.0,2.5,44,2,387.34,2.9
2025-02-08,email,mobile,200,155,22.1,68.0,3.3,123,9,1342.07,4.5
2025-02-08,email,desktop,148,112,24.0,139.0,3.9,115,5,714.34,3.38
2025-02-08,email,tablet,40,30,24.4,192.0,2.5,27,1,156.58,2.5
2025-02-08,referral,mobile,157,87,44.4,121.0,4.9,111,3,438.97,1.91
2025-02-08,referral,desktop,135,73,45.4,167.0,2.8,70,2,295.27,1.48
2025-02-08,referral,tablet,38,17,54.1,89.0,4.7,27,0,0.0,0.0
2025-02-08,organic_social,mobile,101,38,61.4,53.0,2.0,65,0,0.0,0.0
2025-02-08,organic_social,desktop,76,36,52.6,54.0,4.6,52,0,0.0,0.0
2025-02-08,organic_social,tablet,25,10,58.1,62.0,1.5,14,0,0.0,0.0
2025-02-09,organic_search,mobile,756,437,42.1,167.0,3.0,490,22,2931.3,2.91
2025-02-09,organic_search,desktop,371,203,45.2,130.0,4.0,230,7,939.03,1.89
2025-02-09,organic_search,tablet,137,81,40.6,138.0,4.0,81,2,301.67,1.46
2025-02-09,paid_search,mobile,394,234,40.5,165.0,3.5,263,15,2027.95,3.81
2025-02-09,paid_search,desktop,427,253,40.7,76.0,3.9,282,15,1389.08,3.51
2025-02-09,paid_search,tablet,116,77,33.4,221.0,2.1,70,3,444.15,2.59
2025-02-09,paid_social,mobile,391,179,54.2,174.0,1.6,248,8,1390.77,2.05
2025-02-09,paid_social,desktop,379,149,60.6,42.0,4.5,298,8,1229.17,2.11
2025-02-09,paid_social,tablet,113,45,59.5,160.0,1.8,88,1,99.47,0.88
2025-02-09,direct,mobile,399,296,25.8,199.0,4.4,224,11,1327.34,2.76
2025-02-09,direct,desktop,285,211,25.8,199.0,5.2,179,7,1084.31,2.46
2025-02-09,direct,tablet,57,37,33.9,220.0,3.7,33,1,149.65,1.75
2025-02-09,email,mobile,281,208,25.9,169.0,5.2,144,14,1580.28,4.98
2025-02-09,email,desktop,142,108,23.8,95.0,2.4,106,6,1187.15,4.23
2025-02-09,email,tablet,39,29,23.2,229.0,3.4,24,1,103.26,2.56
2025-02-09,referral,mobile,150,70,52.7,100.0,3.9,97,3,530.69,2.0
2025-02-09,referral,desktop,148,74,49.4,96.0,3.4,81,2,188.35,1.35
2025-02-09,referral,tablet,25,12,49.2,127.0,4.2,19,0,0.0,0.0
2025-02-09,organic_social,mobile,117,37,68.0,148.0,1.4,83,1,185.69,0.85
2025-02-09,organic_social,desktop,108,34,67.7,51.0,1.8,62,1,190.12,0.93
2025-02-09,organic_social,tablet,25,10,58.0,175.0,3.9,18,0,0.0,0.0
2025-02-10,organic_search,mobile,617,311,49.5,158.0,1.4,446,18,1606.13,2.92
2025-02-10,organic_search,desktop,241,116,51.5,128.0,4.4,133,6,632.88,2.49
2025-02-10,organic_search,tablet,95,58,38.3,124.0,3.4,51,2,214.49,2.11
2025-02-10,paid_search,mobile,518,323,37.6,223.0,5.0,325,13,2377.96,2.51
2025-02-10,paid_search,desktop,240,137,42.9,81.0,3.1,188,5,925.38,2.08
2025-02-10,paid_search,tablet,78,48,38.3,49.0,4.8,54,1,118.83,1.28
2025-02-10,paid_social,mobile,286,135,52.7,85.0,3.3,155,6,597.85,2.1
2025-02-10,paid_social,desktop,219,81,63.0,150.0,2.0,165,4,712.86,1.83
2025-02-10,paid_social,tablet,52,19,62.0,174.0,1.8,28,0,0.0,0.0
2025-02-10,direct,mobile,232,167,27.7,178.0,1.5,121,8,1222.74,3.45
2025-02-10,direct,desktop,219,146,33.1,112.0,3.0,150,7,723.15,3.2
2025-02-10,direct,tablet,53,35,33.6,100.0,3.2,38,1,105.39,1.89
2025-02-10,email,mobile,251,194,22.6,102.0,4.8,166,7,1412.02,2.79
2025-02-10,email,desktop,123,95,22.4,152.0,3.3,89,5,972.71,4.07
2025-02-10,email,tablet,37,26,27.1,106.0,2.1,18,1,200.07,2.7
2025-02-10,referral,mobile,173,97,43.4,178.0,4.1,101,4,636.31,2.31
2025-02-10,referral,desktop,108,46,56.7,176.0,3.4,65,1,196.95,0.93
2025-02-10,referral,tablet,24,12,47.1,113.0,3.9,14,0,0.0,0.0
2025-02-10,organic_social,mobile,101,47,52.5,106.0,3.3,76,1,172.54,0.99
2025-02-10,organic_social,desktop,47,15,67.7,176.0,1.4,34,0,0.0,0.0
2025-02-10,organic_social,tablet,21,10,51.8,74.0,1.7,14,0,0.0,0.0
2025-02-11,organic_search,mobile,379,225,40.5,165.0,2.1,214,12,2211.16,3.17
2025-02-11,organic_search,desktop,317,163,48.4,204.0,4.4,224,5,430.99,1.58
2025-02-11,organic_search,tablet,93,55,40.2,121.0,4.1,59,1,206.75,1.08
2025-02-11,paid_search,mobile,469,307,34.5,98.0,3.8,310,14,1858.66,2.99
2025-02-11,paid_search,desktop,261,159,39.0,111.0,4.4,133,6,791.26,2.3
2025-02-11,paid_search,tablet,65,37,42.8,190.0,1.5,40,1,101.27,1.54
2025-02-11,paid_social,mobile,450,168,62.5,135.0,2.0,245,6,728.81,1.33
2025-02-11,paid_social,desktop,225,117,47.9,107.0,4.3,135,5,633.94,2.22
2025-02-11,paid_social,tablet,78,39,49.7,126.0,1.6,56,1,187.59,1.28
2025-02-11,direct,mobile,308,220,28.3,59.0,3.8,186,13,2634.45,4.22
2025-02-11,direct,desktop,142,105,25.6,200.0,3.3,103,5,624.09,3.52
2025-02-11,direct,tablet,66,45,31.4,113.0,3.5,43,2,436.77,3.03
2025-02-11,email,mobile,197,153,22.2,245.0,4.2,115,7,770.89,3.55
2025-02-11,email,desktop,136,98,27.6,214.0,5.4,87,7,633.53,5.15
2025-02-11,email,tablet,48,34,28.4,113.0,5.1,32,2,397.33,4.17
2025-02-11,referral,mobile,145,65,55.0,48.0,3.5,108,3,534.52,2.07
2025-02-11,referral,desktop,94,40,56.5,113.0,1.5,64,2,308.31,2.13
2025-02-11,referral,tablet,22,10,52.5,47.0,4.5,14,0,0.0,0.0
2025-02-11,organic_social,mobile,91,34,62.4,148.0,2.3,67,1,100.65,1.1
2025-02-11,organic_social,desktop,83,39,52.8,105.0,1.4,58,1,206.48,1.2
2025-02-11,organic_social,tablet,17,7,54.4,85.0,4.3,12,0,0.0,0.0
2025-02-12,organic_search,mobile,685,371,45.7,200.0,2.7,417,21,4349.64,3.07
2025-02-12,organic_search,desktop,539,265,50.8,145.0,2.6,308,15,2789.99,2.78
2025-02-12,organic_search,tablet,98,50,48.1,47.0,4.9,61,2,260.42,2.04
2025-02-12,paid_search,mobile,706,423,40.0,174.0,3.9,402,17,2138.15,2.41
2025-02-12,paid_search,desktop,282,182,35.5,188.0,4.8,174,10,1138.62,3.55
2025-02-12,paid_search,tablet,70,46,33.9,108.0,3.5,35,1,106.59,1.43
2025-02-12,paid_social,mobile,365,142,60.9,42.0,1.2,263,6,1265.85,1.64
2025-02-12,paid_social,desktop,310,118,61.8,121.0,4.2,229,6,903.33,1.94
2025-02-12,paid_social,tablet,77,32,57.9,191.0,2.2,58,1,199.85,1.3
2025-02-12,direct,mobile,517,380,26.5,136.0,4.3,278,18,2539.89,3.48
2025-02-12,direct,desktop,312,231,25.7,192.0,3.6,249,11,1227.05,3.53
2025-02-12,direct,tablet,91,65,28.5,201.0,3.1,48,3,373.48,3.3
2025-02-12,email,mobile,301,236,21.3,74.0,3.5,222,11,2277.0,3.65
2025-02-12,email,desktop,217,161,25.4,209.0,3.0,126,7,1482.04,3.23
2025-02-12,email,tablet,36,27,22.7,81.0,2.2,22,1,95.21,2.78
2025-02-12,referral,mobile,156,68,56.1,213.0,4.1,78,2,417.46,1.28
2025-02-12,referral,desktop,103,55,46.5,60.0,2.0,61,2,204.35,1.94
2025-02-12,referral,tablet,25,13,45.4,78.0,4.4,16,0,0.0,0.0
2025-02-12,organic_social,mobile,158,64,59.1,172.0,1.8,120,2,237.43,1.27
2025-02-12,organic_social,desktop,62,25,59.2,117.0,3.4,47,0,0.0,0.0
2025-02-12,organic_social,tablet,19,8,55.4,201.0,3.3,9,0,0.0,0.0
2025-02-13,organic_search,mobile,489,251,48.5,89.0,4.9,340,14,1590.13,2.86
2025-02-13,organic_search,desktop,350,194,44.3,123.0,1.9,251,10,1669.64,2.86
2025-02-13,organic_search,tablet,108,58,45.9,92.0,4.0,72,2,315.53,1.85
2025-02-13,paid_search,mobile,518,347,32.9,209.0,3.4,403,14,1810.8,2.7
2025-02-13,paid_search,desktop,402,247,38.4,80.0,3.1,288,10,1109.45,2.49
2025-02-13,paid_search,tablet,115,76,33.4,138.0,2.6,73,3,442.21,2.61
2025-02-13,paid_social,mobile,499,216,56.6,101.0,4.6,369,8,1698.51,1.6
2025-02-13,paid_social,desktop,308,138,54.9,162.0,4.3,237,6,893.89,1.95
2025-02-13,paid_social,tablet,74,27,62.8,142.0,1.4,40,1,121.63,1.35
2025-02-13,direct,mobile,433,297,31.4,211.0,2.0,302,15,2679.92,3.46
2025-02-13,direct,desktop,272,199,26.6,232.0,2.3,150,7,971.28,2.57
2025-02-13,direct,tablet,84,55,34.3,100.0,1.5,46,2,258.04,2.38
2025-02-13,email,mobile,207,155,25.0,179.0,3.4,141,11,2092.6,5.31
2025-02-13,email,desktop,161,124,22.6,254.0,4.1,117,7,1077.54,4.35
2025-02-13,email,tablet,37,27,27.0,206.0,5.4,22,2,344.1,5.41
2025-02-13,referral,mobile,229,117,48.5,92.0,5.1,137,4,688.62,1.75
2025-02-13,referral,desktop,94,49,47.3,158.0,4.9,54,2,247.9,2.13
2025-02-13,referral,tablet,27,15,44.0,132.0,4.7,19,0,0.0,0.0
2025-02-13,organic_social,mobile,144,48,66.3,59.0,2.9,92,1,165.32,0.69
2025-02-13,organic_social,desktop,75,25,65.9,118.0,2.8,38,0,0.0,0.0
2025-02-13,organic_social,tablet,27,13,51.2,66.0,2.9,18,0,0.0,0.0
2025-02-14,organic_search,mobile,609,366,39.9,218.0,1.7,346,10,1785.34,1.64
2025-02-14,organic_search,desktop,311,154,50.2,129.0,4.6,244,7,1466.69,2.25
2025-02-14,organic_search,tablet,112,59,46.9,126.0,4.6,87,3,248.99,2.68
2025-02-14,paid_search,mobile,681,385,43.4,155.0,3.0,393,23,2589.61,3.38
2025-02-14,paid_search,desktop,407,246,39.5,222.0,2.3,276,15,1765.93,3.69
2025-02-14,paid_search,tablet,73,44,38.5,215.0,4.9,53,1,126.51,1.37
2025-02-14,paid_social,mobile,455,198,56.3,103.0,2.1,307,6,1049.81,1.32
2025-02-14,paid_social,desktop,241,101,58.1,109.0,3.3,138,3,472.45,1.24
2025-02-14,paid_social,tablet,79,40,49.1,113.0,3.0,44,1,89.82,1.27
2025-02-14,direct,mobile,383,270,29.3,58.0,2.2,263,11,1864.45,2.87
2025-02-14,direct,desktop,282,203,27.9,161.0,2.7,224,10,1457.7,3.55
2025-02-14,direct,tablet,85,61,27.7,132.0,1.8,43,2,376.77,2.35
2025-02-14,email,mobile,260,196,24.4,215.0,2.7,178,12,1925.62,4.62
2025-02-14,email,desktop,215,168,21.8,223.0,2.5,134,10,1802.24,4.65
2025-02-14,email,tablet,42,32,23.6,233.0,4.7,26,2,284.78,4.76
2025-02-14,referral,mobile,249,111,55.1,57.0,3.0,151,4,493.44,1.61
2025-02-14,referral,desktop,138,78,42.8,136.0,2.0,107,3,414.98,2.17
2025-02-14,referral,tablet,32,14,55.1,154.0,4.9,22,0,0.0,0.0
2025-02-14,organic_social,mobile,146,59,59.0,68.0,2.2,94,1,140.32,0.68
2025-02-14,organic_social,desktop,68,23,65.2,124.0,4.6,45,0,0.0,0.0
2025-02-14,organic_social,tablet,21,8,57.3,68.0,3.0,12,0,0.0,0.0
2025-02-15,organic_search,mobile,519,305,41.2,93.0,3.8,366,13,1507.55,2.5
2025-02-15,organic_search,desktop,369,204,44.6,60.0,2.7,264,10,1765.87,2.71
2025-02-15,organic_search,tablet,100,59,40.9,110.0,3.4,72,2,239.45,2.0
2025-02-15,paid_search,mobile,549,315,42.5,150.0,4.5,326,13,2412.55,2.37
2025-02-15,paid_search,desktop,346,201,41.7,204.0,4.0,215,13,1724.3,3.76
2025-02-15,paid_search,tablet,128,86,32.7,238.0,1.8,88,3,368.92,2.34
2025-02-15,paid_social,mobile,559,280,49.8,74.0,4.4,437,7,606.87,1.25
2025-02-15,paid_social,desktop,390,184,52.8,188.0,1.5,220,7,1370.5,1.79
2025-02-15,paid_social,tablet,113,46,59.0,109.0,3.6,72,2,303.95,1.77
2025-02-15,direct,mobile,381,271,28.6,158.0,3.8,203,10,1541.18,2.62
2025-02-15,direct,desktop,327,221,32.2,180.0,2.7,194,8,728.87,2.45
2025-02-15,direct,tablet,90,64,28.6,106.0,2.7,70,3,465.57,3.33
2025-02-15,email,mobile,247,179,27.1,189.0,4.5,155,12,1079.34,4.86
2025-02-15,email,desktop,182,141,22.5,182.0,2.0,144,6,1074.44,3.3
2025-02-15,email,tablet,63,48,22.9,173.0,4.7,38,3,352.21,4.76
2025-02-15,referral,mobile,198,100,49.3,148.0,4.5,140,4,588.06,2.02
2025-02-15,referral,desktop,124,62,49.4,217.0,2.0,72,1,87.89,0.81
2025-02-15,referral,tablet,37,16,54.9,214.0,1.5,22,0,0.0,0.0
2025-02-15,organic_social,mobile,171,69,59.4,127.0,4.6,98,2,164.94,1.17
2025-02-15,organic_social,desktop,110,53,51.2,64.0,2.1,64,0,0.0,0.0
2025-02-15,organic_social,tablet,24,10,58.0,170.0,3.7,13,0,0.0,0.0
2025-02-16,organic_search,mobile,729,435,40.2,180.0,4.6,434,17,2458.43,2.33
2025-02-16,organic_search,desktop,317,193,38.9,96.0,1.5,208,9,1332.77,2.84
2025-02-16,organic_search,tablet,97,54,43.9,84.0,1.4,65,2,224.18,2.06
2025-02-16,paid_search,mobile,451,260,42.3,143.0,2.2,356,15,2368.47,3.33
2025-02-16,paid_search,desktop,448,286,36.0,203.0,2.5,262,16,1547.11,3.57
2025-02-16,paid_search,tablet,100,63,36.8,91.0,3.1,56,2,326.06,2.0
2025-02-16,paid_social,mobile,601,286,52.3,76.0,3.5,400,13,1633.5,2.16
2025-02-16,paid_social,desktop,337,162,51.7,210.0,3.9,244,5,566.2,1.48
2025-02-16,paid_social,tablet,73,30,57.7,70.0,3.8,49,1,127.94,1.37
2025-02-16,direct,mobile,431,314,27.1,179.0,3.7,314,12,2009.81,2.78
2025-02-16,direct,desktop,312,224,28.0,110.0,5.3,168,8,865.31,2.56
2025-02-16,direct,tablet,92,66,27.3,73.0,1.8,55,2,195.24,2.17
2025-02-16,email,mobile,278,214,22.8,241.0,2.0,150,14,2269.38,5.04
2025-02-16,email,desktop,211,157,25.5,58.0,5.2,149,11,1106.22,5.21
2025-02-16,email,tablet,59,45,23.5,263.0,5.2,30,1,147.6,1.69
2025-02-16,referral,mobile,156,82,47.2,80.0,3.3,101,3,586.38,1.92
2025-02-16,referral,desktop,116,57,50.5,168.0,1.5,91,2,308.83,1.72
2025-02-16,referral,tablet,27,14,47.9,146.0,4.6,20,0,0.0,0.0
2025-02-16,organic_social,mobile,123,47,61.1,130.0,2.6,75,1,115.4,0.81
2025-02-16,organic_social,desktop,66,27,58.3,99.0,2.8,51,0,0.0,0.0
2025-02-16,organic_social,tablet,26,8,68.5,171.0,3.8,18,0,0.0,0.0
2025-02-17,organic_search,mobile,490,265,45.9,141.0,4.4,377,9,1498.99,1.84
2025-02-17,organic_search,desktop,255,133,47.6,198.0,1.5,146,8,1668.03,3.14
2025-02-17,organic_search,tablet,73,35,50.8,220.0,2.0,50,2,308.9,2.74
2025-02-17,paid_search,mobile,439,280,36.2,182.0,3.0,222,13,1468.4,2.96
2025-02-17,paid_search,desktop,333,206,38.0,73.0,4.9,225,11,1183.27,3.3
2025-02-17,paid_search,tablet,74,45,38.2,90.0,2.0,57,1,207.78,1.35
2025-02-17,paid_social,mobile,317,123,61.0,84.0,4.0,215,6,800.83,1.89
2025-02-17,paid_social,desktop,201,77,61.4,114.0,1.7,156,4,829.2,1.99
2025-02-17,paid_social,tablet,71,30,56.7,87.0,3.5,50,1,146.14,1.41
2025-02-17,direct,mobile,386,285,26.1,214.0,2.3,214,11,2076.1,2.85
2025-02-17,direct,desktop,181,133,26.1,231.0,3.2,125,7,1216.41,3.87
2025-02-17,direct,tablet,71,46,34.1,241.0,3.5,50,1,80.26,1.41
2025-02-17,email,mobile,257,194,24.5,243.0,4.1,142,10,1033.77,3.89
2025-02-17,email,desktop,135,102,23.7,171.0,3.8,99,4,421.85,2.96
2025-02-17,email,tablet,31,22,28.1,137.0,5.2,19,1,108.58,3.23
2025-02-17,referral,mobile,176,96,44.9,221.0,4.7,122,4,561.15,2.27
2025-02-17,referral,desktop,101,54,45.7,108.0,3.3,78,2,313.86,1.98
2025-02-17,referral,tablet,18,9,48.8,222.0,3.5,11,0,0.0,0.0
2025-02-17,organic_social,mobile,128,62,51.1,218.0,2.5,83,1,83.45,0.78
2025-02-17,organic_social,desktop,62,20,67.1,157.0,2.5,33,0,0.0,0.0
2025-02-17,organic_social,tablet,17,5,69.0,172.0,4.3,10,0,0.0,0.0
2025-02-18,organic_search,mobile,453,240,47.0,72.0,2.5,266,9,1329.44,1.99
2025-02-18,organic_search,desktop,366,212,42.1,63.0,2.9,216,11,2393.89,3.01
2025-02-18,organic_search,tablet,85,49,41.8,101.0,4.3,51,1,99.8,1.18
2025-02-18,paid_search,mobile,340,225,33.5,101.0,3.1,267,9,1530.7,2.65
2025-02-18,paid_search,desktop,270,166,38.4,239.0,2.3,211,8,1263.66,2.96
2025-02-18,paid_search,tablet,59,39,33.6,139.0,4.3,38,2,230.33,3.39
2025-02-18,paid_social,mobile,262,126,51.8,186.0,5.0,200,3,628.97,1.15
2025-02-18,paid_social,desktop,232,89,61.3,103.0,3.7,157,4,613.78,1.72
2025-02-18,paid_social,tablet,72,33,53.3,172.0,4.0,47,1,91.39,1.39
2025-02-18,direct,mobile,265,185,30.2,137.0,4.1,147,7,839.44,2.64
2025-02-18,direct,desktop,156,107,31.0,57.0,2.0,120,6,550.27,3.85
2025-02-18,direct,tablet,62,41,33.8,137.0,3.8,42,2,430.27,3.23
2025-02-18,email,mobile,144,113,21.5,146.0,3.7,106,4,606.23,2.78
2025-02-18,email,desktop,156,111,28.6,115.0,2.8,93,6,771.66,3.85
2025-02-18,email,tablet,35,27,21.8,152.0,1.7,18,1,159.53,2.86
2025-02-18,referral,mobile,148,84,43.0,160.0,4.1,93,3,657.39,2.03
2025-02-18,referral,desktop,101,48,52.3,177.0,3.4,65,2,359.18,1.98
2025-02-18,referral,tablet,25,12,48.4,168.0,4.7,19,0,0.0,0.0
2025-02-18,organic_social,mobile,108,51,52.7,89.0,4.3,69,1,184.68,0.93
2025-02-18,organic_social,desktop,80,35,55.5,46.0,3.4,57,1,179.67,1.25
2025-02-18,organic_social,tablet,14,5,60.6,132.0,3.5,7,0,0.0,0.0
2025-02-19,organic_search,mobile,538,292,45.7,174.0,4.4,292,10,1498.17,1.86
2025-02-19,organic_search,desktop,500,284,43.2,144.0,4.6,265,13,1304.42,2.6
2025-02-19,organic_search,tablet,149,82,44.4,77.0,3.9,85,4,856.7,2.68
2025-02-19,paid_search,mobile,429,259,39.5,171.0,3.3,304,10,1451.24,2.33
2025-02-19,paid_search,desktop,413,238,42.2,144.0,2.8,234,13,1543.47,3.15
2025-02-19,paid_search,tablet,101,68,32.6,251.0,5.1,53,3,585.07,2.97
2025-02-19,paid_social,mobile,394,200,49.0,215.0,1.5,243,7,605.02,1.78
2025-02-19,paid_social,desktop,389,146,62.4,146.0,2.7,232,6,890.28,1.54
2025-02-19,paid_social,tablet,102,44,56.6,55.0,3.2,69,1,94.11,0.98
2025-02-19,direct,mobile,451,299,33.6,209.0,4.1,337,18,1794.72,3.99
2025-02-19,direct,desktop,316,225,28.6,113.0,2.8,164,9,1416.32,2.85
2025-02-19,direct,tablet,97,69,28.3,251.0,4.0,64,3,657.13,3.09
2025-02-19,email,mobile,243,175,27.7,112.0,2.7,173,9,854.47,3.7
2025-02-19,email,desktop,140,106,23.6,206.0,3.2,88,4,795.1,2.86
2025-02-19,email,tablet,39,29,24.1,214.0,1.6,23,2,198.82,5.13
2025-02-19,referral,mobile,232,117,49.2,169.0,4.4,172,5,472.48,2.16
2025-02-19,referral,desktop,118,51,56.1,80.0,2.0,85,2,389.0,1.69
2025-02-19,referral,tablet,38,17,52.6,90.0,1.5,21,0,0.0,0.0
2025-02-19,organic_social,mobile,178,79,55.2,148.0,4.1,123,1,177.56,0.56
2025-02-19,organic_social,desktop,72,28,60.0,208.0,3.9,52,0,0.0,0.0
2025-02-19,organic_social,tablet,17,7,57.9,187.0,1.8,11,0,0.0,0.0
2025-02-20,organic_search,mobile,709,356,49.7,198.0,2.1,513,15,1796.58,2.12
2025-02-20,organic_search,desktop,356,177,50.1,133.0,1.4,192,10,1902.45,2.81
2025-02-20,organic_search,tablet,121,74,38.8,99.0,4.3,62,2,195.14,1.65
2025-02-20,paid_search,mobile,709,457,35.4,168.0,1.4,374,20,2294.08,2.82
2025-02-20,paid_search,desktop,265,159,39.9,231.0,2.1,138,7,988.74,2.64
2025-02-20,paid_search,tablet,96,63,34.2,183.0,2.3,73,2,274.84,2.08
2025-02-20,paid_social,mobile,454,171,62.2,182.0,3.2,342,8,1453.95,1.76
2025-02-20,paid_social,desktop,291,137,52.7,171.0,1.6,200,6,682.67,2.06
2025-02-20,paid_social,tablet,113,51,54.3,170.0,2.6,56,1,155.68,0.88
2025-02-20,direct,mobile,413,292,29.3,109.0,3.4,237,14,2522.01,3.39
2025-02-20,direct,desktop,256,182,28.6,193.0,1.4,195,8,1288.88,3.12
2025-02-20,direct,tablet,68,46,31.3,188.0,2.0,52,1,160.0,1.47
2025-02-20,email,mobile,317,236,25.3,67.0,1.9,224,10,2011.77,3.15
2025-02-20,email,desktop,149,112,24.7,70.0,4.5,85,6,864.92,4.03
2025-02-20,email,tablet,57,41,27.7,59.0,1.5,31,2,357.79,3.51
2025-02-20,referral,mobile,176,96,45.2,203.0,3.5,107,3,356.29,1.7
2025-02-20,referral,desktop,151,68,54.9,150.0,2.6,94,3,545.91,1.99
2025-02-20,referral,tablet,38,20,45.1,65.0,1.4,20,0,0.0,0.0
2025-02-20,organic_social,mobile,158,74,52.9,120.0,3.5,108,1,88.84,0.63
2025-02-20,organic_social,desktop,88,28,67.9,197.0,2.0,51,1,200.29,1.14
2025-02-20,organic_social,tablet,25,11,54.3,54.0,3.8,13,0,0.0,0.0
2025-02-21,organic_search,mobile,604,312,48.2,153.0,1.9,351,12,1853.23,1.99
2025-02-21,organic_search,desktop,465,258,44.5,72.0,1.6,325,12,2395.92,2.58
2025-02-21,organic_search,tablet,145,80,44.3,150.0,3.2,108,3,490.64,2.07
2025-02-21,paid_search,mobile,442,264,40.1,229.0,3.3,278,16,3298.92,3.62
2025-02-21,paid_search,desktop,350,207,40.7,221.0,2.1,198,7,730.66,2.0
2025-02-21,paid_search,tablet,126,81,35.7,123.0,3.3,84,3,627.96,2.38
2025-02-21,paid_social,mobile,604,313,48.0,125.0,2.4,376,9,1459.63,1.49
2025-02-21,paid_social,desktop,403,213,47.1,155.0,1.3,256,5,413.06,1.24
2025-02-21,paid_social,tablet,109,56,48.4,111.0,4.1,54,1,132.92,0.92
2025-02-21,direct,mobile,481,322,33.1,126.0,4.2,296,16,3267.23,3.33
2025-02-21,direct,desktop,189,139,26.3,89.0,5.1,146,6,1311.68,3.17
2025-02-21,direct,tablet,70,49,29.7,76.0,2.7,38,2,375.71,2.86
2025-02-21,email,mobile,337,263,21.8,206.0,5.1,202,16,2265.02,4.75
2025-02-21,email,desktop,146,107,26.1,218.0,4.0,89,7,1274.92,4.79
2025-02-21,email,tablet,54,42,22.2,247.0,5.3,27,2,320.46,3.7
2025-02-21,referral,mobile,207,94,54.4,84.0,2.4,144,4,373.58,1.93
2025-02-21,referral,desktop,90,44,50.7,121.0,3.0,64,1,135.32,1.11
2025-02-21,referral,tablet,26,13,46.5,160.0,4.7,20,0,0.0,0.0
2025-02-21,organic_social,mobile,169,53,68.5,117.0,2.4,135,2,408.4,1.18
2025-02-21,organic_social,desktop,66,20,68.2,166.0,2.8,48,0,0.0,0.0
2025-02-21,organic_social,tablet,18,5,68.5,40.0,3.3,14,0,0.0,0.0
2025-02-22,organic_search,mobile,697,397,43.0,195.0,4.1,348,22,4790.58,3.16
2025-02-22,organic_search,desktop,388,191,50.7,141.0,3.0,293,8,1014.73,2.06
2025-02-22,organic_search,tablet,93,49,47.1,122.0,2.4,63,2,406.43,2.15
2025-02-22,paid_search,mobile,624,410,34.2,99.0,4.4,411,15,1753.57,2.4
2025-02-22,paid_search,desktop,360,243,32.5,139.0,1.6,254,14,2746.39,3.89
2025-02-22,paid_search,tablet,102,61,40.0,111.0,1.4,81,3,304.99,2.94
2025-02-22,paid_social,mobile,586,222,62.1,165.0,1.6,429,7,1050.34,1.19
2025-02-22,paid_social,desktop,342,126,63.0,197.0,3.9,205,4,672.4,1.17
2025-02-22,paid_social,tablet,69,25,62.7,91.0,4.4,45,0,0.0,0.0
2025-02-22,direct,mobile,514,363,29.3,147.0,4.8,275,21,2380.85,4.09
2025-02-22,direct,desktop,298,210,29.4,108.0,1.8,150,10,1610.64,3.36
2025-02-22,direct,tablet,71,51,27.9,156.0,3.9,47,2,360.46,2.82
2025-02-22,email,mobile,193,139,27.6,75.0,4.1,115,5,687.24,2.59
2025-02-22,email,desktop,129,101,21.6,207.0,1.9,69,4,693.67,3.1
2025-02-22,email,tablet,52,37,28.4,170.0,1.8,40,2,359.29,3.85
2025-02-22,referral,mobile,143,65,53.9,74.0,3.4,105,3,373.98,2.1
2025-02-22,referral,desktop,155,72,52.9,178.0,4.2,80,2,298.42,1.29
2025-02-22,referral,tablet,37,15,57.0,81.0,2.9,26,0,0.0,0.0
2025-02-22,organic_social,mobile,142,67,52.4,81.0,1.5,104,1,197.42,0.7
2025-02-22,organic_social,desktop,94,32,65.5,196.0,4.0,58,1,140.0,1.06
2025-02-22,organic_social,tablet,31,9,68.9,46.0,2.0,16,0,0.0,0.0
2025-02-23,organic_search,mobile,628,340,45.8,76.0,3.5,418,17,3508.67,2.71
2025-02-23,organic_search,desktop,426,223,47.6,211.0,4.6,286,10,1570.27,2.35
2025-02-23,organic_search,tablet,99,48,51.2,54.0,4.7,70,2,386.09,2.02
2025-02-23,paid_search,mobile,611,405,33.6,61.0,2.7,309,22,1996.04,3.6
2025-02-23,paid_search,desktop,278,165,40.6,205.0,3.2,218,10,1051.33,3.6
2025-02-23,paid_search,tablet,78,52,32.9,142.0,3.4,58,3,392.03,3.85
2025-02-23,paid_social,mobile,369,162,55.8,103.0,4.7,214,6,765.84,1.63
2025-02-23,paid_social,desktop,306,138,54.9,152.0,2.8,218,6,915.95,1.96
2025-02-23,paid_social,tablet,88,43,50.4,158.0,3.3,49,1,187.16,1.14
2025-02-23,direct,mobile,503,370,26.4,176.0,3.2,370,16,3189.74,3.18
2025-02-23,direct,desktop,339,246,27.2,111.0,4.1,219,8,1158.55,2.36
2025-02-23,direct,tablet,74,52,28.7,131.0,4.2,44,2,219.77,2.7
2025-02-23,email,mobile,246,185,24.4,115.0,2.6,194,13,1206.05,5.28
2025-02-23,email,desktop,165,122,25.5,123.0,4.0,116,5,408.9,3.03
2025-02-23,email,tablet,57,41,27.7,215.0,3.2,44,1,91.59,1.75
2025-02-23,referral,mobile,243,134,44.6,122.0,4.6,155,5,446.98,2.06
2025-02-23,referral,desktop,88,47,46.1,175.0,3.9,62,1,137.15,1.14
2025-02-23,referral,tablet,32,17,46.5,68.0,2.0,16,0,0.0,0.0
2025-02-23,organic_social,mobile,122,41,65.7,196.0,4.4,67,1,173.24,0.82
2025-02-23,organic_social,desktop,80,28,64.5,82.0,1.7,51,1,180.23,1.25
2025-02-23,organic_social,tablet,20,8,55.1,64.0,1.8,10,0,0.0,0.0
2025-02-24,organic_search,mobile,428,213,50.2,178.0,2.8,315,12,1656.83,2.8
2025-02-24,organic_search,desktop,265,158,40.3,76.0,4.5,151,4,455.41,1.51
2025-02-24,organic_search,tablet,94,48,48.5,59.0,4.8,64,2,217.29,2.13
2025-02-24,paid_search,mobile,463,293,36.7,64.0,4.5,322,12,1851.44,2.59
2025-02-24,paid_search,desktop,303,185,38.8,200.0,2.2,213,10,1640.53,3.3
2025-02-24,paid_search,tablet,77,47,37.9,56.0,4.4,59,2,236.22,2.6
2025-02-24,paid_social,mobile,366,144,60.6,127.0,2.0,278,6,1261.45,1.64
2025-02-24,paid_social,desktop,278,129,53.3,185.0,3.9,170,6,487.6,2.16
2025-02-24,paid_social,tablet,79,40,48.8,205.0,1.8,52,1,154.7,1.27
2025-02-24,direct,mobile,356,241,32.2,147.0,4.9,244,13,2752.48,3.65
2025-02-24,direct,desktop,224,157,29.7,191.0,2.9,150,6,571.64,2.68
2025-02-24,direct,tablet,64,43,32.6,206.0,3.0,49,2,248.06,3.12
2025-02-24,email,mobile,246,179,26.9,228.0,1.5,180,8,1046.29,3.25
2025-02-24,email,desktop,123,89,27.2,197.0,4.7,87,5,768.76,4.07
2025-02-24,email,tablet,36,27,23.7,219.0,5.6,24,1,152.91,2.78
2025-02-24,referral,mobile,125,55,55.5,56.0,1.5,94,2,232.91,1.6
2025-02-24,referral,desktop,77,43,44.1,110.0,2.5,49,1,179.9,1.3
2025-02-24,referral,tablet,18,9,49.9,58.0,3.8,11,0,0.0,0.0
2025-02-24,organic_social,mobile,123,58,52.8,194.0,3.3,62,1,190.76,0.81
2025-02-24,organic_social,desktop,81,34,57.9,114.0,1.9,59,0,0.0,0.0
2025-02-24,organic_social,tablet,18,6,61.9,60.0,4.8,10,0,0.0,0.0
2025-02-25,organic_search,mobile,668,411,38.3,224.0,4.4,385,16,2859.05,2.4
2025-02-25,organic_search,desktop,277,157,43.1,224.0,3.8,182,5,868.7,1.81
2025-02-25,organic_search,tablet,93,49,46.3,175.0,4.0,73,2,382.6,2.15
2025-02-25,paid_search,mobile,511,297,41.7,134.0,3.7,360,11,1910.06,2.15
2025-02-25,paid_search,desktop,296,171,42.2,217.0,4.3,166,11,1814.52,3.72
2025-02-25,paid_search,tablet,54,36,32.4,190.0,4.8,29,1,153.02,1.85
2025-02-25,paid_social,mobile,450,232,48.4,172.0,2.4,237,9,1791.61,2.0
2025-02-25,paid_social,desktop,275,136,50.3,168.0,3.1,194,4,617.28,1.45
2025-02-25,paid_social,tablet,80,33,58.5,136.0,3.0,53,1,205.2,1.25
2025-02-25,direct,mobile,306,207,32.3,203.0,2.5,161,10,1887.41,3.27
2025-02-25,direct,desktop,238,173,27.0,105.0,2.3,131,5,681.63,2.1
2025-02-25,direct,tablet,64,43,32.6,77.0,3.4,38,1,156.55,1.56
2025-02-25,email,mobile,169,121,28.4,90.0,3.8,131,9,1430.6,5.33
2025-02-25,email,desktop,121,94,22.3,54.0,5.0,84,5,859.39,4.13
2025-02-25,email,tablet,30,23,21.3,132.0,3.2,19,1,185.66,3.33
2025-02-25,referral,mobile,163,89,45.1,230.0,4.7,108,2,173.52,1.23
2025-02-25,referral,desktop,88,47,46.1,173.0,1.3,62,1,176.67,1.14
2025-02-25,referral,tablet,32,17,44.2,98.0,4.1,16,0,0.0,0.0
2025-02-25,organic_social,mobile,112,44,60.2,114.0,4.7,87,1,143.28,0.89
2025-02-25,organic_social,desktop,47,18,59.7,154.0,1.7,23,0,0.0,0.0
2025-02-25,organic_social,tablet,21,7,62.5,197.0,3.4,12,0,0.0,0.0
2025-02-26,organic_search,mobile,732,377,48.4,160.0,3.0,481,16,2114.46,2.19
2025-02-26,organic_search,desktop,564,344,38.8,94.0,2.2,343,15,3138.06,2.66
2025-02-26,organic_search,tablet,93,50,45.8,58.0,3.0,68,2,389.57,2.15
2025-02-26,paid_search,mobile,638,426,33.1,78.0,3.7,337,14,2655.32,2.19
2025-02-26,paid_search,desktop,307,202,34.1,77.0,1.6,196,11,1916.0,3.58
2025-02-26,paid_search,tablet,81,54,32.4,188.0,4.9,46,2,220.27,2.47
2025-02-26,paid_social,mobile,412,193,53.1,87.0,1.6,274,5,1062.77,1.21
2025-02-26,paid_social,desktop,322,137,57.2,104.0,2.5,221,7,877.02,2.17
2025-02-26,paid_social,tablet,95,42,55.5,181.0,3.5,67,1,139.87,1.05
2025-02-26,direct,mobile,357,236,33.7,212.0,4.9,212,9,1470.58,2.52
2025-02-26,direct,desktop,256,189,25.8,142.0,5.5,198,10,974.4,3.91
2025-02-26,direct,tablet,67,48,27.5,202.0,2.3,38,1,175.87,1.49
2025-02-26,email,mobile,245,184,24.5,187.0,5.0,175,12,1004.53,4.9
2025-02-26,email,desktop,145,109,24.8,260.0,2.0,78,7,673.4,4.83
2025-02-26,email,tablet,59,42,27.5,248.0,2.5,29,1,103.56,1.69
2025-02-26,referral,mobile,164,76,53.5,83.0,2.9,118,4,406.89,2.44
2025-02-26,referral,desktop,134,70,47.4,86.0,1.4,106,1,115.41,0.75
2025-02-26,referral,tablet,29,13,55.0,69.0,1.7,14,0,0.0,0.0
2025-02-26,organic_social,mobile,155,67,56.5,142.0,3.1,89,2,337.47,1.29
2025-02-26,organic_social,desktop,64,26,59.0,183.0,3.5,40,0,0.0,0.0
2025-02-26,organic_social,tablet,24,9,59.4,132.0,4.2,15,0,0.0,0.0
2025-02-27,organic_search,mobile,486,284,41.6,217.0,4.6,381,13,2740.24,2.67
2025-02-27,organic_search,desktop,379,233,38.4,110.0,1.5,247,8,1286.25,2.11
2025-02-27,organic_search,tablet,102,52,48.1,205.0,4.6,75,1,214.14,0.98
2025-02-27,paid_search,mobile,594,398,32.9,76.0,3.8,382,20,3691.4,3.37
2025-02-27,paid_search,desktop,344,225,34.6,206.0,2.8,273,12,2514.21,3.49
2025-02-27,paid_search,tablet,91,59,35.0,200.0,1.7,50,3,571.72,3.3
2025-02-27,paid_social,mobile,351,141,59.6,73.0,3.6,221,5,492.56,1.42
2025-02-27,paid_social,desktop,398,187,52.8,169.0,1.9,288,8,1252.04,2.01
2025-02-27,paid_social,tablet,67,28,58.2,124.0,4.4,36,1,111.99,1.49
2025-02-27,direct,mobile,330,229,30.3,105.0,1.6,169,12,1665.94,3.64
2025-02-27,direct,desktop,190,126,33.6,247.0,5.1,97,5,606.59,2.63
2025-02-27,direct,tablet,77,52,31.2,251.0,3.1,48,1,181.94,1.3
2025-02-27,email,mobile,301,220,26.8,218.0,5.0,154,14,1272.06,4.65
2025-02-27,email,desktop,126,94,25.4,114.0,3.8,82,5,1086.07,3.97
2025-02-27,email,tablet,51,37,26.2,228.0,2.2,29,2,161.94,3.92
2025-02-27,referral,mobile,209,105,49.7,120.0,3.1,113,4,598.6,1.91
2025-02-27,referral,desktop,156,76,51.1,202.0,2.4,93,2,359.6,1.28
2025-02-27,referral,tablet,33,17,45.8,57.0,5.2,22,0,0.0,0.0
2025-02-27,organic_social,mobile,169,67,60.0,113.0,2.0,133,2,287.25,1.18
2025-02-27,organic_social,desktop,70,27,60.5,135.0,4.2,46,0,0.0,0.0
2025-02-27,organic_social,tablet,29,11,60.6,42.0,2.6,22,0,0.0,0.0
2025-02-28,organic_search,mobile,759,374,50.7,51.0,3.9,558,15,2231.44,1.98
2025-02-28,organic_search,desktop,502,304,39.4,194.0,2.4,312,10,1718.16,1.99
2025-02-28,organic_search,tablet,113,69,38.3,102.0,4.1,64,2,347.35,1.77
2025-02-28,paid_search,mobile,621,388,37.5,85.0,4.6,455,24,3750.31,3.86
2025-02-28,paid_search,desktop,262,175,32.8,114.0,3.4,178,6,1190.06,2.29
2025-02-28,paid_search,tablet,114,66,41.8,85.0,3.7,75,3,414.62,2.63
2025-02-28,paid_social,mobile,432,198,54.1,128.0,2.3,302,8,1342.33,1.85
2025-02-28,paid_social,desktop,339,154,54.3,103.0,4.7,246,5,522.41,1.47
2025-02-28,paid_social,tablet,111,43,60.7,70.0,3.9,69,1,154.26,0.9
2025-02-28,direct,mobile,328,241,26.4,54.0,4.8,224,12,1770.1,3.66
2025-02-28,direct,desktop,189,135,28.2,203.0,3.5,138,7,617.85,3.7
2025-02-28,direct,tablet,90,60,32.4,114.0,3.4,71,2,288.9,2.22
2025-02-28,email,mobile,213,153,27.7,216.0,3.3,117,11,2404.63,5.16
2025-02-28,email,desktop,186,137,25.8,77.0,4.0,143,6,998.13,3.23
2025-02-28,email,tablet,49,35,27.0,77.0,4.6,25,2,160.86,4.08
2025-02-28,referral,mobile,245,108,55.9,149.0,3.5,129,4,493.81,1.63
2025-02-28,referral,desktop,101,48,52.0,169.0,4.6,54,2,213.76,1.98
2025-02-28,referral,tablet,33,14,55.3,173.0,2.8,23,0,0.0,0.0
2025-02-28,organic_social,mobile,106,41,61.0,140.0,3.7,57,1,219.62,0.94
2025-02-28,organic_social,desktop,113,54,51.9,199.0,4.0,89,1,90.6,0.88
2025-02-28,organic_social,tablet,18,6,63.5,125.0,3.7,13,0,0.0,0.0
2025-03-01,organic_search,mobile,723,358,50.4,163.0,3.3,376,21,4222.88,2.9
2025-03-01,organic_search,desktop,525,307,41.5,168.0,3.9,367,9,1374.03,1.71
2025-03-01,organic_search,tablet,136,69,49.2,129.0,1.5,94,3,581.39,2.21
2025-03-01,paid_search,mobile,454,262,42.1,102.0,3.8,298,16,2995.55,3.52
2025-03-01,paid_search,desktop,301,175,41.6,106.0,2.2,178,9,960.39,2.99
2025-03-01,paid_search,tablet,81,51,36.5,90.0,2.5,40,2,428.6,2.47
2025-03-01,paid_social,mobile,413,191,53.7,70.0,3.4,257,7,821.0,1.69
2025-03-01,paid_social,desktop,301,115,61.5,84.0,2.8,228,5,671.84,1.66
2025-03-01,paid_social,tablet,115,54,53.0,70.0,2.4,64,1,208.03,0.87
2025-03-01,direct,mobile,428,303,29.2,187.0,5.5,254,13,2437.63,3.04
2025-03-01,direct,desktop,316,226,28.2,156.0,4.7,163,7,707.88,2.22
2025-03-01,direct,tablet,89,60,31.9,66.0,4.1,59,2,189.76,2.25
2025-03-01,email,mobile,251,196,21.9,73.0,5.0,130,9,1579.54,3.59
2025-03-01,email,desktop,186,143,22.7,195.0,1.9,119,5,648.48,2.69
2025-03-01,email,tablet,47,35,24.5,262.0,3.6,35,2,257.73,4.26
2025-03-01,referral,mobile,175,98,43.8,221.0,1.6,123,2,320.76,1.14
2025-03-01,referral,desktop,127,60,52.3,58.0,2.2,71,2,179.74,1.57
2025-03-01,referral,tablet,27,14,46.5,216.0,2.3,14,0,0.0,0.0
2025-03-01,organic_social,mobile,178,71,59.6,191.0,2.9,122,2,310.54,1.12
2025-03-01,organic_social,desktop,89,40,55.0,107.0,4.5,57,1,87.67,1.12
2025-03-01,organic_social,tablet,18,8,54.7,72.0,3.9,12,0,0.0,0.0
2025-03-02,organic_search,mobile,536,298,44.3,154.0,4.8,412,11,1399.31,2.05
2025-03-02,organic_search,desktop,414,233,43.6,59.0,3.6,279,10,1463.76,2.42
2025-03-02,organic_search,tablet,121,67,43.8,200.0,5.0,89,3,492.35,2.48
2025-03-02,paid_search,mobile,696,410,41.0,85.0,2.6,422,17,1900.09,2.44
2025-03-02,paid_search,desktop,415,263,36.4,72.0,1.3,318,15,3098.02,3.61
2025-03-02,paid_search,tablet,84,55,34.0,208.0,3.9,46,2,212.09,2.38
2025-03-02,paid_social,mobile,519,258,50.2,164.0,2.6,378,7,1143.54,1.35
2025-03-02,paid_social,desktop,378,144,61.9,166.0,1.6,209,7,775.62,1.85
2025-03-02,paid_social,tablet,107,40,61.8,146.0,4.7,71,1,123.7,0.93
2025-03-02,direct,mobile,491,325,33.8,182.0,4.1,321,17,3122.27,3.46
2025-03-02,direct,desktop,281,195,30.5,96.0,4.2,172,10,1507.28,3.56
2025-03-02,direct,tablet,58,38,33.2,194.0,4.0,31,1,155.7,1.72
2025-03-02,email,mobile,224,173,22.4,165.0,2.1,177,6,717.95,2.68
2025-03-02,email,desktop,195,145,25.6,151.0,5.1,139,9,1269.3,4.62
2025-03-02,email,tablet,52,37,28.4,61.0,3.0,40,2,271.63,3.85
2025-03-02,referral,mobile,139,76,45.3,81.0,4.5,92,3,393.28,2.16
2025-03-02,referral,desktop,126,66,46.9,184.0,3.7,76,2,401.31,1.59
2025-03-02,referral,tablet,42,20,51.0,162.0,4.8,25,1,115.59,2.38
2025-03-02,organic_social,mobile,174,72,58.1,87.0,3.9,102,2,385.81,1.15
2025-03-02,organic_social,desktop,92,32,65.0,192.0,4.2,70,0,0.0,0.0
2025-03-02,organic_social,tablet,24,8,63.9,179.0,1.5,15,0,0.0,0.0
2025-03-03,organic_search,mobile,464,253,45.3,61.0,3.1,293,8,1051.8,1.72
2025-03-03,organic_search,desktop,294,143,51.1,108.0,2.0,171,5,977.42,1.7
2025-03-03,organic_search,tablet,116,58,49.4,167.0,2.5,89,2,201.25,1.72
2025-03-03,paid_search,mobile,483,278,42.3,224.0,2.9,301,12,1213.18,2.48
2025-03-03,paid_search,desktop,291,183,36.8,114.0,2.2,152,11,2356.98,3.78
2025-03-03,paid_search,tablet,62,40,33.9,151.0,4.2,49,1,86.53,1.61
2025-03-03,paid_social,mobile,294,122,58.3,165.0,2.1,174,5,734.69,1.7
2025-03-03,paid_social,desktop,219,110,49.8,102.0,1.7,111,3,295.38,1.37
2025-03-03,paid_social,tablet,61,26,56.9,90.0,1.3,31,0,0.0,0.0
2025-03-03,direct,mobile,340,232,31.5,127.0,5.0,251,14,1298.05,4.12
2025-03-03,direct,desktop,165,109,33.5,59.0,3.4,117,6,702.03,3.64
2025-03-03,direct,tablet,48,35,27.0,63.0,3.9,34,1,197.88,2.08
2025-03-03,email,mobile,240,177,26.2,139.0,2.0,158,11,1610.1,4.58
2025-03-03,email,desktop,97,72,24.8,159.0,4.9,67,4,568.0,4.12
2025-03-03,email,tablet,29,21,25.3,188.0,3.0,21,1,108.96,3.45
2025-03-03,referral,mobile,151,84,44.1,75.0,4.4,92,2,235.56,1.32
2025-03-03,referral,desktop,98,43,55.7,180.0,2.9,65,2,232.26,2.04
2025-03-03,referral,tablet,32,16,49.8,69.0,4.8,24,0,0.0,0.0
2025-03-03,organic_social,mobile,108,49,53.8,96.0,1.9,62,1,139.26,0.93
2025-03-03,organic_social,desktop,67,24,63.3,74.0,1.6,52,1,110.21,1.49
2025-03-03,organic_social,tablet,17,5,67.6,84.0,2.3,9,0,0.0,0.0
2025-03-04,organic_search,mobile,492,270,45.0,102.0,3.6,272,14,1644.7,2.85
2025-03-04,organic_search,desktop,322,187,41.6,182.0,2.3,201,6,1148.35,1.86
2025-03-04,organic_search,tablet,74,45,39.0,88.0,1.8,52,1,130.9,1.35
2025-03-04,paid_search,mobile,355,203,42.6,208.0,3.6,189,9,1027.16,2.54
2025-03-04,paid_search,desktop,270,173,35.8,230.0,3.3,194,9,818.02,3.33
2025-03-04,paid_search,tablet,84,55,34.3,88.0,3.4,66,3,337.73,3.57
2025-03-04,paid_social,mobile,329,122,62.7,129.0,2.0,251,5,984.27,1.52
2025-03-04,paid_social,desktop,175,73,58.0,154.0,2.2,115,3,589.45,1.71
2025-03-04,paid_social,tablet,72,27,61.4,97.0,2.8,39,1,145.09,1.39
2025-03-04,direct,mobile,256,172,32.4,231.0,2.3,153,8,1215.84,3.12
2025-03-04,direct,desktop,174,119,31.4,186.0,3.3,129,6,876.1,3.45
2025-03-04,direct,tablet,53,35,33.5,181.0,2.9,33,1,93.15,1.89
2025-03-04,email,mobile,230,177,22.9,243.0,3.3,154,7,990.11,3.04
2025-03-04,email,desktop,108,81,24.7,87.0,2.8,55,4,451.68,3.7
2025-03-04,email,tablet,29,21,26.7,167.0,4.8,21,1,123.79,3.45
2025-03-04,referral,mobile,157,87,44.4,172.0,2.3,100,2,241.67,1.27
2025-03-04,referral,desktop,109,48,55.9,201.0,3.8,74,2,192.6,1.83
2025-03-04,referral,tablet,22,9,56.4,70.0,3.8,15,0,0.0,0.0
2025-03-04,organic_social,mobile,130,55,57.3,73.0,3.0,65,1,173.73,0.77
2025-03-04,organic_social,desktop,69,24,65.1,62.0,3.4,46,0,0.0,0.0
2025-03-04,organic_social,tablet,22,6,68.5,127.0,4.0,15,0,0.0,0.0
2025-03-05,organic_search,mobile,851,474,44.2,50.0,4.0,545,20,1673.12,2.35
2025-03-05,organic_search,desktop,479,280,41.5,174.0,2.4,270,14,2889.61,2.92
2025-03-05,organic_search,tablet,134,65,51.0,146.0,3.8,89,3,592.51,2.24
2025-03-05,paid_search,mobile,574,340,40.7,213.0,4.2,415,17,3511.51,2.96
2025-03-05,paid_search,desktop,331,192,41.8,73.0,4.4,211,13,2487.17,3.93
2025-03-05,paid_search,tablet,106,59,43.6,96.0,1.8,58,3,386.38,2.83
2025-03-05,paid_social,mobile,499,190,61.8,135.0,4.3,330,10,1055.49,2.0
2025-03-05,paid_social,desktop,392,150,61.7,139.0,3.0,287,6,1214.1,1.53
2025-03-05,paid_social,tablet,105,44,57.9,192.0,1.5,79,2,426.4,1.9
2025-03-05,direct,mobile,482,318,33.8,52.0,5.3,268,19,3855.09,3.94
2025-03-05,direct,desktop,319,210,33.9,215.0,5.1,176,7,1455.4,2.19
2025-03-05,direct,tablet,87,60,29.9,148.0,5.1,62,2,371.73,2.3
2025-03-05,email,mobile,215,165,23.1,195.0,5.1,145,7,897.17,3.26
2025-03-05,email,desktop,201,153,23.6,201.0,3.6,120,8,1204.62,3.98
2025-03-05,email,tablet,42,32,23.2,224.0,1.7,22,2,260.09,4.76
2025-03-05,referral,mobile,214,108,49.4,182.0,4.4,162,5,1003.55,2.34
2025-03-05,referral,desktop,143,70,50.4,102.0,2.2,78,2,380.47,1.4
2025-03-05,referral,tablet,37,19,46.1,193.0,2.5,27,0,0.0,0.0
2025-03-05,organic_social,mobile,101,31,68.7,185.0,1.7,61,1,125.48,0.99
2025-03-05,organic_social,desktop,80,33,58.6,143.0,4.9,60,1,198.91,1.25
2025-03-05,organic_social,tablet,27,12,54.6,96.0,3.8,14,0,0.0,0.0
2025-03-06,organic_search,mobile,518,282,45.4,214.0,2.0,318,9,1487.23,1.74
2025-03-06,organic_search,desktop,546,285,47.8,184.0,3.8,298,10,1334.79,1.83
2025-03-06,organic_search,tablet,92,48,47.5,224.0,2.3,56,2,176.62,2.17
2025-03-06,paid_search,mobile,443,258,41.7,101.0,4.1,291,18,1977.53,4.06
2025-03-06,paid_search,desktop,267,152,42.9,139.0,3.3,175,9,1099.58,3.37
2025-03-06,paid_search,tablet,99,60,38.7,177.0,4.5,74,2,200.93,2.02
2025-03-06,paid_social,mobile,353,164,53.4,182.0,1.7,263,8,710.07,2.27
2025-03-06,paid_social,desktop,347,143,58.7,94.0,2.6,215,8,1692.22,2.31
2025-03-06,paid_social,tablet,72,33,53.0,212.0,1.5,36,1,148.54,1.39
2025-03-06,direct,mobile,431,292,32.1,226.0,4.5,245,12,1805.64,2.78
2025-03-06,direct,desktop,236,169,28.3,109.0,3.8,187,9,1939.91,3.81
2025-03-06,direct,tablet,59,40,31.4,73.0,3.2,34,1,218.83,1.69
2025-03-06,email,mobile,197,140,28.5,179.0,2.0,108,8,1424.88,4.06
2025-03-06,email,desktop,188,137,27.1,207.0,2.4,135,8,1278.82,4.26
2025-03-06,email,tablet,47,34,26.3,58.0,4.7,26,1,99.25,2.13
2025-03-06,referral,mobile,176,80,54.0,78.0,2.8,117,3,331.37,1.7
2025-03-06,referral,desktop,114,50,56.1,171.0,4.6,69,1,136.28,0.88
2025-03-06,referral,tablet,38,18,51.2,89.0,4.3,28,0,0.0,0.0
2025-03-06,organic_social,mobile,135,64,52.0,61.0,2.5,79,1,145.41,0.74
2025-03-06,organic_social,desktop,99,40,58.6,165.0,3.9,62,1,150.15,1.01
2025-03-06,organic_social,tablet,19,7,58.3,204.0,2.9,9,0,0.0,0.0
2025-03-07,organic_search,mobile,635,315,50.3,78.0,4.4,487,13,2172.0,2.05
2025-03-07,organic_search,desktop,467,249,46.7,134.0,4.2,369,10,1789.93,2.14
2025-03-07,organic_search,tablet,149,81,45.2,58.0,4.1,111,4,659.97,2.68
2025-03-07,paid_search,mobile,429,257,40.0,160.0,2.4,314,17,1958.39,3.96
2025-03-07,paid_search,desktop,366,229,37.2,146.0,4.5,226,8,1698.17,2.19
2025-03-07,paid_search,tablet,120,79,34.1,67.0,3.1,77,3,380.02,2.5
2025-03-07,paid_social,mobile,380,175,53.8,133.0,4.9,228,5,1012.65,1.32
2025-03-07,paid_social,desktop,285,135,52.3,94.0,2.4,146,4,759.17,1.4
2025-03-07,paid_social,tablet,115,44,61.4,122.0,1.5,75,1,152.91,0.87
2025-03-07,direct,mobile,316,223,29.4,61.0,3.9,225,8,1299.59,2.53
2025-03-07,direct,desktop,273,191,29.7,121.0,4.5,189,7,571.13,2.56
2025-03-07,direct,tablet,58,39,31.7,203.0,4.7,33,2,206.68,3.45
2025-03-07,email,mobile,297,225,24.1,226.0,2.7,195,9,1805.31,3.03
2025-03-07,email,desktop,176,136,22.6,238.0,4.4,91,5,990.99,2.84
2025-03-07,email,tablet,62,44,28.6,135.0,4.9,36,3,388.43,4.84
2025-03-07,referral,mobile,151,68,54.8,147.0,3.3,110,2,414.04,1.32
2025-03-07,referral,desktop,86,40,53.2,82.0,4.4,49,1,153.33,1.16
2025-03-07,referral,tablet,34,18,44.9,196.0,2.3,19,0,0.0,0.0
2025-03-07,organic_social,mobile,131,44,66.2,48.0,4.6,68,1,202.03,0.76
2025-03-07,organic_social,desktop,99,44,54.7,140.0,2.8,73,1,200.73,1.01
2025-03-07,organic_social,tablet,30,10,64.3,150.0,3.3,19,0,0.0,0.0
2025-03-08,organic_search,mobile,751,406,45.8,115.0,2.9,378,21,4426.65,2.8
2025-03-08,organic_search,desktop,444,266,40.0,187.0,3.5,293,12,2269.71,2.7
2025-03-08,organic_search,tablet,135,73,45.7,146.0,1.7,72,3,615.7,2.22
2025-03-08,paid_search,mobile,509,315,38.0,75.0,2.3,366,13,1864.01,2.55
2025-03-08,paid_search,desktop,451,295,34.4,94.0,2.2,243,13,1678.25,2.88
2025-03-08,paid_search,tablet,124,74,39.7,162.0,4.1,71,3,348.4,2.42
2025-03-08,paid_social,mobile,449,217,51.5,140.0,3.8,280,6,804.68,1.34
2025-03-08,paid_social,desktop,406,174,57.1,184.0,2.3,255,9,1874.14,2.22
2025-03-08,paid_social,tablet,63,28,54.2,190.0,3.8,50,0,0.0,0.0
2025-03-08,direct,mobile,412,294,28.5,115.0,5.4,228,12,1691.41,2.91
2025-03-08,direct,desktop,186,136,26.7,215.0,2.7,127,8,1417.19,4.3
2025-03-08,direct,tablet,84,60,28.4,112.0,1.6,47,3,504.46,3.57
2025-03-08,email,mobile,294,218,25.7,145.0,2.0,205,12,1382.48,4.08
2025-03-08,email,desktop,213,160,24.7,118.0,3.9,111,7,1371.33,3.29
2025-03-08,email,tablet,56,42,24.7,156.0,1.5,44,2,421.75,3.57
2025-03-08,referral,mobile,136,67,50.5,167.0,4.4,99,2,410.46,1.47
2025-03-08,referral,desktop,101,47,53.0,67.0,4.1,79,2,228.31,1.98
2025-03-08,referral,tablet,40,18,53.7,147.0,1.4,28,0,0.0,0.0
2025-03-08,organic_social,mobile,108,44,58.4,141.0,2.6,55,1,94.9,0.93
2025-03-08,organic_social,desktop,84,32,61.6,92.0,2.2,62,0,0.0,0.0
2025-03-08,organic_social,tablet,24,10,57.8,96.0,1.4,15,0,0.0,0.0
2025-03-09,organic_search,mobile,776,417,46.2,223.0,4.6,418,21,3581.37,2.71
2025-03-09,organic_search,desktop,425,236,44.4,108.0,3.7,326,10,2102.99,2.35
2025-03-09,organic_search,tablet,91,45,50.1,104.0,2.5,51,2,218.2,2.2
2025-03-09,paid_search,mobile,595,336,43.5,101.0,5.0,409,15,1687.6,2.52
2025-03-09,paid_search,desktop,289,169,41.5,80.0,2.5,163,11,1501.3,3.81
2025-03-09,paid_search,tablet,82,53,34.2,132.0,1.4,48,3,276.07,3.66
2025-03-09,paid_social,mobile,556,277,50.1,70.0,4.3,440,13,1127.9,2.34
2025-03-09,paid_social,desktop,400,160,59.9,52.0,4.4,258,9,1779.4,2.25
2025-03-09,paid_social,tablet,87,46,46.8,191.0,2.6,46,1,174.03,1.15
2025-03-09,direct,mobile,397,282,28.8,80.0,3.2,273,16,1793.94,4.03
2025-03-09,direct,desktop,228,167,26.5,253.0,4.3,167,7,1502.64,3.07
2025-03-09,direct,tablet,61,43,28.9,86.0,3.3,33,2,370.12,3.28
2025-03-09,email,mobile,297,216,27.0,85.0,4.8,178,14,2555.44,4.71
2025-03-09,email,desktop,210,161,23.1,60.0,5.2,137,8,1285.76,3.81
2025-03-09,email,tablet,40,31,22.5,147.0,3.7,22,1,91.44,2.5
2025-03-09,referral,mobile,149,74,49.9,83.0,3.1,80,2,199.27,1.34
2025-03-09,referral,desktop,154,70,54.1,197.0,2.9,116,2,232.34,1.3
2025-03-09,referral,tablet,40,22,43.9,174.0,2.2,20,0,0.0,0.0
2025-03-09,organic_social,mobile,123,56,54.4,200.0,1.7,89,1,92.73,0.81
2025-03-09,organic_social,desktop,110,50,53.7,169.0,1.4,57,1,182.35,0.91
2025-03-09,organic_social,tablet,19,7,61.2,99.0,3.7,13,0,0.0,0.0
2025-03-10,organic_search,mobile,605,370,38.8,222.0,3.8,390,19,3080.48,3.14
2025-03-10,organic_search,desktop,373,219,41.2,209.0,4.9,277,7,648.69,1.88
2025-03-10,organic_search,tablet,116,56,51.5,153.0,2.6,70,2,203.09,1.72
2025-03-10,paid_search,mobile,468,311,33.3,102.0,2.9,277,10,1773.38,2.14
2025-03-10,paid_search,desktop,280,184,34.1,216.0,5.0,218,10,2094.9,3.57
2025-03-10,paid_search,tablet,69,40,41.4,190.0,2.3,36,2,235.54,2.9
2025-03-10,paid_social,mobile,416,201,51.5,69.0,4.2,256,6,1220.14,1.44
2025-03-10,paid_social,desktop,291,133,54.0,191.0,1.3,207,4,560.73,1.37
2025-03-10,paid_social,tablet,55,21,61.3,160.0,3.9,37,0,0.0,0.0
2025-03-10,direct,mobile,277,191,31.0,143.0,2.6,210,7,1496.08,2.53
2025-03-10,direct,desktop,176,115,34.5,80.0,3.8,96,6,1025.65,3.41
2025-03-10,direct,tablet,65,47,26.7,219.0,4.0,47,2,293.49,3.08
2025-03-10,email,mobile,174,133,23.0,230.0,2.9,90,6,495.69,3.45
2025-03-10,email,desktop,160,114,28.5,137.0,2.4,114,7,909.46,4.38
2025-03-10,email,tablet,34,26,21.5,116.0,2.1,22,1,166.06,2.94
2025-03-10,referral,mobile,125,70,43.6,207.0,4.7,82,2,377.81,1.6
2025-03-10,referral,desktop,116,64,44.8,56.0,2.4,91,2,357.19,1.72
2025-03-10,referral,tablet,30,17,43.3,230.0,4.1,20,0,0.0,0.0
2025-03-10,organic_social,mobile,128,47,62.9,159.0,3.5,85,1,148.99,0.78
2025-03-10,organic_social,desktop,58,18,67.3,153.0,3.2,33,0,0.0,0.0
2025-03-10,organic_social,tablet,22,9,56.2,202.0,2.8,12,0,0.0,0.0
2025-03-11,organic_search,mobile,536,295,44.8,97.0,4.0,330,17,3474.64,3.17
2025-03-11,organic_search,desktop,301,170,43.2,189.0,1.9,188,8,1242.54,2.66
2025-03-11,organic_search,tablet,114,70,38.3,123.0,4.8,82,3,570.01,2.63
2025-03-11,paid_search,mobile,438,286,34.6,195.0,3.7,312,15,2950.91,3.42
2025-03-11,paid_search,desktop,337,227,32.4,179.0,2.5,251,11,2101.21,3.26
2025-03-11,paid_search,tablet,93,55,40.1,111.0,4.2,63,2,262.57,2.15
2025-03-11,paid_social,mobile,294,149,49.1,102.0,1.4,176,3,527.08,1.02
2025-03-11,paid_social,desktop,283,139,50.8,143.0,3.5,180,5,707.77,1.77
2025-03-11,paid_social,tablet,49,21,56.1,198.0,4.0,28,0,0.0,0.0
2025-03-11,direct,mobile,316,208,34.2,186.0,3.5,251,9,1913.7,2.85
2025-03-11,direct,desktop,177,127,28.0,121.0,1.8,122,5,925.6,2.82
2025-03-11,direct,tablet,46,34,25.5,249.0,4.1,27,1,194.68,2.17
2025-03-11,email,mobile,198,153,22.7,71.0,2.9,130,10,1731.81,5.05
2025-03-11,email,desktop,154,110,28.2,65.0,2.4,77,5,984.19,3.25
2025-03-11,email,tablet,27,21,21.5,114.0,3.4,17,0,0.0,0.0
2025-03-11,referral,mobile,187,97,48.0,154.0,2.4,109,3,644.56,1.6
2025-03-11,referral,desktop,69,33,50.9,203.0,3.1,41,1,146.46,1.45
2025-03-11,referral,tablet,22,11,46.1,113.0,3.3,12,0,0.0,0.0
2025-03-11,organic_social,mobile,81,30,62.6,187.0,3.1,48,0,0.0,0.0
2025-03-11,organic_social,desktop,76,35,53.0,181.0,2.7,57,0,0.0,0.0
2025-03-11,organic_social,tablet,20,7,64.9,97.0,3.5,15,0,0.0,0.0
2025-03-12,organic_search,mobile,697,366,47.5,184.0,4.7,496,13,2524.96,1.87
2025-03-12,organic_search,desktop,536,319,40.4,204.0,3.8,416,15,3201.23,2.8
2025-03-12,organic_search,tablet,94,57,38.5,71.0,2.7,68,3,526.86,3.19
2025-03-12,paid_search,mobile,632,415,34.2,242.0,3.9,436,19,3667.45,3.01
2025-03-12,paid_search,desktop,343,211,38.4,147.0,2.4,208,8,1031.54,2.33
2025-03-12,paid_search,tablet,128,86,32.4,106.0,4.1,75,3,485.26,2.34
2025-03-12,paid_social,mobile,536,210,60.8,175.0,2.0,370,10,869.84,1.87
2025-03-12,paid_social,desktop,342,136,60.0,129.0,3.2,255,6,795.81,1.75
2025-03-12,paid_social,tablet,74,29,60.7,98.0,3.8,54,1,184.14,1.35
2025-03-12,direct,mobile,426,293,31.1,198.0,4.8,241,16,2822.08,3.76
2025-03-12,direct,desktop,217,142,34.2,51.0,4.8,157,9,1465.55,4.15
2025-03-12,direct,tablet,95,70,25.6,231.0,5.5,56,2,304.89,2.11
2025-03-12,email,mobile,198,153,22.7,235.0,3.3,102,10,1453.03,5.05
2025-03-12,email,desktop,187,141,24.5,149.0,4.7,96,7,1489.99,3.74
2025-03-12,email,tablet,49,36,25.7,207.0,2.1,26,1,122.31,2.04
2025-03-12,referral,mobile,169,75,55.4,99.0,1.6,86,3,566.26,1.78
2025-03-12,referral,desktop,128,60,53.0,93.0,2.6,92,2,308.08,1.56
2025-03-12,referral,tablet,39,22,42.9,218.0,3.3,25,0,0.0,0.0
2025-03-12,organic_social,mobile,133,43,67.6,90.0,4.5,73,1,165.63,0.75
2025-03-12,organic_social,desktop,96,39,58.6,109.0,1.6,75,1,102.07,1.04
2025-03-12,organic_social,tablet,20,6,68.9,42.0,3.3,13,0,0.0,0.0
2025-03-13,organic_search,mobile,697,424,39.1,184.0,3.0,468,15,1954.05,2.15
2025-03-13,organic_search,desktop,381,197,48.1,163.0,1.9,272,6,1310.34,1.57
2025-03-13,organic_search,tablet,146,74,48.9,49.0,2.7,77,3,642.63,2.05
2025-03-13,paid_search,mobile,512,343,33.0,174.0,2.3,283,17,1508.66,3.32
2025-03-13,paid_search,desktop,317,191,39.6,225.0,2.1,197,10,1752.66,3.15
2025-03-13,paid_search,tablet,85,51,39.0,207.0,3.5,63,2,316.24,2.35
2025-03-13,paid_social,mobile,528,205,61.1,173.0,2.9,375,11,1662.03,2.08
2025-03-13,paid_social,desktop,227,84,62.7,88.0,2.3,140,5,1025.3,2.2
2025-03-13,paid_social,tablet,110,42,60.9,121.0,3.6,62,1,155.85,0.91
2025-03-13,direct,mobile,309,229,25.7,195.0,4.5,242,10,2125.26,3.24
2025-03-13,direct,desktop,250,175,29.8,208.0,5.1,186,8,843.14,3.2
2025-03-13,direct,tablet,54,38,28.2,82.0,3.6,35,1,125.81,1.85
2025-03-13,email,mobile,309,220,28.7,248.0,3.7,214,14,1741.1,4.53
2025-03-13,email,desktop,160,120,24.6,223.0,1.8,95,6,1266.42,3.75
2025-03-13,email,tablet,36,26,25.1,214.0,1.8,20,1,90.28,2.78
2025-03-13,referral,mobile,223,111,50.2,191.0,3.3,117,5,690.14,2.24
2025-03-13,referral,desktop,120,59,50.8,78.0,3.6,87,2,419.81,1.67
2025-03-13,referral,tablet,43,21,50.4,207.0,1.7,24,0,0.0,0.0
2025-03-13,organic_social,mobile,168,67,59.7,119.0,4.8,95,1,170.34,0.6
2025-03-13,organic_social,desktop,80,36,54.0,187.0,2.3,56,0,0.0,0.0
2025-03-13,organic_social,tablet,25,9,60.4,69.0,2.0,16,0,0.0,0.0
2025-03-14,organic_search,mobile,829,494,40.3,84.0,5.3,415,15,2286.83,1.81
2025-03-14,organic_search,desktop,424,252,40.4,202.0,3.5,236,11,1850.41,2.59
2025-03-14,organic_search,tablet,91,47,48.0,92.0,1.9,53,2,222.22,2.2
2025-03-14,paid_search,mobile,646,391,39.4,149.0,2.1,436,26,3988.38,4.02
2025-03-14,paid_search,desktop,372,243,34.7,84.0,3.4,244,8,1053.02,2.15
2025-03-14,paid_search,tablet,106,64,39.2,189.0,3.4,66,3,336.79,2.83
2025-03-14,paid_social,mobile,538,241,55.0,183.0,2.8,352,9,749.29,1.67
2025-03-14,paid_social,desktop,294,129,55.9,159.0,4.8,221,3,401.24,1.02
2025-03-14,paid_social,tablet,114,46,59.6,63.0,2.2,66,2,278.52,1.75
2025-03-14,direct,mobile,394,271,31.0,106.0,1.6,313,14,2012.86,3.55
2025-03-14,direct,desktop,331,241,27.1,92.0,4.2,243,12,1456.7,3.63
2025-03-14,direct,tablet,70,51,26.0,239.0,4.1,49,2,309.01,2.86
2025-03-14,email,mobile,225,165,26.7,97.0,3.5,126,9,1753.72,4.0
2025-03-14,email,desktop,152,110,27.5,66.0,4.4,98,7,1273.92,4.61
2025-03-14,email,tablet,48,36,24.3,224.0,5.3,26,2,209.69,4.17
2025-03-14,referral,mobile,250,106,57.4,116.0,1.9,134,5,587.97,2.0
2025-03-14,referral,desktop,137,66,51.2,87.0,5.0,94,2,229.37,1.46
2025-03-14,referral,tablet,41,21,48.2,109.0,4.0,31,0,0.0,0.0
2025-03-14,organic_social,mobile,113,44,60.9,145.0,1.5,70,1,195.0,0.88
2025-03-14,organic_social,desktop,95,39,58.4,74.0,3.1,58,1,185.47,1.05
2025-03-14,organic_social,tablet,26,10,59.0,60.0,3.2,15,0,0.0,0.0
2025-03-15,organic_search,mobile,879,506,42.3,72.0,2.6,623,19,3400.85,2.16
2025-03-15,organic_search,desktop,314,180,42.4,161.0,3.1,171,5,505.16,1.59
2025-03-15,organic_search,tablet,93,56,39.0,65.0,1.5,65,1,93.45,1.08
2025-03-15,paid_search,mobile,695,402,42.1,56.0,1.9,465,19,2063.38,2.73
2025-03-15,paid_search,desktop,454,262,42.1,75.0,3.0,308,14,1949.97,3.08
2025-03-15,paid_search,tablet,105,64,38.7,140.0,2.5,58,4,605.65,3.81
2025-03-15,paid_social,mobile,346,165,52.1,139.0,4.2,197,6,949.47,1.73
2025-03-15,paid_social,desktop,348,150,56.8,140.0,4.8,181,5,552.98,1.44
2025-03-15,paid_social,tablet,114,51,54.4,70.0,1.4,61,2,384.9,1.75
2025-03-15,direct,mobile,373,245,34.1,162.0,1.8,203,9,1878.95,2.41
2025-03-15,direct,desktop,292,201,31.0,78.0,3.4,192,8,1652.85,2.74
2025-03-15,direct,tablet,91,67,25.7,65.0,4.0,51,2,207.79,2.2
2025-03-15,email,mobile,287,209,27.1,213.0,2.5,144,11,2064.03,3.83
2025-03-15,email,desktop,133,96,27.4,165.0,2.2,94,5,987.37,3.76
2025-03-15,email,tablet,51,38,23.9,93.0,4.2,36,1,94.32,1.96
2025-03-15,referral,mobile,207,108,47.6,166.0,4.3,118,3,538.02,1.45
2025-03-15,referral,desktop,86,46,46.5,86.0,4.5,59,1,214.47,1.16
2025-03-15,referral,tablet,28,14,48.6,87.0,2.3,18,0,0.0,0.0
2025-03-15,organic_social,mobile,153,62,59.4,193.0,3.0,77,2,364.0,1.31
2025-03-15,organic_social,desktop,92,31,65.7,197.0,2.5,68,1,159.51,1.09
2025-03-15,organic_social,tablet,25,10,59.3,181.0,2.8,18,0,0.0,0.0
2025-03-16,organic_search,mobile,720,419,41.7,214.0,2.4,557,22,3906.06,3.06
2025-03-16,organic_search,desktop,401,247,38.4,89.0,2.1,207,7,647.55,1.75
2025-03-16,organic_search,tablet,154,77,49.4,122.0,2.9,89,4,588.31,2.6
2025-03-16,paid_search,mobile,585,392,33.0,214.0,5.3,446,20,3038.8,3.42
2025-03-16,paid_search,desktop,396,248,37.2,88.0,1.4,266,10,1730.82,2.53
2025-03-16,paid_search,tablet,93,53,42.3,196.0,2.6,73,3,511.85,3.23
2025-03-16,paid_social,mobile,412,160,61.1,147.0,4.0,323,9,769.19,2.18
2025-03-16,paid_social,desktop,268,117,56.0,191.0,2.8,185,5,503.85,1.87
2025-03-16,paid_social,tablet,65,32,50.4,217.0,4.3,49,1,120.49,1.54
2025-03-16,direct,mobile,404,283,29.8,149.0,3.5,275,16,2148.07,3.96
2025-03-16,direct,desktop,286,195,31.6,236.0,4.7,143,9,1091.89,3.15
2025-03-16,direct,tablet,75,54,28.0,56.0,4.4,43,2,300.74,2.67
2025-03-16,email,mobile,235,184,21.5,157.0,4.2,141,11,1771.41,4.68
2025-03-16,email,desktop,182,139,23.1,100.0,4.5,115,5,792.94,2.75
2025-03-16,email,tablet,42,31,25.8,147.0,4.8,22,1,186.6,2.38
2025-03-16,referral,mobile,178,97,45.2,181.0,2.6,102,2,427.5,1.12
2025-03-16,referral,desktop,100,56,43.1,172.0,3.6,67,1,94.41,1.0
2025-03-16,referral,tablet,39,20,46.3,155.0,4.9,29,0,0.0,0.0
2025-03-16,organic_social,mobile,142,53,62.6,185.0,3.0,73,2,304.86,1.41
2025-03-16,organic_social,desktop,110,51,53.0,203.0,2.0,59,1,113.31,0.91
2025-03-16,organic_social,tablet,24,9,59.9,97.0,2.7,16,0,0.0,0.0
2025-03-17,organic_search,mobile,531,266,49.9,82.0,4.6,313,13,2666.19,2.45
2025-03-17,organic_search,desktop,385,208,45.9,176.0,4.6,282,11,1236.13,2.86
2025-03-17,organic_search,tablet,97,51,47.4,95.0,4.5,53,1,110.3,1.03
2025-03-17,paid_search,mobile,362,207,42.8,133.0,4.1,242,13,2374.29,3.59
2025-03-17,paid_search,desktop,195,119,38.9,115.0,4.9,144,6,575.73,3.08
2025-03-17,paid_search,tablet,93,55,40.5,68.0,2.3,55,3,298.48,3.23
2025-03-17,paid_social,mobile,395,153,61.2,137.0,2.1,308,8,1404.24,2.03
2025-03-17,paid_social,desktop,260,115,55.6,104.0,4.6,143,3,586.87,1.15
2025-03-17,paid_social,tablet,49,22,53.9,169.0,2.2,33,0,0.0,0.0
2025-03-17,direct,mobile,322,235,26.8,140.0,2.1,170,10,892.49,3.11
2025-03-17,direct,desktop,175,130,25.5,183.0,4.8,135,7,715.02,4.0
2025-03-17,direct,tablet,58,39,32.6,160.0,4.1,40,1,148.63,1.72
2025-03-17,email,mobile,241,178,25.9,246.0,4.5,173,12,2151.52,4.98
2025-03-17,email,desktop,159,117,26.2,118.0,4.8,80,5,458.08,3.14
2025-03-17,email,tablet,29,22,22.0,113.0,4.5,15,0,0.0,0.0
2025-03-17,referral,mobile,136,75,44.2,137.0,2.9,71,1,165.84,0.74
2025-03-17,referral,desktop,96,43,54.2,98.0,4.6,55,1,137.88,1.04
2025-03-17,referral,tablet,33,14,54.9,157.0,3.5,23,0,0.0,0.0
2025-03-17,organic_social,mobile,98,32,67.3,196.0,3.5,68,1,93.17,1.02
2025-03-17,organic_social,desktop,78,32,58.6,108.0,1.5,46,0,0.0,0.0
2025-03-17,organic_social,tablet,22,10,52.7,176.0,3.2,15,0,0.0,0.0
2025-03-18,organic_search,mobile,436,259,40.5,184.0,2.5,327,8,1564.65,1.83
2025-03-18,organic_search,desktop,393,235,40.1,138.0,3.0,267,11,1330.11,2.8
2025-03-18,organic_search,tablet,85,51,39.2,177.0,3.5,46,2,428.96,2.35
2025-03-18,paid_search,mobile,443,269,39.3,186.0,4.4,263,15,3073.86,3.39
2025-03-18,paid_search,desktop,226,147,34.7,117.0,1.9,170,8,1422.42,3.54
2025-03-18,paid_search,tablet,69,45,34.5,76.0,2.8,47,1,208.76,1.45
2025-03-18,paid_social,mobile,350,158,54.6,125.0,2.7,217,7,1539.25,2.0
2025-03-18,paid_social,desktop,217,98,54.6,209.0,2.3,150,3,434.3,1.38
2025-03-18,paid_social,tablet,66,27,58.8,190.0,3.7,43,1,102.48,1.52
2025-03-18,direct,mobile,370,243,34.3,200.0,3.2,194,12,1553.14,3.24
2025-03-18,direct,desktop,179,120,32.8,80.0,2.3,101,7,1405.59,3.91
2025-03-18,direct,tablet,72,52,27.0,180.0,4.2,46,2,337.22,2.78
2025-03-18,email,mobile,154,113,26.5,87.0,2.6,96,5,453.11,3.25
2025-03-18,email,desktop,159,118,25.3,254.0,5.2,118,6,640.66,3.77
2025-03-18,email,tablet,33,24,25.5,67.0,2.0,26,1,136.41,3.03
2025-03-18,referral,mobile,153,87,42.6,181.0,3.7,79,3,276.56,1.96
2025-03-18,referral,desktop,93,52,43.2,95.0,4.4,56,1,87.17,1.08
2025-03-18,referral,tablet,28,15,44.4,51.0,3.4,15,0,0.0,0.0
2025-03-18,organic_social,mobile,84,32,61.8,131.0,2.1,44,0,0.0,0.0
2025-03-18,organic_social,desktop,62,29,51.9,47.0,2.1,48,0,0.0,0.0
2025-03-18,organic_social,tablet,18,7,57.5,79.0,4.0,11,0,0.0,0.0
2025-03-19,organic_search,mobile,791,461,41.7,145.0,1.6,420,13,2798.54,1.64
2025-03-19,organic_search,desktop,420,219,47.6,106.0,1.5,211,9,1753.39,2.14
2025-03-19,organic_search,tablet,151,73,51.5,207.0,1.7,85,2,177.37,1.32
2025-03-19,paid_search,mobile,649,365,43.7,206.0,2.8,377,20,2190.16,3.08
2025-03-19,paid_search,desktop,347,201,42.1,132.0,4.6,243,9,1254.03,2.59
2025-03-19,paid_search,tablet,116,69,40.2,208.0,3.7,82,3,295.61,2.59
2025-03-19,paid_social,mobile,577,277,51.9,105.0,2.2,422,9,1402.03,1.56
2025-03-19,paid_social,desktop,362,143,60.5,97.0,3.2,271,7,865.49,1.93
2025-03-19,paid_social,tablet,81,32,59.4,169.0,3.7,45,1,127.39,1.23
2025-03-19,direct,mobile,493,332,32.6,116.0,4.8,333,20,2916.98,4.06
2025-03-19,direct,desktop,330,238,27.8,131.0,2.4,260,14,1863.27,4.24
2025-03-19,direct,tablet,54,37,29.8,197.0,5.0,30,1,102.3,1.85
2025-03-19,email,mobile,274,203,25.6,149.0,5.5,161,10,2090.15,3.65
2025-03-19,email,desktop,130,96,25.6,91.0,4.5,75,6,806.25,4.62
2025-03-19,email,tablet,58,44,23.2,96.0,4.8,33,2,408.55,3.45
2025-03-19,referral,mobile,211,113,46.2,156.0,2.8,107,3,518.89,1.42
2025-03-19,referral,desktop,120,66,44.7,222.0,3.3,67,2,324.14,1.67
2025-03-19,referral,tablet,44,25,42.9,190.0,2.6,27,0,0.0,0.0
2025-03-19,organic_social,mobile,159,52,67.2,41.0,4.3,124,1,121.48,0.63
2025-03-19,organic_social,desktop,75,31,57.9,110.0,3.0,40,0,0.0,0.0
2025-03-19,organic_social,tablet,18,6,64.0,143.0,4.7,9,0,0.0,0.0
2025-03-20,organic_search,mobile,613,352,42.4,114.0,3.4,419,13,2495.98,2.12
2025-03-20,organic_search,desktop,528,282,46.6,141.0,3.3,317,12,2127.17,2.27
2025-03-20,organic_search,tablet,87,49,43.1,84.0,5.2,50,1,94.05,1.15
2025-03-20,paid_search,mobile,555,340,38.6,198.0,4.2,440,18,1559.27,3.24
2025-03-20,paid_search,desktop,283,173,38.6,201.0,2.4,165,10,974.08,3.53
2025-03-20,paid_search,tablet,126,80,35.9,65.0,5.2,71,4,566.45,3.17
2025-03-20,paid_social,mobile,426,200,53.0,155.0,3.2,251,7,701.4,1.64
2025-03-20,paid_social,desktop,351,157,55.2,214.0,1.5,218,7,1398.3,1.99
2025-03-20,paid_social,tablet,90,44,50.6,122.0,2.0,63,2,184.68,2.22
2025-03-20,direct,mobile,463,308,33.4,160.0,4.6,243,15,2827.73,3.24
2025-03-20,direct,desktop,256,187,26.9,54.0,5.2,165,10,1013.74,3.91
2025-03-20,direct,tablet,96,67,29.6,109.0,1.9,67,3,552.55,3.12
2025-03-20,email,mobile,276,200,27.5,90.0,3.9,200,8,1250.14,2.9
2025-03-20,email,desktop,150,112,24.9,179.0,1.9,118,5,928.41,3.33
2025-03-20,email,tablet,62,46,25.6,94.0,4.6,32,3,248.39,4.84
2025-03-20,referral,mobile,139,67,51.7,59.0,3.3,97,2,211.27,1.44
2025-03-20,referral,desktop,99,49,49.5,78.0,1.9,56,1,117.05,1.01
2025-03-20,referral,tablet,41,17,56.7,151.0,4.0,21,0,0.0,0.0
2025-03-20,organic_social,mobile,120,49,58.7,65.0,2.9,86,1,152.56,0.83
2025-03-20,organic_social,desktop,85,38,54.8,118.0,2.6,49,1,135.22,1.18
2025-03-20,organic_social,tablet,26,11,54.4,198.0,4.8,15,0,0.0,0.0
2025-03-21,organic_search,mobile,546,299,45.1,117.0,3.1,354,11,1536.85,2.01
2025-03-21,organic_search,desktop,470,289,38.3,186.0,4.6,337,10,1038.36,2.13
2025-03-21,organic_search,tablet,160,97,39.3,110.0,4.5,106,3,617.74,1.88
2025-03-21,paid_search,mobile,707,448,36.5,80.0,4.8,439,21,2161.59,2.97
2025-03-21,paid_search,desktop,375,221,40.9,227.0,4.0,299,11,2348.83,2.93
2025-03-21,paid_search,tablet,70,47,32.4,172.0,5.1,37,1,212.09,1.43
2025-03-21,paid_social,mobile,355,157,55.7,116.0,4.1,232,5,1001.88,1.41
2025-03-21,paid_social,desktop,320,134,58.0,111.0,2.7,227,5,1064.19,1.56
2025-03-21,paid_social,tablet,97,35,63.2,58.0,1.6,59,2,239.69,2.06
2025-03-21,direct,mobile,406,279,31.2,133.0,3.6,276,17,3715.11,4.19
2025-03-21,direct,desktop,271,199,26.3,193.0,4.2,201,7,1430.98,2.58
2025-03-21,direct,tablet,56,39,29.2,95.0,4.2,34,1,172.51,1.79
2025-03-21,email,mobile,265,192,27.4,228.0,4.2,164,10,1159.24,3.77
2025-03-21,email,desktop,174,132,23.9,241.0,3.7,107,7,695.92,4.02
2025-03-21,email,tablet,52,40,22.5,68.0,4.2,38,1,156.74,1.92
2025-03-21,referral,mobile,248,113,54.0,142.0,1.9,142,6,498.63,2.42
2025-03-21,referral,desktop,139,74,46.3,61.0,1.9,75,2,264.12,1.44
2025-03-21,referral,tablet,29,12,55.6,65.0,1.3,15,0,0.0,0.0
2025-03-21,organic_social,mobile,155,48,68.5,164.0,2.3,111,2,398.9,1.29
2025-03-21,organic_social,desktop,100,44,55.7,141.0,2.4,60,1,219.71,1.0
2025-03-21,organic_social,tablet,26,12,51.1,156.0,3.6,17,0,0.0,0.0
2025-03-22,organic_search,mobile,543,266,51.0,142.0,3.3,424,13,2051.67,2.39
2025-03-22,organic_search,desktop,464,256,44.8,82.0,3.0,234,13,1497.66,2.8
2025-03-22,organic_search,tablet,109,61,43.9,116.0,2.6,54,2,312.1,1.83
2025-03-22,paid_search,mobile,675,439,34.9,239.0,3.3,342,19,1573.88,2.81
2025-03-22,paid_search,desktop,297,171,42.3,163.0,3.2,222,8,1412.13,2.69
2025-03-22,paid_search,tablet,72,41,42.7,50.0,1.6,40,2,401.84,2.78
2025-03-22,paid_social,mobile,522,270,48.3,193.0,3.5,359,11,2032.83,2.11
2025-03-22,paid_social,desktop,262,100,61.8,188.0,4.4,131,5,692.42,1.91
2025-03-22,paid_social,tablet,112,52,52.7,199.0,3.3,86,1,91.94,0.89
2025-03-22,direct,mobile,482,320,33.6,92.0,1.6,330,21,4284.56,4.36
2025-03-22,direct,desktop,208,138,33.3,97.0,3.9,149,9,872.81,4.33
2025-03-22,direct,tablet,75,53,28.8,204.0,2.6,44,2,346.47,2.67
2025-03-22,email,mobile,268,202,24.6,259.0,2.7,189,13,1835.18,4.85
2025-03-22,email,desktop,202,149,26.0,178.0,4.1,116,7,812.27,3.47
2025-03-22,email,tablet,45,32,27.7,245.0,4.0,29,2,211.46,4.44
2025-03-22,referral,mobile,157,73,53.5,136.0,4.6,123,3,267.28,1.91
2025-03-22,referral,desktop,91,41,54.4,181.0,3.3,48,1,155.81,1.1
2025-03-22,referral,tablet,36,20,44.3,232.0,4.1,21,0,0.0,0.0
2025-03-22,organic_social,mobile,168,75,55.1,115.0,4.0,116,1,170.58,0.6
2025-03-22,organic_social,desktop,96,39,58.6,55.0,3.0,56,0,0.0,0.0
2025-03-22,organic_social,tablet,21,9,55.1,213.0,3.4,13,0,0.0,0.0
2025-03-23,organic_search,mobile,501,255,49.1,122.0,2.6,265,10,999.62,2.0
2025-03-23,organic_search,desktop,345,166,51.6,99.0,2.9,237,9,1474.18,2.61
2025-03-23,organic_search,tablet,146,71,51.0,146.0,4.8,92,2,213.66,1.37
2025-03-23,paid_search,mobile,594,382,35.6,125.0,3.5,420,22,3624.2,3.7
2025-03-23,paid_search,desktop,289,184,36.2,58.0,1.6,175,7,1500.96,2.42
2025-03-23,paid_search,tablet,102,65,36.0,121.0,3.3,57,3,311.14,2.94
2025-03-23,paid_social,mobile,432,162,62.4,86.0,3.5,314,7,1412.27,1.62
2025-03-23,paid_social,desktop,300,128,57.1,104.0,4.3,170,6,598.26,2.0
2025-03-23,paid_social,tablet,93,42,54.0,145.0,4.8,51,1,173.52,1.08
2025-03-23,direct,mobile,495,346,29.9,70.0,4.6,284,19,2248.17,3.84
2025-03-23,direct,desktop,245,181,25.9,241.0,5.1,174,9,1586.19,3.67
2025-03-23,direct,tablet,66,46,28.9,246.0,4.7,35,2,196.3,3.03
2025-03-23,email,mobile,348,252,27.6,121.0,3.3,197,18,2159.82,5.17
2025-03-23,email,desktop,171,134,21.3,161.0,5.3,127,8,821.77,4.68
2025-03-23,email,tablet,58,43,25.8,70.0,1.7,43,2,284.89,3.45
2025-03-23,referral,mobile,181,102,43.3,90.0,2.9,121,3,526.99,1.66
2025-03-23,referral,desktop,129,64,50.2,49.0,3.0,72,2,179.27,1.55
2025-03-23,referral,tablet,44,21,52.1,103.0,1.9,22,0,0.0,0.0
2025-03-23,organic_social,mobile,148,51,65.0,186.0,4.8,116,2,362.81,1.35
2025-03-23,organic_social,desktop,92,41,55.0,97.0,1.4,56,0,0.0,0.0
2025-03-23,organic_social,tablet,28,9,67.0,164.0,3.0,14,0,0.0,0.0
2025-03-24,organic_search,mobile,635,335,47.1,62.0,4.5,409,11,893.95,1.73
2025-03-24,organic_search,desktop,295,172,41.6,165.0,2.8,223,7,641.38,2.37
2025-03-24,organic_search,tablet,108,66,38.5,176.0,4.2,80,2,292.73,1.85
2025-03-24,paid_search,mobile,300,202,32.5,208.0,2.0,237,10,1813.36,3.33
2025-03-24,paid_search,desktop,219,142,35.2,210.0,1.4,139,5,430.27,2.28
2025-03-24,paid_search,tablet,56,37,32.8,129.0,3.2,42,2,391.11,3.57
2025-03-24,paid_social,mobile,437,182,58.2,110.0,3.2,289,8,1320.76,1.83
2025-03-24,paid_social,desktop,287,142,50.4,149.0,3.9,164,4,438.13,1.39
2025-03-24,paid_social,tablet,74,31,57.1,194.0,3.4,52,1,112.17,1.35
2025-03-24,direct,mobile,388,281,27.3,100.0,4.8,203,12,1689.88,3.09
2025-03-24,direct,desktop,166,120,27.2,200.0,1.8,92,7,1174.81,4.22
2025-03-24,direct,tablet,66,45,30.6,147.0,2.0,44,1,159.19,1.52
2025-03-24,email,mobile,165,119,27.3,140.0,3.5,120,7,1413.89,4.24
2025-03-24,email,desktop,134,99,25.5,221.0,3.4,103,5,743.92,3.73
2025-03-24,email,tablet,44,32,26.4,223.0,2.4,22,2,310.39,4.55
2025-03-24,referral,mobile,160,84,47.0,221.0,3.3,80,3,272.51,1.88
2025-03-24,referral,desktop,90,41,54.3,66.0,4.7,71,2,289.15,2.22
2025-03-24,referral,tablet,19,10,43.7,157.0,2.5,9,0,0.0,0.0
2025-03-24,organic_social,mobile,108,49,53.7,80.0,3.3,77,1,161.54,0.93
2025-03-24,organic_social,desktop,48,18,62.2,158.0,2.4,26,0,0.0,0.0
2025-03-24,organic_social,tablet,16,6,60.8,198.0,2.4,9,0,0.0,0.0
2025-03-25,organic_search,mobile,418,251,39.9,199.0,2.9,260,13,2268.0,3.11
2025-03-25,organic_search,desktop,423,249,41.0,102.0,3.9,250,9,965.9,2.13
2025-03-25,organic_search,tablet,114,69,38.9,168.0,4.4,68,2,401.0,1.75
2025-03-25,paid_search,mobile,380,218,42.4,88.0,1.7,288,13,1739.35,3.42
2025-03-25,paid_search,desktop,293,178,39.2,195.0,3.0,162,10,2080.99,3.41
2025-03-25,paid_search,tablet,84,54,35.1,80.0,2.4,48,3,382.27,3.57
2025-03-25,paid_social,mobile,344,168,51.0,200.0,1.5,202,5,674.22,1.45
2025-03-25,paid_social,desktop,245,95,61.2,175.0,2.6,185,3,386.47,1.22
2025-03-25,paid_social,tablet,65,28,56.1,104.0,2.2,45,1,96.7,1.54
2025-03-25,direct,mobile,389,282,27.4,133.0,1.5,302,10,1509.23,2.57
2025-03-25,direct,desktop,248,165,33.2,169.0,2.5,139,7,679.98,2.82
2025-03-25,direct,tablet,61,41,32.3,153.0,3.8,31,2,249.6,3.28
2025-03-25,email,mobile,199,147,25.7,125.0,5.0,128,6,857.02,3.02
2025-03-25,email,desktop,125,96,23.1,131.0,5.3,85,6,1287.38,4.8
2025-03-25,email,tablet,43,33,21.9,70.0,5.2,32,1,151.97,2.33
2025-03-25,referral,mobile,162,92,43.0,222.0,3.7,88,3,272.8,1.85
2025-03-25,referral,desktop,95,52,44.3,210.0,3.4,56,1,91.33,1.05
2025-03-25,referral,tablet,18,9,49.6,133.0,1.7,13,0,0.0,0.0
2025-03-25,organic_social,mobile,88,28,68.1,131.0,4.2,44,1,199.94,1.14
2025-03-25,organic_social,desktop,53,22,57.4,110.0,4.9,36,0,0.0,0.0
2025-03-25,organic_social,tablet,22,9,58.1,154.0,4.8,11,0,0.0,0.0
2025-03-26,organic_search,mobile,799,454,43.2,90.0,4.3,575,25,5045.13,3.13
2025-03-26,organic_search,desktop,506,306,39.4,162.0,1.8,337,14,1632.41,2.77
2025-03-26,organic_search,tablet,155,92,40.6,109.0,1.5,102,4,563.85,2.58
2025-03-26,paid_search,mobile,450,256,43.0,152.0,2.6,340,12,1945.8,2.67
2025-03-26,paid_search,desktop,283,165,41.6,227.0,3.8,195,7,598.32,2.47
2025-03-26,paid_search,tablet,85,56,33.9,113.0,2.6,65,3,457.87,3.53
2025-03-26,paid_social,mobile,610,297,51.3,189.0,1.8,443,12,1340.83,1.97
2025-03-26,paid_social,desktop,325,166,48.7,81.0,3.0,256,6,641.62,1.85
2025-03-26,paid_social,tablet,111,43,60.4,105.0,4.5,58,2,299.24,1.8
2025-03-26,direct,mobile,535,371,30.5,86.0,4.1,325,19,2296.58,3.55
2025-03-26,direct,desktop,231,168,27.0,144.0,1.4,149,8,1298.9,3.46
2025-03-26,direct,tablet,64,46,26.7,160.0,3.9,43,2,347.95,3.12
2025-03-26,email,mobile,212,163,22.9,98.0,4.8,155,6,1304.8,2.83
2025-03-26,email,desktop,196,147,24.6,75.0,2.9,146,8,848.7,4.08
2025-03-26,email,tablet,51,37,27.0,128.0,4.9,29,2,316.95,3.92
2025-03-26,referral,mobile,137,77,43.3,153.0,2.9,92,2,409.85,1.46
2025-03-26,referral,desktop,135,62,53.9,48.0,3.7,98,2,268.33,1.48
2025-03-26,referral,tablet,35,18,48.1,106.0,3.6,27,0,0.0,0.0
2025-03-26,organic_social,mobile,123,58,52.2,220.0,4.5,77,1,118.3,0.81
2025-03-26,organic_social,desktop,94,41,56.0,117.0,4.9,63,0,0.0,0.0
2025-03-26,organic_social,tablet,28,13,53.4,152.0,4.4,18,0,0.0,0.0
2025-03-27,organic_search,mobile,569,317,44.2,160.0,4.0,426,17,3060.25,2.99
2025-03-27,organic_search,desktop,346,174,49.6,118.0,4.8,258,10,1468.48,2.89
2025-03-27,organic_search,tablet,161,85,46.9,197.0,3.8,90,2,203.09,1.24
2025-03-27,paid_search,mobile,388,251,35.3,224.0,4.7,205,9,1824.05,2.32
2025-03-27,paid_search,desktop,273,180,33.8,246.0,4.8,142,7,631.43,2.56
2025-03-27,paid_search,tablet,78,50,35.3,174.0,5.0,39,2,359.95,2.56
2025-03-27,paid_social,mobile,394,197,49.9,83.0,3.1,278,5,832.8,1.27
2025-03-27,paid_social,desktop,333,161,51.5,196.0,2.9,172,5,637.88,1.5
2025-03-27,paid_social,tablet,96,47,50.0,58.0,4.9,63,1,125.88,1.04
2025-03-27,direct,mobile,327,227,30.5,147.0,4.1,183,11,1411.1,3.36
2025-03-27,direct,desktop,268,180,32.8,244.0,4.6,181,7,1065.22,2.61
2025-03-27,direct,tablet,86,60,30.2,198.0,1.4,46,3,311.06,3.49
2025-03-27,email,mobile,311,227,26.9,76.0,5.1,197,9,1140.66,2.89
2025-03-27,email,desktop,168,121,27.4,246.0,2.7,116,7,1463.85,4.17
2025-03-27,email,tablet,51,37,25.7,239.0,2.0,31,2,176.81,3.92
2025-03-27,referral,mobile,168,82,50.8,153.0,1.8,107,4,550.96,2.38
2025-03-27,referral,desktop,153,66,56.5,44.0,3.2,110,3,562.81,1.96
2025-03-27,referral,tablet,31,13,56.0,47.0,1.9,22,0,0.0,0.0
2025-03-27,organic_social,mobile,142,54,61.4,172.0,3.7,95,1,141.89,0.7
2025-03-27,organic_social,desktop,97,32,66.3,89.0,2.5,63,1,143.84,1.03
2025-03-27,organic_social,tablet,18,6,61.6,87.0,1.5,13,0,0.0,0.0
2025-03-28,organic_search,mobile,509,250,50.8,67.0,3.3,256,12,1054.56,2.36
2025-03-28,organic_search,desktop,546,278,49.0,92.0,4.6,404,13,2725.77,2.38
2025-03-28,organic_search,tablet,131,75,42.6,63.0,2.1,90,3,642.03,2.29
2025-03-28,paid_search,mobile,608,400,34.2,66.0,5.3,355,23,4829.71,3.78
2025-03-28,paid_search,desktop,309,207,32.8,82.0,3.7,179,9,1923.0,2.91
2025-03-28,paid_search,tablet,71,40,43.6,171.0,1.9,39,2,365.93,2.82
2025-03-28,paid_social,mobile,461,169,63.2,121.0,4.6,257,9,1277.4,1.95
2025-03-28,paid_social,desktop,281,132,52.9,148.0,2.5,157,6,1132.5,2.14
2025-03-28,paid_social,tablet,80,30,62.1,95.0,4.5,50,1,139.07,1.25
2025-03-28,direct,mobile,298,212,28.6,139.0,2.4,183,11,2334.67,3.69
2025-03-28,direct,desktop,192,127,33.6,173.0,2.0,113,4,320.54,2.08
2025-03-28,direct,tablet,74,49,32.6,141.0,5.1,47,2,427.99,2.7
2025-03-28,email,mobile,277,198,28.4,175.0,2.3,164,12,1210.95,4.33
2025-03-28,email,desktop,210,154,26.4,163.0,2.4,106,7,564.59,3.33
2025-03-28,email,tablet,36,26,26.3,235.0,4.8,23,1,116.75,2.78
2025-03-28,referral,mobile,166,82,50.1,155.0,4.0,123,3,244.51,1.81
2025-03-28,referral,desktop,101,54,45.6,72.0,4.3,80,1,210.4,0.99
2025-03-28,referral,tablet,44,22,48.6,203.0,1.9,32,1,173.82,2.27
2025-03-28,organic_social,mobile,144,56,60.7,54.0,3.1,85,1,118.23,0.69
2025-03-28,organic_social,desktop,74,22,69.0,92.0,3.0,56,0,0.0,0.0
2025-03-28,organic_social,tablet,20,7,62.1,141.0,4.1,15,0,0.0,0.0
2025-03-29,organic_search,mobile,857,414,51.7,70.0,1.7,553,22,3723.61,2.57
2025-03-29,organic_search,desktop,488,284,41.6,88.0,3.4,322,10,1780.18,2.05
2025-03-29,organic_search,tablet,156,87,43.7,102.0,2.4,113,3,313.04,1.92
2025-03-29,paid_search,mobile,580,347,40.1,226.0,4.6,326,20,2947.49,3.45
2025-03-29,paid_search,desktop,333,214,35.6,176.0,2.5,183,12,1538.69,3.6
2025-03-29,paid_search,tablet,70,39,43.6,201.0,2.2,43,1,196.51,1.43
2025-03-29,paid_social,mobile,594,248,58.1,101.0,2.0,323,9,1915.92,1.52
2025-03-29,paid_social,desktop,353,186,47.2,114.0,4.4,262,7,858.14,1.98
2025-03-29,paid_social,tablet,84,37,55.9,136.0,4.4,63,1,176.4,1.19
2025-03-29,direct,mobile,498,358,27.9,222.0,1.6,269,14,1394.05,2.81
2025-03-29,direct,desktop,329,241,26.6,117.0,5.0,201,8,1658.2,2.43
2025-03-29,direct,tablet,69,50,26.7,99.0,4.4,36,3,559.91,4.35
2025-03-29,email,mobile,278,213,23.2,249.0,3.8,181,14,2121.81,5.04
2025-03-29,email,desktop,195,142,27.1,213.0,3.1,100,5,765.6,2.56
2025-03-29,email,tablet,35,25,27.2,112.0,1.8,18,1,104.49,2.86
2025-03-29,referral,mobile,235,124,47.0,225.0,3.9,184,4,800.37,1.7
2025-03-29,referral,desktop,116,52,54.3,99.0,4.0,68,2,174.88,1.72
2025-03-29,referral,tablet,24,10,54.6,202.0,2.0,18,0,0.0,0.0
2025-03-29,organic_social,mobile,131,42,67.5,186.0,3.5,84,1,138.13,0.76
2025-03-29,organic_social,desktop,89,42,52.1,92.0,4.0,54,1,120.95,1.12
2025-03-29,organic_social,tablet,25,10,58.6,193.0,3.5,14,0,0.0,0.0
2025-03-30,organic_search,mobile,519,282,45.5,89.0,4.7,378,12,2526.58,2.31
2025-03-30,organic_search,desktop,431,215,50.0,63.0,1.9,291,13,2340.25,3.02
2025-03-30,organic_search,tablet,105,57,45.7,152.0,2.8,59,2,324.39,1.9
2025-03-30,paid_search,mobile,556,345,37.9,89.0,3.5,367,15,1307.48,2.7
2025-03-30,paid_search,desktop,273,165,39.2,220.0,2.5,164,8,1372.11,2.93
2025-03-30,paid_search,tablet,110,62,43.1,223.0,3.1,70,3,311.1,2.73
2025-03-30,paid_social,mobile,506,248,50.9,216.0,2.0,346,10,1697.46,1.98
2025-03-30,paid_social,desktop,318,122,61.5,145.0,3.5,242,4,746.05,1.26
2025-03-30,paid_social,tablet,94,38,58.6,62.0,2.5,66,1,89.73,1.06
2025-03-30,direct,mobile,295,199,32.5,91.0,2.1,177,8,1266.66,2.71
2025-03-30,direct,desktop,328,237,27.6,142.0,3.9,251,8,1628.11,2.44
2025-03-30,direct,tablet,86,57,32.7,244.0,5.0,58,2,352.46,2.33
2025-03-30,email,mobile,206,147,28.6,80.0,2.1,152,7,913.54,3.4
2025-03-30,email,desktop,135,104,22.7,201.0,4.1,96,4,527.3,2.96
2025-03-30,email,tablet,56,44,21.3,67.0,3.2,29,2,351.68,3.57
2025-03-30,referral,mobile,156,78,49.8,60.0,1.8,80,2,186.6,1.28
2025-03-30,referral,desktop,130,71,45.2,175.0,1.5,99,3,611.62,2.31
2025-03-30,referral,tablet,33,18,45.2,140.0,4.2,17,0,0.0,0.0
2025-03-30,organic_social,mobile,110,34,68.4,130.0,1.9,83,1,112.36,0.91
2025-03-30,organic_social,desktop,84,28,65.5,63.0,4.6,48,1,217.32,1.19
2025-03-30,organic_social,tablet,22,10,52.1,182.0,4.9,13,0,0.0,0.0
2025-03-31,organic_search,mobile,486,258,46.9,215.0,1.5,353,13,1850.34,2.67
2025-03-31,organic_search,desktop,270,148,44.9,214.0,3.1,191,8,1009.16,2.96
2025-03-31,organic_search,tablet,106,61,41.8,160.0,5.0,53,3,292.34,2.83
2025-03-31,paid_search,mobile,420,272,35.1,228.0,3.1,239,10,1127.27,2.38
2025-03-31,paid_search,desktop,329,210,36.0,183.0,2.1,231,11,1707.25,3.34
2025-03-31,paid_search,tablet,93,61,33.5,95.0,1.6,48,2,432.33,2.15
2025-03-31,paid_social,mobile,321,144,54.9,188.0,4.1,190,4,477.31,1.25
2025-03-31,paid_social,desktop,214,79,62.7,196.0,3.5,126,4,864.94,1.87
2025-03-31,paid_social,tablet,86,35,59.0,144.0,3.4,52,1,191.67,1.16
2025-03-31,direct,mobile,244,172,29.4,133.0,5.0,145,8,1623.15,3.28
2025-03-31,direct,desktop,249,184,25.9,114.0,1.7,175,8,1000.18,3.21
2025-03-31,direct,tablet,52,34,34.0,175.0,1.6,35,2,284.01,3.85
2025-03-31,email,mobile,226,176,22.0,156.0,4.4,143,10,1463.61,4.42
2025-03-31,email,desktop,110,84,23.5,231.0,3.8,78,5,449.7,4.55
2025-03-31,email,tablet,33,25,22.9,88.0,2.6,19,1,94.31,3.03
2025-03-31,referral,mobile,118,51,56.2,114.0,4.4,87,1,192.49,0.85
2025-03-31,referral,desktop,70,33,52.5,195.0,2.0,45,1,194.94,1.43
2025-03-31,referral,tablet,27,13,50.7,199.0,1.4,15,0,0.0,0.0
2025-03-31,organic_social,mobile,85,35,57.7,135.0,4.0,63,1,154.52,1.18
2025-03-31,organic_social,desktop,52,24,52.9,140.0,1.8,28,0,0.0,0.0
2025-03-31,organic_social,tablet,23,9,57.6,190.0,2.9,16,0,0.0,0.0
2025-04-01,organic_search,mobile,493,258,47.6,105.0,4.3,347,12,2462.67,2.43
2025-04-01,organic_search,desktop,394,210,46.5,201.0,4.8,250,9,782.31,2.28
2025-04-01,organic_search,tablet,78,41,47.0,99.0,3.9,58,1,85.72,1.28
2025-04-01,paid_search,mobile,327,186,43.1,75.0,3.1,205,10,2095.36,3.06
2025-04-01,paid_search,desktop,248,141,42.9,101.0,2.6,143,9,1720.79,3.63
2025-04-01,paid_search,tablet,88,55,36.8,82.0,5.1,64,3,393.01,3.41
2025-04-01,paid_social,mobile,389,152,60.9,193.0,2.2,254,8,1604.74,2.06
2025-04-01,paid_social,desktop,278,123,55.4,95.0,3.3,185,5,1045.99,1.8
2025-04-01,paid_social,tablet,61,28,52.8,156.0,3.1,44,1,210.13,1.64
2025-04-01,direct,mobile,401,295,26.2,179.0,1.5,315,15,2367.83,3.74
2025-04-01,direct,desktop,147,105,28.3,190.0,1.6,80,4,730.54,2.72
2025-04-01,direct,tablet,50,34,31.8,157.0,2.9,33,2,248.33,4.0
2025-04-01,email,mobile,222,166,25.1,221.0,5.5,138,8,1625.36,3.6
2025-04-01,email,desktop,94,69,26.1,54.0,5.0,61,4,844.6,4.26
2025-04-01,email,tablet,34,26,22.9,182.0,3.5,19,1,130.92,2.94
2025-04-01,referral,mobile,169,89,47.0,51.0,4.3,130,3,412.01,1.78
2025-04-01,referral,desktop,70,34,51.3,221.0,3.2,41,1,196.18,1.43
2025-04-01,referral,tablet,31,15,50.3,156.0,3.6,17,0,0.0,0.0
2025-04-01,organic_social,mobile,85,34,58.9,89.0,1.8,65,0,0.0,0.0
2025-04-01,organic_social,desktop,48,15,66.8,188.0,2.5,34,0,0.0,0.0
2025-04-01,organic_social,tablet,20,6,68.8,195.0,2.4,15,0,0.0,0.0
2025-04-02,organic_search,mobile,818,467,42.8,70.0,3.0,639,14,1669.48,1.71
2025-04-02,organic_search,desktop,440,245,44.3,132.0,4.3,288,9,1503.01,2.05
2025-04-02,organic_search,tablet,153,78,48.8,50.0,2.7,79,3,297.12,1.96
2025-04-02,paid_search,mobile,533,346,35.1,158.0,5.2,368,17,1736.76,3.19
2025-04-02,paid_search,desktop,363,213,41.3,236.0,4.4,191,8,956.36,2.2
2025-04-02,paid_search,tablet,89,55,37.3,64.0,3.4,52,3,486.2,3.37
2025-04-02,paid_social,mobile,447,229,48.6,183.0,4.0,312,7,1216.1,1.57
2025-04-02,paid_social,desktop,384,183,52.2,74.0,1.8,297,5,462.61,1.3
2025-04-02,paid_social,tablet,72,37,48.3,69.0,2.7,55,1,103.75,1.39
2025-04-02,direct,mobile,296,214,27.4,143.0,1.8,218,12,1372.0,4.05
2025-04-02,direct,desktop,299,219,26.7,218.0,4.5,196,13,2114.93,4.35
2025-04-02,direct,tablet,86,62,27.6,83.0,5.4,66,2,255.78,2.33
2025-04-02,email,mobile,216,164,23.8,201.0,3.5,144,9,1222.4,4.17
2025-04-02,email,desktop,193,151,21.4,207.0,2.4,149,5,524.69,2.59
2025-04-02,email,tablet,37,27,25.6,97.0,3.8,29,1,216.09,2.7
2025-04-02,referral,mobile,138,68,50.2,163.0,3.3,79,2,258.42,1.45
2025-04-02,referral,desktop,137,69,49.5,142.0,4.3,104,2,426.54,1.46
2025-04-02,referral,tablet,36,16,54.3,165.0,4.7,18,0,0.0,0.0
2025-04-02,organic_social,mobile,159,77,51.5,117.0,2.4,88,1,174.81,0.63
2025-04-02,organic_social,desktop,112,43,61.3,82.0,3.2,81,1,86.74,0.89
2025-04-02,organic_social,tablet,32,10,66.0,124.0,2.8,23,0,0.0,0.0
2025-04-03,organic_search,mobile,554,317,42.8,141.0,4.6,403,17,2720.72,3.07
2025-04-03,organic_search,desktop,391,208,46.7,228.0,4.1,304,7,611.92,1.79
2025-04-03,organic_search,tablet,149,83,44.0,95.0,3.7,88,4,760.55,2.68
2025-04-03,paid_search,mobile,462,308,33.2,68.0,4.3,331,15,2024.1,3.25
2025-04-03,paid_search,desktop,294,166,43.2,48.0,5.1,234,10,1927.43,3.4
2025-04-03,paid_search,tablet,100,56,43.5,200.0,3.5,60,3,296.28,3.0
2025-04-03,paid_social,mobile,416,185,55.3,147.0,2.8,286,8,1622.25,1.92
2025-04-03,paid_social,desktop,314,133,57.5,149.0,3.8,241,6,1302.09,1.91
2025-04-03,paid_social,tablet,112,57,49.1,219.0,2.0,70,1,211.99,0.89
2025-04-03,direct,mobile,357,240,32.6,186.0,4.9,254,15,2185.42,4.2
2025-04-03,direct,desktop,208,141,31.9,118.0,1.6,118,5,857.62,2.4
2025-04-03,direct,tablet,73,47,34.4,122.0,5.2,57,2,434.06,2.74
2025-04-03,email,mobile,216,156,27.5,212.0,1.9,159,9,1584.61,4.17
2025-04-03,email,desktop,154,112,26.7,181.0,4.7,118,6,1055.12,3.9
2025-04-03,email,tablet,48,36,24.2,257.0,2.2,30,1,193.94,2.08
2025-04-03,referral,mobile,223,106,52.0,206.0,1.5,141,5,411.3,2.24
2025-04-03,referral,desktop,106,46,56.4,196.0,3.3,81,1,132.27,0.94
2025-04-03,referral,tablet,38,21,43.7,59.0,2.8,29,0,0.0,0.0
2025-04-03,organic_social,mobile,105,51,51.1,144.0,4.8,74,1,154.21,0.95
2025-04-03,organic_social,desktop,104,36,64.9,131.0,2.5,60,1,176.38,0.96
2025-04-03,organic_social,tablet,20,8,57.4,160.0,4.5,13,0,0.0,0.0
2025-04-04,organic_search,mobile,551,338,38.6,158.0,4.7,314,11,2278.48,2.0
2025-04-04,organic_search,desktop,492,255,48.1,190.0,4.9,387,14,2169.61,2.85
2025-04-04,organic_search,tablet,96,51,46.7,222.0,3.2,75,1,209.16,1.04
2025-04-04,paid_search,mobile,637,380,40.2,233.0,2.1,471,21,2875.93,3.3
2025-04-04,paid_search,desktop,322,190,40.9,228.0,3.5,208,8,1058.1,2.48
2025-04-04,paid_search,tablet,115,72,37.1,242.0,4.6,58,3,475.45,2.61
2025-04-04,paid_social,mobile,579,260,55.0,91.0,2.5,300,8,1595.92,1.38
2025-04-04,paid_social,desktop,405,162,59.9,99.0,1.4,315,5,742.68,1.23
2025-04-04,paid_social,tablet,108,39,63.0,61.0,2.8,81,1,177.92,0.93
2025-04-04,direct,mobile,290,203,29.8,100.0,2.1,201,9,1590.66,3.1
2025-04-04,direct,desktop,284,192,32.3,227.0,2.2,177,8,658.28,2.82
2025-04-04,direct,tablet,73,53,27.2,108.0,3.5,43,2,416.0,2.74
2025-04-04,email,mobile,354,272,22.9,131.0,3.7,247,11,1099.63,3.11
2025-04-04,email,desktop,181,130,28.0,107.0,4.2,140,6,1078.36,3.31
2025-04-04,email,tablet,64,46,26.7,252.0,5.1,34,3,525.78,4.69
2025-04-04,referral,mobile,189,98,47.7,73.0,1.4,119,2,290.73,1.06
2025-04-04,referral,desktop,102,44,56.5,195.0,4.0,69,2,427.73,1.96
2025-04-04,referral,tablet,25,13,46.5,106.0,1.7,13,0,0.0,0.0
2025-04-04,organic_social,mobile,113,38,66.0,50.0,1.9,71,1,127.73,0.88
2025-04-04,organic_social,desktop,69,24,64.7,159.0,3.1,54,0,0.0,0.0
2025-04-04,organic_social,tablet,29,11,61.5,190.0,3.3,19,0,0.0,0.0
2025-04-05,organic_search,mobile,718,416,42.0,102.0,3.0,397,21,4215.28,2.92
2025-04-05,organic_search,desktop,368,210,42.8,158.0,5.0,271,11,1844.29,2.99
2025-04-05,organic_search,tablet,88,52,39.9,208.0,4.4,47,1,122.55,1.14
2025-04-05,paid_search,mobile,561,372,33.5,231.0,2.8,434,14,1594.69,2.5
2025-04-05,paid_search,desktop,402,237,40.8,203.0,2.3,319,15,1401.53,3.73
2025-04-05,paid_search,tablet,120,67,43.7,224.0,2.6,83,4,521.45,3.33
2025-04-05,paid_social,mobile,589,276,53.1,62.0,2.6,390,8,1642.27,1.36
2025-04-05,paid_social,desktop,372,144,61.1,184.0,2.9,248,6,961.65,1.61
2025-04-05,paid_social,tablet,63,23,62.4,82.0,3.6,40,1,181.86,1.59
2025-04-05,direct,mobile,316,211,33.0,128.0,2.5,206,13,1155.96,4.11
2025-04-05,direct,desktop,260,178,31.4,197.0,5.3,203,7,777.27,2.69
2025-04-05,direct,tablet,88,65,26.1,114.0,3.0,69,2,353.1,2.27
2025-04-05,email,mobile,206,148,27.7,167.0,2.8,162,6,763.87,2.91
2025-04-05,email,desktop,175,128,26.8,232.0,3.3,132,8,1575.3,4.57
2025-04-05,email,tablet,54,39,26.4,195.0,2.5,34,1,114.31,1.85
2025-04-05,referral,mobile,191,103,46.0,70.0,2.8,116,3,476.78,1.57
2025-04-05,referral,desktop,127,58,53.7,97.0,4.3,81,1,98.56,0.79
2025-04-05,referral,tablet,35,17,48.6,209.0,4.1,20,0,0.0,0.0
2025-04-05,organic_social,mobile,138,50,63.4,65.0,1.6,75,1,153.43,0.72
2025-04-05,organic_social,desktop,100,45,54.4,73.0,4.4,63,1,131.6,1.0
2025-04-05,organic_social,tablet,23,9,56.9,136.0,3.0,14,0,0.0,0.0
2025-04-06,organic_search,mobile,539,272,49.4,127.0,5.0,369,16,3076.94,2.97
2025-04-06,organic_search,desktop,509,263,48.3,84.0,2.4,389,14,2378.29,2.75
2025-04-06,organic_search,tablet,100,59,40.3,154.0,3.7,73,2,261.5,2.0
2025-04-06,paid_search,mobile,409,267,34.7,223.0,3.9,264,13,1496.48,3.18
2025-04-06,paid_search,desktop,245,141,42.1,180.0,5.0,134,7,1080.78,2.86
2025-04-06,paid_search,tablet,74,49,33.7,150.0,4.2,52,2,196.2,2.7
2025-04-06,paid_social,mobile,467,194,58.3,157.0,3.2,263,10,839.17,2.14
2025-04-06,paid_social,desktop,278,109,60.6,203.0,3.7,175,5,410.17,1.8
2025-04-06,paid_social,tablet,101,50,50.1,116.0,4.7,62,1,101.3,0.99
2025-04-06,direct,mobile,360,245,31.8,213.0,2.6,206,15,1712.89,4.17
2025-04-06,direct,desktop,258,190,26.1,194.0,2.6,141,10,2024.08,3.88
2025-04-06,direct,tablet,83,61,26.4,141.0,1.9,42,2,184.87,2.41
2025-04-06,email,mobile,266,198,25.5,69.0,1.9,191,10,1046.61,3.76
2025-04-06,email,desktop,124,89,27.7,233.0,4.1,93,6,1219.59,4.84
2025-04-06,email,tablet,56,42,23.5,59.0,4.7,42,2,332.36,3.57
2025-04-06,referral,mobile,194,97,49.8,84.0,4.2,114,3,541.91,1.55
2025-04-06,referral,desktop,104,47,54.6,214.0,2.5,80,1,200.75,0.96
2025-04-06,referral,tablet,36,19,46.4,169.0,3.2,20,0,0.0,0.0
2025-04-06,organic_social,mobile,156,67,56.6,139.0,1.9,110,1,184.56,0.64
2025-04-06,organic_social,desktop,74,26,64.7,138.0,1.7,51,0,0.0,0.0
2025-04-06,organic_social,tablet,30,9,67.0,135.0,2.1,20,0,0.0,0.0
2025-04-07,organic_search,mobile,642,365,43.1,191.0,1.5,429,13,2799.04,2.02
2025-04-07,organic_search,desktop,275,159,42.1,143.0,1.6,210,5,561.7,1.82
2025-04-07,organic_search,tablet,109,61,43.4,153.0,3.0,60,2,438.31,1.83
2025-04-07,paid_search,mobile,339,198,41.4,229.0,2.1,271,10,2177.6,2.95
2025-04-07,paid_search,desktop,339,198,41.4,67.0,1.5,252,10,1113.8,2.95
2025-04-07,paid_search,tablet,95,55,41.1,170.0,4.0,54,3,414.38,3.16
2025-04-07,paid_social,mobile,424,215,49.2,143.0,4.0,286,6,975.36,1.42
2025-04-07,paid_social,desktop,172,63,62.9,173.0,2.0,134,3,609.78,1.74
2025-04-07,paid_social,tablet,87,45,48.0,99.0,4.4,45,1,218.64,1.15
2025-04-07,direct,mobile,352,240,31.8,59.0,3.2,212,15,2730.31,4.26
2025-04-07,direct,desktop,205,144,29.4,115.0,4.9,122,6,1035.28,2.93
2025-04-07,direct,tablet,56,37,32.9,126.0,3.6,42,2,324.11,3.57
2025-04-07,email,mobile,171,133,22.2,116.0,3.2,90,7,1122.56,4.09
2025-04-07,email,desktop,102,73,27.5,251.0,2.2,60,4,375.9,3.92
2025-04-07,email,tablet,48,37,22.6,144.0,3.9,31,2,362.23,4.17
2025-04-07,referral,mobile,170,96,43.4,128.0,2.1,90,4,863.55,2.35
2025-04-07,referral,desktop,83,46,44.5,124.0,4.8,53,1,171.62,1.2
2025-04-07,referral,tablet,20,11,44.6,179.0,2.6,15,0,0.0,0.0
2025-04-07,organic_social,mobile,79,38,51.6,132.0,1.4,42,1,174.79,1.27
2025-04-07,organic_social,desktop,53,19,62.5,174.0,1.3,36,0,0.0,0.0
2025-04-07,organic_social,tablet,15,5,61.3,90.0,2.5,11,0,0.0,0.0
2025-04-08,organic_search,mobile,623,363,41.7,172.0,3.8,360,16,1520.3,2.57
2025-04-08,organic_search,desktop,312,159,48.8,103.0,4.5,158,6,1125.43,1.92
2025-04-08,organic_search,tablet,80,47,40.6,152.0,2.3,43,2,279.99,2.5
2025-04-08,paid_search,mobile,436,281,35.5,77.0,1.4,248,17,2493.71,3.9
2025-04-08,paid_search,desktop,234,152,34.7,59.0,4.6,146,6,1218.33,2.56
2025-04-08,paid_search,tablet,93,55,39.9,78.0,2.7,73,2,428.66,2.15
2025-04-08,paid_social,mobile,307,131,57.2,156.0,3.6,204,7,1235.14,2.28
2025-04-08,paid_social,desktop,299,132,55.7,135.0,4.6,151,5,917.19,1.67
2025-04-08,paid_social,tablet,63,27,56.9,185.0,2.1,37,0,0.0,0.0
2025-04-08,direct,mobile,342,244,28.6,220.0,3.3,217,14,1607.01,4.09
2025-04-08,direct,desktop,157,103,34.4,56.0,3.3,80,4,434.59,2.55
2025-04-08,direct,tablet,54,35,33.6,103.0,1.5,41,1,86.06,1.85
2025-04-08,email,mobile,174,136,21.7,140.0,5.3,114,9,1333.8,5.17
2025-04-08,email,desktop,114,83,27.2,218.0,5.2,77,4,567.98,3.51
2025-04-08,email,tablet,37,28,21.8,163.0,4.5,25,1,125.72,2.7
2025-04-08,referral,mobile,109,56,48.5,86.0,4.8,77,1,101.16,0.92
2025-04-08,referral,desktop,114,56,50.1,71.0,4.3,63,1,84.82,0.88
2025-04-08,referral,tablet,19,8,55.4,102.0,4.6,13,0,0.0,0.0
2025-04-08,organic_social,mobile,100,33,66.5,197.0,1.9,56,1,193.24,1.0
2025-04-08,organic_social,desktop,67,26,60.6,113.0,3.2,42,0,0.0,0.0
2025-04-08,organic_social,tablet,13,6,53.7,119.0,1.9,9,0,0.0,0.0
2025-04-09,organic_search,mobile,812,478,41.1,211.0,5.1,443,23,2044.84,2.83
2025-04-09,organic_search,desktop,512,309,39.6,151.0,4.4,294,16,2292.64,3.12
2025-04-09,organic_search,tablet,117,71,39.2,213.0,3.5,85,3,575.72,2.56
2025-04-09,paid_search,mobile,434,257,40.8,169.0,2.6,270,9,965.51,2.07
2025-04-09,paid_search,desktop,418,255,38.8,212.0,3.3,318,12,1742.48,2.87
2025-04-09,paid_search,tablet,84,51,38.4,160.0,3.6,55,2,325.56,2.38
2025-04-09,paid_social,mobile,481,183,61.8,77.0,2.4,276,7,985.27,1.46
2025-04-09,paid_social,desktop,347,144,58.4,91.0,4.3,203,5,1088.53,1.44
2025-04-09,paid_social,tablet,85,35,57.7,178.0,3.9,65,1,150.87,1.18
2025-04-09,direct,mobile,345,256,25.6,61.0,2.4,241,15,1795.17,4.35
2025-04-09,direct,desktop,276,200,27.4,55.0,1.4,189,7,995.46,2.54
2025-04-09,direct,tablet,67,49,25.7,106.0,2.4,42,2,421.96,2.99
2025-04-09,email,mobile,216,159,26.0,190.0,5.1,166,10,1072.34,4.63
2025-04-09,email,desktop,180,139,22.4,214.0,5.3,123,8,1462.99,4.44
2025-04-09,email,tablet,48,35,25.0,203.0,1.5,24,1,88.02,2.08
2025-04-09,referral,mobile,173,75,56.5,198.0,3.4,105,3,330.38,1.73
2025-04-09,referral,desktop,138,70,49.1,72.0,3.0,82,3,331.72,2.17
2025-04-09,referral,tablet,37,16,54.3,103.0,4.0,24,0,0.0,0.0
2025-04-09,organic_social,mobile,171,62,63.7,130.0,2.5,94,1,90.93,0.58
2025-04-09,organic_social,desktop,103,43,57.8,158.0,3.7,59,0,0.0,0.0
2025-04-09,organic_social,tablet,22,10,51.9,210.0,4.4,13,0,0.0,0.0
2025-04-10,organic_search,mobile,767,424,44.6,143.0,3.8,434,24,4065.32,3.13
2025-04-10,organic_search,desktop,386,201,47.9,159.0,5.1,300,7,856.54,1.81
2025-04-10,organic_search,tablet,149,81,45.0,132.0,2.2,117,4,633.0,2.68
2025-04-10,paid_search,mobile,582,349,40.0,233.0,4.3,445,14,1964.47,2.41
2025-04-10,paid_search,desktop,328,219,33.1,110.0,3.5,182,9,1193.75,2.74
2025-04-10,paid_search,tablet,126,72,42.6,142.0,2.3,96,3,513.62,2.38
2025-04-10,paid_social,mobile,415,178,57.1,149.0,4.3,250,6,1173.93,1.45
2025-04-10,paid_social,desktop,222,110,50.4,102.0,3.0,129,4,497.45,1.8
2025-04-10,paid_social,tablet,106,50,52.1,95.0,2.3,68,2,286.29,1.89
2025-04-10,direct,mobile,340,242,28.6,60.0,5.0,174,8,1525.14,2.35
2025-04-10,direct,desktop,317,217,31.3,103.0,4.2,207,11,1103.23,3.47
2025-04-10,direct,tablet,75,54,26.7,77.0,5.4,56,2,325.28,2.67
2025-04-10,email,mobile,244,181,25.5,144.0,2.2,146,10,949.28,4.1
2025-04-10,email,desktop,221,164,25.4,262.0,2.1,155,6,1044.72,2.71
2025-04-10,email,tablet,59,42,27.6,58.0,1.6,31,2,414.76,3.39
2025-04-10,referral,mobile,139,77,44.3,109.0,5.0,86,3,616.51,2.16
2025-04-10,referral,desktop,98,46,52.7,215.0,3.5,67,1,82.72,1.02
2025-04-10,referral,tablet,45,20,55.0,82.0,2.6,35,0,0.0,0.0
2025-04-10,organic_social,mobile,169,82,51.4,183.0,1.7,95,2,231.99,1.18
2025-04-10,organic_social,desktop,87,31,63.7,195.0,1.7,62,0,0.0,0.0
2025-04-10,organic_social,tablet,19,8,57.1,198.0,2.8,11,0,0.0,0.0
2025-04-11,organic_search,mobile,889,495,44.2,85.0,3.3,465,25,4098.09,2.81
2025-04-11,organic_search,desktop,492,269,45.3,196.0,4.2,294,9,1686.12,1.83
2025-04-11,organic_search,tablet,141,76,46.0,163.0,4.4,112,3,512.47,2.13
2025-04-11,paid_search,mobile,624,391,37.3,80.0,2.2,497,19,1597.88,3.04
2025-04-11,paid_search,desktop,405,267,33.9,109.0,3.8,275,12,1318.74,2.96
2025-04-11,paid_search,tablet,122,80,34.2,235.0,3.4,73,3,491.51,2.46
2025-04-11,paid_social,mobile,433,215,50.3,99.0,4.1,254,9,1479.7,2.08
2025-04-11,paid_social,desktop,315,166,47.2,205.0,1.9,235,6,1283.5,1.9
2025-04-11,paid_social,tablet,81,30,62.2,182.0,1.6,53,1,92.52,1.23
2025-04-11,direct,mobile,381,257,32.3,63.0,4.8,243,15,2829.89,3.94
2025-04-11,direct,desktop,218,156,28.2,217.0,5.2,125,9,727.55,4.13
2025-04-11,direct,tablet,89,65,26.9,186.0,2.0,58,2,329.28,2.25
2025-04-11,email,mobile,256,200,21.8,100.0,4.5,133,10,1619.19,3.91
2025-04-11,email,desktop,180,137,23.5,195.0,2.0,137,7,1435.6,3.89
2025-04-11,email,tablet,46,35,23.8,246.0,3.3,28,1,108.74,2.17
2025-04-11,referral,mobile,154,70,54.5,72.0,4.1,86,3,605.23,1.95
2025-04-11,referral,desktop,88,44,49.8,154.0,4.5,49,1,97.4,1.14
2025-04-11,referral,tablet,33,16,50.0,184.0,3.9,22,0,0.0,0.0
2025-04-11,organic_social,mobile,138,58,57.7,140.0,4.9,74,1,199.52,0.72
2025-04-11,organic_social,desktop,84,38,54.6,188.0,1.4,66,0,0.0,0.0
2025-04-11,organic_social,tablet,30,9,67.3,67.0,2.6,16,0,0.0,0.0
2025-04-12,organic_search,mobile,837,451,46.1,61.0,4.9,445,16,3249.11,1.91
2025-04-12,organic_search,desktop,494,262,47.0,110.0,2.3,387,14,2226.95,2.83
2025-04-12,organic_search,tablet,120,60,49.6,220.0,3.4,86,3,515.58,2.5
2025-04-12,paid_search,mobile,665,446,32.8,191.0,5.2,484,27,3151.02,4.06
2025-04-12,paid_search,desktop,293,186,36.4,167.0,4.5,222,8,1296.71,2.73
2025-04-12,paid_search,tablet,75,48,35.4,132.0,2.8,49,2,163.74,2.67
2025-04-12,paid_social,mobile,376,174,53.6,179.0,2.8,231,7,1347.74,1.86
2025-04-12,paid_social,desktop,227,117,48.1,49.0,4.7,155,4,771.29,1.76
2025-04-12,paid_social,tablet,106,47,55.0,122.0,4.1,78,1,129.96,0.94
2025-04-12,direct,mobile,472,331,29.8,253.0,2.1,338,18,2184.7,3.81
2025-04-12,direct,desktop,208,149,28.0,77.0,4.2,116,8,1456.61,3.85
2025-04-12,direct,tablet,96,66,30.9,97.0,2.4,64,2,218.37,2.08
2025-04-12,email,mobile,226,170,24.3,173.0,4.0,178,7,1213.56,3.1
2025-04-12,email,desktop,164,126,22.9,225.0,2.1,114,8,705.04,4.88
2025-04-12,email,tablet,49,35,27.5,189.0,2.3,26,2,208.25,4.08
2025-04-12,referral,mobile,144,80,44.2,173.0,4.1,105,3,656.69,2.08
2025-04-12,referral,desktop,151,80,46.5,143.0,2.1,78,3,330.99,1.99
2025-04-12,referral,tablet,26,11,57.1,195.0,2.7,18,0,0.0,0.0
2025-04-12,organic_social,mobile,125,49,60.5,87.0,1.6,81,1,85.93,0.8
2025-04-12,organic_social,desktop,101,31,68.6,61.0,4.7,60,0,0.0,0.0
2025-04-12,organic_social,tablet,21,7,64.2,64.0,4.8,12,0,0.0,0.0
2025-04-13,organic_search,mobile,592,314,46.8,129.0,2.0,382,10,1714.95,1.69
2025-04-13,organic_search,desktop,568,286,49.6,193.0,2.6,408,18,3773.67,3.17
2025-04-13,organic_search,tablet,116,64,44.0,102.0,4.9,82,3,326.18,2.59
2025-04-13,paid_search,mobile,406,269,33.7,208.0,3.1,234,13,2493.73,3.2
2025-04-13,paid_search,desktop,410,233,43.1,162.0,1.6,280,12,1190.62,2.93
2025-04-13,paid_search,tablet,80,49,38.2,209.0,2.8,43,2,285.08,2.5
2025-04-13,paid_social,mobile,484,180,62.6,81.0,3.0,337,10,1235.52,2.07
2025-04-13,paid_social,desktop,395,170,56.9,60.0,4.6,221,8,1419.6,2.03
2025-04-13,paid_social,tablet,82,32,60.6,106.0,3.0,53,1,123.49,1.22
2025-04-13,direct,mobile,474,318,32.9,110.0,2.8,324,21,4044.43,4.43
2025-04-13,direct,desktop,291,214,26.3,158.0,2.1,196,9,975.36,3.09
2025-04-13,direct,tablet,73,51,29.1,133.0,4.0,37,2,276.57,2.74
2025-04-13,email,mobile,263,203,22.7,89.0,3.2,176,7,593.99,2.66
2025-04-13,email,desktop,206,152,25.8,115.0,4.3,119,8,680.73,3.88
2025-04-13,email,tablet,52,38,25.8,76.0,4.4,26,1,160.02,1.92
2025-04-13,referral,mobile,138,61,55.6,148.0,2.6,80,2,205.62,1.45
2025-04-13,referral,desktop,145,72,49.7,75.0,1.8,76,2,424.23,1.38
2025-04-13,referral,tablet,27,14,46.3,187.0,3.5,17,0,0.0,0.0
2025-04-13,organic_social,mobile,131,43,66.7,84.0,1.8,75,1,204.81,0.76
2025-04-13,organic_social,desktop,87,28,67.7,74.0,3.6,55,0,0.0,0.0
2025-04-13,organic_social,tablet,28,9,66.4,115.0,4.6,15,0,0.0,0.0
2025-04-14,organic_search,mobile,638,365,42.8,219.0,3.1,385,18,3879.82,2.82
2025-04-14,organic_search,desktop,350,182,47.8,56.0,3.6,230,8,1590.29,2.29
2025-04-14,organic_search,tablet,67,41,38.4,197.0,5.1,37,1,96.52,1.49
2025-04-14,paid_search,mobile,486,296,39.0,203.0,5.2,339,15,2565.63,3.09
2025-04-14,paid_search,desktop,301,182,39.2,78.0,2.8,209,10,890.69,3.32
2025-04-14,paid_search,tablet,55,33,38.5,178.0,3.4,36,1,187.25,1.82
2025-04-14,paid_social,mobile,467,178,61.7,59.0,2.4,338,9,1143.65,1.93
2025-04-14,paid_social,desktop,251,104,58.4,155.0,2.6,153,3,306.55,1.2
2025-04-14,paid_social,tablet,63,25,59.9,100.0,3.7,49,1,94.85,1.59
2025-04-14,direct,mobile,385,278,27.7,136.0,2.1,267,9,1442.31,2.34
2025-04-14,direct,desktop,156,111,28.7,176.0,5.2,83,6,1054.81,3.85
2025-04-14,direct,tablet,62,45,26.6,57.0,3.5,31,1,150.9,1.61
2025-04-14,email,mobile,218,166,23.6,135.0,3.3,133,6,1135.91,2.75
2025-04-14,email,desktop,98,73,24.7,213.0,1.7,53,4,825.89,4.08
2025-04-14,email,tablet,27,21,22.1,192.0,1.5,20,1,110.76,3.7
2025-04-14,referral,mobile,159,68,57.0,70.0,2.1,92,4,708.04,2.52
2025-04-14,referral,desktop,87,42,51.1,154.0,1.5,65,1,90.59,1.15
2025-04-14,referral,tablet,19,9,48.4,63.0,4.9,11,0,0.0,0.0
2025-04-14,organic_social,mobile,96,42,55.4,62.0,3.0,75,1,81.09,1.04
2025-04-14,organic_social,desktop,47,22,52.1,204.0,3.5,29,0,0.0,0.0
2025-04-14,organic_social,tablet,18,7,58.8,59.0,2.3,14,0,0.0,0.0
2025-04-15,organic_search,mobile,493,283,42.5,167.0,4.2,298,10,812.69,2.03
2025-04-15,organic_search,desktop,401,207,48.3,186.0,3.3,248,10,1785.34,2.49
2025-04-15,organic_search,tablet,72,40,43.7,76.0,4.3,41,1,212.7,1.39
2025-04-15,paid_search,mobile,525,319,39.1,87.0,4.2,362,16,2056.89,3.05
2025-04-15,paid_search,desktop,323,196,39.1,218.0,5.3,227,8,1404.77,2.48
2025-04-15,paid_search,tablet,65,39,38.7,64.0,2.1,42,2,303.35,3.08
2025-04-15,paid_social,mobile,437,219,49.7,170.0,3.1,225,6,1118.28,1.37
2025-04-15,paid_social,desktop,232,91,60.5,177.0,3.2,162,2,188.73,0.86
2025-04-15,paid_social,tablet,77,37,51.7,74.0,2.4,60,1,116.95,1.3
2025-04-15,direct,mobile,232,167,27.7,68.0,2.0,152,7,710.74,3.02
2025-04-15,direct,desktop,208,150,27.4,176.0,1.4,144,7,566.1,3.37
2025-04-15,direct,tablet,55,40,26.5,167.0,4.7,41,1,80.96,1.82
2025-04-15,email,mobile,214,154,27.9,127.0,4.8,132,10,1777.51,4.67
2025-04-15,email,desktop,123,90,26.3,89.0,2.0,72,6,900.02,4.88
2025-04-15,email,tablet,36,27,23.5,139.0,2.3,24,1,155.97,2.78
2025-04-15,referral,mobile,159,72,54.3,46.0,3.1,123,4,449.54,2.52
2025-04-15,referral,desktop,78,36,53.8,210.0,3.0,55,1,134.77,1.28
2025-04-15,referral,tablet,27,12,54.0,140.0,2.4,13,0,0.0,0.0
2025-04-15,organic_social,mobile,73,31,57.4,137.0,4.9,45,0,0.0,0.0
2025-04-15,organic_social,desktop,67,30,55.0,189.0,4.9,48,0,0.0,0.0
2025-04-15,organic_social,tablet,13,5,58.9,169.0,3.9,8,0,0.0,0.0
2025-04-16,organic_search,mobile,747,390,47.7,52.0,4.9,546,19,3767.24,2.54
2025-04-16,organic_search,desktop,445,223,49.9,196.0,2.0,285,13,1803.29,2.92
2025-04-16,organic_search,tablet,104,62,39.9,179.0,2.8,68,3,394.12,2.88
2025-04-16,paid_search,mobile,499,295,40.8,212.0,2.7,363,18,2524.94,3.61
2025-04-16,paid_search,desktop,381,238,37.5,213.0,4.3,251,15,2401.73,3.94
2025-04-16,paid_search,tablet,89,50,43.1,142.0,4.2,53,2,410.46,2.25
2025-04-16,paid_social,mobile,460,230,49.9,115.0,2.6,342,10,860.62,2.17
2025-04-16,paid_social,desktop,315,158,49.5,48.0,3.4,191,5,565.21,1.59
2025-04-16,paid_social,tablet,75,37,49.6,182.0,1.3,53,1,201.75,1.33
2025-04-16,direct,mobile,306,212,30.4,128.0,5.2,155,12,1721.53,3.92
2025-04-16,direct,desktop,200,133,33.3,158.0,2.0,153,8,1057.46,4.0
2025-04-16,direct,tablet,73,50,30.6,192.0,2.6,56,1,166.08,1.37
2025-04-16,email,mobile,226,162,28.0,196.0,3.1,135,10,1963.19,4.42
2025-04-16,email,desktop,199,152,23.5,213.0,4.7,116,6,687.49,3.02
2025-04-16,email,tablet,44,32,25.4,111.0,1.9,24,1,164.86,2.27
2025-04-16,referral,mobile,163,89,45.0,80.0,2.9,94,4,688.69,2.45
2025-04-16,referral,desktop,136,60,55.5,112.0,2.9,69,2,280.07,1.47
2025-04-16,referral,tablet,36,15,56.8,82.0,3.5,27,0,0.0,0.0
2025-04-16,organic_social,mobile,101,33,66.8,53.0,2.5,52,0,0.0,0.0
2025-04-16,organic_social,desktop,64,21,66.6,185.0,4.6,48,0,0.0,0.0
2025-04-16,organic_social,tablet,31,14,51.9,74.0,1.6,22,0,0.0,0.0
2025-04-17,organic_search,mobile,517,298,42.2,73.0,3.4,311,13,1946.39,2.51
2025-04-17,organic_search,desktop,460,250,45.5,47.0,2.0,356,14,2812.49,3.04
2025-04-17,organic_search,tablet,127,65,48.5,70.0,4.1,96,3,570.02,2.36
2025-04-17,paid_search,mobile,472,299,36.5,227.0,3.5,329,15,3023.31,3.18
2025-04-17,paid_search,desktop,428,278,34.9,165.0,5.1,279,16,1866.55,3.74
2025-04-17,paid_search,tablet,75,43,42.5,49.0,2.3,40,2,179.92,2.67
2025-04-17,paid_social,mobile,533,231,56.6,87.0,1.4,268,11,1670.58,2.06
2025-04-17,paid_social,desktop,395,200,49.1,213.0,2.1,224,7,1338.89,1.77
2025-04-17,paid_social,tablet,72,36,49.4,173.0,2.5,49,1,169.03,1.39
2025-04-17,direct,mobile,289,192,33.5,99.0,5.3,214,12,1874.06,4.15
2025-04-17,direct,desktop,186,130,29.7,51.0,4.2,107,4,394.05,2.15
2025-04-17,direct,tablet,66,48,25.9,190.0,3.0,34,1,190.98,1.52
2025-04-17,email,mobile,320,229,28.2,186.0,1.7,175,13,1292.88,4.06
2025-04-17,email,desktop,171,131,23.1,112.0,5.4,104,9,1739.18,5.26
2025-04-17,email,tablet,52,38,25.5,245.0,2.5,36,2,228.22,3.85
2025-04-17,referral,mobile,223,98,55.7,58.0,4.2,162,4,718.54,1.79
2025-04-17,referral,desktop,115,60,47.2,163.0,4.8,80,2,185.36,1.74
2025-04-17,referral,tablet,36,15,57.4,163.0,3.2,28,0,0.0,0.0
2025-04-17,organic_social,mobile,170,54,68.0,139.0,2.3,118,1,126.79,0.59
2025-04-17,organic_social,desktop,98,37,62.2,170.0,3.8,72,1,177.55,1.02
2025-04-17,organic_social,tablet,31,14,52.8,144.0,4.8,21,0,0.0,0.0
2025-04-18,organic_search,mobile,515,283,45.0,204.0,4.4,397,15,2065.4,2.91
2025-04-18,organic_search,desktop,375,206,45.0,50.0,2.2,297,8,1238.38,2.13
2025-04-18,organic_search,tablet,132,78,40.6,163.0,3.3,92,3,533.15,2.27
2025-04-18,paid_search,mobile,440,275,37.3,226.0,3.1,237,16,2577.98,3.64
2025-04-18,paid_search,desktop,255,158,37.7,164.0,2.3,144,7,811.38,2.75
2025-04-18,paid_search,tablet,107,60,43.1,145.0,1.8,62,2,211.19,1.87
2025-04-18,paid_social,mobile,640,251,60.6,86.0,3.3,456,12,1003.72,1.88
2025-04-18,paid_social,desktop,346,173,49.8,212.0,3.4,213,6,646.75,1.73
2025-04-18,paid_social,tablet,112,42,61.7,94.0,2.4,74,2,352.3,1.79
2025-04-18,direct,mobile,498,344,30.9,216.0,4.6,304,17,2940.66,3.41
2025-04-18,direct,desktop,331,246,25.6,198.0,4.3,181,11,2277.59,3.32
2025-04-18,direct,tablet,78,51,34.2,127.0,2.8,53,2,251.61,2.56
2025-04-18,email,mobile,231,173,25.0,103.0,3.7,166,9,1532.05,3.9
2025-04-18,email,desktop,195,141,27.5,246.0,1.4,134,10,1995.56,5.13
2025-04-18,email,tablet,43,31,27.3,175.0,4.9,29,2,173.38,4.65
2025-04-18,referral,mobile,183,103,43.7,159.0,4.9,114,4,361.8,2.19
2025-04-18,referral,desktop,142,64,54.5,77.0,2.3,108,2,416.18,1.41
2025-04-18,referral,tablet,38,19,48.1,222.0,1.7,28,0,0.0,0.0
2025-04-18,organic_social,mobile,123,45,62.8,50.0,1.8,82,1,125.58,0.81
2025-04-18,organic_social,desktop,111,35,67.7,77.0,4.5,80,1,202.53,0.9
2025-04-18,organic_social,tablet,31,12,59.0,126.0,4.8,17,0,0.0,0.0
2025-04-19,organic_search,mobile,888,450,49.2,92.0,4.5,637,23,2083.39,2.59
2025-04-19,organic_search,desktop,558,314,43.6,228.0,2.4,361,17,3411.15,3.05
2025-04-19,organic_search,tablet,93,50,46.2,77.0,3.8,57,2,226.64,2.15
2025-04-19,paid_search,mobile,525,327,37.7,161.0,1.6,280,16,1717.98,3.05
2025-04-19,paid_search,desktop,394,233,40.6,58.0,3.0,257,10,1058.57,2.54
2025-04-19,paid_search,tablet,123,83,32.3,229.0,2.2,63,3,416.1,2.44
2025-04-19,paid_social,mobile,459,198,56.9,86.0,2.5,245,10,1176.63,2.18
2025-04-19,paid_social,desktop,405,179,55.7,193.0,3.8,269,6,783.86,1.48
2025-04-19,paid_social,tablet,102,41,59.2,206.0,1.9,65,1,102.22,0.98
2025-04-19,direct,mobile,531,375,29.3,121.0,3.1,318,18,3451.88,3.39
2025-04-19,direct,desktop,229,160,29.7,147.0,2.7,177,9,1812.78,3.93
2025-04-19,direct,tablet,67,45,32.5,86.0,3.7,50,2,173.94,2.99
2025-04-19,email,mobile,290,212,26.8,168.0,1.7,225,13,1939.75,4.48
2025-04-19,email,desktop,193,149,22.4,110.0,2.7,136,6,483.91,3.11
2025-04-19,email,tablet,49,35,27.6,233.0,3.1,28,1,178.98,2.04
2025-04-19,referral,mobile,186,84,54.3,136.0,3.7,93,4,356.73,2.15
2025-04-19,referral,desktop,99,55,43.4,138.0,3.9,74,1,108.76,1.01
2025-04-19,referral,tablet,30,17,43.3,212.0,1.7,15,0,0.0,0.0
2025-04-19,organic_social,mobile,162,60,62.5,169.0,2.3,99,2,309.3,1.23
2025-04-19,organic_social,desktop,65,25,61.2,196.0,3.9,37,0,0.0,0.0
2025-04-19,organic_social,tablet,27,11,57.6,46.0,4.2,20,0,0.0,0.0
2025-04-20,organic_search,mobile,680,372,45.3,107.0,1.9,427,18,3206.29,2.65
2025-04-20,organic_search,desktop,489,248,49.1,55.0,4.4,342,9,1461.28,1.84
2025-04-20,organic_search,tablet,139,71,48.5,188.0,4.3,75,3,365.54,2.16
2025-04-20,paid_search,mobile,682,444,34.8,241.0,2.6,539,19,2094.34,2.79
2025-04-20,paid_search,desktop,378,248,34.3,161.0,1.9,221,12,2442.2,3.17
2025-04-20,paid_search,tablet,83,55,33.7,126.0,3.1,49,2,345.1,2.41
2025-04-20,paid_social,mobile,641,279,56.4,72.0,4.4,467,13,1843.22,2.03
2025-04-20,paid_social,desktop,282,121,56.8,183.0,4.8,170,3,251.06,1.06
2025-04-20,paid_social,tablet,95,39,58.6,146.0,3.7,50,1,147.35,1.05
2025-04-20,direct,mobile,448,313,30.1,181.0,2.0,332,14,1633.0,3.12
2025-04-20,direct,desktop,210,141,32.4,143.0,1.6,147,8,1692.41,3.81
2025-04-20,direct,tablet,65,47,26.3,158.0,4.6,36,2,199.13,3.08
2025-04-20,email,mobile,340,259,23.7,189.0,3.5,269,13,1279.32,3.82
2025-04-20,email,desktop,195,142,26.9,168.0,3.0,143,6,1078.73,3.08
2025-04-20,email,tablet,64,49,22.0,121.0,2.9,47,3,626.18,4.69
2025-04-20,referral,mobile,244,105,56.6,144.0,2.8,183,3,606.0,1.23
2025-04-20,referral,desktop,144,71,50.1,102.0,3.9,110,2,292.29,1.39
2025-04-20,referral,tablet,29,13,54.9,51.0,3.1,19,0,0.0,0.0
2025-04-20,organic_social,mobile,96,35,62.7,58.0,3.8,54,1,219.64,1.04
2025-04-20,organic_social,desktop,72,35,51.3,76.0,1.3,51,0,0.0,0.0
2025-04-20,organic_social,tablet,25,10,58.1,123.0,4.9,16,0,0.0,0.0
2025-04-21,organic_search,mobile,366,215,41.1,176.0,3.6,238,8,1150.64,2.19
2025-04-21,organic_search,desktop,394,232,40.9,136.0,3.5,295,7,1381.44,1.78
2025-04-21,organic_search,tablet,118,64,45.7,52.0,5.0,87,3,468.81,2.54
2025-04-21,paid_search,mobile,475,297,37.3,189.0,1.7,268,19,2822.99,4.0
2025-04-21,paid_search,desktop,250,152,38.9,198.0,4.9,186,9,1023.5,3.6
2025-04-21,paid_search,tablet,80,46,41.5,202.0,3.0,52,3,473.14,3.75
2025-04-21,paid_social,mobile,271,104,61.3,94.0,1.6,210,3,356.0,1.11
2025-04-21,paid_social,desktop,302,117,61.0,72.0,4.1,176,4,350.93,1.32
2025-04-21,paid_social,tablet,83,32,60.5,116.0,2.0,56,1,177.08,1.2
2025-04-21,direct,mobile,371,245,33.8,170.0,2.7,220,9,1247.61,2.43
2025-04-21,direct,desktop,228,153,32.5,150.0,4.6,114,9,1852.14,3.95
2025-04-21,direct,tablet,72,47,33.8,158.0,2.0,37,3,486.86,4.17
2025-04-21,email,mobile,176,136,22.4,136.0,1.5,116,7,885.9,3.98
2025-04-21,email,desktop,143,109,23.8,80.0,4.8,94,4,714.09,2.8
2025-04-21,email,tablet,31,22,28.0,179.0,1.5,21,1,164.17,3.23
2025-04-21,referral,mobile,161,70,56.2,190.0,2.6,121,3,443.46,1.86
2025-04-21,referral,desktop,110,53,51.6,206.0,3.7,82,1,162.77,0.91
2025-04-21,referral,tablet,23,12,46.9,125.0,4.6,12,0,0.0,0.0
2025-04-21,organic_social,mobile,106,44,58.3,116.0,3.6,76,1,190.37,0.94
2025-04-21,organic_social,desktop,48,17,63.1,117.0,4.8,37,0,0.0,0.0
2025-04-21,organic_social,tablet,23,11,51.6,133.0,2.5,16,0,0.0,0.0
2025-04-22,organic_search,mobile,394,208,47.0,207.0,2.6,253,10,1575.17,2.54
2025-04-22,organic_search,desktop,379,197,47.9,99.0,4.1,190,9,1062.89,2.37
2025-04-22,organic_search,tablet,102,59,41.6,119.0,4.3,74,2,212.34,1.96
2025-04-22,paid_search,mobile,340,215,36.6,195.0,1.4,181,10,1622.3,2.94
2025-04-22,paid_search,desktop,208,136,34.5,82.0,1.6,133,4,835.46,1.92
2025-04-22,paid_search,tablet,94,53,43.3,48.0,2.6,50,3,314.91,3.19
2025-04-22,paid_social,mobile,428,159,62.7,190.0,3.9,325,5,677.85,1.17
2025-04-22,paid_social,desktop,296,137,53.6,155.0,2.5,221,5,896.53,1.69
2025-04-22,paid_social,tablet,78,35,54.1,191.0,2.3,50,1,81.51,1.28
2025-04-22,direct,mobile,292,199,31.6,226.0,2.1,148,9,946.47,3.08
2025-04-22,direct,desktop,160,112,29.6,91.0,4.5,84,5,957.42,3.12
2025-04-22,direct,tablet,55,36,33.3,176.0,4.4,35,1,214.86,1.82
2025-04-22,email,mobile,197,153,21.9,185.0,5.5,149,6,960.23,3.05
2025-04-22,email,desktop,158,121,23.4,176.0,1.7,100,6,565.79,3.8
2025-04-22,email,tablet,38,29,23.0,85.0,5.5,25,1,174.48,2.63
2025-04-22,referral,mobile,103,53,47.8,73.0,4.6,70,2,412.65,1.94
2025-04-22,referral,desktop,65,29,53.9,111.0,3.5,46,1,135.46,1.54
2025-04-22,referral,tablet,28,15,46.1,226.0,3.1,14,0,0.0,0.0
2025-04-22,organic_social,mobile,107,41,61.4,207.0,2.7,61,0,0.0,0.0
2025-04-22,organic_social,desktop,67,32,51.2,188.0,2.2,43,0,0.0,0.0
2025-04-22,organic_social,tablet,15,5,60.8,114.0,3.6,11,0,0.0,0.0
2025-04-23,organic_search,mobile,613,334,45.4,228.0,4.2,373,18,1863.17,2.94
2025-04-23,organic_search,desktop,404,238,41.0,48.0,1.4,321,8,1297.48,1.98
2025-04-23,organic_search,tablet,105,53,49.4,177.0,1.5,76,2,284.87,1.9
2025-04-23,paid_search,mobile,667,430,35.5,218.0,4.6,418,18,1699.6,2.7
2025-04-23,paid_search,desktop,324,203,37.2,77.0,1.4,236,9,1261.32,2.78
2025-04-23,paid_search,tablet,90,55,37.9,63.0,2.8,57,2,266.86,2.22
2025-04-23,paid_social,mobile,593,284,52.1,111.0,4.7,467,8,1490.3,1.35
2025-04-23,paid_social,desktop,385,190,50.5,125.0,2.4,226,5,955.89,1.3
2025-04-23,paid_social,tablet,94,36,61.5,166.0,4.0,72,1,166.84,1.06
2025-04-23,direct,mobile,328,215,34.4,151.0,2.4,186,10,1194.19,3.05
2025-04-23,direct,desktop,336,247,26.4,252.0,5.1,233,15,2507.2,4.46
2025-04-23,direct,tablet,79,51,34.4,247.0,2.7,41,2,210.05,2.53
2025-04-23,email,mobile,310,233,24.6,64.0,4.3,201,12,2021.1,3.87
2025-04-23,email,desktop,173,124,28.0,171.0,4.7,107,8,1235.38,4.62
2025-04-23,email,tablet,55,41,25.3,56.0,3.1,42,2,435.72,3.64
2025-04-23,referral,mobile,241,111,53.7,88.0,3.1,159,5,883.59,2.07
2025-04-23,referral,desktop,90,40,55.5,111.0,2.8,51,1,205.85,1.11
2025-04-23,referral,tablet,38,18,50.7,161.0,4.0,22,0,0.0,0.0
2025-04-23,organic_social,mobile,168,70,57.9,115.0,1.9,113,2,332.44,1.19
2025-04-23,organic_social,desktop,80,33,57.8,167.0,2.8,42,0,0.0,0.0
2025-04-23,organic_social,tablet,29,10,63.0,190.0,2.2,17,0,0.0,0.0
2025-04-24,organic_search,mobile,702,338,51.7,45.0,2.2,423,14,2763.47,1.99
2025-04-24,organic_search,desktop,476,286,39.8,175.0,1.8,294,9,904.41,1.89
2025-04-24,organic_search,tablet,99,56,43.4,163.0,2.3,71,2,237.76,2.02
2025-04-24,paid_search,mobile,641,411,35.8,146.0,2.9,386,14,1373.01,2.18
2025-04-24,paid_search,desktop,366,241,34.1,245.0,1.5,184,11,1193.21,3.01
2025-04-24,paid_search,tablet,103,68,33.0,137.0,4.8,74,3,584.23,2.91
2025-04-24,paid_social,mobile,386,150,60.9,171.0,4.5,279,8,1001.44,2.07
2025-04-24,paid_social,desktop,238,123,48.3,163.0,4.8,119,5,778.95,2.1
2025-04-24,paid_social,tablet,86,37,56.1,190.0,1.5,63,1,167.42,1.16
2025-04-24,direct,mobile,530,350,33.8,204.0,4.7,328,18,3608.36,3.4
2025-04-24,direct,desktop,258,186,27.7,116.0,3.5,203,6,981.67,2.33
2025-04-24,direct,tablet,55,36,33.4,119.0,1.8,39,1,171.5,1.82
2025-04-24,email,mobile,307,227,26.1,143.0,3.7,186,16,1333.04,5.21
2025-04-24,email,desktop,192,138,28.0,204.0,1.8,132,9,1437.41,4.69
2025-04-24,email,tablet,47,35,23.6,140.0,4.3,31,1,192.66,2.13
2025-04-24,referral,mobile,240,121,49.2,129.0,3.2,144,5,989.38,2.08
2025-04-24,referral,desktop,122,65,46.2,94.0,4.8,80,2,229.98,1.64
2025-04-24,referral,tablet,26,13,47.7,123.0,3.2,14,0,0.0,0.0
2025-04-24,organic_social,mobile,131,59,54.9,164.0,3.6,88,1,154.53,0.76
2025-04-24,organic_social,desktop,92,36,60.2,193.0,3.4,71,1,132.57,1.09
2025-04-24,organic_social,tablet,23,9,58.1,131.0,3.9,14,0,0.0,0.0
2025-04-25,organic_search,mobile,794,467,41.1,65.0,4.6,610,25,3612.99,3.15
2025-04-25,organic_search,desktop,497,264,46.8,192.0,3.1,356,15,2506.32,3.02
2025-04-25,organic_search,tablet,162,91,43.4,166.0,2.6,123,4,403.38,2.47
2025-04-25,paid_search,mobile,503,315,37.4,159.0,4.8,299,20,2203.04,3.98
2025-04-25,paid_search,desktop,248,142,42.5,99.0,4.4,171,8,898.08,3.23
2025-04-25,paid_search,tablet,113,69,38.9,123.0,4.9,73,4,779.8,3.54
2025-04-25,paid_social,mobile,394,195,50.4,92.0,3.6,289,8,1062.62,2.03
2025-04-25,paid_social,desktop,241,110,54.2,46.0,3.7,163,5,1032.54,2.07
2025-04-25,paid_social,tablet,90,45,49.4,88.0,4.5,53,1,134.99,1.11
2025-04-25,direct,mobile,337,241,28.3,89.0,4.3,184,9,1699.36,2.67
2025-04-25,direct,desktop,219,156,28.6,69.0,2.8,132,9,1871.41,4.11
2025-04-25,direct,tablet,62,43,29.4,189.0,2.4,42,2,187.82,3.23
2025-04-25,email,mobile,305,223,26.7,210.0,3.4,156,15,3089.2,4.92
2025-04-25,email,desktop,220,163,25.8,195.0,5.5,131,9,1021.75,4.09
2025-04-25,email,tablet,58,44,23.4,162.0,3.3,29,2,219.72,3.45
2025-04-25,referral,mobile,178,100,43.4,102.0,3.3,95,3,651.67,1.69
2025-04-25,referral,desktop,97,50,47.8,129.0,1.4,56,1,178.2,1.03
2025-04-25,referral,tablet,25,10,56.3,95.0,3.6,15,0,0.0,0.0
2025-04-25,organic_social,mobile,101,34,66.1,149.0,2.2,66,1,135.49,0.99
2025-04-25,organic_social,desktop,107,50,52.9,212.0,3.2,62,1,190.4,0.93
2025-04-25,organic_social,tablet,22,8,62.5,161.0,3.3,11,0,0.0,0.0
2025-04-26,organic_search,mobile,686,375,45.3,126.0,4.7,348,19,1548.34,2.77
2025-04-26,organic_search,desktop,482,283,41.3,117.0,3.5,253,11,2241.53,2.28
2025-04-26,organic_search,tablet,111,66,40.2,99.0,5.3,60,2,288.74,1.8
2025-04-26,paid_search,mobile,657,442,32.7,216.0,4.4,441,25,3669.48,3.81
2025-04-26,paid_search,desktop,323,194,39.9,128.0,1.9,248,12,1805.55,3.72
2025-04-26,paid_search,tablet,86,57,33.7,185.0,1.8,56,2,370.22,2.33
2025-04-26,paid_social,mobile,391,183,53.1,49.0,2.0,242,8,895.18,2.05
2025-04-26,paid_social,desktop,266,109,58.7,88.0,3.3,193,5,568.35,1.88
2025-04-26,paid_social,tablet,114,55,51.7,52.0,4.3,73,2,210.89,1.75
2025-04-26,direct,mobile,307,226,26.1,206.0,4.1,245,7,860.2,2.28
2025-04-26,direct,desktop,277,203,26.5,130.0,2.4,156,12,2124.19,4.33
2025-04-26,direct,tablet,95,67,29.3,249.0,1.4,75,3,591.46,3.16
2025-04-26,email,mobile,204,147,27.5,166.0,4.1,123,10,1585.56,4.9
2025-04-26,email,desktop,139,108,21.7,202.0,2.8,103,7,1096.38,5.04
2025-04-26,email,tablet,45,35,21.5,241.0,5.3,29,1,199.05,2.22
2025-04-26,referral,mobile,245,122,50.0,201.0,4.3,154,3,450.86,1.22
2025-04-26,referral,desktop,101,49,51.2,192.0,1.8,78,2,209.7,1.98
2025-04-26,referral,tablet,39,21,44.1,142.0,3.1,20,0,0.0,0.0
2025-04-26,organic_social,mobile,103,37,63.4,123.0,2.4,70,1,201.38,0.97
2025-04-26,organic_social,desktop,93,44,51.6,46.0,4.9,73,1,169.96,1.08
2025-04-26,organic_social,tablet,31,10,67.0,162.0,3.5,24,0,0.0,0.0
2025-04-27,organic_search,mobile,638,313,50.8,160.0,4.1,404,16,2577.63,2.51
2025-04-27,organic_search,desktop,563,340,39.4,223.0,2.8,421,17,2924.67,3.02
2025-04-27,organic_search,tablet,133,67,49.5,212.0,3.1,82,2,416.84,1.5
2025-04-27,paid_search,mobile,574,375,34.6,122.0,4.3,394,18,3699.99,3.14
2025-04-27,paid_search,desktop,299,184,38.4,184.0,4.4,153,11,1734.58,3.68
2025-04-27,paid_search,tablet,73,48,33.6,137.0,2.1,48,1,193.6,1.37
2025-04-27,paid_social,mobile,573,291,49.1,162.0,1.8,420,9,964.91,1.57
2025-04-27,paid_social,desktop,259,135,47.7,138.0,1.7,166,5,633.25,1.93
2025-04-27,paid_social,tablet,75,29,60.6,172.0,2.3,47,1,172.86,1.33
2025-04-27,direct,mobile,310,229,26.1,177.0,3.1,244,9,1756.66,2.9
2025-04-27,direct,desktop,253,177,29.7,103.0,3.2,169,11,1082.3,4.35
2025-04-27,direct,tablet,59,42,28.5,223.0,2.4,37,1,198.99,1.69
2025-04-27,email,mobile,300,235,21.6,102.0,3.1,231,15,2273.15,5.0
2025-04-27,email,desktop,125,97,22.3,101.0,4.8,82,4,353.66,3.2
2025-04-27,email,tablet,53,41,22.4,98.0,5.2,37,1,208.45,1.89
2025-04-27,referral,mobile,192,105,45.1,76.0,1.3,138,4,816.38,2.08
2025-04-27,referral,desktop,129,64,50.0,112.0,1.6,94,2,299.33,1.55
2025-04-27,referral,tablet,34,15,54.9,182.0,4.9,24,0,0.0,0.0
2025-04-27,organic_social,mobile,116,38,67.1,131.0,3.8,62,1,142.9,0.86
2025-04-27,organic_social,desktop,109,34,68.8,106.0,1.3,85,1,180.11,0.92
2025-04-27,organic_social,tablet,19,9,52.3,166.0,4.8,11,0,0.0,0.0
2025-04-28,organic_search,mobile,382,224,41.2,151.0,1.9,296,12,1741.85,3.14
2025-04-28,organic_search,desktop,331,180,45.4,84.0,5.0,182,8,1499.46,2.42
2025-04-28,organic_search,tablet,76,46,38.4,84.0,2.2,60,1,140.04,1.32
2025-04-28,paid_search,mobile,518,331,36.0,223.0,1.7,349,15,1813.41,2.9
2025-04-28,paid_search,desktop,213,125,40.9,66.0,4.3,111,7,940.09,3.29
2025-04-28,paid_search,tablet,64,41,35.2,105.0,3.1,40,2,303.85,3.12
2025-04-28,paid_social,mobile,387,148,61.6,45.0,3.8,267,5,790.39,1.29
2025-04-28,paid_social,desktop,263,119,54.6,48.0,2.7,197,3,428.19,1.14
2025-04-28,paid_social,tablet,60,26,56.5,133.0,1.4,46,0,0.0,0.0
2025-04-28,direct,mobile,360,235,34.5,204.0,3.5,203,16,2912.93,4.44
2025-04-28,direct,desktop,233,167,27.9,168.0,4.1,136,8,1458.58,3.43
2025-04-28,direct,tablet,65,42,34.0,173.0,2.7,40,2,193.87,3.08
2025-04-28,email,mobile,163,120,25.9,260.0,2.3,126,8,1498.41,4.91
2025-04-28,email,desktop,149,109,26.6,131.0,5.3,81,6,932.23,4.03
2025-04-28,email,tablet,30,23,21.4,93.0,1.5,17,1,205.16,3.33
2025-04-28,referral,mobile,177,101,42.7,225.0,1.8,136,2,167.0,1.13
2025-04-28,referral,desktop,90,46,48.4,108.0,4.4,58,1,138.61,1.11
2025-04-28,referral,tablet,33,16,50.3,117.0,4.3,18,0,0.0,0.0
2025-04-28,organic_social,mobile,84,31,62.1,126.0,1.7,51,1,170.14,1.19
2025-04-28,organic_social,desktop,69,31,55.1,60.0,2.5,40,0,0.0,0.0
2025-04-28,organic_social,tablet,22,8,59.7,87.0,3.3,14,0,0.0,0.0
2025-04-29,organic_search,mobile,661,385,41.7,157.0,2.2,398,13,1510.33,1.97
2025-04-29,organic_search,desktop,359,216,39.8,141.0,2.8,205,11,1699.82,3.06
2025-04-29,organic_search,tablet,92,50,44.8,199.0,3.0,55,1,198.63,1.09
2025-04-29,paid_search,mobile,412,268,34.8,53.0,1.5,209,9,1166.42,2.18
2025-04-29,paid_search,desktop,322,212,33.9,155.0,1.8,248,8,1189.1,2.48
2025-04-29,paid_search,tablet,62,35,43.0,230.0,3.2,47,1,80.36,1.61
2025-04-29,paid_social,mobile,423,212,49.7,137.0,2.2,257,9,784.36,2.13
2025-04-29,paid_social,desktop,272,114,58.0,49.0,3.8,213,4,345.71,1.47
2025-04-29,paid_social,tablet,81,41,48.8,165.0,3.6,62,1,165.47,1.23
2025-04-29,direct,mobile,259,188,27.1,200.0,2.8,178,11,1992.11,4.25
2025-04-29,direct,desktop,223,154,30.9,250.0,3.4,112,8,1300.86,3.59
2025-04-29,direct,tablet,44,28,34.2,81.0,1.5,24,1,96.87,2.27
2025-04-29,email,mobile,266,202,23.7,196.0,5.4,191,9,1561.2,3.38
2025-04-29,email,desktop,100,71,28.6,105.0,5.3,55,4,465.16,4.0
2025-04-29,email,tablet,31,23,23.9,119.0,2.5,16,1,140.16,3.23
2025-04-29,referral,mobile,148,79,46.6,144.0,4.0,115,2,162.18,1.35
2025-04-29,referral,desktop,75,32,56.3,198.0,4.8,44,1,192.33,1.33
2025-04-29,referral,tablet,22,11,49.1,171.0,1.7,15,0,0.0,0.0
2025-04-29,organic_social,mobile,82,29,63.8,154.0,1.5,45,1,187.93,1.22
2025-04-29,organic_social,desktop,59,18,67.8,56.0,3.6,43,0,0.0,0.0
2025-04-29,organic_social,tablet,19,6,64.8,181.0,2.4,11,0,0.0,0.0
2025-04-30,organic_search,mobile,703,421,40.0,97.0,3.6,421,17,2131.4,2.42
2025-04-30,organic_search,desktop,530,297,43.8,111.0,1.8,404,12,2609.66,2.26
2025-04-30,organic_search,tablet,156,91,41.3,56.0,3.5,117,4,596.95,2.56
2025-04-30,paid_search,mobile,515,316,38.6,69.0,1.7,401,12,2374.89,2.33
2025-04-30,paid_search,desktop,428,261,38.9,226.0,3.8,239,10,1564.38,2.34
2025-04-30,paid_search,tablet,124,71,42.2,58.0,3.1,68,4,797.26,3.23
2025-04-30,paid_social,mobile,595,221,62.8,125.0,4.5,426,13,1956.09,2.18
2025-04-30,paid_social,desktop,234,119,48.9,79.0,4.1,178,5,656.12,2.14
2025-04-30,paid_social,tablet,74,36,50.9,207.0,1.4,39,1,81.84,1.35
2025-04-30,direct,mobile,502,362,27.7,164.0,2.8,358,14,2774.49,2.79
2025-04-30,direct,desktop,311,207,33.3,186.0,1.8,212,8,1292.45,2.57
2025-04-30,direct,tablet,53,37,28.6,91.0,4.6,28,1,158.57,1.89
2025-04-30,email,mobile,317,247,22.0,88.0,4.6,249,12,2133.54,3.79
2025-04-30,email,desktop,161,126,21.3,196.0,4.4,118,6,1238.05,3.73
2025-04-30,email,tablet,62,48,22.2,219.0,2.4,47,2,409.12,3.23
2025-04-30,referral,mobile,168,86,48.7,62.0,5.1,100,2,407.86,1.19
2025-04-30,referral,desktop,137,76,44.4,211.0,3.0,99,2,171.24,1.46
2025-04-30,referral,tablet,43,24,43.5,60.0,3.7,22,0,0.0,0.0
2025-04-30,organic_social,mobile,136,61,54.5,141.0,1.3,88,1,153.22,0.74
2025-04-30,organic_social,desktop,96,35,63.2,143.0,3.0,53,1,205.34,1.04
2025-04-30,organic_social,tablet,19,7,62.0,58.0,2.8,9,0,0.0,0.0
2025-05-01,organic_search,mobile,709,433,38.9,71.0,1.9,557,22,4439.39,3.1
2025-05-01,organic_search,desktop,519,254,51.0,155.0,5.0,279,11,1050.87,2.12
2025-05-01,organic_search,tablet,148,84,43.1,139.0,1.3,95,2,288.53,1.35
2025-05-01,paid_search,mobile,598,352,41.0,80.0,3.9,398,14,2838.01,2.34
2025-05-01,paid_search,desktop,429,288,32.7,116.0,2.7,225,11,1067.83,2.56
2025-05-01,paid_search,tablet,100,66,33.6,235.0,3.0,58,2,169.29,2.0
2025-05-01,paid_social,mobile,489,247,49.4,100.0,4.8,266,8,853.41,1.64
2025-05-01,paid_social,desktop,310,131,57.7,85.0,4.8,185,6,1255.33,1.94
2025-05-01,paid_social,tablet,111,57,48.3,100.0,4.6,60,1,91.06,0.9
2025-05-01,direct,mobile,344,249,27.4,140.0,5.4,218,10,826.15,2.91
2025-05-01,direct,desktop,311,215,30.6,243.0,3.6,204,7,1133.8,2.25
2025-05-01,direct,tablet,82,54,33.3,57.0,1.8,56,2,273.8,2.44
2025-05-01,email,mobile,294,226,23.0,118.0,1.7,195,13,1548.99,4.42
2025-05-01,email,desktop,152,110,27.4,85.0,2.7,102,7,685.87,4.61
2025-05-01,email,tablet,45,34,23.9,152.0,5.5,33,1,126.98,2.22
2025-05-01,referral,mobile,226,110,50.9,107.0,3.5,130,4,799.89,1.77
2025-05-01,referral,desktop,142,70,50.2,74.0,5.1,92,3,478.94,2.11
2025-05-01,referral,tablet,29,15,47.4,128.0,5.0,15,0,0.0,0.0
2025-05-01,organic_social,mobile,170,58,65.3,136.0,1.6,114,2,358.79,1.18
2025-05-01,organic_social,desktop,79,37,52.9,176.0,3.1,52,1,156.52,1.27
2025-05-01,organic_social,tablet,28,12,55.4,166.0,2.5,19,0,0.0,0.0
2025-05-02,organic_search,mobile,499,245,50.8,103.0,4.5,364,14,2423.02,2.81
2025-05-02,organic_search,desktop,425,251,40.9,197.0,4.1,275,8,1186.78,1.88
2025-05-02,organic_search,tablet,102,59,41.5,50.0,4.0,69,1,104.75,0.98
2025-05-02,paid_search,mobile,711,419,41.0,50.0,5.2,486,19,3402.99,2.67
2025-05-02,paid_search,desktop,270,167,38.0,107.0,2.9,204,10,1989.58,3.7
2025-05-02,paid_search,tablet,124,71,42.7,210.0,2.7,93,5,750.38,4.03
2025-05-02,paid_social,mobile,449,194,56.8,54.0,4.8,286,7,1435.08,1.56
2025-05-02,paid_social,desktop,311,123,60.4,133.0,3.3,246,6,1281.12,1.93
2025-05-02,paid_social,tablet,113,56,50.2,214.0,3.4,81,1,167.55,0.88
2025-05-02,direct,mobile,312,217,30.2,85.0,2.0,248,8,931.91,2.56
2025-05-02,direct,desktop,230,159,30.6,189.0,2.3,117,5,964.47,2.17
2025-05-02,direct,tablet,64,44,31.2,134.0,2.1,44,1,90.55,1.56
2025-05-02,email,mobile,221,157,28.7,67.0,3.1,164,8,806.11,3.62
2025-05-02,email,desktop,168,130,22.3,160.0,3.0,116,7,890.62,4.17
2025-05-02,email,tablet,59,42,27.9,144.0,4.0,33,2,259.41,3.39
2025-05-02,referral,mobile,215,102,52.2,151.0,2.0,119,4,506.66,1.86
2025-05-02,referral,desktop,142,73,48.2,89.0,4.3,104,2,241.97,1.41
2025-05-02,referral,tablet,42,18,55.3,103.0,1.4,29,0,0.0,0.0
2025-05-02,organic_social,mobile,112,45,59.1,192.0,3.5,60,1,134.82,0.89
2025-05-02,organic_social,desktop,99,33,66.3,128.0,3.4,77,0,0.0,0.0
2025-05-02,organic_social,tablet,18,6,62.5,189.0,1.5,9,0,0.0,0.0
2025-05-03,organic_search,mobile,875,430,50.8,134.0,5.0,671,27,5712.01,3.09
2025-05-03,organic_search,desktop,331,168,49.2,179.0,3.1,250,9,888.96,2.72
2025-05-03,organic_search,tablet,148,72,51.0,112.0,4.2,100,2,358.87,1.35
2025-05-03,paid_search,mobile,548,370,32.3,117.0,5.4,389,18,2499.36,3.28
2025-05-03,paid_search,desktop,358,206,42.2,210.0,1.8,204,9,1501.08,2.51
2025-05-03,paid_search,tablet,74,41,43.6,110.0,3.1,54,2,297.06,2.7
2025-05-03,paid_social,mobile,618,318,48.5,125.0,3.3,442,9,958.3,1.46
2025-05-03,paid_social,desktop,385,170,55.7,197.0,3.7,283,6,963.63,1.56
2025-05-03,paid_social,tablet,101,38,62.0,183.0,2.9,76,2,255.54,1.98
2025-05-03,direct,mobile,512,349,31.7,116.0,3.6,256,20,1995.1,3.91
2025-05-03,direct,desktop,317,225,28.8,164.0,4.6,223,12,2252.42,3.79
2025-05-03,direct,tablet,68,45,32.8,205.0,4.1,39,2,204.86,2.94
2025-05-03,email,mobile,331,251,24.1,206.0,3.8,212,14,1792.59,4.23
2025-05-03,email,desktop,124,92,25.8,122.0,5.0,82,5,526.86,4.03
2025-05-03,email,tablet,48,34,28.3,229.0,2.0,26,2,187.29,4.17
2025-05-03,referral,mobile,143,71,49.7,50.0,2.0,98,3,556.56,2.1
2025-05-03,referral,desktop,124,70,43.3,114.0,3.4,75,3,558.57,2.42
2025-05-03,referral,tablet,34,16,51.4,127.0,3.8,19,0,0.0,0.0
2025-05-03,organic_social,mobile,110,53,51.2,120.0,2.1,55,1,217.31,0.91
2025-05-03,organic_social,desktop,88,27,68.9,168.0,1.8,65,1,94.19,1.14
2025-05-03,organic_social,tablet,30,14,51.1,134.0,1.4,20,0,0.0,0.0
2025-05-04,organic_search,mobile,711,402,43.4,78.0,4.2,493,17,3716.43,2.39
2025-05-04,organic_search,desktop,480,273,42.9,219.0,5.1,309,9,1540.04,1.88
2025-05-04,organic_search,tablet,119,67,43.0,144.0,2.7,90,3,347.27,2.52
2025-05-04,paid_search,mobile,478,286,40.1,97.0,4.5,312,16,2015.55,3.35
2025-05-04,paid_search,desktop,373,211,43.3,167.0,3.6,192,11,2133.99,2.95
2025-05-04,paid_search,tablet,124,80,34.9,153.0,1.4,97,3,555.85,2.42
2025-05-04,paid_social,mobile,352,182,48.2,222.0,4.8,244,5,819.27,1.42
2025-05-04,paid_social,desktop,360,149,58.5,100.0,2.1,217,7,1356.15,1.94
2025-05-04,paid_social,tablet,65,24,62.7,83.0,4.8,47,1,109.88,1.54
2025-05-04,direct,mobile,394,286,27.4,213.0,1.8,197,9,1563.33,2.28
2025-05-04,direct,desktop,240,164,31.5,190.0,4.7,145,10,2031.35,4.17
2025-05-04,direct,tablet,63,46,26.6,246.0,1.6,40,1,214.81,1.59
2025-05-04,email,mobile,254,187,26.1,221.0,5.3,142,9,1073.57,3.54
2025-05-04,email,desktop,147,111,24.4,151.0,4.9,83,6,620.33,4.08
2025-05-04,email,tablet,36,25,28.1,70.0,5.1,21,1,177.83,2.78
2025-05-04,referral,mobile,159,79,49.8,156.0,4.9,101,3,657.71,1.89
2025-05-04,referral,desktop,87,46,46.6,69.0,2.0,59,1,189.58,1.15
2025-05-04,referral,tablet,27,13,49.9,209.0,4.6,14,0,0.0,0.0
2025-05-04,organic_social,mobile,145,68,52.9,145.0,1.6,88,1,165.45,0.69
2025-05-04,organic_social,desktop,77,32,57.2,103.0,2.5,39,0,0.0,0.0
2025-05-04,organic_social,tablet,29,10,62.9,172.0,2.5,18,0,0.0,0.0
2025-05-05,organic_search,mobile,367,181,50.6,154.0,3.3,227,8,972.01,2.18
2025-05-05,organic_search,desktop,411,233,43.2,217.0,2.4,214,13,2476.21,3.16
2025-05-05,organic_search,tablet,89,51,42.5,80.0,2.8,69,1,90.01,1.12
2025-05-05,paid_search,mobile,451,284,36.8,131.0,1.9,350,17,2713.01,3.77
2025-05-05,paid_search,desktop,282,176,37.3,84.0,3.0,146,8,1496.84,2.84
2025-05-05,paid_search,tablet,56,34,38.3,240.0,4.8,35,1,180.73,1.79
2025-05-05,paid_social,mobile,344,149,56.4,212.0,4.7,240,4,873.09,1.16
2025-05-05,paid_social,desktop,236,98,58.4,65.0,4.2,179,3,597.94,1.27
2025-05-05,paid_social,tablet,54,24,54.6,185.0,4.8,42,1,214.3,1.85
2025-05-05,direct,mobile,398,281,29.2,90.0,3.7,268,12,2023.35,3.02
2025-05-05,direct,desktop,233,165,28.8,138.0,3.7,171,8,1651.67,3.43
2025-05-05,direct,tablet,47,34,26.4,132.0,5.2,29,1,131.87,2.13
2025-05-05,email,mobile,262,204,22.0,80.0,3.0,197,9,1593.11,3.44
2025-05-05,email,desktop,151,115,23.4,208.0,2.0,99,5,753.56,3.31
2025-05-05,email,tablet,27,20,24.2,123.0,4.6,15,0,0.0,0.0
2025-05-05,referral,mobile,158,78,50.5,223.0,2.4,106,3,375.06,1.9
2025-05-05,referral,desktop,99,48,50.6,152.0,3.2,61,2,191.63,2.02
2025-05-05,referral,tablet,23,12,44.8,201.0,3.0,15,0,0.0,0.0
2025-05-05,organic_social,mobile,77,36,52.7,130.0,2.4,58,0,0.0,0.0
2025-05-05,organic_social,desktop,53,23,55.7,81.0,3.2,41,0,0.0,0.0
2025-05-05,organic_social,tablet,16,7,54.8,54.0,2.3,10,0,0.0,0.0
2025-05-06,organic_search,mobile,383,200,47.6,108.0,2.9,298,9,1614.25,2.35
2025-05-06,organic_search,desktop,271,165,38.8,220.0,4.6,175,8,648.31,2.95
2025-05-06,organic_search,tablet,105,63,39.7,58.0,3.3,82,3,569.18,2.86
2025-05-06,paid_search,mobile,524,295,43.5,124.0,4.1,306,18,1795.61,3.44
2025-05-06,paid_search,desktop,311,180,42.1,188.0,1.6,186,11,1406.84,3.54
2025-05-06,paid_search,tablet,86,50,41.4,100.0,3.9,65,2,428.89,2.33
2025-05-06,paid_social,mobile,382,177,53.6,72.0,2.9,253,5,537.51,1.31
2025-05-06,paid_social,desktop,284,141,50.3,159.0,2.6,169,5,885.88,1.76
2025-05-06,paid_social,tablet,77,37,51.3,223.0,1.3,54,1,215.13,1.3
2025-05-06,direct,mobile,315,221,29.6,144.0,3.0,237,9,1359.01,2.86
2025-05-06,direct,desktop,169,116,30.9,173.0,3.5,127,7,1519.42,4.14
2025-05-06,direct,tablet,45,30,31.2,212.0,1.6,33,1,172.4,2.22
2025-05-06,email,mobile,159,123,22.6,197.0,2.6,91,8,779.67,5.03
2025-05-06,email,desktop,143,111,22.1,235.0,5.0,84,6,1256.6,4.2
2025-05-06,email,tablet,42,30,27.1,210.0,2.3,21,2,233.96,4.76
2025-05-06,referral,mobile,142,65,54.0,109.0,2.0,87,2,173.61,1.41
2025-05-06,referral,desktop,115,53,53.7,206.0,4.6,78,2,251.01,1.74
2025-05-06,referral,tablet,24,10,54.4,173.0,1.8,18,0,0.0,0.0
2025-05-06,organic_social,mobile,132,56,57.4,204.0,4.7,73,2,382.83,1.52
2025-05-06,organic_social,desktop,56,24,55.7,106.0,2.5,33,0,0.0,0.0
2025-05-06,organic_social,tablet,13,5,54.3,206.0,2.3,9,0,0.0,0.0
2025-05-07,organic_search,mobile,832,456,45.1,77.0,1.6,575,23,4982.29,2.76
2025-05-07,organic_search,desktop,439,253,42.3,97.0,4.4,328,13,2579.41,2.96
2025-05-07,organic_search,tablet,111,67,39.6,140.0,2.1,86,3,280.65,2.7
2025-05-07,paid_search,mobile,420,278,33.6,76.0,2.0,285,15,1631.67,3.57
2025-05-07,paid_search,desktop,291,184,36.6,211.0,4.4,218,11,1150.54,3.78
2025-05-07,paid_search,tablet,90,56,37.7,178.0,1.8,52,3,255.72,3.33
2025-05-07,paid_social,mobile,587,251,57.2,157.0,1.7,463,11,1229.45,1.87
2025-05-07,paid_social,desktop,268,106,60.4,44.0,4.4,195,6,624.31,2.24
2025-05-07,paid_social,tablet,71,28,60.5,200.0,3.4,44,1,144.58,1.41
2025-05-07,direct,mobile,292,192,34.1,195.0,1.4,193,7,850.26,2.4
2025-05-07,direct,desktop,208,154,25.7,206.0,4.0,131,7,1150.92,3.37
2025-05-07,direct,tablet,74,53,27.5,195.0,1.9,42,1,200.52,1.35
2025-05-07,email,mobile,334,238,28.4,230.0,4.0,237,16,2556.7,4.79
2025-05-07,email,desktop,209,159,23.9,94.0,4.8,139,10,1089.73,4.78
2025-05-07,email,tablet,47,35,25.2,159.0,3.7,32,2,410.37,4.26
2025-05-07,referral,mobile,226,100,55.6,83.0,3.6,124,3,503.84,1.33
2025-05-07,referral,desktop,145,68,52.4,210.0,1.8,88,3,636.66,2.07
2025-05-07,referral,tablet,34,15,54.3,115.0,3.6,27,0,0.0,0.0
2025-05-07,organic_social,mobile,169,71,57.5,170.0,3.9,85,2,375.58,1.18
2025-05-07,organic_social,desktop,71,31,55.0,184.0,2.5,52,0,0.0,0.0
2025-05-07,organic_social,tablet,31,13,56.6,94.0,3.3,17,0,0.0,0.0
2025-05-08,organic_search,mobile,702,403,42.5,55.0,3.2,421,22,2917.19,3.13
2025-05-08,organic_search,desktop,403,228,43.3,95.0,4.4,255,12,1797.08,2.98
2025-05-08,organic_search,tablet,98,47,51.7,195.0,2.6,53,1,179.29,1.02
2025-05-08,paid_search,mobile,529,329,37.8,176.0,4.5,362,22,1819.95,4.16
2025-05-08,paid_search,desktop,377,217,42.3,87.0,3.3,192,12,2441.06,3.18
2025-05-08,paid_search,tablet,118,69,41.2,118.0,2.1,74,3,406.25,2.54
2025-05-08,paid_social,mobile,436,190,56.3,132.0,4.8,243,9,1594.61,2.06
2025-05-08,paid_social,desktop,341,176,48.2,188.0,3.8,183,6,1089.28,1.76
2025-05-08,paid_social,tablet,65,26,58.5,68.0,4.2,51,1,84.57,1.54
2025-05-08,direct,mobile,417,304,26.9,165.0,1.6,247,13,2462.19,3.12
2025-05-08,direct,desktop,302,216,28.4,254.0,4.5,172,10,2067.07,3.31
2025-05-08,direct,tablet,63,45,28.2,104.0,4.1,43,1,105.04,1.59
2025-05-08,email,mobile,248,191,22.7,84.0,3.0,166,11,1081.55,4.44
2025-05-08,email,desktop,198,145,26.4,96.0,3.4,135,7,1201.56,3.54
2025-05-08,email,tablet,57,44,21.8,170.0,3.8,28,1,90.34,1.75
2025-05-08,referral,mobile,210,96,53.9,193.0,3.8,124,3,381.68,1.43
2025-05-08,referral,desktop,140,61,55.8,59.0,1.5,94,2,351.6,1.43
2025-05-08,referral,tablet,34,15,54.7,133.0,4.1,19,0,0.0,0.0
2025-05-08,organic_social,mobile,126,60,52.1,133.0,1.9,63,1,165.43,0.79
2025-05-08,organic_social,desktop,70,24,64.5,79.0,3.2,45,0,0.0,0.0
2025-05-08,organic_social,tablet,32,11,64.9,160.0,4.5,16,0,0.0,0.0
2025-05-09,organic_search,mobile,858,505,41.1,69.0,5.1,667,24,4518.43,2.8
2025-05-09,organic_search,desktop,478,285,40.3,226.0,2.9,338,12,1538.16,2.51
2025-05-09,organic_search,tablet,135,78,41.9,118.0,4.7,73,3,412.19,2.22
2025-05-09,paid_search,mobile,520,351,32.4,68.0,2.5,397,14,2338.62,2.69
2025-05-09,paid_search,desktop,390,260,33.1,78.0,5.1,259,16,3397.12,4.1
2025-05-09,paid_search,tablet,125,70,43.3,221.0,3.6,75,4,483.13,3.2
2025-05-09,paid_social,mobile,483,224,53.5,49.0,1.3,251,10,1947.77,2.07
2025-05-09,paid_social,desktop,335,133,60.2,82.0,2.9,193,6,929.17,1.79
2025-05-09,paid_social,tablet,77,36,53.2,205.0,4.3,51,1,213.69,1.3
2025-05-09,direct,mobile,489,321,34.3,195.0,3.9,365,14,1833.98,2.86
2025-05-09,direct,desktop,238,170,28.3,60.0,2.4,130,8,803.36,3.36
2025-05-09,direct,tablet,52,35,32.5,83.0,2.4,26,1,173.65,1.92
2025-05-09,email,mobile,357,278,22.0,124.0,5.1,267,11,1825.82,3.08
2025-05-09,email,desktop,213,155,26.8,65.0,4.7,148,6,533.43,2.82
2025-05-09,email,tablet,64,47,26.1,128.0,2.2,44,2,185.06,3.12
2025-05-09,referral,mobile,145,66,54.1,213.0,3.7,106,3,549.27,2.07
2025-05-09,referral,desktop,92,39,56.6,208.0,1.9,46,1,149.03,1.09
2025-05-09,referral,tablet,30,16,44.8,58.0,4.8,15,0,0.0,0.0
2025-05-09,organic_social,mobile,118,52,55.3,185.0,1.4,59,1,103.13,0.85
2025-05-09,organic_social,desktop,94,44,52.6,108.0,2.5,64,1,80.3,1.06
2025-05-09,organic_social,tablet,24,8,63.2,194.0,1.4,19,0,0.0,0.0
2025-05-10,organic_search,mobile,614,356,42.0,228.0,3.5,335,14,2655.27,2.28
2025-05-10,organic_search,desktop,362,203,43.7,206.0,2.4,245,8,906.86,2.21
2025-05-10,organic_search,tablet,123,60,50.7,159.0,2.5,64,3,379.48,2.44
2025-05-10,paid_search,mobile,545,315,42.1,180.0,3.7,405,21,3278.6,3.85
2025-05-10,paid_search,desktop,266,167,36.9,211.0,1.9,158,7,566.44,2.63
2025-05-10,paid_search,tablet,122,72,40.5,146.0,1.5,87,4,493.75,3.28
2025-05-10,paid_social,mobile,416,188,54.7,200.0,3.0,218,5,897.55,1.2
2025-05-10,paid_social,desktop,399,183,54.1,65.0,2.0,218,5,531.9,1.25
2025-05-10,paid_social,tablet,112,55,50.2,167.0,4.9,88,1,182.18,0.89
2025-05-10,direct,mobile,429,290,32.3,71.0,4.1,249,13,1821.24,3.03
2025-05-10,direct,desktop,196,144,26.4,213.0,5.1,118,7,784.35,3.57
2025-05-10,direct,tablet,88,62,29.4,242.0,5.4,54,3,368.82,3.41
2025-05-10,email,mobile,225,165,26.4,221.0,4.8,161,9,1969.25,4.0
2025-05-10,email,desktop,159,114,28.3,92.0,2.6,79,6,815.53,3.77
2025-05-10,email,tablet,54,40,25.8,197.0,2.4,33,2,430.79,3.7
2025-05-10,referral,mobile,194,95,50.7,98.0,4.9,117,3,344.76,1.55
2025-05-10,referral,desktop,113,52,53.3,161.0,1.5,62,1,170.04,0.88
2025-05-10,referral,tablet,34,15,55.0,192.0,3.2,23,0,0.0,0.0
2025-05-10,organic_social,mobile,172,61,64.3,100.0,3.0,104,1,129.05,0.58
2025-05-10,organic_social,desktop,71,27,61.7,78.0,4.2,51,1,148.96,1.41
2025-05-10,organic_social,tablet,28,10,63.1,189.0,3.4,17,0,0.0,0.0
2025-05-11,organic_search,mobile,518,269,48.0,120.0,4.7,339,10,2015.93,1.93
2025-05-11,organic_search,desktop,425,241,43.2,143.0,4.8,287,7,571.3,1.65
2025-05-11,organic_search,tablet,152,73,51.7,119.0,2.1,86,3,517.02,1.97
2025-05-11,paid_search,mobile,465,276,40.6,217.0,1.5,335,13,1505.44,2.8
2025-05-11,paid_search,desktop,446,270,39.4,145.0,2.8,327,14,1240.44,3.14
2025-05-11,paid_search,tablet,118,77,34.2,174.0,3.3,90,3,601.17,2.54
2025-05-11,paid_social,mobile,633,312,50.6,88.0,4.5,373,9,1809.69,1.42
2025-05-11,paid_social,desktop,224,103,53.7,128.0,1.4,114,2,218.24,0.89
2025-05-11,paid_social,tablet,71,32,54.4,152.0,3.1,36,1,93.08,1.41
2025-05-11,direct,mobile,297,215,27.5,167.0,1.6,171,11,2362.08,3.7
2025-05-11,direct,desktop,332,246,25.6,66.0,2.4,259,12,1260.58,3.61
2025-05-11,direct,tablet,86,62,27.0,63.0,3.0,63,2,298.08,2.33
2025-05-11,email,mobile,275,198,28.0,215.0,1.8,154,13,2050.59,4.73
2025-05-11,email,desktop,196,154,21.3,240.0,5.5,136,5,666.24,2.55
2025-05-11,email,tablet,63,45,27.6,181.0,2.0,37,2,273.11,3.17
2025-05-11,referral,mobile,222,116,47.7,86.0,2.1,156,5,684.74,2.25
2025-05-11,referral,desktop,112,60,46.1,202.0,3.4,88,2,277.99,1.79
2025-05-11,referral,tablet,32,17,46.7,49.0,3.9,17,0,0.0,0.0
2025-05-11,organic_social,mobile,175,67,61.4,188.0,4.3,110,1,87.38,0.57
2025-05-11,organic_social,desktop,65,27,58.0,190.0,4.0,38,0,0.0,0.0
2025-05-11,organic_social,tablet,22,8,62.7,95.0,3.0,11,0,0.0,0.0
2025-05-12,organic_search,mobile,397,238,40.0,136.0,2.4,230,8,770.62,2.02
2025-05-12,organic_search,desktop,317,159,49.8,224.0,1.3,224,9,1833.49,2.84
2025-05-12,organic_search,tablet,72,35,50.9,220.0,4.6,37,1,128.99,1.39
2025-05-12,paid_search,mobile,300,175,41.6,223.0,1.4,169,7,1394.7,2.33
2025-05-12,paid_search,desktop,187,125,33.1,146.0,2.9,105,6,1093.34,3.21
2025-05-12,paid_search,tablet,63,38,38.9,230.0,1.5,47,2,273.28,3.17
2025-05-12,paid_social,mobile,335,130,61.1,101.0,2.9,222,7,1246.4,2.09
2025-05-12,paid_social,desktop,230,92,59.8,68.0,2.6,161,4,327.09,1.74
2025-05-12,paid_social,tablet,56,26,52.1,204.0,4.3,34,0,0.0,0.0
2025-05-12,direct,mobile,359,240,33.0,239.0,5.3,203,12,1457.35,3.34
2025-05-12,direct,desktop,230,170,25.9,149.0,3.7,141,5,646.1,2.17
2025-05-12,direct,tablet,43,30,28.6,173.0,4.2,30,1,127.0,2.33
2025-05-12,email,mobile,204,158,22.2,126.0,4.7,148,10,1164.43,4.9
2025-05-12,email,desktop,162,127,21.5,166.0,2.1,107,8,1527.29,4.94
2025-05-12,email,tablet,30,21,28.5,219.0,3.6,15,1,163.47,3.33
2025-05-12,referral,mobile,123,52,57.2,60.0,2.2,63,2,419.68,1.63
2025-05-12,referral,desktop,109,59,45.1,219.0,3.7,80,2,235.46,1.83
2025-05-12,referral,tablet,27,13,51.7,106.0,2.4,19,0,0.0,0.0
2025-05-12,organic_social,mobile,98,38,60.9,112.0,3.1,50,1,117.32,1.02
2025-05-12,organic_social,desktop,51,24,52.1,119.0,3.8,40,0,0.0,0.0
2025-05-12,organic_social,tablet,22,10,52.0,55.0,1.7,13,0,0.0,0.0
2025-05-13,organic_search,mobile,432,246,43.0,113.0,3.9,264,12,2300.11,2.78
2025-05-13,organic_search,desktop,305,160,47.4,67.0,3.4,220,7,1098.27,2.3
2025-05-13,organic_search,tablet,115,68,40.2,221.0,2.3,63,2,296.13,1.74
2025-05-13,paid_search,mobile,323,212,34.1,134.0,4.8,190,12,2001.28,3.72
2025-05-13,paid_search,desktop,329,194,41.0,209.0,2.9,261,7,1013.38,2.13
2025-05-13,paid_search,tablet,90,53,40.9,170.0,3.9,48,2,190.2,2.22
2025-05-13,paid_social,mobile,450,174,61.2,127.0,1.4,237,7,1155.58,1.56
2025-05-13,paid_social,desktop,275,124,54.8,110.0,1.4,202,5,829.01,1.82
2025-05-13,paid_social,tablet,66,33,49.0,51.0,1.9,37,0,0.0,0.0
2025-05-13,direct,mobile,262,180,31.2,217.0,2.9,187,7,1220.48,2.67
2025-05-13,direct,desktop,150,107,28.5,178.0,2.9,89,5,1052.25,3.33
2025-05-13,direct,tablet,52,35,31.4,204.0,2.3,37,1,145.8,1.92
2025-05-13,email,mobile,238,172,27.7,249.0,1.9,153,7,671.49,2.94
2025-05-13,email,desktop,105,76,27.3,156.0,2.4,73,3,275.96,2.86
2025-05-13,email,tablet,41,30,25.6,92.0,1.7,29,2,355.26,4.88
2025-05-13,referral,mobile,165,73,55.3,144.0,1.8,97,2,222.48,1.21
2025-05-13,referral,desktop,109,57,47.5,79.0,2.0,55,1,171.12,0.92
2025-05-13,referral,tablet,27,13,50.9,133.0,4.2,21,0,0.0,0.0
2025-05-13,organic_social,mobile,76,27,63.7,96.0,3.3,51,0,0.0,0.0
2025-05-13,organic_social,desktop,47,15,67.7,108.0,4.6,37,0,0.0,0.0
2025-05-13,organic_social,tablet,13,5,55.0,158.0,2.2,7,0,0.0,0.0
2025-05-14,organic_search,mobile,487,245,49.6,104.0,4.2,253,11,2211.08,2.26
2025-05-14,organic_search,desktop,519,258,50.3,80.0,4.6,304,11,1098.47,2.12
2025-05-14,organic_search,tablet,104,50,51.5,178.0,2.7,78,2,393.02,1.92
2025-05-14,paid_search,mobile,579,348,39.8,212.0,1.9,324,16,3477.81,2.76
2025-05-14,paid_search,desktop,402,270,32.6,91.0,4.9,308,11,1700.08,2.74
2025-05-14,paid_search,tablet,127,83,34.0,208.0,2.5,72,3,473.56,2.36
2025-05-14,paid_social,mobile,500,226,54.7,170.0,3.6,323,8,1093.91,1.6
2025-05-14,paid_social,desktop,356,174,51.1,103.0,3.3,206,7,936.48,1.97
2025-05-14,paid_social,tablet,77,40,48.0,171.0,3.5,54,1,207.78,1.3
2025-05-14,direct,mobile,527,376,28.5,55.0,2.8,274,17,2041.2,3.23
2025-05-14,direct,desktop,318,216,31.9,165.0,4.6,227,9,1133.21,2.83
2025-05-14,direct,tablet,53,35,32.6,205.0,2.4,29,2,185.17,3.77
2025-05-14,email,mobile,282,210,25.4,103.0,3.9,175,11,2268.78,3.9
2025-05-14,email,desktop,214,166,22.2,176.0,5.2,133,6,1313.92,2.8
2025-05-14,email,tablet,53,38,26.5,78.0,3.5,27,2,191.57,3.77
2025-05-14,referral,mobile,218,92,57.4,180.0,3.6,116,5,586.07,2.29
2025-05-14,referral,desktop,127,55,56.0,50.0,4.4,71,2,344.55,1.57
2025-05-14,referral,tablet,37,18,50.4,145.0,3.6,23,0,0.0,0.0
2025-05-14,organic_social,mobile,148,67,54.4,108.0,2.8,81,1,180.35,0.68
2025-05-14,organic_social,desktop,93,43,53.2,78.0,1.6,56,1,109.46,1.08
2025-05-14,organic_social,tablet,30,11,61.9,93.0,2.6,22,0,0.0,0.0
2025-05-15,organic_search,mobile,755,416,44.9,212.0,3.4,387,16,2982.29,2.12
2025-05-15,organic_search,desktop,377,194,48.3,141.0,4.8,223,8,1341.03,2.12
2025-05-15,organic_search,tablet,120,73,39.1,188.0,1.3,91,3,376.85,2.5
2025-05-15,paid_search,mobile,705,439,37.7,239.0,3.6,368,22,3658.41,3.12
2025-05-15,paid_search,desktop,363,228,37.1,230.0,4.5,217,13,1592.08,3.58
2025-05-15,paid_search,tablet,91,56,38.2,167.0,2.6,62,2,353.23,2.2
2025-05-15,paid_social,mobile,375,140,62.5,201.0,2.7,287,4,504.15,1.07
2025-05-15,paid_social,desktop,249,129,47.9,62.0,3.8,157,3,648.26,1.2
2025-05-15,paid_social,tablet,109,52,51.6,149.0,2.9,65,1,184.8,0.92
2025-05-15,direct,mobile,511,375,26.6,67.0,4.9,377,14,1149.06,2.74
2025-05-15,direct,desktop,199,134,32.5,67.0,3.8,149,7,939.74,3.52
2025-05-15,direct,tablet,71,50,29.3,87.0,4.2,49,2,218.97,2.82
2025-05-15,email,mobile,343,261,23.8,134.0,5.3,265,11,1540.4,3.21
2025-05-15,email,desktop,167,126,24.3,169.0,2.6,122,6,1093.95,3.59
2025-05-15,email,tablet,62,45,26.6,258.0,4.2,35,2,381.7,3.23
2025-05-15,referral,mobile,135,69,48.3,158.0,2.4,95,2,414.7,1.48
2025-05-15,referral,desktop,92,49,45.7,52.0,3.2,64,2,243.22,2.17
2025-05-15,referral,tablet,41,21,47.1,60.0,2.1,25,0,0.0,0.0
2025-05-15,organic_social,mobile,118,47,59.4,173.0,3.5,69,1,155.56,0.85
2025-05-15,organic_social,desktop,67,25,62.5,172.0,2.0,44,0,0.0,0.0
2025-05-15,organic_social,tablet,18,7,58.5,203.0,3.4,10,0,0.0,0.0
2025-05-16,organic_search,mobile,1192,702,41.0,137.0,1.4,931,22,2280.06,1.85
2025-05-16,organic_search,desktop,861,511,40.6,208.0,1.8,541,20,2653.6,2.32
2025-05-16,organic_search,tablet,267,151,43.3,190.0,1.8,202,6,765.97,2.25
2025-05-16,paid_search,mobile,775,496,35.9,86.0,3.8,492,23,3107.36,2.97
2025-05-16,paid_search,desktop,691,419,39.3,208.0,4.6,455,18,3759.13,2.6
2025-05-16,paid_search,tablet,226,136,39.5,164.0,1.3,180,7,1297.41,3.1
2025-05-16,paid_social,mobile,900,394,56.2,187.0,3.8,673,15,1410.64,1.67
2025-05-16,paid_social,desktop,592,237,59.8,43.0,4.4,328,12,1524.98,2.03
2025-05-16,paid_social,tablet,208,89,57.0,112.0,2.4,115,4,458.44,1.92
2025-05-16,direct,mobile,889,654,26.4,251.0,5.0,575,31,4806.28,3.49
2025-05-16,direct,desktop,601,404,32.6,188.0,4.1,429,15,3136.49,2.5
2025-05-16,direct,tablet,118,87,25.8,177.0,2.9,67,3,573.72,2.54
2025-05-16,email,mobile,616,463,24.7,143.0,1.5,453,27,2207.52,4.38
2025-05-16,email,desktop,282,218,22.5,95.0,2.4,210,14,1155.3,4.96
2025-05-16,email,tablet,106,75,28.5,86.0,4.5,81,4,452.34,3.77
2025-05-16,referral,mobile,456,209,54.1,173.0,1.7,273,10,1727.32,2.19
2025-05-16,referral,desktop,226,107,52.5,144.0,2.8,117,4,530.0,1.77
2025-05-16,referral,tablet,85,37,56.4,166.0,3.5,51,1,154.09,1.18
2025-05-16,organic_social,mobile,308,116,62.1,87.0,3.4,224,3,496.72,0.97
2025-05-16,organic_social,desktop,146,64,56.1,67.0,3.3,102,1,151.17,0.68
2025-05-16,organic_social,tablet,47,17,62.2,81.0,2.2,34,0,0.0,0.0
2025-05-17,organic_search,mobile,959,464,51.6,149.0,4.3,604,25,4826.06,2.61
2025-05-17,organic_search,desktop,869,458,47.2,66.0,4.0,524,26,2206.57,2.99
2025-05-17,organic_search,tablet,262,153,41.3,71.0,5.0,193,7,1028.55,2.67
2025-05-17,paid_search,mobile,1221,729,40.2,192.0,2.2,835,27,4067.47,2.21
2025-05-17,paid_search,desktop,836,494,40.9,169.0,4.1,577,27,3331.51,3.23
2025-05-17,paid_search,tablet,219,141,35.5,67.0,2.1,129,7,1097.7,3.2
2025-05-17,paid_social,mobile,685,338,50.6,90.0,4.9,438,12,1870.13,1.75
2025-05-17,paid_social,desktop,647,341,47.3,103.0,1.9,362,10,1558.95,1.55
2025-05-17,paid_social,tablet,167,86,47.9,85.0,1.7,87,2,361.47,1.2
2025-05-17,direct,mobile,1013,746,26.3,253.0,5.1,578,34,5152.7,3.36
2025-05-17,direct,desktop,374,263,29.4,195.0,5.2,250,9,1817.59,2.41
2025-05-17,direct,tablet,130,90,30.0,255.0,4.2,67,3,434.49,2.31
2025-05-17,email,mobile,593,462,22.0,81.0,2.6,331,23,4371.73,3.88
2025-05-17,email,desktop,406,315,22.4,161.0,2.1,295,17,2015.25,4.19
2025-05-17,email,tablet,103,80,21.6,117.0,2.6,66,5,1025.08,4.85
2025-05-17,referral,mobile,391,207,46.9,119.0,3.4,289,9,818.9,2.3
2025-05-17,referral,desktop,284,152,46.2,125.0,4.6,142,4,526.23,1.41
2025-05-17,referral,tablet,73,39,45.8,146.0,2.6,45,1,124.43,1.37
2025-05-17,organic_social,mobile,264,93,64.5,145.0,3.3,193,2,258.62,0.76
2025-05-17,organic_social,desktop,205,96,52.7,129.0,3.6,111,2,239.52,0.98
2025-05-17,organic_social,tablet,43,13,68.6,171.0,2.7,30,0,0.0,0.0
2025-05-18,organic_search,mobile,1153,681,40.9,95.0,2.2,857,23,2469.8,1.99
2025-05-18,organic_search,desktop,847,489,42.3,82.0,4.8,610,19,4067.74,2.24
2025-05-18,organic_search,tablet,253,134,46.7,192.0,4.4,169,6,848.63,2.37
2025-05-18,paid_search,mobile,1213,709,41.5,130.0,1.7,842,34,5687.19,2.8
2025-05-18,paid_search,desktop,699,465,33.5,217.0,1.6,446,16,1839.18,2.29
2025-05-18,paid_search,tablet,153,99,35.2,164.0,4.8,115,5,995.42,3.27
2025-05-18,paid_social,mobile,783,333,57.4,181.0,3.6,458,16,2536.76,2.04
2025-05-18,paid_social,desktop,665,289,56.5,65.0,4.3,418,12,1120.14,1.8
2025-05-18,paid_social,tablet,141,72,48.3,224.0,4.5,73,2,242.66,1.42
2025-05-18,direct,mobile,900,624,30.6,57.0,4.4,691,26,4797.54,2.89
2025-05-18,direct,desktop,613,414,32.5,188.0,1.5,338,27,4833.7,4.4
2025-05-18,direct,tablet,166,108,34.5,86.0,5.2,115,6,967.06,3.61
2025-05-18,email,mobile,519,375,27.7,158.0,1.9,408,27,3563.08,5.2
2025-05-18,email,desktop,256,183,28.2,145.0,3.8,130,8,1657.83,3.12
2025-05-18,email,tablet,88,66,25.0,229.0,1.5,57,2,345.04,2.27
2025-05-18,referral,mobile,263,116,55.6,192.0,2.9,139,4,352.77,1.52
2025-05-18,referral,desktop,253,118,53.1,119.0,4.9,167,5,632.49,1.98
2025-05-18,referral,tablet,62,29,53.1,84.0,3.8,42,0,0.0,0.0
2025-05-18,organic_social,mobile,301,124,58.7,194.0,1.5,204,2,211.19,0.66
2025-05-18,organic_social,desktop,139,62,54.9,54.0,1.8,84,1,217.1,0.72
2025-05-18,organic_social,tablet,46,14,68.1,143.0,3.0,26,0,0.0,0.0
2025-05-19,organic_search,mobile,777,461,40.6,239.0,3.1,514,17,1686.35,2.19
2025-05-19,organic_search,desktop,666,393,40.9,233.0,3.2,338,16,1420.87,2.4
2025-05-19,organic_search,tablet,188,113,39.6,225.0,3.0,134,5,1067.35,2.66
2025-05-19,paid_search,mobile,621,415,33.2,232.0,5.1,375,23,4078.44,3.7
2025-05-19,paid_search,desktop,444,278,37.3,153.0,1.4,282,15,1210.48,3.38
2025-05-19,paid_search,tablet,106,64,38.7,234.0,2.7,75,3,441.14,2.83
2025-05-19,paid_social,mobile,782,304,61.1,203.0,2.6,436,12,1054.21,1.53
2025-05-19,paid_social,desktop,560,280,49.9,177.0,1.4,314,10,1857.7,1.79
2025-05-19,paid_social,tablet,158,69,55.9,172.0,2.3,89,3,408.96,1.9
2025-05-19,direct,mobile,763,557,26.9,200.0,3.8,382,34,7130.19,4.46
2025-05-19,direct,desktop,404,272,32.5,160.0,3.6,281,16,1665.42,3.96
2025-05-19,direct,tablet,128,87,31.8,78.0,1.5,80,3,247.99,2.34
2025-05-19,email,mobile,341,268,21.3,255.0,5.6,175,10,1356.56,2.93
2025-05-19,email,desktop,298,223,24.9,247.0,3.4,164,13,1960.86,4.36
2025-05-19,email,tablet,83,62,25.1,197.0,2.6,64,2,289.25,2.41
2025-05-19,referral,mobile,331,162,51.0,119.0,4.0,192,4,646.63,1.21
2025-05-19,referral,desktop,185,90,50.8,132.0,3.4,143,3,288.68,1.62
2025-05-19,referral,tablet,48,22,52.1,77.0,4.1,31,0,0.0,0.0
2025-05-19,organic_social,mobile,242,79,67.3,95.0,1.4,177,2,188.43,0.83
2025-05-19,organic_social,desktop,98,32,66.6,120.0,3.4,69,1,119.0,1.02
2025-05-19,organic_social,tablet,32,10,68.7,45.0,4.0,21,0,0.0,0.0
2025-05-20,organic_search,mobile,1061,601,43.3,120.0,1.7,759,27,5683.79,2.54
2025-05-20,organic_search,desktop,625,350,44.0,165.0,4.9,323,18,2856.69,2.88
2025-05-20,organic_search,tablet,152,75,50.4,75.0,4.4,101,4,425.62,2.63
2025-05-20,paid_search,mobile,953,545,42.8,182.0,4.6,656,22,4746.92,2.31
2025-05-20,paid_search,desktop,440,267,39.1,155.0,1.4,310,14,2946.87,3.18
2025-05-20,paid_search,tablet,104,59,43.1,52.0,3.4,59,3,646.56,2.88
2025-05-20,paid_social,mobile,764,344,55.0,52.0,1.7,578,14,1824.9,1.83
2025-05-20,paid_social,desktop,503,203,59.4,45.0,3.2,327,7,608.26,1.39
2025-05-20,paid_social,tablet,98,46,52.5,188.0,3.7,49,1,174.61,1.02
2025-05-20,direct,mobile,618,455,26.3,112.0,3.4,379,22,2918.04,3.56
2025-05-20,direct,desktop,448,324,27.5,102.0,1.5,276,12,2366.13,2.68
2025-05-20,direct,tablet,127,89,29.4,197.0,2.8,91,4,346.43,3.15
2025-05-20,email,mobile,370,276,25.2,114.0,3.8,276,16,1721.04,4.32
2025-05-20,email,desktop,318,237,25.2,141.0,1.8,251,9,1924.58,2.83
2025-05-20,email,tablet,61,45,26.2,256.0,5.5,32,2,361.48,3.28
2025-05-20,referral,mobile,318,151,52.5,115.0,2.6,232,7,886.54,2.2
2025-05-20,referral,desktop,206,110,46.2,49.0,3.7,154,4,390.54,1.94
2025-05-20,referral,tablet,62,29,51.8,200.0,4.2,36,1,136.59,1.61
2025-05-20,organic_social,mobile,207,99,51.9,46.0,2.0,112,1,212.53,0.48
2025-05-20,organic_social,desktop,139,65,52.9,198.0,2.6,73,1,210.27,0.72
2025-05-20,organic_social,tablet,39,12,66.9,136.0,2.7,21,0,0.0,0.0
2025-05-21,organic_search,mobile,1547,791,48.8,89.0,4.5,957,49,4506.76,3.17
2025-05-21,organic_search,desktop,819,438,46.5,157.0,2.2,647,19,1614.16,2.32
2025-05-21,organic_search,tablet,264,133,49.6,72.0,4.4,202,8,710.93,3.03
2025-05-21,paid_search,mobile,734,417,43.1,213.0,2.4,495,22,3184.89,3.0
2025-05-21,paid_search,desktop,598,397,33.6,154.0,3.5,377,17,1771.82,2.84
2025-05-21,paid_search,tablet,152,100,33.7,109.0,1.4,78,3,287.11,1.97
2025-05-21,paid_social,mobile,923,463,49.8,52.0,2.1,676,14,1812.51,1.52
2025-05-21,paid_social,desktop,541,271,49.8,72.0,4.7,283,7,1525.04,1.29
2025-05-21,paid_social,tablet,209,93,55.1,200.0,3.5,146,4,457.72,1.91
2025-05-21,direct,mobile,810,594,26.6,113.0,4.2,427,34,3593.87,4.2
2025-05-21,direct,desktop,628,460,26.6,197.0,3.2,386,24,4054.01,3.82
2025-05-21,direct,tablet,183,122,32.9,229.0,4.0,98,6,633.1,3.28
2025-05-21,email,mobile,423,315,25.3,142.0,2.1,243,17,2334.09,4.02
2025-05-21,email,desktop,331,259,21.7,91.0,2.0,179,12,1313.43,3.63
2025-05-21,email,tablet,75,56,24.1,158.0,3.5,42,2,411.17,2.67
2025-05-21,referral,mobile,446,201,54.9,76.0,3.3,339,6,1095.22,1.35
2025-05-21,referral,desktop,293,160,45.3,215.0,4.3,226,7,628.19,2.39
2025-05-21,referral,tablet,61,26,56.6,101.0,2.6,41,1,125.97,1.64
2025-05-21,organic_social,mobile,211,86,58.8,155.0,3.4,125,1,130.16,0.47
2025-05-21,organic_social,desktop,142,61,56.9,165.0,1.9,76,1,116.06,0.7
2025-05-21,organic_social,tablet,57,25,55.3,125.0,2.0,38,0,0.0,0.0
2025-05-22,organic_search,mobile,1459,805,44.8,145.0,5.1,1012,45,9847.03,3.08
2025-05-22,organic_search,desktop,845,422,50.0,182.0,3.1,497,27,5936.26,3.2
2025-05-22,organic_search,tablet,245,125,48.7,110.0,4.3,167,4,469.88,1.63
2025-05-22,paid_search,mobile,998,571,42.8,171.0,4.7,742,32,5803.13,3.21
2025-05-22,paid_search,desktop,860,545,36.6,221.0,1.6,515,21,3913.86,2.44
2025-05-22,paid_search,tablet,225,134,40.1,121.0,4.5,149,8,1248.38,3.56
2025-05-22,paid_social,mobile,948,389,58.9,94.0,1.3,686,13,2106.53,1.37
2025-05-22,paid_social,desktop,589,225,61.7,109.0,1.9,457,10,814.26,1.7
2025-05-22,paid_social,tablet,165,73,55.2,58.0,3.0,115,2,306.22,1.21
2025-05-22,direct,mobile,723,513,29.0,172.0,2.6,466,30,4653.83,4.15
2025-05-22,direct,desktop,365,257,29.4,208.0,2.9,185,15,1539.06,4.11
2025-05-22,direct,tablet,181,131,27.1,249.0,3.8,139,5,736.51,2.76
2025-05-22,email,mobile,542,418,22.8,78.0,1.9,272,23,2163.43,4.24
2025-05-22,email,desktop,262,199,23.9,77.0,5.3,172,8,646.9,3.05
2025-05-22,email,tablet,91,68,24.9,175.0,4.9,60,3,285.29,3.3
2025-05-22,referral,mobile,449,248,44.6,159.0,3.6,240,10,1727.66,2.23
2025-05-22,referral,desktop,252,129,48.5,126.0,5.1,158,3,326.21,1.19
2025-05-22,referral,tablet,52,22,56.0,125.0,1.6,34,0,0.0,0.0
2025-05-22,organic_social,mobile,207,77,62.7,162.0,4.6,107,1,193.41,0.48
2025-05-22,organic_social,desktop,171,61,63.8,196.0,1.7,107,2,294.98,1.17
2025-05-22,organic_social,tablet,40,18,53.8,129.0,1.9,20,0,0.0,0.0
2025-05-23,organic_search,mobile,1638,942,42.5,95.0,2.2,956,31,3114.28,1.89
2025-05-23,organic_search,desktop,694,388,44.1,82.0,4.1,377,20,1676.1,2.88
2025-05-23,organic_search,tablet,271,148,45.2,192.0,3.5,173,8,651.38,2.95
2025-05-23,paid_search,mobile,822,534,35.0,154.0,2.2,531,30,3025.84,3.65
2025-05-23,paid_search,desktop,567,361,36.3,231.0,2.6,384,21,1789.12,3.7
2025-05-23,paid_search,tablet,158,100,36.4,220.0,4.8,94,4,705.7,2.53
2025-05-23,paid_social,mobile,708,268,62.0,46.0,4.8,356,9,1830.14,1.27
2025-05-23,paid_social,desktop,425,190,55.1,149.0,4.4,313,8,1035.11,1.88
2025-05-23,paid_social,tablet,210,106,49.4,176.0,1.7,116,3,486.84,1.43
2025-05-23,direct,mobile,982,729,25.7,214.0,5.0,563,32,3504.63,3.26
2025-05-23,direct,desktop,525,351,33.1,133.0,4.0,413,19,3117.87,3.62
2025-05-23,direct,tablet,125,90,27.3,226.0,5.1,70,5,442.12,4.0
2025-05-23,email,mobile,499,388,22.2,162.0,1.9,309,19,2736.48,3.81
2025-05-23,email,desktop,357,267,25.0,224.0,1.6,201,18,3836.7,5.04
2025-05-23,email,tablet,71,53,24.5,109.0,1.8,44,3,253.59,4.23
2025-05-23,referral,mobile,459,235,48.7,178.0,4.1,248,9,1207.65,1.96
2025-05-23,referral,desktop,254,131,48.3,209.0,3.3,146,6,612.57,2.36
2025-05-23,referral,tablet,59,33,42.6,219.0,4.7,35,1,111.5,1.69
2025-05-23,organic_social,mobile,215,88,58.7,125.0,3.3,133,3,599.15,1.4
2025-05-23,organic_social,desktop,210,65,68.8,189.0,2.9,131,2,425.92,0.95
2025-05-23,organic_social,tablet,58,18,68.0,93.0,1.9,46,0,0.0,0.0
2025-05-24,organic_search,mobile,1062,539,49.2,104.0,1.6,843,25,2292.82,2.35
2025-05-24,organic_search,desktop,714,368,48.3,92.0,1.6,530,17,2977.03,2.38
2025-05-24,organic_search,tablet,268,161,39.7,81.0,4.6,190,7,1145.69,2.61
2025-05-24,paid_search,mobile,1049,688,34.3,86.0,2.3,730,34,3494.5,3.24
2025-05-24,paid_search,desktop,736,492,33.1,231.0,4.5,527,25,2121.09,3.4
2025-05-24,paid_search,tablet,160,90,43.6,53.0,3.3,87,6,891.54,3.75
2025-05-24,paid_social,mobile,992,366,63.0,106.0,4.7,528,20,2502.32,2.02
2025-05-24,paid_social,desktop,738,383,48.0,118.0,3.5,477,12,2212.36,1.63
2025-05-24,paid_social,tablet,181,91,49.6,80.0,1.5,111,3,654.65,1.66
2025-05-24,direct,mobile,724,531,26.6,226.0,3.1,576,26,3672.84,3.59
2025-05-24,direct,desktop,582,408,29.9,209.0,4.1,337,21,4228.25,3.61
2025-05-24,direct,tablet,134,90,32.6,226.0,3.1,78,5,1069.55,3.73
2025-05-24,email,mobile,404,305,24.3,82.0,3.3,310,14,1152.74,3.47
2025-05-24,email,desktop,296,223,24.6,205.0,3.5,184,11,1448.22,3.72
2025-05-24,email,tablet,120,92,23.3,147.0,1.7,90,6,912.6,5.0
2025-05-24,referral,mobile,315,149,52.7,157.0,2.6,226,7,1085.41,2.22
2025-05-24,referral,desktop,254,129,49.2,164.0,3.9,160,5,583.86,1.97
2025-05-24,referral,tablet,56,25,54.5,130.0,1.6,33,1,87.99,1.79
2025-05-24,organic_social,mobile,249,114,54.2,120.0,2.1,155,2,357.74,0.8
2025-05-24,organic_social,desktop,175,56,67.9,196.0,3.2,95,2,408.6,1.14
2025-05-24,organic_social,tablet,58,19,66.5,84.0,2.4,40,0,0.0,0.0
2025-05-25,organic_search,mobile,1356,678,50.0,214.0,2.1,802,28,4820.96,2.06
2025-05-25,organic_search,desktop,785,475,39.4,63.0,2.8,449,15,2002.4,1.91
2025-05-25,organic_search,tablet,289,154,46.5,61.0,2.7,149,8,867.23,2.77
2025-05-25,paid_search,mobile,1285,842,34.4,191.0,1.6,838,32,6089.26,2.49
2025-05-25,paid_search,desktop,644,407,36.7,96.0,3.2,492,15,2853.44,2.33
2025-05-25,paid_search,tablet,169,113,32.7,150.0,3.6,93,6,894.87,3.55
2025-05-25,paid_social,mobile,1061,524,50.6,179.0,4.1,556,16,2693.86,1.51
2025-05-25,paid_social,desktop,689,291,57.7,102.0,3.8,462,13,2799.71,1.89
2025-05-25,paid_social,tablet,159,63,59.8,136.0,3.1,101,2,316.4,1.26
2025-05-25,direct,mobile,627,453,27.7,206.0,4.0,486,16,2900.62,2.55
2025-05-25,direct,desktop,428,287,32.9,50.0,3.7,313,12,1073.94,2.8
2025-05-25,direct,tablet,170,119,29.7,239.0,1.7,125,4,340.03,2.35
2025-05-25,email,mobile,387,299,22.6,140.0,1.9,306,12,1425.54,3.1
2025-05-25,email,desktop,233,169,27.0,77.0,3.8,138,9,827.83,3.86
2025-05-25,email,tablet,92,68,25.4,67.0,4.5,54,4,646.26,4.35
2025-05-25,referral,mobile,281,157,44.0,135.0,1.7,143,4,672.06,1.42
2025-05-25,referral,desktop,166,84,48.8,192.0,2.5,89,3,480.92,1.81
2025-05-25,referral,tablet,78,36,53.4,155.0,3.2,50,1,204.29,1.28
2025-05-25,organic_social,mobile,279,110,60.3,203.0,1.8,183,2,427.08,0.72
2025-05-25,organic_social,desktop,195,93,52.0,49.0,4.4,148,1,156.29,0.51
2025-05-25,organic_social,tablet,54,18,65.8,45.0,4.3,38,0,0.0,0.0
2025-05-26,organic_search,mobile,920,469,49.0,107.0,1.7,664,16,1994.75,1.74
2025-05-26,organic_search,desktop,727,391,46.1,212.0,2.7,436,17,2804.78,2.34
2025-05-26,organic_search,tablet,191,100,47.5,110.0,3.8,133,4,801.36,2.09
2025-05-26,paid_search,mobile,687,463,32.5,69.0,5.2,404,26,3836.0,3.78
2025-05-26,paid_search,desktop,491,305,37.8,186.0,2.1,346,14,1417.1,2.85
2025-05-26,paid_search,tablet,168,113,32.6,90.0,3.9,105,6,1015.95,3.57
2025-05-26,paid_social,mobile,529,235,55.4,101.0,3.4,381,12,2050.0,2.27
2025-05-26,paid_social,desktop,356,158,55.5,173.0,3.4,252,6,796.31,1.69
2025-05-26,paid_social,tablet,135,54,59.6,80.0,4.4,73,2,349.77,1.48
2025-05-26,direct,mobile,531,353,33.5,145.0,2.1,382,14,2818.69,2.64
2025-05-26,direct,desktop,325,222,31.6,209.0,5.2,216,13,2076.18,4.0
2025-05-26,direct,tablet,84,57,31.9,177.0,4.3,58,2,308.76,2.38
2025-05-26,email,mobile,329,240,26.9,116.0,5.4,182,16,1364.39,4.86
2025-05-26,email,desktop,201,149,25.7,107.0,3.2,160,7,1203.98,3.48
2025-05-26,email,tablet,65,50,21.9,148.0,5.2,35,3,487.2,4.62
2025-05-26,referral,mobile,272,148,45.4,222.0,4.1,155,4,567.72,1.47
2025-05-26,referral,desktop,170,77,54.5,75.0,3.5,86,2,217.04,1.18
2025-05-26,referral,tablet,52,23,54.9,82.0,4.3,40,1,173.36,1.92
2025-05-26,organic_social,mobile,158,51,67.4,91.0,4.6,87,2,434.2,1.27
2025-05-26,organic_social,desktop,100,47,52.9,111.0,3.6,52,1,81.71,1.0
2025-05-26,organic_social,tablet,42,18,56.3,67.0,4.2,25,0,0.0,0.0
2025-05-27,organic_search,mobile,754,419,44.4,108.0,4.3,521,18,2134.54,2.39
2025-05-27,organic_search,desktop,516,252,51.1,147.0,2.1,303,11,1701.5,2.13
2025-05-27,organic_search,tablet,176,102,41.7,187.0,4.5,94,3,497.52,1.7
2025-05-27,paid_search,mobile,895,510,43.0,227.0,4.7,597,30,4939.66,3.35
2025-05-27,paid_search,desktop,578,379,34.4,107.0,3.2,318,17,3062.67,2.94
2025-05-27,paid_search,tablet,176,101,42.5,176.0,2.1,100,5,534.4,2.84
2025-05-27,paid_social,mobile,905,467,48.4,65.0,1.4,599,15,2365.24,1.66
2025-05-27,paid_social,desktop,345,169,50.9,172.0,4.9,250,6,771.9,1.74
2025-05-27,paid_social,tablet,166,77,53.2,200.0,2.7,118,2,219.52,1.2
2025-05-27,direct,mobile,649,480,26.0,99.0,5.4,471,27,3999.1,4.16
2025-05-27,direct,desktop,400,262,34.4,247.0,3.8,235,16,1551.36,4.0
2025-05-27,direct,tablet,127,94,25.9,71.0,2.9,77,4,409.19,3.15
2025-05-27,email,mobile,415,309,25.5,235.0,5.0,234,19,1983.13,4.58
2025-05-27,email,desktop,245,183,24.9,67.0,5.4,127,12,2481.44,4.9
2025-05-27,email,tablet,73,55,23.6,177.0,2.1,57,2,335.48,2.74
2025-05-27,referral,mobile,196,102,47.7,191.0,2.7,137,4,796.52,2.04
2025-05-27,referral,desktop,202,98,51.2,54.0,2.3,143,4,630.03,1.98
2025-05-27,referral,tablet,42,21,49.3,92.0,3.6,28,0,0.0,0.0
2025-05-27,organic_social,mobile,236,92,60.9,60.0,3.5,182,2,306.36,0.85
2025-05-27,organic_social,desktop,126,55,56.3,183.0,4.3,84,1,206.26,0.79
2025-05-27,organic_social,tablet,33,15,53.4,88.0,4.1,19,0,0.0,0.0
2025-05-28,organic_search,mobile,1371,705,48.5,55.0,3.2,872,35,5204.53,2.55
2025-05-28,organic_search,desktop,1021,568,44.3,134.0,2.3,784,27,5084.71,2.64
2025-05-28,organic_search,tablet,293,145,50.4,210.0,1.8,204,6,744.99,2.05
2025-05-28,paid_search,mobile,914,543,40.5,77.0,4.2,472,35,4799.76,3.83
2025-05-28,paid_search,desktop,471,271,42.3,173.0,5.1,244,17,2745.05,3.61
2025-05-28,paid_search,tablet,157,93,40.6,132.0,4.2,88,4,436.07,2.55
2025-05-28,paid_social,mobile,900,402,55.3,194.0,4.1,585,13,1907.75,1.44
2025-05-28,paid_social,desktop,463,244,47.1,175.0,4.2,274,6,1110.18,1.3
2025-05-28,paid_social,tablet,128,53,58.5,172.0,3.9,96,2,286.61,1.56
2025-05-28,direct,mobile,561,369,34.1,248.0,3.9,294,23,4662.27,4.1
2025-05-28,direct,desktop,595,436,26.7,53.0,3.2,439,23,3205.36,3.87
2025-05-28,direct,tablet,107,79,25.5,248.0,4.8,73,3,240.63,2.8
2025-05-28,email,mobile,371,276,25.5,251.0,4.8,226,17,2758.12,4.58
2025-05-28,email,desktop,371,279,24.7,175.0,3.5,227,19,3164.22,5.12
2025-05-28,email,tablet,74,56,23.3,225.0,1.4,57,2,203.12,2.7
2025-05-28,referral,mobile,284,161,43.3,83.0,1.8,158,7,1539.8,2.46
2025-05-28,referral,desktop,234,123,47.3,209.0,5.0,153,4,773.36,1.71
2025-05-28,referral,tablet,56,27,50.8,208.0,2.1,33,1,84.33,1.79
2025-05-28,organic_social,mobile,239,77,67.4,156.0,4.6,127,2,222.44,0.84
2025-05-28,organic_social,desktop,168,54,67.5,183.0,2.3,94,2,425.57,1.19
2025-05-28,organic_social,tablet,58,20,63.8,91.0,3.3,33,0,0.0,0.0
2025-05-29,organic_search,mobile,1354,667,50.7,89.0,1.5,965,39,6702.12,2.88
2025-05-29,organic_search,desktop,869,511,41.1,157.0,2.5,663,27,4246.63,3.11
2025-05-29,organic_search,tablet,293,152,47.9,131.0,1.8,175,5,459.07,1.71
2025-05-29,paid_search,mobile,838,537,35.8,76.0,4.0,426,33,6120.54,3.94
2025-05-29,paid_search,desktop,857,528,38.4,137.0,3.4,597,27,3068.47,3.15
2025-05-29,paid_search,tablet,138,88,36.2,96.0,2.3,102,4,403.52,2.9
2025-05-29,paid_social,mobile,1046,397,62.0,184.0,2.9,720,16,3254.92,1.53
2025-05-29,paid_social,desktop,633,304,51.8,193.0,3.3,380,9,932.89,1.42
2025-05-29,paid_social,tablet,172,89,48.1,210.0,2.5,107,2,372.62,1.16
2025-05-29,direct,mobile,724,508,29.8,186.0,2.5,566,24,3217.76,3.31
2025-05-29,direct,desktop,441,320,27.4,163.0,2.7,230,19,2128.62,4.31
2025-05-29,direct,tablet,181,128,28.9,165.0,4.3,133,6,1204.29,3.31
2025-05-29,email,mobile,485,359,26.0,258.0,1.8,304,16,1403.95,3.3
2025-05-29,email,desktop,246,176,28.2,199.0,1.6,176,7,1330.78,2.85
2025-05-29,email,tablet,121,90,25.2,78.0,5.4,73,4,625.18,3.31
2025-05-29,referral,mobile,356,183,48.5,148.0,3.2,283,5,424.05,1.4
2025-05-29,referral,desktop,199,103,48.0,163.0,1.7,156,5,433.52,2.51
2025-05-29,referral,tablet,58,26,54.7,141.0,4.9,40,1,198.58,1.72
2025-05-29,organic_social,mobile,306,136,55.4,69.0,4.9,163,3,491.24,0.98
2025-05-29,organic_social,desktop,189,90,52.0,125.0,1.3,116,1,167.27,0.53
2025-05-29,organic_social,tablet,40,13,66.7,192.0,3.8,21,0,0.0,0.0
2025-05-30,organic_search,mobile,1648,992,39.8,82.0,1.4,1051,33,3957.37,2.0
2025-05-30,organic_search,desktop,924,518,43.9,120.0,4.6,511,19,3868.52,2.06
2025-05-30,organic_search,tablet,213,108,49.1,117.0,5.0,151,3,626.61,1.41
2025-05-30,paid_search,mobile,1326,887,33.1,248.0,1.5,696,48,9723.11,3.62
2025-05-30,paid_search,desktop,757,509,32.7,156.0,3.8,381,17,2657.27,2.25
2025-05-30,paid_search,tablet,190,122,35.6,120.0,4.0,132,7,901.24,3.68
2025-05-30,paid_social,mobile,691,296,57.1,185.0,1.3,546,13,1872.69,1.88
2025-05-30,paid_social,desktop,553,240,56.6,137.0,4.8,346,7,1254.72,1.27
2025-05-30,paid_social,tablet,193,100,48.0,92.0,4.8,101,2,425.72,1.04
2025-05-30,direct,mobile,848,589,30.5,61.0,3.3,633,37,5052.79,4.36
2025-05-30,direct,desktop,364,269,25.8,94.0,4.1,189,15,2930.35,4.12
2025-05-30,direct,tablet,165,118,28.2,239.0,1.5,89,4,699.48,2.42
2025-05-30,email,mobile,445,319,28.2,130.0,2.3,248,22,4554.09,4.94
2025-05-30,email,desktop,408,314,23.0,159.0,2.8,239,17,2149.54,4.17
2025-05-30,email,tablet,90,68,23.7,90.0,2.4,46,4,645.17,4.44
2025-05-30,referral,mobile,321,152,52.5,101.0,3.6,206,5,469.44,1.56
2025-05-30,referral,desktop,209,92,55.7,49.0,3.6,133,4,574.83,1.91
2025-05-30,referral,tablet,52,27,46.2,127.0,2.7,31,0,0.0,0.0
2025-05-30,organic_social,mobile,222,91,58.9,80.0,3.9,112,2,331.22,0.9
2025-05-30,organic_social,desktop,191,83,56.1,149.0,2.8,149,2,322.6,1.05
2025-05-30,organic_social,tablet,57,25,55.1,81.0,1.3,45,0,0.0,0.0
2025-05-31,organic_search,mobile,1665,956,42.6,177.0,4.3,1042,35,3557.61,2.1
2025-05-31,organic_search,desktop,702,390,44.3,130.0,1.3,450,17,2653.3,2.42
2025-05-31,organic_search,tablet,215,116,45.8,208.0,3.5,155,3,609.26,1.4
2025-05-31,paid_search,mobile,1006,613,39.0,234.0,3.7,801,34,4404.51,3.38
2025-05-31,paid_search,desktop,638,429,32.7,233.0,3.8,409,17,2908.87,2.66
2025-05-31,paid_search,tablet,142,93,34.0,215.0,2.0,84,3,538.7,2.11
2025-05-31,paid_social,mobile,928,472,49.1,175.0,1.9,491,15,3230.35,1.62
2025-05-31,paid_social,desktop,578,213,63.1,45.0,2.7,316,12,1452.45,2.08
2025-05-31,paid_social,tablet,138,69,49.4,147.0,4.2,75,2,170.04,1.45
2025-05-31,direct,mobile,968,714,26.2,220.0,3.8,655,37,3850.78,3.82
2025-05-31,direct,desktop,452,325,28.0,86.0,4.7,291,15,2791.2,3.32
2025-05-31,direct,tablet,138,102,25.6,258.0,2.4,69,3,421.43,2.17
2025-05-31,email,mobile,502,394,21.4,54.0,4.7,388,19,2461.79,3.78
2025-05-31,email,desktop,432,323,25.1,207.0,3.0,289,16,2887.14,3.7
2025-05-31,email,tablet,113,87,22.7,195.0,3.8,76,3,466.67,2.65
2025-05-31,referral,mobile,342,163,52.3,123.0,4.8,237,4,404.66,1.17
2025-05-31,referral,desktop,212,107,49.4,54.0,2.9,130,5,779.73,2.36
2025-05-31,referral,tablet,82,43,47.1,54.0,4.5,55,1,129.67,1.22
2025-05-31,organic_social,mobile,256,108,57.5,74.0,1.5,171,2,380.6,0.78
2025-05-31,organic_social,desktop,202,78,61.1,54.0,3.4,151,2,409.97,0.99
2025-05-31,organic_social,tablet,51,19,61.6,125.0,1.4,34,0,0.0,0.0
2025-06-01,organic_search,mobile,1081,630,41.7,184.0,2.9,822,29,4159.57,2.68
2025-06-01,organic_search,desktop,794,437,44.9,91.0,4.3,567,15,2257.49,1.89
2025-06-01,organic_search,tablet,168,92,44.9,214.0,4.7,96,3,479.1,1.79
2025-06-01,paid_search,mobile,819,480,41.3,202.0,2.3,464,26,3622.74,3.17
2025-06-01,paid_search,desktop,709,457,35.4,90.0,1.6,517,21,3017.15,2.96
2025-06-01,paid_search,tablet,222,135,39.1,83.0,4.8,157,5,733.35,2.25
2025-06-01,paid_social,mobile,676,359,46.8,205.0,5.0,400,15,1283.68,2.22
2025-06-01,paid_social,desktop,612,260,57.4,142.0,2.2,336,11,1208.8,1.8
2025-06-01,paid_social,tablet,171,80,52.9,51.0,4.7,95,2,425.91,1.17
2025-06-01,direct,mobile,615,454,26.1,241.0,4.6,336,20,3243.21,3.25
2025-06-01,direct,desktop,399,296,25.6,81.0,4.0,217,15,1236.71,3.76
2025-06-01,direct,tablet,112,81,27.6,206.0,4.6,68,3,243.3,2.68
2025-06-01,email,mobile,615,471,23.4,195.0,2.7,390,33,4477.52,5.37
2025-06-01,email,desktop,361,274,23.9,155.0,2.5,280,16,1607.07,4.43
2025-06-01,email,tablet,113,84,24.9,198.0,4.2,75,4,787.03,3.54
2025-06-01,referral,mobile,445,243,45.3,162.0,5.0,279,10,1529.04,2.25
2025-06-01,referral,desktop,256,127,50.3,91.0,3.1,198,6,889.62,2.34
2025-06-01,referral,tablet,66,36,44.7,168.0,2.2,39,1,134.26,1.52
2025-06-01,organic_social,mobile,263,123,53.1,210.0,4.9,205,2,384.38,0.76
2025-06-01,organic_social,desktop,210,71,65.8,111.0,2.6,151,2,224.91,0.95
2025-06-01,organic_social,tablet,46,19,57.5,106.0,2.8,35,0,0.0,0.0
2025-06-02,organic_search,mobile,1116,585,47.6,149.0,2.4,586,31,2923.99,2.78
2025-06-02,organic_search,desktop,709,408,42.4,173.0,3.2,472,15,2543.7,2.12
2025-06-02,organic_search,tablet,215,129,39.7,164.0,2.1,141,3,515.62,1.4
2025-06-02,paid_search,mobile,899,533,40.6,106.0,2.9,662,30,2947.88,3.34
2025-06-02,paid_search,desktop,511,303,40.7,93.0,1.9,255,20,3346.98,3.91
2025-06-02,paid_search,tablet,114,73,35.4,79.0,3.1,57,3,520.17,2.63
2025-06-02,paid_social,mobile,604,317,47.4,134.0,4.2,458,12,1555.23,1.99
2025-06-02,paid_social,desktop,453,192,57.5,164.0,3.7,286,9,1079.5,1.99
2025-06-02,paid_social,tablet,115,42,62.8,104.0,4.0,80,2,354.63,1.74
2025-06-02,direct,mobile,603,442,26.7,134.0,2.8,329,26,2927.27,4.31
2025-06-02,direct,desktop,267,176,33.9,187.0,1.9,191,10,829.0,3.75
2025-06-02,direct,tablet,107,70,34.3,58.0,5.1,71,3,554.56,2.8
2025-06-02,email,mobile,348,270,22.2,72.0,2.1,214,15,2767.22,4.31
2025-06-02,email,desktop,302,215,28.6,237.0,1.5,232,14,1130.93,4.64
2025-06-02,email,tablet,67,49,26.8,146.0,1.5,41,2,206.18,2.99
2025-06-02,referral,mobile,315,150,52.3,92.0,4.2,189,5,406.19,1.59
2025-06-02,referral,desktop,161,90,43.6,128.0,4.3,122,3,501.2,1.86
2025-06-02,referral,tablet,57,28,50.7,162.0,3.5,42,1,133.51,1.75
2025-06-02,organic_social,mobile,195,76,61.0,190.0,4.4,138,2,199.35,1.03
2025-06-02,organic_social,desktop,113,48,57.4,131.0,1.4,59,0,0.0,0.0
2025-06-02,organic_social,tablet,30,12,57.7,203.0,4.8,15,0,0.0,0.0
2025-06-03,organic_search,mobile,1265,751,40.6,179.0,1.5,926,28,5521.1,2.21
2025-06-03,organic_search,desktop,684,334,51.1,126.0,4.0,539,21,4547.17,3.07
2025-06-03,organic_search,tablet,124,63,48.9,48.0,3.4,81,2,439.7,1.61
2025-06-03,paid_search,mobile,691,410,40.6,82.0,4.1,380,18,2172.78,2.6
2025-06-03,paid_search,desktop,617,397,35.6,188.0,2.3,463,19,2783.67,3.08
2025-06-03,paid_search,tablet,162,103,36.2,242.0,1.4,122,4,602.67,2.47
2025-06-03,paid_social,mobile,789,396,49.8,171.0,4.8,601,14,2350.25,1.77
2025-06-03,paid_social,desktop,402,206,48.7,219.0,4.4,319,5,1078.12,1.24
2025-06-03,paid_social,tablet,110,43,60.4,144.0,4.3,68,1,191.89,0.91
2025-06-03,direct,mobile,760,551,27.5,173.0,2.6,507,29,5578.47,3.82
2025-06-03,direct,desktop,375,272,27.2,224.0,2.3,244,15,1761.09,4.0
2025-06-03,direct,tablet,119,77,34.5,80.0,4.7,90,3,506.96,2.52
2025-06-03,email,mobile,483,346,28.3,117.0,4.7,301,18,3119.44,3.73
2025-06-03,email,desktop,257,199,22.2,190.0,4.2,149,13,1918.96,5.06
2025-06-03,email,tablet,83,60,27.5,85.0,3.1,42,3,619.01,3.61
2025-06-03,referral,mobile,257,109,57.5,160.0,1.4,155,5,693.45,1.95
2025-06-03,referral,desktop,178,89,49.8,118.0,3.7,105,3,298.35,1.69
2025-06-03,referral,tablet,53,22,56.9,73.0,4.2,33,1,181.57,1.89
2025-06-03,organic_social,mobile,249,94,62.0,94.0,2.2,182,2,247.48,0.8
2025-06-03,organic_social,desktop,112,50,54.5,48.0,2.3,57,1,145.07,0.89
2025-06-03,organic_social,tablet,41,13,68.1,173.0,1.3,22,0,0.0,0.0
2025-06-04,organic_search,mobile,1427,738,48.3,117.0,3.4,1122,38,8036.78,2.66
2025-06-04,organic_search,desktop,1030,631,38.7,49.0,4.8,670,23,4219.56,2.23
2025-06-04,organic_search,tablet,178,99,44.2,132.0,4.8,106,4,525.48,2.25
2025-06-04,paid_search,mobile,1333,798,40.1,142.0,3.6,700,52,5681.37,3.9
2025-06-04,paid_search,desktop,662,383,42.1,235.0,3.4,391,15,2548.84,2.27
2025-06-04,paid_search,tablet,199,122,38.5,178.0,3.7,120,4,440.0,2.01
2025-06-04,paid_social,mobile,1210,515,57.4,165.0,3.7,694,18,2627.38,1.49
2025-06-04,paid_social,desktop,651,310,52.2,147.0,4.0,400,11,1910.49,1.69
2025-06-04,paid_social,tablet,196,103,47.0,62.0,3.8,151,2,432.5,1.02
2025-06-04,direct,mobile,952,631,33.7,116.0,1.8,533,42,5460.77,4.41
2025-06-04,direct,desktop,544,389,28.5,73.0,1.6,403,17,2897.3,3.12
2025-06-04,direct,tablet,167,118,29.0,127.0,1.5,97,6,679.99,3.59
2025-06-04,email,mobile,370,279,24.4,124.0,2.3,235,15,2240.19,4.05
2025-06-04,email,desktop,406,289,28.6,141.0,3.9,300,15,3246.3,3.69
2025-06-04,email,tablet,86,66,22.8,252.0,1.9,60,3,592.22,3.49
2025-06-04,referral,mobile,263,116,55.6,186.0,3.5,143,6,1130.67,2.28
2025-06-04,referral,desktop,290,160,44.6,139.0,1.7,211,4,562.26,1.38
2025-06-04,referral,tablet,52,24,52.3,97.0,4.4,29,1,193.53,1.92
2025-06-04,organic_social,mobile,272,109,59.8,109.0,1.7,154,2,163.3,0.74
2025-06-04,organic_social,desktop,185,71,61.3,62.0,1.8,122,2,317.92,1.08
2025-06-04,organic_social,tablet,44,17,59.3,196.0,4.4,33,0,0.0,0.0
2025-06-05,organic_search,mobile,1417,709,49.9,200.0,4.7,840,45,6569.91,3.18
2025-06-05,organic_search,desktop,802,433,46.0,117.0,2.9,461,18,2251.81,2.24
2025-06-05,organic_search,tablet,233,119,48.8,74.0,4.4,152,6,799.0,2.58
2025-06-05,paid_search,mobile,1340,868,35.2,66.0,2.9,749,34,2758.11,2.54
2025-06-05,paid_search,desktop,480,312,34.9,79.0,5.1,262,17,3110.95,3.54
2025-06-05,paid_search,tablet,143,94,34.2,81.0,3.9,83,3,505.32,2.1
2025-06-05,paid_social,mobile,798,306,61.6,92.0,4.9,633,11,2211.46,1.38
2025-06-05,paid_social,desktop,716,278,61.1,177.0,3.5,538,15,2522.26,2.09
2025-06-05,paid_social,tablet,215,87,59.2,199.0,2.1,109,4,571.01,1.86
2025-06-05,direct,mobile,608,444,26.9,100.0,4.7,340,25,3403.53,4.11
2025-06-05,direct,desktop,372,261,29.7,194.0,2.9,195,9,1071.46,2.42
2025-06-05,direct,tablet,134,93,30.1,206.0,1.6,105,3,311.77,2.24
2025-06-05,email,mobile,368,271,26.1,91.0,1.5,278,12,1879.12,3.26
2025-06-05,email,desktop,317,243,23.3,127.0,2.1,252,16,1463.66,5.05
2025-06-05,email,tablet,97,70,27.3,180.0,2.1,63,3,367.86,3.09
2025-06-05,referral,mobile,460,200,56.5,77.0,4.9,301,8,1218.08,1.74
2025-06-05,referral,desktop,191,85,55.2,190.0,2.4,128,3,507.18,1.57
2025-06-05,referral,tablet,48,25,46.0,93.0,4.2,34,0,0.0,0.0
2025-06-05,organic_social,mobile,305,142,53.4,101.0,2.2,218,3,525.22,0.98
2025-06-05,organic_social,desktop,151,67,55.5,178.0,1.4,83,1,166.85,0.66
2025-06-05,organic_social,tablet,55,21,60.6,119.0,2.6,38,0,0.0,0.0
2025-06-06,organic_search,mobile,1376,776,43.6,64.0,1.7,923,27,2169.06,1.96
2025-06-06,organic_search,desktop,960,533,44.4,215.0,4.2,600,22,2166.91,2.29
2025-06-06,organic_search,tablet,180,90,49.7,106.0,4.6,121,3,522.82,1.67
2025-06-06,paid_search,mobile,874,590,32.4,193.0,2.2,505,23,3016.38,2.63
2025-06-06,paid_search,desktop,639,429,32.8,198.0,2.4,407,23,2093.59,3.6
2025-06-06,paid_search,tablet,179,116,35.2,110.0,2.1,102,4,851.47,2.23
2025-06-06,paid_social,mobile,1050,505,51.8,65.0,2.8,796,15,2070.42,1.43
2025-06-06,paid_social,desktop,552,247,55.2,52.0,2.1,424,11,1674.6,1.99
2025-06-06,paid_social,tablet,202,82,59.3,159.0,3.7,139,3,388.37,1.49
2025-06-06,direct,mobile,785,566,27.8,96.0,2.3,578,26,3944.11,3.31
2025-06-06,direct,desktop,444,291,34.3,150.0,3.3,340,14,2313.15,3.15
2025-06-06,direct,tablet,107,76,28.6,239.0,1.7,62,3,376.92,2.8
2025-06-06,email,mobile,597,459,23.0,77.0,3.6,390,30,3785.66,5.03
2025-06-06,email,desktop,240,176,26.6,169.0,5.1,121,7,769.16,2.92
2025-06-06,email,tablet,113,82,26.9,240.0,2.0,60,3,396.68,2.65
2025-06-06,referral,mobile,417,210,49.6,176.0,3.0,238,7,728.43,1.68
2025-06-06,referral,desktop,294,144,50.9,134.0,1.3,221,5,903.76,1.7
2025-06-06,referral,tablet,49,20,57.3,214.0,2.2,31,0,0.0,0.0
2025-06-06,organic_social,mobile,301,122,59.4,129.0,3.3,171,3,290.66,1.0
2025-06-06,organic_social,desktop,149,65,56.4,100.0,2.3,112,1,191.75,0.67
2025-06-06,organic_social,tablet,56,19,65.3,156.0,1.8,28,0,0.0,0.0
2025-06-07,organic_search,mobile,1056,600,43.2,168.0,4.1,558,19,3533.62,1.8
2025-06-07,organic_search,desktop,745,413,44.5,229.0,1.6,515,19,3655.37,2.55
2025-06-07,organic_search,tablet,185,106,42.3,147.0,2.7,104,5,1095.87,2.7
2025-06-07,paid_search,mobile,1222,701,42.6,158.0,4.6,951,47,7113.77,3.85
2025-06-07,paid_search,desktop,840,502,40.2,99.0,2.0,483,21,2600.18,2.5
2025-06-07,paid_search,tablet,232,136,41.1,235.0,2.2,160,5,503.39,2.16
2025-06-07,paid_social,mobile,774,382,50.6,161.0,1.9,448,13,1927.55,1.68
2025-06-07,paid_social,desktop,643,332,48.4,125.0,1.7,453,14,1470.45,2.18
2025-06-07,paid_social,tablet,153,79,48.0,204.0,4.0,77,2,434.59,1.31
2025-06-07,direct,mobile,952,632,33.6,140.0,3.0,560,24,2331.22,2.52
2025-06-07,direct,desktop,408,283,30.4,112.0,4.2,300,16,3378.97,3.92
2025-06-07,direct,tablet,140,92,33.8,228.0,1.9,88,3,618.2,2.14
2025-06-07,email,mobile,527,399,24.3,79.0,5.3,270,27,4855.08,5.12
2025-06-07,email,desktop,351,262,25.2,254.0,3.3,229,10,1774.18,2.85
2025-06-07,email,tablet,88,63,27.8,236.0,2.2,56,4,542.37,4.55
2025-06-07,referral,mobile,311,168,45.9,59.0,4.2,208,7,1259.95,2.25
2025-06-07,referral,desktop,272,132,51.4,70.0,2.5,137,5,746.49,1.84
2025-06-07,referral,tablet,62,34,43.9,186.0,2.1,40,1,207.76,1.61
2025-06-07,organic_social,mobile,294,101,65.5,57.0,3.8,185,3,440.37,1.02
2025-06-07,organic_social,desktop,120,47,60.5,109.0,3.0,95,1,86.22,0.83
2025-06-07,organic_social,tablet,39,13,65.7,90.0,1.7,23,0,0.0,0.0
2025-06-08,organic_search,mobile,926,558,39.7,134.0,3.9,659,23,4868.81,2.48
2025-06-08,organic_search,desktop,600,344,42.6,136.0,4.6,351,19,1538.64,3.17
2025-06-08,organic_search,tablet,308,169,44.8,121.0,4.1,242,9,1385.7,2.92
2025-06-08,paid_search,mobile,967,559,42.2,58.0,2.5,724,33,4389.15,3.41
2025-06-08,paid_search,desktop,503,307,38.8,230.0,4.3,328,16,2762.08,3.18
2025-06-08,paid_search,tablet,227,135,40.3,192.0,1.7,113,8,1451.27,3.52
2025-06-08,paid_social,mobile,1197,587,50.9,177.0,1.4,835,17,1737.75,1.42
2025-06-08,paid_social,desktop,624,317,49.2,92.0,3.7,350,8,788.58,1.28
2025-06-08,paid_social,tablet,187,69,62.8,197.0,3.5,136,4,766.92,2.14
2025-06-08,direct,mobile,912,599,34.3,89.0,2.6,664,34,4019.75,3.73
2025-06-08,direct,desktop,545,395,27.5,209.0,1.6,375,23,4999.9,4.22
2025-06-08,direct,tablet,179,128,28.3,233.0,5.0,109,6,670.67,3.35
2025-06-08,email,mobile,475,374,21.3,60.0,2.3,341,17,3219.78,3.58
2025-06-08,email,desktop,362,258,28.6,188.0,1.7,193,14,1381.23,3.87
2025-06-08,email,tablet,98,73,24.8,235.0,4.4,62,3,440.75,3.06
2025-06-08,referral,mobile,324,158,51.2,188.0,1.7,201,4,730.52,1.23
2025-06-08,referral,desktop,183,79,56.7,210.0,1.8,96,4,331.24,2.19
2025-06-08,referral,tablet,47,21,54.4,216.0,2.4,33,1,93.39,2.13
2025-06-08,organic_social,mobile,337,164,51.2,111.0,1.7,231,4,687.35,1.19
2025-06-08,organic_social,desktop,121,39,67.6,173.0,1.2,77,1,207.44,0.83
2025-06-08,organic_social,tablet,58,24,57.7,163.0,3.6,35,0,0.0,0.0
2025-06-09,organic_search,mobile,723,356,50.7,108.0,3.2,442,16,3062.23,2.21
2025-06-09,organic_search,desktop,466,267,42.7,152.0,5.1,235,14,1336.26,3.0
2025-06-09,organic_search,tablet,132,65,50.5,141.0,5.0,66,3,469.04,2.27
2025-06-09,paid_search,mobile,675,432,35.9,122.0,5.2,427,16,2080.18,2.37
2025-06-09,paid_search,desktop,628,367,41.5,129.0,1.5,385,22,2778.01,3.5
2025-06-09,paid_search,tablet,174,102,41.2,88.0,3.9,120,6,666.14,3.45
2025-06-09,paid_social,mobile,576,238,58.6,104.0,2.1,321,9,1837.37,1.56
2025-06-09,paid_social,desktop,556,217,60.9,89.0,2.6,285,9,1023.31,1.62
2025-06-09,paid_social,tablet,94,35,62.1,121.0,2.6,49,1,193.96,1.06
2025-06-09,direct,mobile,608,412,32.2,237.0,4.8,449,17,2286.2,2.8
2025-06-09,direct,desktop,270,197,27.0,79.0,2.6,169,8,980.08,2.96
2025-06-09,direct,tablet,77,54,29.1,190.0,1.7,53,2,171.46,2.6
2025-06-09,email,mobile,508,397,21.7,132.0,4.9,395,18,1765.91,3.54
2025-06-09,email,desktop,300,220,26.4,104.0,2.9,154,14,1356.13,4.67
2025-06-09,email,tablet,85,65,23.2,259.0,5.2,66,2,180.46,2.35
2025-06-09,referral,mobile,349,158,54.5,114.0,4.2,271,6,752.81,1.72
2025-06-09,referral,desktop,168,89,47.0,47.0,2.2,98,2,231.81,1.19
2025-06-09,referral,tablet,58,28,50.7,186.0,3.6,30,1,163.59,1.72
2025-06-09,organic_social,mobile,165,72,56.1,172.0,3.0,126,1,83.45,0.61
2025-06-09,organic_social,desktop,126,39,68.8,193.0,2.9,86,1,204.16,0.79
2025-06-09,organic_social,tablet,44,17,61.4,197.0,4.1,32,0,0.0,0.0
2025-06-10,organic_search,mobile,732,379,48.2,212.0,5.1,432,13,2733.81,1.78
2025-06-10,organic_search,desktop,638,344,46.1,228.0,4.7,435,16,2203.26,2.51
2025-06-10,organic_search,tablet,193,100,47.9,195.0,5.1,145,5,895.26,2.59
2025-06-10,paid_search,mobile,609,374,38.5,141.0,5.0,351,21,2461.27,3.45
2025-06-10,paid_search,desktop,444,254,42.7,105.0,3.3,307,10,2032.23,2.25
2025-06-10,paid_search,tablet,155,87,43.5,206.0,3.6,122,3,535.6,1.94
2025-06-10,paid_social,mobile,670,273,59.1,136.0,2.2,441,13,1097.08,1.94
2025-06-10,paid_social,desktop,552,236,57.1,133.0,2.9,338,10,1741.42,1.81
2025-06-10,paid_social,tablet,143,57,59.5,134.0,3.4,92,2,172.24,1.4
2025-06-10,direct,mobile,538,357,33.6,177.0,4.5,410,18,3453.4,3.35
2025-06-10,direct,desktop,316,211,33.0,159.0,2.6,209,12,1902.6,3.8
2025-06-10,direct,tablet,99,65,33.5,79.0,4.2,69,3,365.59,3.03
2025-06-10,email,mobile,358,277,22.5,237.0,4.4,274,16,1885.68,4.47
2025-06-10,email,desktop,321,244,23.8,69.0,3.1,203,13,1774.87,4.05
2025-06-10,email,tablet,57,41,27.9,67.0,1.5,45,2,372.4,3.51
2025-06-10,referral,mobile,212,97,54.0,50.0,2.5,163,4,573.65,1.89
2025-06-10,referral,desktop,216,104,51.5,183.0,4.6,155,4,558.34,1.85
2025-06-10,referral,tablet,50,23,52.0,211.0,4.9,27,0,0.0,0.0
2025-06-10,organic_social,mobile,213,79,62.8,170.0,3.8,108,2,402.25,0.94
2025-06-10,organic_social,desktop,161,58,63.9,154.0,3.9,83,2,184.3,1.24
2025-06-10,organic_social,tablet,26,9,64.7,166.0,2.1,20,0,0.0,0.0
2025-06-11,organic_search,mobile,1123,583,48.1,215.0,3.5,592,28,2719.45,2.49
2025-06-11,organic_search,desktop,773,397,48.6,149.0,2.5,508,20,2225.79,2.59
2025-06-11,organic_search,tablet,211,116,44.9,47.0,1.9,158,6,658.09,2.84
2025-06-11,paid_search,mobile,991,587,40.7,157.0,4.2,729,22,2210.75,2.22
2025-06-11,paid_search,desktop,722,426,40.9,129.0,4.9,494,18,3098.6,2.49
2025-06-11,paid_search,tablet,194,118,38.9,215.0,1.4,130,7,571.05,3.61
2025-06-11,paid_social,mobile,941,443,52.9,175.0,1.7,664,13,1265.81,1.38
2025-06-11,paid_social,desktop,774,325,58.0,185.0,4.8,555,10,1558.88,1.29
2025-06-11,paid_social,tablet,151,74,50.9,132.0,1.6,105,3,559.33,1.99
2025-06-11,direct,mobile,826,614,25.6,225.0,4.2,425,31,3054.52,3.75
2025-06-11,direct,desktop,508,341,32.7,66.0,4.5,289,21,1931.02,4.13
2025-06-11,direct,tablet,150,103,31.0,59.0,3.6,98,5,636.51,3.33
2025-06-11,email,mobile,501,384,23.3,80.0,4.6,346,25,3295.34,4.99
2025-06-11,email,desktop,294,228,22.4,101.0,5.4,160,11,981.54,3.74
2025-06-11,email,tablet,82,63,22.3,66.0,5.2,44,4,837.91,4.88
2025-06-11,referral,mobile,343,167,51.3,186.0,3.9,268,6,594.17,1.75
2025-06-11,referral,desktop,212,108,49.0,55.0,4.2,124,3,266.46,1.42
2025-06-11,referral,tablet,65,27,57.2,132.0,5.0,48,0,0.0,0.0
2025-06-11,organic_social,mobile,193,89,53.8,81.0,1.6,127,1,107.56,0.52
2025-06-11,organic_social,desktop,213,73,65.5,199.0,4.2,136,2,379.24,0.94
2025-06-11,organic_social,tablet,40,14,64.5,77.0,3.6,30,0,0.0,0.0
2025-06-12,organic_search,mobile,930,450,51.6,54.0,1.5,541,18,2320.53,1.94
2025-06-12,organic_search,desktop,863,427,50.4,120.0,5.1,479,16,2502.82,1.85
2025-06-12,organic_search,tablet,218,133,38.7,162.0,1.5,115,6,1002.83,2.75
2025-06-12,paid_search,mobile,1227,753,38.6,236.0,1.7,970,32,5023.18,2.61
2025-06-12,paid_search,desktop,774,511,33.9,164.0,4.5,419,29,5340.73,3.75
2025-06-12,paid_search,tablet,215,129,39.6,179.0,2.3,117,5,883.26,2.33
2025-06-12,paid_social,mobile,862,402,53.3,174.0,3.0,448,18,2538.92,2.09
2025-06-12,paid_social,desktop,653,251,61.5,171.0,2.9,375,11,1961.17,1.68
2025-06-12,paid_social,tablet,207,81,60.4,64.0,2.8,115,4,782.44,1.93
2025-06-12,direct,mobile,621,418,32.5,132.0,5.4,350,21,1946.66,3.38
2025-06-12,direct,desktop,467,322,30.9,180.0,2.3,296,13,2801.32,2.78
2025-06-12,direct,tablet,130,95,26.6,70.0,1.6,86,3,472.56,2.31
2025-06-12,email,mobile,501,387,22.7,111.0,1.8,359,23,2122.96,4.59
2025-06-12,email,desktop,358,276,22.7,60.0,4.2,212,15,2662.59,4.19
2025-06-12,email,tablet,74,53,27.4,225.0,2.5,37,3,469.54,4.05
2025-06-12,referral,mobile,464,248,46.4,89.0,5.1,306,10,2167.85,2.16
2025-06-12,referral,desktop,296,166,43.8,76.0,2.4,166,6,1273.27,2.03
2025-06-12,referral,tablet,85,45,46.5,141.0,3.6,57,1,191.55,1.18
2025-06-12,organic_social,mobile,278,113,59.2,204.0,2.3,154,4,417.5,1.44
2025-06-12,organic_social,desktop,178,58,67.1,125.0,4.7,109,1,90.56,0.56
2025-06-12,organic_social,tablet,33,13,60.0,189.0,3.5,18,0,0.0,0.0
2025-06-13,organic_search,mobile,1640,885,46.0,227.0,4.7,828,45,7275.52,2.74
2025-06-13,organic_search,desktop,589,324,44.8,110.0,4.7,324,13,2020.75,2.21
2025-06-13,organic_search,tablet,174,99,42.9,136.0,4.1,90,3,488.44,1.72
2025-06-13,paid_search,mobile,1204,777,35.5,214.0,4.7,712,42,5071.1,3.49
2025-06-13,paid_search,desktop,828,530,36.0,106.0,4.9,434,32,3425.27,3.86
2025-06-13,paid_search,tablet,213,127,40.1,140.0,3.9,116,8,1728.95,3.76
2025-06-13,paid_social,mobile,785,345,56.0,47.0,1.5,560,11,1213.98,1.4
2025-06-13,paid_social,desktop,424,163,61.5,98.0,3.9,301,5,509.6,1.18
2025-06-13,paid_social,tablet,144,68,52.1,126.0,3.7,91,3,448.65,2.08
2025-06-13,direct,mobile,752,506,32.7,108.0,5.2,534,33,5177.6,4.39
2025-06-13,direct,desktop,544,375,31.0,211.0,5.3,339,21,3960.3,3.86
2025-06-13,direct,tablet,120,85,29.0,229.0,2.3,86,4,622.79,3.33
2025-06-13,email,mobile,443,322,27.2,190.0,4.4,227,17,3714.8,3.84
2025-06-13,email,desktop,373,282,24.4,101.0,2.1,226,14,2678.58,3.75
2025-06-13,email,tablet,102,78,23.2,137.0,2.2,60,4,535.51,3.92
2025-06-13,referral,mobile,316,170,46.2,91.0,5.0,215,4,562.52,1.27
2025-06-13,referral,desktop,227,119,47.6,202.0,2.3,132,4,511.22,1.76
2025-06-13,referral,tablet,74,32,56.0,199.0,4.1,42,1,91.86,1.35
2025-06-13,organic_social,mobile,192,69,63.9,55.0,3.3,97,1,153.33,0.52
2025-06-13,organic_social,desktop,169,57,66.0,128.0,3.7,103,2,407.7,1.18
2025-06-13,organic_social,tablet,41,17,57.0,109.0,2.5,26,0,0.0,0.0
2025-06-14,organic_search,mobile,1297,672,48.2,208.0,3.0,863,30,5244.34,2.31
2025-06-14,organic_search,desktop,919,506,44.9,52.0,4.0,536,18,2179.81,1.96
2025-06-14,organic_search,tablet,283,149,47.1,124.0,2.0,220,8,1628.36,2.83
2025-06-14,paid_search,mobile,1355,883,34.8,55.0,4.1,781,49,4415.78,3.62
2025-06-14,paid_search,desktop,811,501,38.1,218.0,2.1,543,30,2834.56,3.7
2025-06-14,paid_search,tablet,202,135,33.1,193.0,3.9,103,8,978.51,3.96
2025-06-14,paid_social,mobile,1144,551,51.8,89.0,3.6,640,17,1499.35,1.49
2025-06-14,paid_social,desktop,586,234,59.9,75.0,2.6,390,13,2314.9,2.22
2025-06-14,paid_social,tablet,209,92,55.8,130.0,2.4,139,3,349.08,1.44
2025-06-14,direct,mobile,928,612,34.0,121.0,4.2,572,38,7446.56,4.09
2025-06-14,direct,desktop,356,236,33.5,54.0,1.6,184,9,865.56,2.53
2025-06-14,direct,tablet,157,104,33.2,207.0,3.2,121,6,1006.08,3.82
2025-06-14,email,mobile,509,399,21.5,102.0,2.7,360,23,4514.97,4.52
2025-06-14,email,desktop,347,250,27.9,108.0,5.2,211,14,2438.01,4.03
2025-06-14,email,tablet,97,71,25.9,157.0,2.5,52,3,373.03,3.09
2025-06-14,referral,mobile,439,231,47.4,200.0,1.8,301,8,1252.83,1.82
2025-06-14,referral,desktop,211,93,55.5,95.0,1.4,154,4,401.31,1.9
2025-06-14,referral,tablet,63,35,43.2,207.0,2.6,41,0,0.0,0.0
2025-06-14,organic_social,mobile,273,108,60.3,72.0,1.4,149,2,269.36,0.73
2025-06-14,organic_social,desktop,117,48,58.8,133.0,2.4,62,1,105.33,0.85
2025-06-14,organic_social,tablet,36,13,62.1,73.0,4.4,18,0,0.0,0.0
2025-06-15,organic_search,mobile,897,461,48.5,81.0,3.4,632,25,2506.72,2.79
2025-06-15,organic_search,desktop,705,376,46.6,149.0,3.0,513,20,2831.66,2.84
2025-06-15,organic_search,tablet,140,81,41.7,187.0,1.7,90,4,720.06,2.86
2025-06-15,paid_search,mobile,799,469,41.2,93.0,4.6,618,24,3736.78,3.0
2025-06-15,paid_search,desktop,479,300,37.3,157.0,2.0,324,13,1525.62,2.71
2025-06-15,paid_search,tablet,145,86,40.2,51.0,3.4,109,3,534.82,2.07
2025-06-15,paid_social,mobile,787,308,60.8,120.0,2.4,477,11,1987.1,1.4
2025-06-15,paid_social,desktop,335,139,58.2,135.0,1.7,198,6,608.2,1.79
2025-06-15,paid_social,tablet,91,39,57.0,89.0,4.0,57,1,116.5,1.1
2025-06-15,direct,mobile,602,434,27.7,257.0,3.5,459,21,2118.66,3.49
2025-06-15,direct,desktop,280,193,30.8,149.0,1.5,161,10,1904.54,3.57
2025-06-15,direct,tablet,91,65,28.4,159.0,4.4,51,2,160.18,2.2
2025-06-15,email,mobile,429,314,26.7,117.0,2.9,290,17,2609.61,3.96
2025-06-15,email,desktop,224,167,25.0,240.0,5.2,173,10,2150.44,4.46
2025-06-15,email,tablet,59,42,28.3,171.0,4.8,46,2,401.98,3.39
2025-06-15,referral,mobile,330,149,54.7,72.0,3.2,214,5,1001.93,1.52
2025-06-15,referral,desktop,173,80,53.3,160.0,3.8,109,3,431.79,1.73
2025-06-15,referral,tablet,35,18,46.4,166.0,2.0,18,0,0.0,0.0
2025-06-15,organic_social,mobile,244,81,66.7,186.0,1.7,168,2,336.29,0.82
2025-06-15,organic_social,desktop,153,51,66.1,73.0,2.0,80,1,213.29,0.65
2025-06-15,organic_social,tablet,26,9,64.7,180.0,1.6,17,0,0.0,0.0
2025-06-16,organic_search,mobile,825,433,47.5,158.0,3.5,613,15,1875.66,1.82
2025-06-16,organic_search,desktop,337,186,44.7,71.0,3.8,168,10,2191.12,2.97
2025-06-16,organic_search,tablet,119,66,44.3,50.0,4.8,70,2,334.86,1.68
2025-06-16,paid_search,mobile,456,286,37.2,205.0,4.3,298,14,1221.96,3.07
2025-06-16,paid_search,desktop,298,170,42.9,186.0,1.7,159,11,1239.92,3.69
2025-06-16,paid_search,tablet,101,60,40.3,181.0,4.4,65,4,863.75,3.96
2025-06-16,paid_social,mobile,381,195,48.8,185.0,2.1,251,8,1080.16,2.1
2025-06-16,paid_social,desktop,261,104,60.1,67.0,4.2,169,3,536.49,1.15
2025-06-16,paid_social,tablet,89,42,52.3,196.0,4.2,54,1,92.33,1.12
2025-06-16,direct,mobile,557,373,33.0,70.0,4.1,300,16,3268.53,2.87
2025-06-16,direct,desktop,354,262,25.9,174.0,3.5,255,10,1542.18,2.82
2025-06-16,direct,tablet,55,38,30.6,185.0,4.0,36,2,218.54,3.64
2025-06-16,email,mobile,247,186,24.4,183.0,2.0,165,8,1502.09,3.24
2025-06-16,email,desktop,228,165,27.5,91.0,4.3,158,11,2292.19,4.82
2025-06-16,email,tablet,37,26,27.1,225.0,4.6,26,1,208.38,2.7
2025-06-16,referral,mobile,198,90,54.5,101.0,2.4,106,4,375.15,2.02
2025-06-16,referral,desktop,165,80,51.3,182.0,3.1,119,3,400.63,1.82
2025-06-16,referral,tablet,45,21,52.4,133.0,4.3,23,0,0.0,0.0
2025-06-16,organic_social,mobile,122,39,67.6,116.0,2.7,92,1,143.43,0.82
2025-06-16,organic_social,desktop,105,36,65.6,184.0,3.2,61,1,216.47,0.95
2025-06-16,organic_social,tablet,29,9,68.1,151.0,2.2,16,0,0.0,0.0
2025-06-17,organic_search,mobile,782,459,41.3,225.0,5.2,448,18,2681.29,2.3
2025-06-17,organic_search,desktop,357,209,41.3,147.0,5.0,246,9,1706.47,2.52
2025-06-17,organic_search,tablet,129,66,48.6,95.0,2.1,85,4,506.57,3.1
2025-06-17,paid_search,mobile,566,367,35.1,199.0,4.7,430,20,2433.14,3.53
2025-06-17,paid_search,desktop,289,185,35.8,128.0,4.0,183,9,1785.44,3.11
2025-06-17,paid_search,tablet,75,48,35.9,223.0,3.7,54,2,364.48,2.67
2025-06-17,paid_social,mobile,493,234,52.5,122.0,4.3,248,8,818.13,1.62
2025-06-17,paid_social,desktop,345,173,49.6,75.0,1.4,218,7,697.41,2.03
2025-06-17,paid_social,tablet,102,49,51.5,198.0,3.0,76,1,210.57,0.98
2025-06-17,direct,mobile,511,354,30.6,198.0,4.7,343,18,3080.58,3.52
2025-06-17,direct,desktop,316,230,27.2,188.0,4.3,249,12,1057.68,3.8
2025-06-17,direct,tablet,75,55,26.5,212.0,2.2,41,2,277.37,2.67
2025-06-17,email,mobile,240,184,23.0,141.0,3.1,129,12,1229.41,5.0
2025-06-17,email,desktop,140,100,28.1,117.0,3.5,80,7,1474.56,5.0
2025-06-17,email,tablet,49,35,27.2,52.0,2.4,27,2,190.69,4.08
2025-06-17,referral,mobile,237,112,52.5,148.0,2.8,134,5,693.13,2.11
2025-06-17,referral,desktop,138,71,48.3,65.0,4.3,91,2,422.77,1.45
2025-06-17,referral,tablet,42,23,43.8,200.0,4.4,30,0,0.0,0.0
2025-06-17,organic_social,mobile,133,48,63.9,129.0,3.2,85,1,102.76,0.75
2025-06-17,organic_social,desktop,104,40,61.1,146.0,4.5,65,0,0.0,0.0
2025-06-17,organic_social,tablet,18,6,64.7,134.0,4.6,10,0,0.0,0.0
2025-06-18,organic_search,mobile,836,442,47.0,169.0,2.6,420,24,4076.23,2.87
2025-06-18,organic_search,desktop,737,356,51.7,107.0,4.9,587,22,2984.31,2.99
2025-06-18,organic_search,tablet,186,101,45.2,182.0,2.0,104,4,433.01,2.15
2025-06-18,paid_search,mobile,850,491,42.2,179.0,3.1,591,29,4248.21,3.41
2025-06-18,paid_search,desktop,572,386,32.5,131.0,3.5,403,15,2676.51,2.62
2025-06-18,paid_search,tablet,142,82,41.8,128.0,3.4,75,4,707.39,2.82
2025-06-18,paid_social,mobile,830,398,52.0,134.0,2.9,439,13,1201.56,1.57
2025-06-18,paid_social,desktop,507,264,47.8,111.0,2.3,339,7,1011.48,1.38
2025-06-18,paid_social,tablet,127,58,53.9,215.0,4.3,67,2,299.49,1.57
2025-06-18,direct,mobile,499,347,30.3,158.0,3.8,318,17,1471.82,3.41
2025-06-18,direct,desktop,448,311,30.5,236.0,2.2,335,18,2918.8,4.02
2025-06-18,direct,tablet,101,68,31.8,139.0,4.1,77,3,285.72,2.97
2025-06-18,email,mobile,319,242,23.9,235.0,3.0,173,12,1840.93,3.76
2025-06-18,email,desktop,245,192,21.5,164.0,4.9,181,9,1367.93,3.67
2025-06-18,email,tablet,60,45,23.5,83.0,4.1,34,3,404.42,5.0
2025-06-18,referral,mobile,286,129,54.8,110.0,5.0,204,4,572.92,1.4
2025-06-18,referral,desktop,128,69,45.9,105.0,2.6,73,2,164.26,1.56
2025-06-18,referral,tablet,50,27,45.8,69.0,2.3,39,1,182.54,2.0
2025-06-18,organic_social,mobile,157,73,53.1,135.0,1.5,95,1,179.94,0.64
2025-06-18,organic_social,desktop,92,40,56.2,177.0,4.2,66,0,0.0,0.0
2025-06-18,organic_social,tablet,38,16,55.4,136.0,4.5,29,0,0.0,0.0
2025-06-19,organic_search,mobile,798,446,44.1,154.0,4.6,523,15,2561.17,1.88
2025-06-19,organic_search,desktop,715,410,42.5,76.0,3.1,547,19,1626.83,2.66
2025-06-19,organic_search,tablet,215,115,46.3,79.0,2.6,127,4,701.34,1.86
2025-06-19,paid_search,mobile,947,566,40.2,130.0,4.3,694,22,4357.63,2.32
2025-06-19,paid_search,desktop,636,405,36.3,245.0,3.0,443,24,2883.64,3.77
2025-06-19,paid_search,tablet,181,118,34.6,237.0,2.2,95,6,1318.64,3.31
2025-06-19,paid_social,mobile,662,269,59.3,146.0,1.7,418,13,2145.52,1.96
2025-06-19,paid_social,desktop,461,193,58.0,203.0,4.2,316,6,1060.15,1.3
2025-06-19,paid_social,tablet,95,38,59.9,177.0,3.7,60,1,156.82,1.05
2025-06-19,direct,mobile,485,339,30.0,99.0,2.9,336,13,1149.56,2.68
2025-06-19,direct,desktop,367,249,32.1,161.0,4.1,291,14,2503.91,3.81
2025-06-19,direct,tablet,117,79,32.2,138.0,2.8,74,3,440.75,2.56
2025-06-19,email,mobile,407,301,25.9,234.0,4.1,246,20,3437.7,4.91
2025-06-19,email,desktop,264,193,26.7,240.0,2.8,138,12,2387.85,4.55
2025-06-19,email,tablet,76,59,22.1,206.0,5.3,58,3,585.31,3.95
2025-06-19,referral,mobile,337,156,53.5,55.0,4.3,187,6,520.11,1.78
2025-06-19,referral,desktop,152,74,51.3,190.0,3.5,117,2,435.89,1.32
2025-06-19,referral,tablet,48,21,56.0,181.0,4.2,28,1,81.97,2.08
2025-06-19,organic_social,mobile,191,88,53.5,217.0,4.0,121,2,348.83,1.05
2025-06-19,organic_social,desktop,99,34,65.2,85.0,1.9,67,1,212.12,1.01
2025-06-19,organic_social,tablet,43,19,53.5,68.0,3.6,24,0,0.0,0.0
2025-06-20,organic_search,mobile,770,459,40.4,71.0,1.9,600,21,3913.29,2.73
2025-06-20,organic_search,desktop,645,330,48.8,117.0,3.4,394,12,1048.05,1.86
2025-06-20,organic_search,tablet,197,103,47.3,155.0,2.2,121,4,364.47,2.03
2025-06-20,paid_search,mobile,545,336,38.2,194.0,5.3,375,19,3056.14,3.49
2025-06-20,paid_search,desktop,407,248,38.8,116.0,3.4,267,11,1388.51,2.7
2025-06-20,paid_search,tablet,154,96,37.3,204.0,4.1,82,4,594.95,2.6
2025-06-20,paid_social,mobile,879,423,51.8,206.0,3.9,512,16,1351.83,1.82
2025-06-20,paid_social,desktop,489,236,51.6,151.0,2.1,353,7,998.04,1.43
2025-06-20,paid_social,tablet,131,69,46.9,169.0,4.8,75,2,277.86,1.53
2025-06-20,direct,mobile,637,465,26.9,231.0,3.5,344,16,3367.3,2.51
2025-06-20,direct,desktop,315,218,30.6,203.0,2.2,185,12,2120.22,3.81
2025-06-20,direct,tablet,74,54,26.2,155.0,4.9,53,2,212.02,2.7
2025-06-20,email,mobile,443,328,25.8,168.0,3.8,305,20,2104.0,4.51
2025-06-20,email,desktop,286,204,28.3,165.0,2.6,199,13,2719.07,4.55
2025-06-20,email,tablet,90,66,26.6,106.0,2.5,56,4,332.54,4.44
2025-06-20,referral,mobile,193,84,56.2,73.0,3.5,149,4,367.01,2.07
2025-06-20,referral,desktop,129,65,49.0,178.0,4.5,100,2,210.5,1.55
2025-06-20,referral,tablet,54,30,43.5,99.0,3.4,30,0,0.0,0.0
2025-06-20,organic_social,mobile,238,110,53.6,107.0,3.1,158,2,194.96,0.84
2025-06-20,organic_social,desktop,110,37,65.6,60.0,1.9,81,1,218.94,0.91
2025-06-20,organic_social,tablet,36,15,57.5,57.0,4.1,22,0,0.0,0.0
2025-06-21,organic_search,mobile,911,467,48.7,214.0,4.9,572,23,4268.37,2.52
2025-06-21,organic_search,desktop,454,279,38.4,124.0,4.0,362,12,1097.0,2.64
2025-06-21,organic_search,tablet,145,89,38.4,241.0,1.6,105,2,222.53,1.38
2025-06-21,paid_search,mobile,608,397,34.6,73.0,1.4,449,14,1567.1,2.3
2025-06-21,paid_search,desktop,399,264,33.7,95.0,3.5,225,11,2040.81,2.76
2025-06-21,paid_search,tablet,130,80,38.2,135.0,3.9,75,4,477.75,3.08
2025-06-21,paid_social,mobile,576,252,56.1,147.0,2.8,385,13,2696.34,2.26
2025-06-21,paid_social,desktop,520,268,48.3,94.0,4.7,272,10,1721.23,1.92
2025-06-21,paid_social,tablet,157,73,53.2,144.0,1.4,91,3,304.87,1.91
2025-06-21,direct,mobile,691,486,29.6,160.0,3.8,504,26,5018.28,3.76
2025-06-21,direct,desktop,283,209,26.1,187.0,4.3,197,10,2165.09,3.53
2025-06-21,direct,tablet,111,80,27.3,255.0,1.7,65,4,642.79,3.6
2025-06-21,email,mobile,292,211,27.7,192.0,1.8,181,14,2635.19,4.79
2025-06-21,email,desktop,275,209,24.0,168.0,2.9,213,13,1559.42,4.73
2025-06-21,email,tablet,67,51,23.4,173.0,4.3,52,2,200.73,2.99
2025-06-21,referral,mobile,285,134,52.7,98.0,3.5,224,6,1238.08,2.11
2025-06-21,referral,desktop,120,64,46.6,77.0,3.5,78,2,291.58,1.67
2025-06-21,referral,tablet,47,24,47.6,140.0,3.5,23,0,0.0,0.0
2025-06-21,organic_social,mobile,144,66,54.0,87.0,4.3,82,1,193.11,0.69
2025-06-21,organic_social,desktop,140,46,66.7,46.0,2.4,78,1,183.37,0.71
2025-06-21,organic_social,tablet,34,14,57.4,117.0,4.1,17,0,0.0,0.0
2025-06-22,organic_search,mobile,1173,723,38.3,130.0,4.3,728,28,5694.88,2.39
2025-06-22,organic_search,desktop,741,357,51.7,71.0,3.3,584,22,1931.71,2.97
2025-06-22,organic_search,tablet,165,95,42.0,193.0,1.7,95,5,896.15,3.03
2025-06-22,paid_search,mobile,771,457,40.7,131.0,3.0,587,22,2389.15,2.85
2025-06-22,paid_search,desktop,617,405,34.2,98.0,2.4,433,17,3230.74,2.76
2025-06-22,paid_search,tablet,140,83,40.3,177.0,3.2,75,3,451.77,2.14
2025-06-22,paid_social,mobile,540,235,56.5,119.0,3.5,312,7,857.69,1.3
2025-06-22,paid_social,desktop,415,195,52.8,175.0,4.2,225,5,962.63,1.2
2025-06-22,paid_social,tablet,127,60,52.2,212.0,4.8,79,2,178.43,1.57
2025-06-22,direct,mobile,700,500,28.5,159.0,2.0,429,25,4606.12,3.57
2025-06-22,direct,desktop,424,286,32.5,92.0,2.4,230,13,2023.67,3.07
2025-06-22,direct,tablet,101,68,32.0,182.0,2.4,56,4,625.03,3.96
2025-06-22,email,mobile,360,268,25.4,184.0,2.2,228,10,928.94,2.78
2025-06-22,email,desktop,309,223,27.7,82.0,1.9,178,9,793.97,2.91
2025-06-22,email,tablet,64,50,21.9,195.0,3.1,37,2,308.35,3.12
2025-06-22,referral,mobile,292,127,56.2,167.0,4.5,230,5,605.41,1.71
2025-06-22,referral,desktop,142,75,47.0,109.0,3.8,95,3,353.4,2.11
2025-06-22,referral,tablet,60,28,51.7,218.0,2.9,40,1,90.35,1.67
2025-06-22,organic_social,mobile,192,68,64.3,125.0,4.2,132,2,255.95,1.04
2025-06-22,organic_social,desktop,155,54,64.6,112.0,2.0,106,1,192.98,0.65
2025-06-22,organic_social,tablet,31,15,51.4,186.0,4.0,21,0,0.0,0.0
2025-06-23,organic_search,mobile,909,539,40.7,171.0,3.5,656,18,3730.89,1.98
2025-06-23,organic_search,desktop,399,214,46.3,208.0,1.9,201,9,1106.79,2.26
2025-06-23,organic_search,tablet,120,70,40.9,227.0,2.0,92,3,293.19,2.5
2025-06-23,paid_search,mobile,462,310,32.8,170.0,4.0,360,14,1818.48,3.03
2025-06-23,paid_search,desktop,467,289,37.9,68.0,2.4,361,12,1375.41,2.57
2025-06-23,paid_search,tablet,96,58,39.5,198.0,4.1,71,3,284.83,3.12
2025-06-23,paid_social,mobile,406,182,55.0,167.0,3.4,260,7,1304.88,1.72
2025-06-23,paid_social,desktop,418,210,49.7,65.0,4.6,285,6,573.3,1.44
2025-06-23,paid_social,tablet,119,45,61.4,105.0,4.4,85,1,169.78,0.84
2025-06-23,direct,mobile,335,241,27.8,162.0,2.4,236,12,1373.51,3.58
2025-06-23,direct,desktop,205,139,32.0,148.0,2.1,160,6,860.96,2.93
2025-06-23,direct,tablet,55,39,28.9,73.0,2.9,30,1,130.39,1.82
2025-06-23,email,mobile,298,234,21.3,123.0,2.9,207,12,1435.04,4.03
2025-06-23,email,desktop,212,161,23.7,138.0,1.8,141,11,2029.2,5.19
2025-06-23,email,tablet,56,43,22.3,86.0,3.6,35,2,266.8,3.57
2025-06-23,referral,mobile,219,120,45.1,76.0,1.9,154,3,440.11,1.37
2025-06-23,referral,desktop,110,49,55.1,99.0,2.1,60,2,330.26,1.82
2025-06-23,referral,tablet,41,19,52.8,186.0,2.9,28,0,0.0,0.0
2025-06-23,organic_social,mobile,180,85,52.5,103.0,1.6,98,1,146.27,0.56
2025-06-23,organic_social,desktop,78,36,52.8,155.0,3.9,57,0,0.0,0.0
2025-06-23,organic_social,tablet,32,15,51.1,50.0,3.8,17,0,0.0,0.0
2025-06-24,organic_search,mobile,724,353,51.2,168.0,1.3,568,19,2499.47,2.62
2025-06-24,organic_search,desktop,416,201,51.5,154.0,2.7,288,11,1322.52,2.64
2025-06-24,organic_search,tablet,154,85,44.6,124.0,2.0,111,3,652.21,1.95
2025-06-24,paid_search,mobile,631,368,41.6,107.0,5.0,381,14,1800.74,2.22
2025-06-24,paid_search,desktop,373,252,32.3,228.0,4.3,248,14,1343.4,3.75
2025-06-24,paid_search,tablet,120,70,41.3,215.0,3.0,80,4,690.1,3.33
2025-06-24,paid_social,mobile,666,313,52.9,127.0,2.5,363,13,1753.09,1.95
2025-06-24,paid_social,desktop,424,194,54.1,63.0,3.3,285,6,1022.88,1.42
2025-06-24,paid_social,tablet,77,28,62.6,179.0,2.3,55,1,111.17,1.3
2025-06-24,direct,mobile,466,340,26.9,191.0,1.9,257,12,1980.62,2.58
2025-06-24,direct,desktop,201,147,26.7,112.0,3.7,125,7,756.62,3.48
2025-06-24,direct,tablet,95,65,30.6,103.0,2.4,54,2,267.61,2.11
2025-06-24,email,mobile,274,213,22.2,230.0,1.5,143,9,1603.85,3.28
2025-06-24,email,desktop,222,171,22.9,237.0,2.1,165,8,1017.54,3.6
2025-06-24,email,tablet,51,37,27.1,75.0,2.7,28,2,364.99,3.92
2025-06-24,referral,mobile,156,74,52.1,181.0,2.4,95,3,299.42,1.92
2025-06-24,referral,desktop,166,90,45.4,219.0,1.8,113,2,235.18,1.2
2025-06-24,referral,tablet,43,18,56.3,186.0,2.0,27,0,0.0,0.0
2025-06-24,organic_social,mobile,156,56,63.6,175.0,2.4,100,1,201.4,0.64
2025-06-24,organic_social,desktop,85,26,68.7,157.0,4.1,61,1,117.87,1.18
2025-06-24,organic_social,tablet,19,8,56.2,126.0,2.4,9,0,0.0,0.0
2025-06-25,organic_search,mobile,1050,586,44.1,169.0,1.6,805,18,3790.9,1.71
2025-06-25,organic_search,desktop,583,341,41.5,232.0,2.0,364,10,1842.75,1.72
2025-06-25,organic_search,tablet,147,79,46.0,101.0,1.9,83,4,393.19,2.72
2025-06-25,paid_search,mobile,599,362,39.5,76.0,2.4,361,13,2366.75,2.17
2025-06-25,paid_search,desktop,455,299,34.3,141.0,1.5,277,14,2873.74,3.08
2025-06-25,paid_search,tablet,131,84,35.5,238.0,3.5,86,3,323.55,2.29
2025-06-25,paid_social,mobile,662,285,56.9,58.0,1.4,442,11,1941.01,1.66
2025-06-25,paid_social,desktop,502,211,57.8,63.0,2.7,351,8,643.6,1.59
2025-06-25,paid_social,tablet,111,49,55.5,172.0,2.9,87,1,103.74,0.9
2025-06-25,direct,mobile,477,336,29.5,182.0,5.1,256,13,1505.84,2.73
2025-06-25,direct,desktop,285,187,34.1,131.0,4.5,202,11,1361.75,3.86
2025-06-25,direct,tablet,111,74,33.3,132.0,1.4,72,3,328.73,2.7
2025-06-25,email,mobile,353,274,22.2,204.0,4.4,181,18,1929.93,5.1
2025-06-25,email,desktop,234,175,24.8,66.0,3.3,138,11,1841.64,4.7
2025-06-25,email,tablet,56,42,23.3,145.0,4.4,44,2,333.6,3.57
2025-06-25,referral,mobile,338,189,44.0,151.0,1.7,262,6,743.03,1.78
2025-06-25,referral,desktop,200,111,44.3,136.0,4.8,138,3,300.09,1.5
2025-06-25,referral,tablet,52,29,43.6,216.0,3.1,34,1,119.31,1.92
2025-06-25,organic_social,mobile,204,89,56.2,92.0,1.2,134,2,428.34,0.98
2025-06-25,organic_social,desktop,129,61,52.1,214.0,4.2,67,1,120.89,0.78
2025-06-25,organic_social,tablet,44,19,55.1,137.0,4.8,29,0,0.0,0.0
2025-06-26,organic_search,mobile,1169,591,49.4,63.0,1.9,771,32,4756.84,2.74
2025-06-26,organic_search,desktop,550,324,41.1,130.0,4.8,284,17,3403.5,3.09
2025-06-26,organic_search,tablet,132,64,51.0,194.0,1.5,94,3,561.01,2.27
2025-06-26,paid_search,mobile,703,410,41.6,219.0,2.6,450,20,3749.32,2.84
2025-06-26,paid_search,desktop,501,299,40.1,229.0,4.4,271,19,2079.64,3.79
2025-06-26,paid_search,tablet,126,81,35.2,62.0,3.8,94,3,510.79,2.38
2025-06-26,paid_social,mobile,635,286,54.8,202.0,4.0,340,8,1446.86,1.26
2025-06-26,paid_social,desktop,400,201,49.6,221.0,3.2,276,7,1268.05,1.75
2025-06-26,paid_social,tablet,96,48,49.3,119.0,4.9,66,1,87.61,1.04
2025-06-26,direct,mobile,555,388,29.9,104.0,2.6,297,15,1403.16,2.7
2025-06-26,direct,desktop,409,270,33.8,109.0,3.8,215,11,2170.72,2.69
2025-06-26,direct,tablet,88,64,26.9,127.0,2.2,48,2,421.37,2.27
2025-06-26,email,mobile,424,311,26.6,147.0,2.3,217,22,3688.32,5.19
2025-06-26,email,desktop,300,218,27.2,126.0,4.6,211,14,1751.22,4.67
2025-06-26,email,tablet,76,56,25.4,128.0,4.4,42,2,367.55,2.63
2025-06-26,referral,mobile,284,148,47.9,160.0,1.6,184,6,915.7,2.11
2025-06-26,referral,desktop,200,89,55.4,88.0,2.7,133,4,554.4,2.0
2025-06-26,referral,tablet,34,14,56.2,135.0,3.7,24,0,0.0,0.0
2025-06-26,organic_social,mobile,168,63,61.9,110.0,3.9,99,2,375.86,1.19
2025-06-26,organic_social,desktop,94,44,53.0,85.0,2.7,58,1,133.66,1.06
2025-06-26,organic_social,tablet,36,17,52.0,154.0,2.4,26,0,0.0,0.0
2025-06-27,organic_search,mobile,938,538,42.6,81.0,4.1,681,29,5832.74,3.09
2025-06-27,organic_search,desktop,441,215,51.2,161.0,3.2,324,9,1864.55,2.04
2025-06-27,organic_search,tablet,193,99,48.2,123.0,4.7,142,5,729.83,2.59
2025-06-27,paid_search,mobile,547,329,39.8,154.0,2.0,429,21,3689.73,3.84
2025-06-27,paid_search,desktop,527,350,33.5,81.0,2.3,416,21,3198.82,3.98
2025-06-27,paid_search,tablet,134,84,37.1,120.0,3.0,96,4,712.29,2.99
2025-06-27,paid_social,mobile,676,280,58.5,118.0,2.1,388,15,3221.3,2.22
2025-06-27,paid_social,desktop,525,272,48.1,212.0,2.2,271,6,1052.39,1.14
2025-06-27,paid_social,tablet,155,73,52.6,88.0,3.5,123,2,394.15,1.29
2025-06-27,direct,mobile,661,468,29.1,95.0,4.4,382,26,2159.25,3.93
2025-06-27,direct,desktop,285,204,28.1,77.0,4.8,209,8,1111.12,2.81
2025-06-27,direct,tablet,92,64,30.2,70.0,4.3,49,3,630.19,3.26
2025-06-27,email,mobile,274,214,21.8,79.0,3.4,178,12,1593.55,4.38
2025-06-27,email,desktop,287,211,26.2,53.0,4.8,166,11,1379.48,3.83
2025-06-27,email,tablet,57,41,26.8,142.0,3.2,31,1,116.77,1.75
2025-06-27,referral,mobile,195,98,49.6,94.0,3.2,98,3,359.64,1.54
2025-06-27,referral,desktop,130,68,47.4,99.0,3.9,80,2,354.27,1.54
2025-06-27,referral,tablet,57,28,49.7,69.0,1.9,35,1,140.91,1.75
2025-06-27,organic_social,mobile,146,67,53.5,66.0,4.5,110,1,168.65,0.68
2025-06-27,organic_social,desktop,113,45,60.0,103.0,2.4,79,1,186.78,0.88
2025-06-27,organic_social,tablet,32,11,63.4,170.0,4.5,20,0,0.0,0.0
2025-06-28,organic_search,mobile,997,576,42.2,207.0,3.4,611,19,1980.47,1.91
2025-06-28,organic_search,desktop,746,449,39.8,72.0,1.8,380,19,3623.4,2.55
2025-06-28,organic_search,tablet,221,115,47.6,101.0,1.7,176,4,695.9,1.81
2025-06-28,paid_search,mobile,622,364,41.4,233.0,1.8,490,24,3701.9,3.86
2025-06-28,paid_search,desktop,363,225,37.7,162.0,2.0,288,14,2204.26,3.86
2025-06-28,paid_search,tablet,117,67,42.1,186.0,1.6,84,4,477.24,3.42
2025-06-28,paid_social,mobile,686,351,48.7,76.0,3.3,410,15,2625.6,2.19
2025-06-28,paid_social,desktop,496,212,57.1,164.0,3.8,294,7,797.27,1.41
2025-06-28,paid_social,tablet,124,56,54.5,90.0,3.0,64,1,166.95,0.81
2025-06-28,direct,mobile,617,413,33.1,185.0,2.1,321,22,3598.17,3.57
2025-06-28,direct,desktop,445,297,33.1,214.0,2.2,337,15,1613.85,3.37
2025-06-28,direct,tablet,100,73,26.0,119.0,3.3,76,4,633.95,4.0
2025-06-28,email,mobile,316,246,22.0,239.0,2.7,211,15,2505.54,4.75
2025-06-28,email,desktop,177,128,27.6,152.0,4.5,99,6,576.28,3.39
2025-06-28,email,tablet,58,44,23.6,110.0,2.5,44,2,369.26,3.45
2025-06-28,referral,mobile,288,155,45.9,92.0,4.1,176,4,357.05,1.39
2025-06-28,referral,desktop,219,115,47.4,135.0,4.9,168,3,314.17,1.37
2025-06-28,referral,tablet,39,18,53.8,96.0,1.5,20,0,0.0,0.0
2025-06-28,organic_social,mobile,185,74,59.7,124.0,4.1,127,1,215.27,0.54
2025-06-28,organic_social,desktop,131,57,56.5,207.0,1.4,70,1,121.96,0.76
2025-06-28,organic_social,tablet,39,14,62.0,129.0,1.3,28,0,0.0,0.0
2025-06-29,organic_search,mobile,968,583,39.7,63.0,4.8,713,19,3280.93,1.96
2025-06-29,organic_search,desktop,541,269,50.2,100.0,3.8,343,16,3156.77,2.96
2025-06-29,organic_search,tablet,179,100,43.8,192.0,5.0,101,3,244.19,1.68
2025-06-29,paid_search,mobile,790,507,35.8,192.0,3.4,468,24,2316.98,3.04
2025-06-29,paid_search,desktop,538,332,38.1,234.0,1.6,418,16,2474.36,2.97
2025-06-29,paid_search,tablet,108,70,34.7,119.0,3.0,63,4,773.63,3.7
2025-06-29,paid_social,mobile,578,301,47.8,143.0,4.2,305,7,1051.57,1.21
2025-06-29,paid_social,desktop,444,168,62.0,64.0,1.8,285,9,1393.56,2.03
2025-06-29,paid_social,tablet,134,49,62.9,99.0,1.3,67,2,276.02,1.49
2025-06-29,direct,mobile,568,419,26.1,202.0,3.3,430,15,3258.79,2.64
2025-06-29,direct,desktop,296,210,29.0,236.0,3.5,185,9,1974.28,3.04
2025-06-29,direct,tablet,136,98,27.4,198.0,3.7,106,4,718.59,2.94
2025-06-29,email,mobile,326,242,25.5,235.0,4.0,200,16,1800.71,4.91
2025-06-29,email,desktop,266,190,28.2,239.0,1.5,133,14,1671.61,5.26
2025-06-29,email,tablet,74,55,24.9,178.0,1.5,46,3,338.31,4.05
2025-06-29,referral,mobile,247,134,45.4,197.0,3.1,141,4,706.55,1.62
2025-06-29,referral,desktop,141,68,51.2,138.0,3.4,80,2,248.92,1.42
2025-06-29,referral,tablet,45,21,53.1,157.0,2.0,34,0,0.0,0.0
2025-06-29,organic_social,mobile,173,63,63.4,86.0,3.9,91,1,170.74,0.58
2025-06-29,organic_social,desktop,108,41,61.2,95.0,1.6,81,1,99.34,0.93
2025-06-29,organic_social,tablet,45,19,56.1,72.0,3.7,29,0,0.0,0.0
2025-06-30,organic_search,mobile,727,443,39.0,230.0,1.4,481,13,2795.01,1.79
2025-06-30,organic_search,desktop,339,173,49.0,158.0,1.6,229,6,941.42,1.77
2025-06-30,organic_search,tablet,166,100,39.6,101.0,3.5,129,4,471.9,2.41
2025-06-30,paid_search,mobile,484,272,43.6,50.0,1.9,383,11,2327.88,2.27
2025-06-30,paid_search,desktop,315,212,32.4,200.0,5.2,182,12,2495.47,3.81
2025-06-30,paid_search,tablet,114,67,40.8,59.0,2.7,78,4,822.96,3.51
2025-06-30,paid_social,mobile,630,306,51.4,120.0,1.5,322,7,743.22,1.11
2025-06-30,paid_social,desktop,311,132,57.4,117.0,1.3,179,6,927.55,1.93
2025-06-30,paid_social,tablet,104,47,54.2,47.0,4.4,79,1,112.12,0.96
2025-06-30,direct,mobile,398,271,31.8,233.0,2.0,292,10,2044.23,2.51
2025-06-30,direct,desktop,271,185,31.6,220.0,1.7,164,9,819.11,3.32
2025-06-30,direct,tablet,101,71,29.3,221.0,3.3,65,4,414.6,3.96
2025-06-30,email,mobile,369,266,27.9,73.0,1.5,243,14,2980.84,3.79
2025-06-30,email,desktop,213,164,22.9,263.0,4.3,168,6,1190.23,2.82
2025-06-30,email,tablet,62,47,23.1,193.0,4.8,44,1,193.25,1.61
2025-06-30,referral,mobile,202,87,56.6,164.0,3.3,109,4,324.77,1.98
2025-06-30,referral,desktop,123,61,50.4,158.0,3.8,87,2,281.63,1.63
2025-06-30,referral,tablet,42,18,55.0,107.0,1.3,28,0,0.0,0.0
2025-06-30,organic_social,mobile,185,63,65.9,160.0,3.4,141,2,358.29,1.08
2025-06-30,organic_social,desktop,82,30,63.1,195.0,3.2,59,0,0.0,0.0
2025-06-30,organic_social,tablet,32,10,67.8,140.0,3.3,17,0,0.0,0.0
2025-07-01,organic_search,mobile,840,482,42.5,88.0,3.3,500,17,3043.31,2.02
2025-07-01,organic_search,desktop,548,267,51.1,74.0,3.9,422,16,2169.02,2.92
2025-07-01,organic_search,tablet,123,75,38.8,145.0,2.5,79,2,267.15,1.63
2025-07-01,paid_search,mobile,736,491,33.2,181.0,5.3,469,27,3881.14,3.67
2025-07-01,paid_search,desktop,278,161,41.7,63.0,2.2,219,7,1447.11,2.52
2025-07-01,paid_search,tablet,128,83,34.8,81.0,2.1,65,4,368.32,3.12
2025-07-01,paid_social,mobile,514,240,53.2,149.0,2.3,269,9,1587.79,1.75
2025-07-01,paid_social,desktop,376,181,51.9,123.0,2.0,274,5,883.35,1.33
2025-07-01,paid_social,tablet,111,41,63.0,126.0,1.3,87,1,85.13,0.9
2025-07-01,direct,mobile,348,230,33.8,67.0,3.6,210,15,2828.46,4.31
2025-07-01,direct,desktop,328,235,28.2,59.0,3.9,197,11,1763.48,3.35
2025-07-01,direct,tablet,80,58,26.6,171.0,2.0,49,2,322.9,2.5
2025-07-01,email,mobile,292,228,21.9,250.0,2.5,214,12,1349.29,4.11
2025-07-01,email,desktop,192,141,26.4,79.0,5.3,103,10,1986.94,5.21
2025-07-01,email,tablet,46,34,25.2,236.0,5.3,33,2,335.61,4.35
2025-07-01,referral,mobile,199,102,48.3,54.0,2.2,120,3,452.77,1.51
2025-07-01,referral,desktop,155,80,48.1,217.0,4.3,83,2,379.15,1.29
2025-07-01,referral,tablet,32,15,51.5,87.0,3.3,22,0,0.0,0.0
2025-07-01,organic_social,mobile,169,58,65.4,200.0,4.0,89,2,198.39,1.18
2025-07-01,organic_social,desktop,102,41,59.5,70.0,4.9,67,1,174.73,0.98
2025-07-01,organic_social,tablet,27,11,58.7,101.0,2.9,15,0,0.0,0.0
2025-07-02,organic_search,mobile,1119,579,48.2,49.0,2.0,689,33,5887.09,2.95
2025-07-02,organic_search,desktop,514,280,45.4,96.0,2.8,265,15,2749.91,2.92
2025-07-02,organic_search,tablet,123,68,44.0,128.0,2.0,71,3,601.54,2.44
2025-07-02,paid_search,mobile,744,448,39.7,52.0,5.3,579,24,4744.47,3.23
2025-07-02,paid_search,desktop,386,259,32.8,145.0,2.5,267,13,2352.96,3.37
2025-07-02,paid_search,tablet,151,99,34.0,67.0,3.2,93,5,924.66,3.31
2025-07-02,paid_social,mobile,677,308,54.4,126.0,1.6,374,12,1425.7,1.77
2025-07-02,paid_social,desktop,331,166,49.8,189.0,2.0,217,4,341.19,1.21
2025-07-02,paid_social,tablet,116,55,52.2,136.0,3.0,67,2,296.14,1.72
2025-07-02,direct,mobile,640,474,25.9,59.0,1.5,391,19,3279.63,2.97
2025-07-02,direct,desktop,312,212,31.8,139.0,5.2,185,12,1020.88,3.85
2025-07-02,direct,tablet,85,59,30.2,97.0,4.2,50,2,221.46,2.35
2025-07-02,email,mobile,497,380,23.4,167.0,3.3,300,21,1894.99,4.23
2025-07-02,email,desktop,234,181,22.6,232.0,4.8,155,11,2299.56,4.7
2025-07-02,email,tablet,63,48,22.5,92.0,3.1,35,3,258.25,4.76
2025-07-02,referral,mobile,282,131,53.4,93.0,4.0,159,7,766.23,2.48
2025-07-02,referral,desktop,159,73,53.8,91.0,1.6,111,2,200.97,1.26
2025-07-02,referral,tablet,35,17,51.1,58.0,4.0,24,0,0.0,0.0
2025-07-02,organic_social,mobile,169,79,53.0,167.0,3.0,95,2,315.21,1.18
2025-07-02,organic_social,desktop,104,40,60.6,54.0,4.9,71,1,135.81,0.96
2025-07-02,organic_social,tablet,27,12,53.3,117.0,4.8,20,0,0.0,0.0
2025-07-03,organic_search,mobile,1210,729,39.8,187.0,2.9,720,27,4257.89,2.23
2025-07-03,organic_search,desktop,540,275,48.9,185.0,1.9,371,12,987.41,2.22
2025-07-03,organic_search,tablet,125,70,43.5,64.0,4.2,98,3,648.69,2.4
2025-07-03,paid_search,mobile,666,433,34.9,213.0,4.5,398,27,4010.53,4.05
2025-07-03,paid_search,desktop,398,237,40.3,153.0,1.4,199,12,1784.04,3.02
2025-07-03,paid_search,tablet,124,79,36.0,120.0,3.5,84,4,502.37,3.23
2025-07-03,paid_social,mobile,623,274,56.0,84.0,4.6,432,12,1398.89,1.93
2025-07-03,paid_social,desktop,391,172,55.8,202.0,3.9,241,7,582.18,1.79
2025-07-03,paid_social,tablet,158,82,47.7,167.0,3.1,85,3,461.04,1.9
2025-07-03,direct,mobile,494,347,29.7,73.0,2.0,340,21,1880.87,4.25
2025-07-03,direct,desktop,338,247,26.8,148.0,5.0,209,9,1569.44,2.66
2025-07-03,direct,tablet,114,76,32.7,206.0,3.0,90,5,1008.51,4.39
2025-07-03,email,mobile,330,243,26.2,196.0,1.8,194,10,1648.3,3.03
2025-07-03,email,desktop,265,196,25.8,160.0,5.2,208,12,1169.07,4.53
2025-07-03,email,tablet,54,38,28.0,83.0,4.4,28,2,370.82,3.7
2025-07-03,referral,mobile,291,138,52.5,112.0,4.1,215,6,529.27,2.06
2025-07-03,referral,desktop,162,89,44.9,218.0,4.0,120,3,513.11,1.85
2025-07-03,referral,tablet,42,18,55.0,90.0,2.0,27,0,0.0,0.0
2025-07-03,organic_social,mobile,237,106,55.2,48.0,3.1,156,2,425.42,0.84
2025-07-03,organic_social,desktop,135,61,54.5,90.0,1.3,85,1,95.33,0.74
2025-07-03,organic_social,tablet,28,13,52.7,162.0,2.0,19,0,0.0,0.0
2025-07-04,organic_search,mobile,1158,599,48.3,114.0,2.6,776,33,5614.2,2.85
2025-07-04,organic_search,desktop,519,296,42.9,186.0,3.3,317,10,1892.19,1.93
2025-07-04,organic_search,tablet,195,118,39.4,154.0,4.2,113,3,533.9,1.54
2025-07-04,paid_search,mobile,589,369,37.2,73.0,5.1,304,18,3352.81,3.06
2025-07-04,paid_search,desktop,435,259,40.3,62.0,4.7,300,15,2390.82,3.45
2025-07-04,paid_search,tablet,161,101,36.7,209.0,4.6,115,4,723.25,2.48
2025-07-04,paid_social,mobile,542,268,50.4,133.0,4.4,291,9,1359.26,1.66
2025-07-04,paid_social,desktop,518,273,47.1,142.0,3.3,337,8,860.08,1.54
2025-07-04,paid_social,tablet,110,49,55.4,205.0,1.5,87,2,270.26,1.82
2025-07-04,direct,mobile,668,461,30.8,214.0,2.4,341,19,3188.64,2.84
2025-07-04,direct,desktop,354,254,28.2,82.0,4.1,183,10,1814.73,2.82
2025-07-04,direct,tablet,131,90,30.8,227.0,1.9,92,5,1007.51,3.82
2025-07-04,email,mobile,361,271,24.7,117.0,3.7,224,13,1294.51,3.6
2025-07-04,email,desktop,274,198,27.5,257.0,5.0,158,9,790.92,3.28
2025-07-04,email,tablet,55,39,28.4,74.0,2.6,41,1,111.06,1.82
2025-07-04,referral,mobile,280,157,43.9,125.0,4.4,187,7,1088.71,2.5
2025-07-04,referral,desktop,212,99,53.0,219.0,3.7,134,4,509.14,1.89
2025-07-04,referral,tablet,38,18,50.8,56.0,4.3,26,0,0.0,0.0
2025-07-04,organic_social,mobile,213,94,55.4,85.0,4.2,140,1,143.29,0.47
2025-07-04,organic_social,desktop,95,43,54.5,114.0,4.0,70,1,168.43,1.05
2025-07-04,organic_social,tablet,26,8,66.2,92.0,1.8,16,0,0.0,0.0
2025-07-05,organic_search,mobile,800,454,43.1,51.0,3.3,523,16,1288.05,2.0
2025-07-05,organic_search,desktop,442,231,47.7,118.0,4.7,297,7,1036.84,1.58
2025-07-05,organic_search,tablet,208,100,51.7,182.0,3.7,143,4,355.14,1.92
2025-07-05,paid_search,mobile,685,455,33.5,150.0,4.3,545,24,3745.61,3.5
2025-07-05,paid_search,desktop,560,319,43.0,184.0,2.8,365,16,3291.7,2.86
2025-07-05,paid_search,tablet,115,76,33.2,224.0,1.4,90,3,657.15,2.61
2025-07-05,paid_social,mobile,680,342,49.7,198.0,3.7,388,15,3142.19,2.21
2025-07-05,paid_social,desktop,372,138,62.7,165.0,4.2,231,5,695.74,1.34
2025-07-05,paid_social,tablet,118,55,52.6,55.0,4.3,66,1,186.16,0.85
2025-07-05,direct,mobile,460,337,26.6,164.0,2.5,255,13,2557.64,2.83
2025-07-05,direct,desktop,426,297,30.0,142.0,2.8,246,11,1457.81,2.58
2025-07-05,direct,tablet,94,63,32.2,177.0,1.7,52,4,334.47,4.26
2025-07-05,email,mobile,395,287,27.2,200.0,2.2,278,15,3046.89,3.8
2025-07-05,email,desktop,218,159,27.0,184.0,3.9,146,7,701.61,3.21
2025-07-05,email,tablet,59,45,22.8,140.0,4.8,30,3,463.72,5.08
2025-07-05,referral,mobile,297,164,44.7,99.0,4.3,194,4,678.1,1.35
2025-07-05,referral,desktop,153,68,55.5,122.0,2.3,81,3,416.93,1.96
2025-07-05,referral,tablet,43,23,46.5,58.0,1.7,30,0,0.0,0.0
2025-07-05,organic_social,mobile,155,66,57.1,66.0,4.1,100,2,433.54,1.29
2025-07-05,organic_social,desktop,92,42,54.0,46.0,2.1,55,1,203.12,1.09
2025-07-05,organic_social,tablet,45,16,62.7,79.0,1.4,35,0,0.0,0.0
2025-07-06,organic_search,mobile,1240,763,38.4,107.0,4.9,945,26,2154.42,2.1
2025-07-06,organic_search,desktop,680,329,51.6,193.0,3.2,442,19,2162.17,2.79
2025-07-06,organic_search,tablet,209,113,45.5,60.0,3.9,153,4,840.1,1.91
2025-07-06,paid_search,mobile,562,365,35.0,178.0,2.2,434,14,2862.97,2.49
2025-07-06,paid_search,desktop,414,249,39.8,193.0,2.6,251,12,1123.99,2.9
2025-07-06,paid_search,tablet,116,67,41.5,125.0,1.9,61,2,221.1,1.72
2025-07-06,paid_social,mobile,702,263,62.5,138.0,4.1,381,14,1467.13,1.99
2025-07-06,paid_social,desktop,330,127,61.5,76.0,1.4,215,5,748.51,1.52
2025-07-06,paid_social,tablet,121,49,58.7,71.0,4.8,75,2,199.66,1.65
2025-07-06,direct,mobile,734,524,28.5,71.0,3.1,450,23,4116.49,3.13
2025-07-06,direct,desktop,265,189,28.3,56.0,3.8,148,8,704.95,3.02
2025-07-06,direct,tablet,96,70,26.2,58.0,4.5,74,2,203.24,2.08
2025-07-06,email,mobile,390,283,27.4,81.0,5.5,201,12,1714.78,3.08
2025-07-06,email,desktop,236,183,22.1,70.0,1.5,185,7,1280.28,2.97
2025-07-06,email,tablet,56,40,27.6,73.0,2.1,31,2,370.55,3.57
2025-07-06,referral,mobile,294,161,45.2,156.0,3.1,190,4,576.79,1.36
2025-07-06,referral,desktop,167,89,46.5,106.0,1.4,126,4,789.33,2.4
2025-07-06,referral,tablet,56,31,43.7,71.0,4.1,33,1,143.37,1.79
2025-07-06,organic_social,mobile,239,115,51.8,51.0,3.5,163,3,276.95,1.26
2025-07-06,organic_social,desktop,100,33,66.8,111.0,4.0,75,1,119.56,1.0
2025-07-06,organic_social,tablet,41,18,55.8,134.0,4.9,27,0,0.0,0.0
2025-07-07,organic_search,mobile,881,454,48.4,156.0,3.0,693,16,1877.93,1.82
2025-07-07,organic_search,desktop,482,237,50.8,141.0,2.1,297,9,1851.18,1.87
2025-07-07,organic_search,tablet,168,81,51.2,205.0,1.4,132,2,246.07,1.19
2025-07-07,paid_search,mobile,538,357,33.6,249.0,1.9,371,15,2897.14,2.79
2025-07-07,paid_search,desktop,461,264,42.6,83.0,3.8,313,13,2615.71,2.82
2025-07-07,paid_search,tablet,122,79,34.9,66.0,2.7,68,4,661.84,3.28
2025-07-07,paid_social,mobile,675,249,63.1,175.0,4.6,363,10,1931.93,1.48
2025-07-07,paid_social,desktop,364,181,50.1,60.0,3.7,240,7,1414.73,1.92
2025-07-07,paid_social,tablet,76,37,50.7,166.0,1.4,40,1,200.47,1.32
2025-07-07,direct,mobile,532,365,31.4,85.0,5.1,285,13,2124.99,2.44
2025-07-07,direct,desktop,205,140,31.3,112.0,2.8,149,8,946.67,3.9
2025-07-07,direct,tablet,67,49,26.3,143.0,3.7,48,2,430.49,2.99
2025-07-07,email,mobile,298,219,26.2,75.0,1.8,218,15,1983.22,5.03
2025-07-07,email,desktop,200,149,25.5,62.0,3.3,112,10,1677.58,5.0
2025-07-07,email,tablet,56,43,22.7,70.0,2.5,39,2,407.33,3.57
2025-07-07,referral,mobile,227,110,51.3,207.0,4.4,178,3,341.91,1.32
2025-07-07,referral,desktop,121,61,49.1,196.0,2.2,65,2,306.87,1.65
2025-07-07,referral,tablet,42,19,52.9,118.0,1.9,30,1,185.22,2.38
2025-07-07,organic_social,mobile,177,81,53.8,135.0,1.4,107,2,252.08,1.13
2025-07-07,organic_social,desktop,91,42,53.7,82.0,4.9,61,1,104.64,1.1
2025-07-07,organic_social,tablet,24,9,60.4,42.0,2.1,19,0,0.0,0.0
2025-07-08,organic_search,mobile,553,335,39.3,151.0,5.1,297,13,1569.31,2.35
2025-07-08,organic_search,desktop,442,227,48.5,118.0,3.7,290,8,1437.56,1.81
2025-07-08,organic_search,tablet,127,70,44.7,187.0,4.8,87,2,281.57,1.57
2025-07-08,paid_search,mobile,690,427,38.1,185.0,1.4,444,18,3264.35,2.61
2025-07-08,paid_search,desktop,463,261,43.5,50.0,2.4,331,14,2534.7,3.02
2025-07-08,paid_search,tablet,114,68,39.8,228.0,2.8,87,4,560.43,3.51
2025-07-08,paid_social,mobile,382,149,60.8,51.0,1.5,197,6,1034.2,1.57
2025-07-08,paid_social,desktop,327,151,53.6,99.0,4.5,218,5,712.17,1.53
2025-07-08,paid_social,tablet,83,37,54.3,118.0,2.5,47,1,137.28,1.2
2025-07-08,direct,mobile,425,288,32.1,183.0,4.6,215,13,1452.75,3.06
2025-07-08,direct,desktop,297,197,33.6,73.0,5.4,194,7,1441.27,2.36
2025-07-08,direct,tablet,89,65,26.1,259.0,2.5,53,2,429.72,2.25
2025-07-08,email,mobile,203,145,28.4,127.0,5.4,109,10,962.34,4.93
2025-07-08,email,desktop,224,173,22.8,204.0,2.0,112,6,599.43,2.68
2025-07-08,email,tablet,61,45,26.2,62.0,1.5,44,3,482.63,4.92
2025-07-08,referral,mobile,249,113,54.5,57.0,4.0,143,4,690.76,1.61
2025-07-08,referral,desktop,162,84,47.6,162.0,1.7,83,2,240.17,1.23
2025-07-08,referral,tablet,41,17,56.7,105.0,2.0,28,0,0.0,0.0
2025-07-08,organic_social,mobile,121,46,61.3,140.0,4.8,72,1,152.3,0.83
2025-07-08,organic_social,desktop,108,39,63.4,154.0,1.3,77,0,0.0,0.0
2025-07-08,organic_social,tablet,20,8,56.3,172.0,4.1,13,0,0.0,0.0
2025-07-09,organic_search,mobile,1001,575,42.5,49.0,4.7,692,17,2197.09,1.7
2025-07-09,organic_search,desktop,788,467,40.7,170.0,3.3,551,21,2232.5,2.66
2025-07-09,organic_search,tablet,198,108,45.3,114.0,2.5,136,4,359.04,2.02
2025-07-09,paid_search,mobile,666,433,34.9,115.0,1.7,432,25,4899.58,3.75
2025-07-09,paid_search,desktop,475,274,42.2,139.0,3.9,305,15,3179.82,3.16
2025-07-09,paid_search,tablet,124,83,32.6,198.0,2.5,92,4,825.76,3.23
2025-07-09,paid_social,mobile,739,310,58.0,138.0,3.7,540,9,1453.11,1.22
2025-07-09,paid_social,desktop,415,210,49.3,143.0,2.6,330,9,1698.48,2.17
2025-07-09,paid_social,tablet,95,35,62.2,104.0,4.0,59,1,93.56,1.05
2025-07-09,direct,mobile,575,385,32.9,81.0,2.4,358,21,3644.16,3.65
2025-07-09,direct,desktop,281,202,28.0,62.0,4.2,173,11,914.09,3.91
2025-07-09,direct,tablet,122,80,33.9,141.0,5.2,80,3,255.53,2.46
2025-07-09,email,mobile,356,265,25.4,195.0,4.4,210,11,2037.07,3.09
2025-07-09,email,desktop,291,209,27.9,124.0,3.0,194,15,2540.95,5.15
2025-07-09,email,tablet,73,53,27.2,124.0,4.8,44,2,318.65,2.74
2025-07-09,referral,mobile,264,142,45.9,125.0,2.1,169,4,631.14,1.52
2025-07-09,referral,desktop,137,60,55.7,52.0,4.7,81,3,335.1,2.19
2025-07-09,referral,tablet,39,17,56.3,79.0,4.3,22,0,0.0,0.0
2025-07-09,organic_social,mobile,211,101,51.7,128.0,4.3,134,3,417.33,1.42
2025-07-09,organic_social,desktop,93,37,60.1,74.0,1.8,68,1,143.0,1.08
2025-07-09,organic_social,tablet,37,18,51.1,176.0,1.6,29,0,0.0,0.0
2025-07-10,organic_search,mobile,1193,707,40.7,202.0,1.6,874,21,1855.38,1.76
2025-07-10,organic_search,desktop,730,420,42.4,195.0,2.1,463,20,3896.85,2.74
2025-07-10,organic_search,tablet,129,70,45.3,50.0,3.4,92,3,619.1,2.33
2025-07-10,paid_search,mobile,753,489,35.0,58.0,2.1,487,25,5454.87,3.32
2025-07-10,paid_search,desktop,518,313,39.4,230.0,1.6,324,12,1166.51,2.32
2025-07-10,paid_search,tablet,146,93,35.9,105.0,2.9,78,3,361.89,2.05
2025-07-10,paid_social,mobile,839,341,59.3,182.0,4.6,573,10,1865.77,1.19
2025-07-10,paid_social,desktop,534,217,59.3,140.0,3.6,408,6,1161.26,1.12
2025-07-10,paid_social,tablet,88,45,48.5,121.0,2.5,65,1,137.35,1.14
2025-07-10,direct,mobile,440,306,30.3,61.0,4.1,221,15,2357.76,3.41
2025-07-10,direct,desktop,373,268,27.9,255.0,3.3,261,11,2017.14,2.95
2025-07-10,direct,tablet,89,61,30.5,144.0,2.8,58,2,398.07,2.25
2025-07-10,email,mobile,480,350,27.1,133.0,3.0,349,15,2812.8,3.12
2025-07-10,email,desktop,239,186,21.8,180.0,5.0,141,8,1641.98,3.35
2025-07-10,email,tablet,77,56,27.1,183.0,3.8,39,2,166.53,2.6
2025-07-10,referral,mobile,255,125,51.0,188.0,4.8,161,4,374.06,1.57
2025-07-10,referral,desktop,133,68,48.8,47.0,4.6,68,2,297.34,1.5
2025-07-10,referral,tablet,46,21,52.4,133.0,3.1,24,1,121.75,2.17
2025-07-10,organic_social,mobile,177,82,53.1,121.0,4.0,140,1,87.79,0.56
2025-07-10,organic_social,desktop,127,55,56.4,52.0,2.2,89,1,177.28,0.79
2025-07-10,organic_social,tablet,33,13,60.0,142.0,4.9,23,0,0.0,0.0
2025-07-11,organic_search,mobile,970,556,42.6,69.0,4.9,577,31,3755.21,3.2
2025-07-11,organic_search,desktop,645,342,47.0,74.0,4.7,435,13,1810.6,2.02
2025-07-11,organic_search,tablet,215,125,41.7,102.0,2.7,142,5,552.57,2.33
2025-07-11,paid_search,mobile,795,520,34.6,154.0,2.6,410,18,3385.69,2.26
2025-07-11,paid_search,desktop,373,234,37.1,160.0,4.6,262,11,1461.31,2.95
2025-07-11,paid_search,tablet,170,103,39.3,124.0,2.4,118,4,403.97,2.35
2025-07-11,paid_social,mobile,745,339,54.4,130.0,2.6,478,14,2905.89,1.88
2025-07-11,paid_social,desktop,347,179,48.4,203.0,3.9,248,5,1046.38,1.44
2025-07-11,paid_social,tablet,153,58,61.9,66.0,1.2,106,3,402.1,1.96
2025-07-11,direct,mobile,542,399,26.2,216.0,2.7,377,16,2329.97,2.95
2025-07-11,direct,desktop,266,175,34.2,181.0,4.4,210,11,1693.61,4.14
2025-07-11,direct,tablet,107,72,32.3,194.0,5.1,71,3,304.7,2.8
2025-07-11,email,mobile,392,291,25.5,220.0,1.8,285,20,3840.13,5.1
2025-07-11,email,desktop,284,220,22.2,138.0,4.1,160,11,1030.73,3.87
2025-07-11,email,tablet,54,39,26.0,241.0,4.4,37,2,203.21,3.7
2025-07-11,referral,mobile,208,90,56.4,131.0,3.2,155,4,619.94,1.92
2025-07-11,referral,desktop,130,65,49.8,150.0,3.2,73,2,192.97,1.54
2025-07-11,referral,tablet,41,23,43.8,195.0,4.8,23,0,0.0,0.0
2025-07-11,organic_social,mobile,164,76,53.2,87.0,1.9,111,2,429.98,1.22
2025-07-11,organic_social,desktop,148,49,66.7,135.0,3.8,104,1,190.15,0.68
2025-07-11,organic_social,tablet,27,11,57.4,64.0,3.0,20,0,0.0,0.0
2025-07-12,organic_search,mobile,1130,609,46.1,167.0,4.3,773,23,2885.01,2.04
2025-07-12,organic_search,desktop,574,309,46.0,202.0,1.5,355,10,1829.87,1.74
2025-07-12,organic_search,tablet,211,113,46.3,182.0,4.0,142,5,460.94,2.37
2025-07-12,paid_search,mobile,566,341,39.6,215.0,3.4,427,13,2536.32,2.3
2025-07-12,paid_search,desktop,460,296,35.6,201.0,3.8,348,14,2215.21,3.04
2025-07-12,paid_search,tablet,176,108,38.3,224.0,1.4,125,6,884.47,3.41
2025-07-12,paid_social,mobile,691,360,47.8,142.0,4.0,397,14,1889.93,2.03
2025-07-12,paid_social,desktop,384,181,52.6,108.0,3.6,229,7,1522.18,1.82
2025-07-12,paid_social,tablet,154,58,62.2,191.0,3.0,92,2,343.15,1.3
2025-07-12,direct,mobile,718,518,27.8,183.0,2.1,497,20,4065.51,2.79
2025-07-12,direct,desktop,450,331,26.3,76.0,5.1,305,13,2139.66,2.89
2025-07-12,direct,tablet,110,81,26.0,221.0,2.8,68,3,321.87,2.73
2025-07-12,email,mobile,417,305,26.6,107.0,1.8,315,20,2089.62,4.8
2025-07-12,email,desktop,217,168,22.2,232.0,2.6,131,8,704.02,3.69
2025-07-12,email,tablet,88,68,22.7,260.0,5.2,59,3,475.4,3.41
2025-07-12,referral,mobile,319,160,49.8,127.0,4.0,238,6,816.39,1.88
2025-07-12,referral,desktop,179,79,55.5,163.0,4.2,90,3,577.15,1.68
2025-07-12,referral,tablet,59,26,55.8,180.0,1.9,30,1,182.22,1.69
2025-07-12,organic_social,mobile,168,68,59.0,206.0,4.1,108,1,201.89,0.6
2025-07-12,organic_social,desktop,96,31,66.7,48.0,4.4,71,1,102.72,1.04
2025-07-12,organic_social,tablet,44,18,57.4,101.0,3.0,29,0,0.0,0.0
2025-07-13,organic_search,mobile,690,348,49.4,156.0,3.4,417,21,2906.37,3.04
2025-07-13,organic_search,desktop,459,251,45.3,146.0,3.6,312,9,1541.95,1.96
2025-07-13,organic_search,tablet,215,128,40.2,186.0,1.9,162,6,1281.97,2.79
2025-07-13,paid_search,mobile,904,523,42.1,77.0,3.6,601,28,5455.36,3.1
2025-07-13,paid_search,desktop,606,350,42.1,200.0,3.7,451,21,2194.05,3.47
2025-07-13,paid_search,tablet,176,110,37.4,90.0,4.7,95,6,1297.28,3.41
2025-07-13,paid_social,mobile,492,193,60.7,183.0,3.8,349,11,929.61,2.24
2025-07-13,paid_social,desktop,430,199,53.6,209.0,4.3,255,7,934.2,1.63
2025-07-13,paid_social,tablet,144,61,57.6,162.0,2.2,82,3,278.6,2.08
2025-07-13,direct,mobile,648,430,33.6,213.0,1.5,461,22,3193.84,3.4
2025-07-13,direct,desktop,269,194,27.7,113.0,3.5,203,10,1332.27,3.72
2025-07-13,direct,tablet,100,69,30.3,54.0,4.8,56,2,284.5,2.0
2025-07-13,email,mobile,481,365,23.9,85.0,3.5,278,24,3229.12,4.99
2025-07-13,email,desktop,218,166,23.6,80.0,2.5,150,8,1197.9,3.67
2025-07-13,email,tablet,80,61,23.1,261.0,3.7,59,2,293.85,2.5
2025-07-13,referral,mobile,337,161,52.1,101.0,5.0,216,6,1122.22,1.78
2025-07-13,referral,desktop,215,99,53.9,105.0,2.7,108,3,332.69,1.4
2025-07-13,referral,tablet,59,31,46.1,155.0,3.4,46,1,147.6,1.69
2025-07-13,organic_social,mobile,183,76,58.0,146.0,3.4,134,2,266.92,1.09
2025-07-13,organic_social,desktop,158,49,68.6,106.0,1.9,114,1,143.3,0.63
2025-07-13,organic_social,tablet,44,20,53.7,97.0,2.9,31,0,0.0,0.0
2025-07-14,organic_search,mobile,559,305,45.4,90.0,4.1,304,10,1227.51,1.79
2025-07-14,organic_search,desktop,504,272,46.0,145.0,4.1,373,13,2635.37,2.58
2025-07-14,organic_search,tablet,146,83,42.6,118.0,4.5,88,4,354.02,2.74
2025-07-14,paid_search,mobile,593,392,33.8,246.0,1.7,331,23,4838.34,3.88
2025-07-14,paid_search,desktop,366,236,35.4,74.0,1.4,292,12,2380.33,3.28
2025-07-14,paid_search,tablet,101,67,33.1,211.0,3.7,71,3,556.34,2.97
2025-07-14,paid_social,mobile,512,220,57.0,151.0,3.4,309,11,2400.78,2.15
2025-07-14,paid_social,desktop,295,112,62.0,152.0,1.7,230,5,721.01,1.69
2025-07-14,paid_social,tablet,95,45,52.3,216.0,3.4,56,1,174.8,1.05
2025-07-14,direct,mobile,411,285,30.6,241.0,3.1,282,16,1690.66,3.89
2025-07-14,direct,desktop,343,237,30.7,101.0,5.3,220,13,2192.4,3.79
2025-07-14,direct,tablet,59,38,34.5,232.0,3.5,35,2,330.37,3.39
2025-07-14,email,mobile,232,168,27.3,157.0,4.4,163,8,1218.37,3.45
2025-07-14,email,desktop,175,132,24.4,203.0,3.7,90,6,766.37,3.43
2025-07-14,email,tablet,52,37,28.4,189.0,5.3,26,1,94.69,1.92
2025-07-14,referral,mobile,183,103,43.5,130.0,2.7,103,3,472.9,1.64
2025-07-14,referral,desktop,137,66,51.1,175.0,4.9,75,3,573.15,2.19
2025-07-14,referral,tablet,46,25,45.1,170.0,4.0,32,1,190.38,2.17
2025-07-14,organic_social,mobile,146,70,51.6,93.0,3.1,110,1,134.48,0.68
2025-07-14,organic_social,desktop,96,30,68.4,89.0,1.7,67,1,103.56,1.04
2025-07-14,organic_social,tablet,20,7,60.3,109.0,2.0,14,0,0.0,0.0
2025-07-15,organic_search,mobile,637,308,51.6,141.0,1.5,389,12,963.77,1.88
2025-07-15,organic_search,desktop,446,260,41.6,75.0,1.5,264,14,1795.87,3.14
2025-07-15,organic_search,tablet,156,91,41.6,113.0,3.7,106,4,873.9,2.56
2025-07-15,paid_search,mobile,610,346,43.2,52.0,1.5,371,22,1787.17,3.61
2025-07-15,paid_search,desktop,354,207,41.5,199.0,4.8,196,12,2639.96,3.39
2025-07-15,paid_search,tablet,113,74,34.0,110.0,2.0,64,3,580.06,2.65
2025-07-15,paid_social,mobile,616,272,55.8,128.0,4.5,401,11,1768.21,1.79
2025-07-15,paid_social,desktop,349,129,62.9,134.0,3.8,187,6,637.2,1.72
2025-07-15,paid_social,tablet,75,39,47.2,211.0,3.3,58,1,108.3,1.33
2025-07-15,direct,mobile,402,264,34.1,75.0,3.1,250,18,1767.69,4.48
2025-07-15,direct,desktop,300,220,26.5,83.0,4.7,157,12,1337.9,4.0
2025-07-15,direct,tablet,88,64,26.5,174.0,2.8,50,3,572.03,3.41
2025-07-15,email,mobile,342,266,22.1,201.0,5.6,241,18,3403.38,5.26
2025-07-15,email,desktop,140,106,23.7,55.0,2.5,100,6,963.35,4.29
2025-07-15,email,tablet,57,41,28.0,166.0,3.6,34,3,605.2,5.26
2025-07-15,referral,mobile,250,112,55.0,191.0,4.7,186,5,944.89,2.0
2025-07-15,referral,desktop,152,72,52.4,139.0,4.4,88,2,314.25,1.32
2025-07-15,referral,tablet,33,16,50.9,67.0,3.8,22,0,0.0,0.0
2025-07-15,organic_social,mobile,174,58,66.4,166.0,3.6,94,1,86.35,0.57
2025-07-15,organic_social,desktop,118,38,67.7,74.0,2.4,60,1,87.52,0.85
2025-07-15,organic_social,tablet,31,14,52.4,103.0,2.3,24,0,0.0,0.0
2025-07-16,organic_search,mobile,614,327,46.6,226.0,5.2,420,11,1968.28,1.79
2025-07-16,organic_search,desktop,249,125,49.5,72.0,2.2,167,6,859.79,2.41
2025-07-16,organic_search,tablet,74,40,44.7,55.0,4.4,39,2,436.46,2.7
2025-07-16,paid_search,mobile,487,286,41.1,177.0,3.5,386,14,2124.67,2.87
2025-07-16,paid_search,desktop,318,213,33.0,209.0,5.1,215,11,2030.04,3.46
2025-07-16,paid_search,tablet,59,35,40.0,166.0,2.5,41,1,127.95,1.69
2025-07-16,paid_social,mobile,419,154,63.0,163.0,3.3,217,6,862.49,1.43
2025-07-16,paid_social,desktop,200,80,59.8,150.0,4.7,151,3,531.64,1.5
2025-07-16,paid_social,tablet,57,25,55.0,152.0,2.2,31,1,119.05,1.75
2025-07-16,direct,mobile,221,158,28.1,191.0,5.0,138,7,673.35,3.17
2025-07-16,direct,desktop,224,163,26.9,254.0,2.8,156,5,969.7,2.23
2025-07-16,direct,tablet,57,38,31.7,67.0,1.4,31,2,231.8,3.51
2025-07-16,email,mobile,148,116,21.5,171.0,1.6,118,4,347.31,2.7
2025-07-16,email,desktop,122,87,28.0,225.0,2.4,62,5,495.12,4.1
2025-07-16,email,tablet,28,20,25.7,164.0,5.3,20,1,102.63,3.57
2025-07-16,referral,mobile,99,52,47.3,145.0,3.4,52,2,199.24,2.02
2025-07-16,referral,desktop,91,40,56.0,149.0,4.1,69,1,208.17,1.1
2025-07-16,referral,tablet,23,12,44.9,148.0,4.0,15,0,0.0,0.0
2025-07-16,organic_social,mobile,100,38,61.1,62.0,3.9,70,1,203.82,1.0
2025-07-16,organic_social,desktop,45,20,54.9,144.0,1.6,25,0,0.0,0.0
2025-07-16,organic_social,tablet,21,8,57.5,98.0,3.4,13,0,0.0,0.0
2025-07-17,organic_search,mobile,621,354,42.9,165.0,3.2,456,16,2824.58,2.58
2025-07-17,organic_search,desktop,355,173,51.2,162.0,4.5,279,11,1211.48,3.1
2025-07-17,organic_search,tablet,68,33,51.1,162.0,4.6,50,1,160.14,1.47
2025-07-17,paid_search,mobile,485,284,41.3,77.0,1.7,378,14,1470.54,2.89
2025-07-17,paid_search,desktop,242,137,43.3,210.0,3.6,137,9,1921.76,3.72
2025-07-17,paid_search,tablet,59,37,36.5,158.0,1.7,44,1,173.36,1.69
2025-07-17,paid_social,mobile,413,211,48.7,141.0,4.9,288,6,690.33,1.45
2025-07-17,paid_social,desktop,244,118,51.6,171.0,2.2,123,4,438.33,1.64
2025-07-17,paid_social,tablet,63,30,51.7,189.0,5.0,42,1,184.45,1.59
2025-07-17,direct,mobile,285,206,27.7,119.0,3.2,174,11,1623.37,3.86
2025-07-17,direct,desktop,236,171,27.5,87.0,2.6,152,7,861.15,2.97
2025-07-17,direct,tablet,56,38,31.1,114.0,2.8,39,2,179.96,3.57
2025-07-17,email,mobile,158,121,22.9,208.0,4.3,114,5,773.31,3.16
2025-07-17,email,desktop,98,72,25.6,74.0,5.0,50,3,646.01,3.06
2025-07-17,email,tablet,35,25,27.6,78.0,4.1,23,1,149.13,2.86
2025-07-17,referral,mobile,131,70,46.0,225.0,4.9,85,2,431.6,1.53
2025-07-17,referral,desktop,110,58,47.0,131.0,2.0,57,2,208.81,1.82
2025-07-17,referral,tablet,17,8,48.2,163.0,4.4,11,0,0.0,0.0
2025-07-17,organic_social,mobile,99,39,60.4,163.0,1.2,51,0,0.0,0.0
2025-07-17,organic_social,desktop,62,21,66.1,191.0,1.5,33,0,0.0,0.0
2025-07-17,organic_social,tablet,19,8,53.0,81.0,3.6,11,0,0.0,0.0
2025-07-18,organic_search,mobile,376,212,43.5,76.0,1.5,256,8,1344.07,2.13
2025-07-18,organic_search,desktop,226,134,40.3,171.0,1.9,168,7,582.31,3.1
2025-07-18,organic_search,tablet,91,50,44.6,203.0,1.3,46,2,347.86,2.2
2025-07-18,paid_search,mobile,332,196,40.7,145.0,2.8,212,8,1095.54,2.41
2025-07-18,paid_search,desktop,288,187,34.9,221.0,2.2,189,8,1229.77,2.78
2025-07-18,paid_search,tablet,85,56,33.6,85.0,2.3,55,3,333.97,3.53
2025-07-18,paid_social,mobile,367,183,50.0,55.0,3.3,258,5,716.87,1.36
2025-07-18,paid_social,desktop,279,141,49.1,85.0,3.3,151,4,463.76,1.43
2025-07-18,paid_social,tablet,44,22,49.4,200.0,3.5,22,0,0.0,0.0
2025-07-18,direct,mobile,241,165,31.5,70.0,3.0,190,6,796.65,2.49
2025-07-18,direct,desktop,178,122,31.0,175.0,3.9,121,5,620.51,2.81
2025-07-18,direct,tablet,37,25,31.8,89.0,3.5,22,1,89.82,2.7
2025-07-18,email,mobile,201,146,27.0,107.0,3.9,150,8,1154.06,3.98
2025-07-18,email,desktop,105,76,27.2,241.0,4.2,78,4,382.64,3.81
2025-07-18,email,tablet,38,29,22.2,109.0,4.1,25,1,168.71,2.63
2025-07-18,referral,mobile,96,42,55.7,69.0,4.3,63,1,161.81,1.04
2025-07-18,referral,desktop,64,30,53.0,207.0,4.4,32,1,126.85,1.56
2025-07-18,referral,tablet,27,14,45.1,55.0,3.8,19,0,0.0,0.0
2025-07-18,organic_social,mobile,77,34,54.8,129.0,1.3,47,0,0.0,0.0
2025-07-18,organic_social,desktop,46,17,61.4,164.0,2.9,29,0,0.0,0.0
2025-07-18,organic_social,tablet,18,7,56.4,201.0,4.3,13,0,0.0,0.0
2025-07-19,organic_search,mobile,389,228,41.4,191.0,3.8,288,11,2354.05,2.83
2025-07-19,organic_search,desktop,222,111,49.8,168.0,4.2,152,4,351.73,1.8
2025-07-19,organic_search,tablet,79,47,39.8,194.0,5.1,63,2,173.26,2.53
2025-07-19,paid_search,mobile,361,239,33.5,208.0,1.5,198,8,1190.52,2.22
2025-07-19,paid_search,desktop,258,172,33.3,127.0,1.4,137,10,1504.34,3.88
2025-07-19,paid_search,tablet,83,49,40.3,116.0,3.7,59,1,216.36,1.2
2025-07-19,paid_social,mobile,441,170,61.4,182.0,4.2,305,8,796.07,1.81
2025-07-19,paid_social,desktop,285,126,55.5,114.0,2.8,213,4,462.11,1.4
2025-07-19,paid_social,tablet,77,36,53.1,116.0,4.5,41,1,209.93,1.3
2025-07-19,direct,mobile,290,197,31.9,62.0,5.0,190,9,749.1,3.1
2025-07-19,direct,desktop,145,96,33.6,167.0,2.7,104,6,753.9,4.14
2025-07-19,direct,tablet,66,49,25.8,196.0,2.1,40,2,383.74,3.03
2025-07-19,email,mobile,188,137,26.8,138.0,5.4,96,7,867.71,3.72
2025-07-19,email,desktop,110,84,22.7,95.0,3.2,82,4,648.02,3.64
2025-07-19,email,tablet,37,27,26.3,260.0,3.0,20,1,137.25,2.7
2025-07-19,referral,mobile,159,79,50.1,193.0,3.4,109,2,228.97,1.26
2025-07-19,referral,desktop,83,45,45.7,109.0,4.8,55,1,98.02,1.2
2025-07-19,referral,tablet,17,7,54.0,152.0,1.4,10,0,0.0,0.0
2025-07-19,organic_social,mobile,86,41,51.4,202.0,4.9,62,0,0.0,0.0
2025-07-19,organic_social,desktop,51,16,67.6,123.0,2.4,38,0,0.0,0.0
2025-07-19,organic_social,tablet,15,7,53.0,120.0,3.5,11,0,0.0,0.0
2025-07-20,organic_search,mobile,536,277,48.2,206.0,4.0,395,14,1279.48,2.61
2025-07-20,organic_search,desktop,387,188,51.3,197.0,4.9,275,12,1412.91,3.1
2025-07-20,organic_search,tablet,98,48,50.2,123.0,4.9,50,2,213.72,2.04
2025-07-20,paid_search,mobile,371,221,40.2,100.0,2.2,277,12,2320.63,3.23
2025-07-20,paid_search,desktop,292,189,35.1,151.0,4.7,198,9,1289.11,3.08
2025-07-20,paid_search,tablet,70,45,35.6,191.0,1.6,41,1,208.54,1.43
2025-07-20,paid_social,mobile,377,187,50.2,104.0,4.4,296,5,785.22,1.33
2025-07-20,paid_social,desktop,232,96,58.5,196.0,3.3,129,5,558.17,2.16
2025-07-20,paid_social,tablet,55,23,58.1,151.0,2.6,32,1,96.66,1.82
2025-07-20,direct,mobile,233,154,33.5,91.0,3.8,147,7,994.42,3.0
2025-07-20,direct,desktop,149,106,28.3,62.0,5.5,115,4,363.11,2.68
2025-07-20,direct,tablet,55,39,27.7,132.0,4.4,34,1,141.67,1.82
2025-07-20,email,mobile,245,188,23.1,263.0,5.0,122,7,1151.24,2.86
2025-07-20,email,desktop,128,96,24.7,104.0,2.7,73,6,692.29,4.69
2025-07-20,email,tablet,24,17,26.0,198.0,4.0,13,1,199.25,4.17
2025-07-20,referral,mobile,154,68,55.3,180.0,3.0,107,2,311.34,1.3
2025-07-20,referral,desktop,71,34,51.3,209.0,3.5,45,1,109.26,1.41
2025-07-20,referral,tablet,24,13,42.5,209.0,2.9,13,0,0.0,0.0
2025-07-20,organic_social,mobile,96,40,57.6,130.0,4.6,55,1,181.61,1.04
2025-07-20,organic_social,desktop,54,18,65.0,142.0,3.3,36,0,0.0,0.0
2025-07-20,organic_social,tablet,16,6,57.9,186.0,3.6,10,0,0.0,0.0
2025-07-21,organic_search,mobile,266,155,41.6,216.0,2.3,178,8,1083.76,3.01
2025-07-21,organic_search,desktop,293,158,45.8,75.0,1.4,207,6,672.82,2.05
2025-07-21,organic_search,tablet,76,38,49.3,157.0,1.6,39,1,211.92,1.32
2025-07-21,paid_search,mobile,290,188,35.1,145.0,1.7,151,7,571.53,2.41
2025-07-21,paid_search,desktop,146,98,32.4,102.0,1.6,78,3,489.62,2.05
2025-07-21,paid_search,tablet,38,22,41.2,214.0,1.6,19,1,146.38,2.63
2025-07-21,paid_social,mobile,248,121,51.1,124.0,1.9,183,4,825.92,1.61
2025-07-21,paid_social,desktop,154,62,59.2,46.0,2.1,106,2,254.4,1.3
2025-07-21,paid_social,tablet,41,20,49.0,59.0,4.3,24,0,0.0,0.0
2025-07-21,direct,mobile,191,131,31.1,61.0,4.8,129,6,1309.57,3.14
2025-07-21,direct,desktop,169,115,31.7,54.0,4.8,118,6,1140.83,3.55
2025-07-21,direct,tablet,49,35,26.7,99.0,1.9,33,2,399.25,4.08
2025-07-21,email,mobile,159,116,26.6,111.0,4.9,100,8,1263.51,5.03
2025-07-21,email,desktop,88,66,24.9,88.0,1.9,51,4,863.64,4.55
2025-07-21,email,tablet,32,23,25.2,168.0,1.7,17,0,0.0,0.0
2025-07-21,referral,mobile,76,37,50.3,126.0,3.5,53,1,144.42,1.32
2025-07-21,referral,desktop,82,40,50.7,64.0,2.5,63,1,216.44,1.22
2025-07-21,referral,tablet,23,10,52.2,210.0,4.6,17,0,0.0,0.0
2025-07-21,organic_social,mobile,63,21,65.8,143.0,2.6,43,0,0.0,0.0
2025-07-21,organic_social,desktop,42,20,51.0,178.0,2.1,22,0,0.0,0.0
2025-07-21,organic_social,tablet,10,3,60.0,133.0,2.9,7,0,0.0,0.0
2025-07-22,organic_search,mobile,270,134,50.0,65.0,1.5,148,7,1233.34,2.59
2025-07-22,organic_search,desktop,198,105,46.6,83.0,3.9,119,3,316.88,1.52
2025-07-22,organic_search,tablet,56,34,38.6,171.0,4.3,36,1,156.96,1.79
2025-07-22,paid_search,mobile,248,159,35.6,81.0,1.4,143,8,1117.56,3.23
2025-07-22,paid_search,desktop,211,126,39.9,76.0,3.2,112,5,710.92,2.37
2025-07-22,paid_search,tablet,58,35,39.0,162.0,2.4,35,1,218.94,1.72
2025-07-22,paid_social,mobile,324,161,50.1,105.0,2.4,201,4,639.52,1.23
2025-07-22,paid_social,desktop,198,77,60.6,44.0,3.3,155,3,482.46,1.52
2025-07-22,paid_social,tablet,56,28,49.1,68.0,2.4,30,1,110.33,1.79
2025-07-22,direct,mobile,180,129,28.3,162.0,2.6,141,6,995.58,3.33
2025-07-22,direct,desktop,121,85,29.1,139.0,2.8,63,4,332.57,3.31
2025-07-22,direct,tablet,46,31,31.9,233.0,2.1,35,1,116.48,2.17
2025-07-22,email,mobile,107,77,27.5,71.0,3.1,67,4,754.48,3.74
2025-07-22,email,desktop,92,68,26.0,130.0,4.3,71,3,427.92,3.26
2025-07-22,email,tablet,20,15,23.4,179.0,2.0,12,0,0.0,0.0
2025-07-22,referral,mobile,99,47,51.8,187.0,3.8,52,1,150.28,1.01
2025-07-22,referral,desktop,80,41,47.6,130.0,3.6,51,1,176.93,1.25
2025-07-22,referral,tablet,16,8,49.1,82.0,1.5,11,0,0.0,0.0
2025-07-22,organic_social,mobile,55,18,65.8,106.0,1.7,41,0,0.0,0.0
2025-07-22,organic_social,desktop,36,14,59.9,176.0,3.3,18,0,0.0,0.0
2025-07-22,organic_social,tablet,16,6,58.1,81.0,3.3,9,0,0.0,0.0
2025-07-23,organic_search,mobile,578,292,49.4,225.0,4.3,299,14,2162.34,2.42
2025-07-23,organic_search,desktop,246,132,46.3,164.0,5.1,123,5,962.76,2.03
2025-07-23,organic_search,tablet,84,47,43.8,123.0,4.4,57,2,407.86,2.38
2025-07-23,paid_search,mobile,382,228,40.2,233.0,2.9,225,10,999.21,2.62
2025-07-23,paid_search,desktop,210,127,39.4,125.0,4.9,133,8,1642.27,3.81
2025-07-23,paid_search,tablet,53,34,34.4,244.0,2.3,32,1,208.48,1.89
2025-07-23,paid_social,mobile,446,175,60.7,189.0,1.3,347,7,1003.57,1.57
2025-07-23,paid_social,desktop,166,63,61.6,43.0,4.8,86,2,431.35,1.2
2025-07-23,paid_social,tablet,48,17,62.6,112.0,1.5,26,1,197.57,2.08
2025-07-23,direct,mobile,362,257,29.0,149.0,4.9,252,14,2472.7,3.87
2025-07-23,direct,desktop,210,140,33.0,201.0,4.7,142,6,726.35,2.86
2025-07-23,direct,tablet,68,45,33.4,117.0,2.8,35,2,228.7,2.94
2025-07-23,email,mobile,219,165,24.3,54.0,1.6,131,9,1613.91,4.11
2025-07-23,email,desktop,133,99,24.8,74.0,1.9,75,7,811.75,5.26
2025-07-23,email,tablet,29,22,24.1,162.0,3.4,17,1,114.89,3.45
2025-07-23,referral,mobile,129,66,48.3,185.0,2.5,71,3,268.93,2.33
2025-07-23,referral,desktop,104,52,49.5,118.0,3.9,75,2,276.42,1.92
2025-07-23,referral,tablet,28,13,50.4,168.0,2.0,19,0,0.0,0.0
2025-07-23,organic_social,mobile,104,49,52.7,117.0,1.8,71,1,202.51,0.96
2025-07-23,organic_social,desktop,51,19,60.8,93.0,4.4,27,0,0.0,0.0
2025-07-23,organic_social,tablet,12,4,65.9,127.0,2.4,6,0,0.0,0.0
2025-07-24,organic_search,mobile,550,312,43.2,184.0,2.5,296,10,1448.46,1.82
2025-07-24,organic_search,desktop,277,150,45.6,226.0,2.1,143,5,564.18,1.81
2025-07-24,organic_search,tablet,83,50,39.2,105.0,1.6,46,1,82.17,1.2
2025-07-24,paid_search,mobile,419,269,35.6,224.0,4.1,316,14,1926.17,3.34
2025-07-24,paid_search,desktop,247,145,41.2,178.0,2.5,132,8,1473.2,3.24
2025-07-24,paid_search,tablet,82,54,33.2,87.0,4.4,64,2,436.86,2.44
2025-07-24,paid_social,mobile,345,151,56.2,152.0,4.5,271,5,709.24,1.45
2025-07-24,paid_social,desktop,226,91,59.7,120.0,3.8,121,4,458.33,1.77
2025-07-24,paid_social,tablet,77,35,53.4,74.0,1.4,45,1,201.76,1.3
2025-07-24,direct,mobile,228,149,34.4,208.0,2.4,149,8,1272.27,3.51
2025-07-24,direct,desktop,144,106,26.3,144.0,3.3,109,4,831.22,2.78
2025-07-24,direct,tablet,45,31,29.9,59.0,3.1,26,1,198.46,2.22
2025-07-24,email,mobile,164,126,23.1,204.0,5.1,91,6,1237.25,3.66
2025-07-24,email,desktop,148,111,24.5,155.0,5.2,90,8,1304.89,5.41
2025-07-24,email,tablet,40,30,24.8,138.0,2.8,30,1,118.6,2.5
2025-07-24,referral,mobile,169,78,53.5,70.0,3.9,116,4,518.18,2.37
2025-07-24,referral,desktop,73,31,56.2,65.0,2.3,49,1,194.13,1.37
2025-07-24,referral,tablet,20,8,56.8,139.0,2.8,14,0,0.0,0.0
2025-07-24,organic_social,mobile,68,28,58.7,78.0,4.8,53,1,91.92,1.47
2025-07-24,organic_social,desktop,57,20,64.5,173.0,3.6,30,0,0.0,0.0
2025-07-24,organic_social,tablet,21,9,55.9,198.0,4.7,16,0,0.0,0.0
2025-07-25,organic_search,mobile,526,280,46.7,118.0,4.4,356,9,826.53,1.71
2025-07-25,organic_search,desktop,257,154,39.9,58.0,3.2,133,6,1246.87,2.33
2025-07-25,organic_search,tablet,74,36,51.1,60.0,3.9,37,1,87.12,1.35
2025-07-25,paid_search,mobile,360,204,43.2,69.0,1.8,245,8,1683.92,2.22
2025-07-25,paid_search,desktop,207,140,32.3,233.0,2.5,145,7,923.44,3.38
2025-07-25,paid_search,tablet,62,40,34.0,217.0,2.4,38,2,324.69,3.23
2025-07-25,paid_social,mobile,341,146,57.1,75.0,3.5,195,5,573.17,1.47
2025-07-25,paid_social,desktop,206,108,47.3,192.0,2.7,121,3,442.86,1.46
2025-07-25,paid_social,tablet,63,33,47.6,92.0,2.8,32,1,98.94,1.59
2025-07-25,direct,mobile,340,244,28.0,128.0,4.7,199,9,1152.87,2.65
2025-07-25,direct,desktop,179,125,30.0,178.0,4.3,92,5,948.33,2.79
2025-07-25,direct,tablet,62,44,27.7,97.0,3.1,44,1,172.55,1.61
2025-07-25,email,mobile,146,113,22.2,101.0,3.6,100,6,857.68,4.11
2025-07-25,email,desktop,115,89,22.5,192.0,2.5,57,5,484.84,4.35
2025-07-25,email,tablet,34,25,23.6,124.0,2.6,24,1,149.79,2.94
2025-07-25,referral,mobile,101,52,48.5,126.0,4.8,70,1,119.95,0.99
2025-07-25,referral,desktop,69,33,51.1,120.0,4.9,48,1,203.94,1.45
2025-07-25,referral,tablet,29,15,45.2,228.0,2.4,20,0,0.0,0.0
2025-07-25,organic_social,mobile,98,39,59.6,93.0,3.4,77,1,133.71,1.02
2025-07-25,organic_social,desktop,67,23,64.6,173.0,2.4,38,0,0.0,0.0
2025-07-25,organic_social,tablet,16,6,61.4,92.0,3.4,8,0,0.0,0.0
2025-07-26,organic_search,mobile,461,280,39.2,126.0,4.6,277,8,1522.85,1.74
2025-07-26,organic_search,desktop,333,201,39.5,133.0,2.1,253,6,875.9,1.8
2025-07-26,organic_search,tablet,76,42,44.0,112.0,2.3,58,1,219.36,1.32
2025-07-26,paid_search,mobile,305,174,42.8,95.0,4.1,156,10,1112.45,3.28
2025-07-26,paid_search,desktop,276,177,35.8,98.0,3.1,210,10,974.93,3.62
2025-07-26,paid_search,tablet,60,34,41.9,77.0,3.7,36,1,104.3,1.67
2025-07-26,paid_social,mobile,422,190,54.8,206.0,3.6,275,9,1022.82,2.13
2025-07-26,paid_social,desktop,234,89,61.9,82.0,4.8,140,3,343.25,1.28
2025-07-26,paid_social,tablet,77,39,49.0,220.0,3.9,38,1,166.69,1.3
2025-07-26,direct,mobile,333,228,31.3,238.0,1.4,263,9,1501.77,2.7
2025-07-26,direct,desktop,161,111,31.0,155.0,2.4,104,4,729.3,2.48
2025-07-26,direct,tablet,47,33,27.7,81.0,5.2,23,1,169.35,2.13
2025-07-26,email,mobile,166,126,23.8,232.0,2.9,101,5,463.0,3.01
2025-07-26,email,desktop,136,99,26.7,199.0,5.2,73,6,873.89,4.41
2025-07-26,email,tablet,36,25,27.8,248.0,4.4,25,1,92.31,2.78
2025-07-26,referral,mobile,106,51,51.1,176.0,2.0,57,1,161.98,0.94
2025-07-26,referral,desktop,78,37,52.1,195.0,4.1,50,1,165.24,1.28
2025-07-26,referral,tablet,24,10,54.5,130.0,3.4,17,0,0.0,0.0
2025-07-26,organic_social,mobile,100,44,55.0,214.0,3.3,61,1,149.07,1.0
2025-07-26,organic_social,desktop,50,21,57.2,146.0,4.3,28,0,0.0,0.0
2025-07-26,organic_social,tablet,12,4,58.5,176.0,1.5,6,0,0.0,0.0
2025-07-27,organic_search,mobile,547,322,41.1,187.0,3.4,363,9,996.44,1.65
2025-07-27,organic_search,desktop,289,172,40.2,184.0,4.7,165,5,529.6,1.73
2025-07-27,organic_search,tablet,70,40,41.6,179.0,1.8,48,2,219.81,2.86
2025-07-27,paid_search,mobile,325,189,41.8,173.0,4.2,250,7,1050.25,2.15
2025-07-27,paid_search,desktop,263,174,33.8,70.0,1.9,196,9,1385.34,3.42
2025-07-27,paid_search,tablet,72,47,34.1,83.0,3.2,56,2,324.21,2.78
2025-07-27,paid_social,mobile,398,186,53.1,76.0,2.7,304,5,558.18,1.26
2025-07-27,paid_social,desktop,178,93,47.6,58.0,3.4,103,2,284.94,1.12
2025-07-27,paid_social,tablet,58,29,49.3,66.0,2.7,46,1,133.39,1.72
2025-07-27,direct,mobile,325,216,33.3,161.0,5.0,247,14,2195.71,4.31
2025-07-27,direct,desktop,207,138,32.9,74.0,4.3,159,8,984.78,3.86
2025-07-27,direct,tablet,67,49,25.9,129.0,3.7,42,2,332.86,2.99
2025-07-27,email,mobile,241,184,23.5,113.0,1.6,178,8,1393.91,3.32
2025-07-27,email,desktop,109,77,28.7,85.0,3.6,63,4,631.18,3.67
2025-07-27,email,tablet,38,29,21.5,135.0,1.7,19,1,152.48,2.63
2025-07-27,referral,mobile,158,73,53.6,187.0,3.8,82,3,242.89,1.9
2025-07-27,referral,desktop,74,41,43.5,117.0,3.8,53,1,150.53,1.35
2025-07-27,referral,tablet,26,11,54.9,67.0,4.5,13,0,0.0,0.0
2025-07-27,organic_social,mobile,103,46,54.7,107.0,4.2,71,1,111.55,0.97
2025-07-27,organic_social,desktop,54,19,63.6,80.0,2.8,32,0,0.0,0.0
2025-07-27,organic_social,tablet,15,6,58.7,86.0,3.3,11,0,0.0,0.0
2025-07-28,organic_search,mobile,404,230,42.8,73.0,4.0,311,12,2120.57,2.97
2025-07-28,organic_search,desktop,225,116,48.1,160.0,2.8,143,4,381.93,1.78
2025-07-28,organic_search,tablet,58,32,44.4,130.0,3.1,44,1,95.12,1.72
2025-07-28,paid_search,mobile,259,155,40.0,184.0,3.5,158,7,861.72,2.7
2025-07-28,paid_search,desktop,181,105,41.9,214.0,3.9,100,6,1265.1,3.31
2025-07-28,paid_search,tablet,48,29,38.6,238.0,4.6,33,1,175.38,2.08
2025-07-28,paid_social,mobile,287,110,61.6,151.0,3.3,216,4,570.13,1.39
2025-07-28,paid_social,desktop,152,70,53.6,112.0,3.3,78,2,338.8,1.32
2025-07-28,paid_social,tablet,53,23,55.5,192.0,4.5,33,1,115.0,1.89
2025-07-28,direct,mobile,163,113,30.1,234.0,5.1,111,6,983.54,3.68
2025-07-28,direct,desktop,149,109,26.7,124.0,4.4,96,4,504.87,2.68
2025-07-28,direct,tablet,39,28,27.7,64.0,2.0,29,1,137.31,2.56
2025-07-28,email,mobile,138,98,28.6,186.0,3.9,103,4,835.52,2.9
2025-07-28,email,desktop,98,76,21.5,165.0,1.9,73,5,1011.22,5.1
2025-07-28,email,tablet,26,19,23.7,88.0,3.9,15,1,103.03,3.85
2025-07-28,referral,mobile,95,51,46.1,202.0,4.1,55,2,236.9,2.11
2025-07-28,referral,desktop,75,39,47.3,150.0,4.4,51,1,90.96,1.33
2025-07-28,referral,tablet,18,7,56.0,123.0,3.7,9,0,0.0,0.0
2025-07-28,organic_social,mobile,80,34,56.8,130.0,3.4,56,0,0.0,0.0
2025-07-28,organic_social,desktop,44,14,66.6,77.0,1.6,31,0,0.0,0.0
2025-07-28,organic_social,tablet,12,4,61.9,130.0,2.9,8,0,0.0,0.0
2025-07-29,organic_search,mobile,367,206,43.7,198.0,3.1,250,9,1931.52,2.45
2025-07-29,organic_search,desktop,214,117,45.3,58.0,1.9,144,6,1183.85,2.8
2025-07-29,organic_search,tablet,73,38,47.2,131.0,2.2,55,1,171.62,1.37
2025-07-29,paid_search,mobile,293,169,42.1,202.0,2.6,221,8,1348.88,2.73
2025-07-29,paid_search,desktop,167,109,34.6,239.0,4.6,95,6,761.26,3.59
2025-07-29,paid_search,tablet,67,42,36.4,57.0,2.5,33,2,180.59,2.99
2025-07-29,paid_social,mobile,225,100,55.4,114.0,2.7,134,4,460.73,1.78
2025-07-29,paid_social,desktop,154,69,54.8,89.0,1.5,86,2,290.09,1.3
2025-07-29,paid_social,tablet,59,26,55.1,94.0,3.7,35,1,111.53,1.69
2025-07-29,direct,mobile,198,132,33.1,226.0,2.1,122,4,693.07,2.02
2025-07-29,direct,desktop,163,113,30.3,117.0,3.9,88,5,838.15,3.07
2025-07-29,direct,tablet,32,23,25.6,177.0,5.3,18,0,0.0,0.0
2025-07-29,email,mobile,112,83,25.3,158.0,1.5,88,3,467.49,2.68
2025-07-29,email,desktop,75,54,28.0,74.0,3.5,45,2,204.35,2.67
2025-07-29,email,tablet,32,24,22.8,239.0,3.5,23,1,106.01,3.12
2025-07-29,referral,mobile,97,53,45.1,81.0,4.8,64,1,118.16,1.03
2025-07-29,referral,desktop,75,34,54.1,179.0,2.3,42,1,204.02,1.33
2025-07-29,referral,tablet,13,7,43.9,106.0,4.9,8,0,0.0,0.0
2025-07-29,organic_social,mobile,75,33,55.3,89.0,4.5,41,0,0.0,0.0
2025-07-29,organic_social,desktop,50,20,59.8,99.0,3.2,32,0,0.0,0.0
2025-07-29,organic_social,tablet,12,4,65.6,175.0,4.4,8,0,0.0,0.0
2025-07-30,organic_search,mobile,435,220,49.4,62.0,1.7,294,8,937.24,1.84
2025-07-30,organic_search,desktop,227,119,47.4,98.0,2.8,138,5,438.99,2.2
2025-07-30,organic_search,tablet,88,48,45.0,87.0,2.6,58,2,411.78,2.27
2025-07-30,paid_search,mobile,326,215,34.0,206.0,4.9,166,7,1486.39,2.15
2025-07-30,paid_search,desktop,182,111,38.6,237.0,2.7,144,4,471.98,2.2
2025-07-30,paid_search,tablet,53,33,36.7,116.0,3.4,39,1,162.81,1.89
2025-07-30,paid_social,mobile,357,150,57.7,146.0,4.5,259,6,1108.24,1.68
2025-07-30,paid_social,desktop,185,82,55.4,126.0,2.4,104,4,800.98,2.16
2025-07-30,paid_social,tablet,51,25,49.1,102.0,2.4,30,1,172.76,1.96
2025-07-30,direct,mobile,353,246,30.1,204.0,3.3,249,10,1917.78,2.83
2025-07-30,direct,desktop,210,155,25.9,257.0,5.2,106,9,1081.6,4.29
2025-07-30,direct,tablet,56,36,34.2,235.0,3.7,32,2,332.38,3.57
2025-07-30,email,mobile,187,142,23.9,66.0,2.1,108,6,659.86,3.21
2025-07-30,email,desktop,141,107,24.0,176.0,4.0,93,6,1316.77,4.26
2025-07-30,email,tablet,32,24,22.6,252.0,2.5,17,1,146.92,3.12
2025-07-30,referral,mobile,145,64,55.3,149.0,4.1,87,3,551.99,2.07
2025-07-30,referral,desktop,80,36,54.2,47.0,3.8,42,1,91.56,1.25
2025-07-30,referral,tablet,19,10,45.5,80.0,1.3,13,0,0.0,0.0
2025-07-30,organic_social,mobile,75,29,61.2,99.0,2.2,47,0,0.0,0.0
2025-07-30,organic_social,desktop,68,32,51.9,216.0,3.4,50,0,0.0,0.0
2025-07-30,organic_social,tablet,15,4,67.1,136.0,1.7,8,0,0.0,0.0
2025-07-31,organic_search,mobile,492,261,46.9,199.0,3.5,389,10,2188.61,2.03
2025-07-31,organic_search,desktop,308,150,51.0,117.0,2.3,220,8,883.43,2.6
2025-07-31,organic_search,tablet,101,53,47.5,226.0,1.4,54,2,272.58,1.98
2025-07-31,paid_search,mobile,407,240,40.9,98.0,4.7,257,16,2378.65,3.93
2025-07-31,paid_search,desktop,190,117,38.3,76.0,1.9,141,6,672.55,3.16
2025-07-31,paid_search,tablet,70,41,40.7,78.0,3.0,45,2,381.76,2.86
2025-07-31,paid_social,mobile,388,144,62.7,53.0,4.4,274,6,1203.42,1.55
2025-07-31,paid_social,desktop,158,68,56.8,63.0,4.9,98,3,421.68,1.9
2025-07-31,paid_social,tablet,64,23,62.7,158.0,4.0,47,1,174.66,1.56
2025-07-31,direct,mobile,215,142,33.9,216.0,2.6,149,7,1083.18,3.26
2025-07-31,direct,desktop,163,110,32.3,233.0,4.4,82,5,530.64,3.07
2025-07-31,direct,tablet,38,27,28.9,255.0,5.1,28,1,118.63,2.63
2025-07-31,email,mobile,135,96,28.5,72.0,3.9,88,5,813.92,3.7
2025-07-31,email,desktop,125,96,22.7,58.0,2.3,92,5,450.63,4.0
2025-07-31,email,tablet,37,26,28.0,196.0,3.1,22,1,128.98,2.7
2025-07-31,referral,mobile,132,73,44.2,160.0,3.6,73,2,328.93,1.52
2025-07-31,referral,desktop,82,35,56.3,198.0,3.8,51,1,158.05,1.22
2025-07-31,referral,tablet,28,14,47.0,192.0,2.4,21,0,0.0,0.0
2025-07-31,organic_social,mobile,78,28,63.9,95.0,1.9,51,0,0.0,0.0
2025-07-31,organic_social,desktop,52,24,52.3,52.0,2.3,35,0,0.0,0.0
2025-07-31,organic_social,tablet,15,6,56.1,155.0,1.6,8,0,0.0,0.0
2025-08-01,organic_search,mobile,370,213,42.3,75.0,4.2,194,10,1869.45,2.7
2025-08-01,organic_search,desktop,254,139,45.0,135.0,4.4,169,8,1730.38,3.15
2025-08-01,organic_search,tablet,100,52,47.1,199.0,3.0,71,2,283.09,2.0
2025-08-01,paid_search,mobile,470,283,39.8,184.0,1.7,324,15,2309.47,3.19
2025-08-01,paid_search,desktop,226,149,33.8,141.0,3.5,155,9,1347.01,3.98
2025-08-01,paid_search,tablet,57,34,39.4,197.0,1.4,40,1,180.06,1.75
2025-08-01,paid_social,mobile,315,151,51.8,65.0,3.9,199,5,802.95,1.59
2025-08-01,paid_social,desktop,175,78,55.2,200.0,3.9,122,3,385.44,1.71
2025-08-01,paid_social,tablet,46,20,55.0,84.0,4.5,28,1,173.56,2.17
2025-08-01,direct,mobile,360,251,30.1,110.0,4.0,181,14,2319.43,3.89
2025-08-01,direct,desktop,220,144,34.2,83.0,3.3,129,6,1222.25,2.73
2025-08-01,direct,tablet,42,28,32.3,52.0,4.8,21,1,197.41,2.38
2025-08-01,email,mobile,186,144,22.6,153.0,3.3,115,9,1446.67,4.84
2025-08-01,email,desktop,120,89,25.5,221.0,4.8,90,5,566.38,4.17
2025-08-01,email,tablet,44,31,28.4,226.0,2.9,31,1,202.88,2.27
2025-08-01,referral,mobile,169,94,43.9,150.0,1.7,133,3,649.08,1.78
2025-08-01,referral,desktop,106,48,54.6,196.0,2.4,64,2,296.07,1.89
2025-08-01,referral,tablet,20,10,48.5,171.0,2.9,14,0,0.0,0.0
2025-08-01,organic_social,mobile,95,44,53.5,210.0,4.4,74,1,89.23,1.05
2025-08-01,organic_social,desktop,52,20,59.7,83.0,4.4,27,0,0.0,0.0
2025-08-01,organic_social,tablet,14,6,55.8,67.0,3.5,10,0,0.0,0.0
2025-08-02,organic_search,mobile,467,249,46.5,47.0,2.0,366,11,1431.04,2.36
2025-08-02,organic_search,desktop,279,161,42.3,105.0,2.2,214,7,1445.72,2.51
2025-08-02,organic_search,tablet,101,52,47.7,162.0,2.1,75,2,279.16,1.98
2025-08-02,paid_search,mobile,365,215,40.9,177.0,2.5,221,13,1177.1,3.56
2025-08-02,paid_search,desktop,279,158,43.2,180.0,2.6,176,10,1208.38,3.58
2025-08-02,paid_search,tablet,54,31,41.8,90.0,1.8,40,1,200.82,1.85
2025-08-02,paid_social,mobile,425,214,49.6,48.0,3.4,333,8,824.87,1.88
2025-08-02,paid_social,desktop,232,107,53.8,90.0,2.0,120,3,358.22,1.29
2025-08-02,paid_social,tablet,72,34,52.0,210.0,3.9,40,1,164.59,1.39
2025-08-02,direct,mobile,273,183,32.9,128.0,3.2,182,6,762.72,2.2
2025-08-02,direct,desktop,183,133,27.0,245.0,4.5,139,6,789.98,3.28
2025-08-02,direct,tablet,59,43,26.0,176.0,4.5,46,2,377.84,3.39
2025-08-02,email,mobile,163,116,28.6,91.0,4.3,119,5,1044.02,3.07
2025-08-02,email,desktop,145,109,24.5,188.0,2.5,89,4,765.78,2.76
2025-08-02,email,tablet,30,21,28.1,62.0,4.1,17,1,203.55,3.33
2025-08-02,referral,mobile,154,67,55.9,112.0,3.6,98,3,622.56,1.95
2025-08-02,referral,desktop,102,50,50.9,199.0,3.3,54,2,336.66,1.96
2025-08-02,referral,tablet,31,15,50.8,122.0,4.9,22,0,0.0,0.0
2025-08-02,organic_social,mobile,80,24,68.9,194.0,3.4,44,1,120.53,1.25
2025-08-02,organic_social,desktop,78,36,52.8,191.0,1.3,48,1,197.2,1.28
2025-08-02,organic_social,tablet,13,5,55.7,157.0,4.6,7,0,0.0,0.0
2025-08-03,organic_search,mobile,576,302,47.5,110.0,1.5,314,16,1472.07,2.78
2025-08-03,organic_search,desktop,264,142,46.2,56.0,4.7,142,7,666.31,2.65
2025-08-03,organic_search,tablet,84,50,39.8,195.0,1.7,52,2,189.75,2.38
2025-08-03,paid_search,mobile,366,209,42.8,150.0,4.2,220,11,989.25,3.01
2025-08-03,paid_search,desktop,260,172,33.7,105.0,3.9,188,7,722.6,2.69
2025-08-03,paid_search,tablet,62,34,43.6,210.0,3.8,43,1,101.02,1.61
2025-08-03,paid_social,mobile,407,149,63.2,157.0,1.7,240,6,940.36,1.47
2025-08-03,paid_social,desktop,194,92,52.2,171.0,3.2,152,3,488.87,1.55
2025-08-03,paid_social,tablet,63,27,56.7,183.0,4.4,47,0,0.0,0.0
2025-08-03,direct,mobile,341,245,27.9,181.0,5.3,239,12,2329.08,3.52
2025-08-03,direct,desktop,190,124,34.5,52.0,3.6,111,6,1292.25,3.16
2025-08-03,direct,tablet,49,36,26.3,202.0,5.2,27,1,159.75,2.04
2025-08-03,email,mobile,226,177,21.4,235.0,2.5,138,11,1795.92,4.87
2025-08-03,email,desktop,92,71,21.8,129.0,3.6,64,4,486.32,4.35
2025-08-03,email,tablet,25,18,25.6,85.0,3.3,16,1,199.05,4.0
2025-08-03,referral,mobile,162,84,47.9,166.0,3.5,104,2,328.35,1.23
2025-08-03,referral,desktop,70,34,50.6,133.0,4.9,41,1,159.34,1.43
2025-08-03,referral,tablet,17,7,53.9,81.0,3.3,11,0,0.0,0.0
2025-08-03,organic_social,mobile,105,44,57.7,190.0,3.2,60,0,0.0,0.0
2025-08-03,organic_social,desktop,58,22,60.7,60.0,1.9,35,0,0.0,0.0
2025-08-03,organic_social,tablet,20,6,65.8,55.0,4.8,13,0,0.0,0.0
2025-08-04,organic_search,mobile,301,149,50.4,98.0,3.1,153,6,711.21,1.99
2025-08-04,organic_search,desktop,250,122,51.0,183.0,2.6,139,7,1354.85,2.8
2025-08-04,organic_search,tablet,58,34,40.6,203.0,2.5,31,1,138.94,1.72
2025-08-04,paid_search,mobile,352,206,41.4,112.0,1.5,270,11,1069.84,3.12
2025-08-04,paid_search,desktop,155,95,38.3,169.0,4.6,109,6,1003.42,3.87
2025-08-04,paid_search,tablet,52,34,33.7,148.0,1.4,31,1,105.47,1.92
2025-08-04,paid_social,mobile,190,96,49.2,147.0,1.9,116,3,650.05,1.58
2025-08-04,paid_social,desktop,139,72,47.5,73.0,4.2,76,3,467.7,2.16
2025-08-04,paid_social,tablet,38,16,56.7,146.0,1.9,24,0,0.0,0.0
2025-08-04,direct,mobile,246,169,30.9,186.0,3.5,128,7,938.71,2.85
2025-08-04,direct,desktop,141,99,29.6,51.0,4.7,79,5,478.63,3.55
2025-08-04,direct,tablet,28,20,27.5,118.0,3.9,15,1,103.96,3.57
2025-08-04,email,mobile,156,114,26.6,136.0,4.3,116,5,467.36,3.21
2025-08-04,email,desktop,66,49,25.3,163.0,4.4,33,2,276.5,3.03
2025-08-04,email,tablet,21,15,25.9,66.0,5.2,12,0,0.0,0.0
2025-08-04,referral,mobile,95,53,43.2,231.0,2.5,74,2,437.81,2.11
2025-08-04,referral,desktop,60,31,48.3,132.0,3.0,47,1,190.85,1.67
2025-08-04,referral,tablet,17,7,55.4,71.0,1.4,8,0,0.0,0.0
2025-08-04,organic_social,mobile,76,36,52.4,142.0,2.1,47,0,0.0,0.0
2025-08-04,organic_social,desktop,41,17,58.1,55.0,1.6,21,0,0.0,0.0
2025-08-04,organic_social,tablet,12,4,66.3,161.0,4.7,6,0,0.0,0.0
2025-08-05,organic_search,mobile,461,236,48.7,64.0,1.4,336,8,1529.87,1.74
2025-08-05,organic_search,desktop,284,160,43.7,91.0,3.4,169,5,818.29,1.76
2025-08-05,organic_search,tablet,70,40,41.8,150.0,2.6,48,1,185.34,1.43
2025-08-05,paid_search,mobile,251,159,36.5,136.0,4.6,198,7,781.94,2.79
2025-08-05,paid_search,desktop,152,86,43.0,66.0,3.7,99,4,583.15,2.63
2025-08-05,paid_search,tablet,58,35,39.1,235.0,3.4,33,2,375.64,3.45
2025-08-05,paid_social,mobile,264,120,54.5,185.0,4.0,182,4,544.6,1.52
2025-08-05,paid_social,desktop,179,84,52.9,146.0,1.8,138,3,304.07,1.68
2025-08-05,paid_social,tablet,44,23,47.5,158.0,4.3,31,0,0.0,0.0
2025-08-05,direct,mobile,151,110,27.0,89.0,3.8,96,4,354.46,2.65
2025-08-05,direct,desktop,167,121,27.5,64.0,5.0,100,5,1003.17,2.99
2025-08-05,direct,tablet,47,32,31.6,241.0,3.1,25,1,86.71,2.13
2025-08-05,email,mobile,167,120,27.8,135.0,3.8,98,8,1207.18,4.79
2025-08-05,email,desktop,85,63,25.3,80.0,1.9,47,4,797.94,4.71
2025-08-05,email,tablet,27,20,22.8,236.0,5.0,15,1,181.55,3.7
2025-08-05,referral,mobile,89,48,45.2,47.0,1.9,53,1,176.15,1.12
2025-08-05,referral,desktop,53,26,50.8,128.0,3.5,35,0,0.0,0.0
2025-08-05,referral,tablet,17,8,51.0,172.0,2.7,9,0,0.0,0.0
2025-08-05,organic_social,mobile,75,30,59.6,67.0,3.5,38,0,0.0,0.0
2025-08-05,organic_social,desktop,49,22,54.6,114.0,3.2,33,0,0.0,0.0
2025-08-05,organic_social,tablet,11,5,53.8,54.0,3.3,7,0,0.0,0.0
2025-08-06,organic_search,mobile,484,291,39.7,74.0,3.8,267,11,2027.69,2.27
2025-08-06,organic_search,desktop,271,154,43.1,97.0,4.7,195,7,781.55,2.58
2025-08-06,organic_search,tablet,87,50,42.5,110.0,2.5,55,2,317.53,2.3
2025-08-06,paid_search,mobile,488,294,39.6,236.0,2.9,245,17,2280.83,3.48
2025-08-06,paid_search,desktop,289,178,38.1,241.0,3.9,184,7,582.48,2.42
2025-08-06,paid_search,tablet,63,42,33.1,248.0,1.8,36,2,263.31,3.17
2025-08-06,paid_social,mobile,326,130,59.9,103.0,1.4,200,6,685.11,1.84
2025-08-06,paid_social,desktop,176,67,61.9,123.0,4.7,109,3,309.33,1.7
2025-08-06,paid_social,tablet,61,29,52.4,60.0,1.6,44,1,163.52,1.64
2025-08-06,direct,mobile,372,260,29.9,126.0,2.7,267,15,3024.84,4.03
2025-08-06,direct,desktop,229,153,33.2,197.0,2.6,173,7,907.93,3.06
2025-08-06,direct,tablet,52,37,28.1,77.0,5.2,32,1,189.75,1.92
2025-08-06,email,mobile,232,168,27.2,155.0,3.0,156,11,1918.66,4.74
2025-08-06,email,desktop,124,94,23.9,192.0,4.9,91,5,655.57,4.03
2025-08-06,email,tablet,31,23,25.1,104.0,3.2,16,0,0.0,0.0
2025-08-06,referral,mobile,149,73,50.7,75.0,4.2,86,2,309.85,1.34
2025-08-06,referral,desktop,91,40,56.0,67.0,4.7,55,1,134.25,1.1
2025-08-06,referral,tablet,20,9,52.6,177.0,5.0,10,0,0.0,0.0
2025-08-06,organic_social,mobile,72,23,67.3,112.0,2.5,52,1,136.93,1.39
2025-08-06,organic_social,desktop,71,31,55.0,52.0,1.5,38,0,0.0,0.0
2025-08-06,organic_social,tablet,12,4,58.6,163.0,4.1,8,0,0.0,0.0
2025-08-07,organic_search,mobile,528,317,39.8,120.0,1.5,289,9,1966.41,1.7
2025-08-07,organic_search,desktop,375,221,41.0,232.0,1.4,242,9,1561.02,2.4
2025-08-07,organic_search,tablet,113,67,39.9,146.0,2.7,80,2,184.37,1.77
2025-08-07,paid_search,mobile,401,244,38.9,153.0,1.6,239,12,2626.67,2.99
2025-08-07,paid_search,desktop,286,173,39.5,134.0,1.4,227,10,2090.53,3.5
2025-08-07,paid_search,tablet,68,45,33.4,163.0,5.3,40,2,325.26,2.94
2025-08-07,paid_social,mobile,249,94,61.9,75.0,4.3,192,3,554.77,1.2
2025-08-07,paid_social,desktop,168,85,49.2,52.0,2.0,104,3,563.7,1.79
2025-08-07,paid_social,tablet,76,38,49.2,130.0,4.1,39,1,91.72,1.32
2025-08-07,direct,mobile,237,159,32.6,179.0,3.5,132,6,1040.73,2.53
2025-08-07,direct,desktop,174,119,31.1,174.0,2.3,98,7,1341.9,4.02
2025-08-07,direct,tablet,62,42,31.5,230.0,4.1,37,1,216.01,1.61
2025-08-07,email,mobile,170,121,28.3,245.0,3.4,118,6,1152.01,3.53
2025-08-07,email,desktop,92,67,26.1,73.0,3.4,60,3,521.62,3.26
2025-08-07,email,tablet,34,24,26.9,183.0,5.1,22,1,178.89,2.94
2025-08-07,referral,mobile,122,69,43.4,120.0,1.5,84,2,223.77,1.64
2025-08-07,referral,desktop,105,55,47.4,178.0,1.6,60,2,195.37,1.9
2025-08-07,referral,tablet,22,12,44.9,64.0,4.9,16,0,0.0,0.0
2025-08-07,organic_social,mobile,87,32,62.3,143.0,4.6,66,1,163.23,1.15
2025-08-07,organic_social,desktop,76,25,66.9,118.0,4.0,59,1,148.85,1.32
2025-08-07,organic_social,tablet,13,4,66.8,145.0,4.7,9,0,0.0,0.0
2025-08-08,organic_search,mobile,355,174,50.7,86.0,3.1,264,7,631.03,1.97
2025-08-08,organic_search,desktop,263,148,43.5,216.0,4.0,184,5,604.09,1.9
2025-08-08,organic_search,tablet,74,44,40.2,58.0,3.4,46,2,424.22,2.7
2025-08-08,paid_search,mobile,440,282,35.7,211.0,2.3,261,15,1373.42,3.41
2025-08-08,paid_search,desktop,227,148,34.7,235.0,5.1,169,8,716.92,3.52
2025-08-08,paid_search,tablet,88,51,41.0,48.0,4.0,45,2,362.05,2.27
2025-08-08,paid_social,mobile,427,164,61.5,153.0,3.1,216,5,875.74,1.17
2025-08-08,paid_social,desktop,169,71,57.6,131.0,4.4,129,3,259.43,1.78
2025-08-08,paid_social,tablet,70,29,57.7,75.0,3.0,44,1,98.68,1.43
2025-08-08,direct,mobile,234,160,31.6,114.0,2.4,136,9,1061.26,3.85
2025-08-08,direct,desktop,168,118,29.5,177.0,2.8,109,5,739.44,2.98
2025-08-08,direct,tablet,52,38,26.4,62.0,4.1,26,1,118.94,1.92
2025-08-08,email,mobile,185,137,25.9,119.0,3.4,103,10,1521.18,5.41
2025-08-08,email,desktop,117,84,27.8,180.0,2.7,84,3,462.66,2.56
2025-08-08,email,tablet,38,28,24.7,179.0,3.8,26,1,197.64,2.63
2025-08-08,referral,mobile,148,76,48.5,158.0,4.7,107,3,628.04,2.03
2025-08-08,referral,desktop,81,40,49.9,162.0,3.2,43,1,211.47,1.23
2025-08-08,referral,tablet,26,12,50.8,187.0,2.3,14,0,0.0,0.0
2025-08-08,organic_social,mobile,68,22,67.1,104.0,3.8,42,0,0.0,0.0
2025-08-08,organic_social,desktop,51,24,52.6,157.0,4.9,38,0,0.0,0.0
2025-08-08,organic_social,tablet,13,4,66.8,123.0,3.8,9,0,0.0,0.0
2025-08-09,organic_search,mobile,403,200,50.2,222.0,3.9,279,8,1716.86,1.99
2025-08-09,organic_search,desktop,394,230,41.5,79.0,1.8,279,10,1368.63,2.54
2025-08-09,organic_search,tablet,73,39,46.3,183.0,3.3,55,1,143.54,1.37
2025-08-09,paid_search,mobile,391,256,34.5,222.0,2.3,270,15,2077.61,3.84
2025-08-09,paid_search,desktop,195,130,33.2,168.0,1.4,129,8,651.79,4.1
2025-08-09,paid_search,tablet,53,31,41.3,96.0,1.8,34,1,128.21,1.89
2025-08-09,paid_social,mobile,335,148,55.7,115.0,3.5,199,6,554.46,1.79
2025-08-09,paid_social,desktop,179,77,56.8,99.0,1.6,138,3,555.25,1.68
2025-08-09,paid_social,tablet,70,26,62.4,74.0,4.4,45,0,0.0,0.0
2025-08-09,direct,mobile,294,194,33.9,79.0,2.8,164,9,1499.95,3.06
2025-08-09,direct,desktop,150,102,31.4,214.0,3.3,92,4,460.58,2.67
2025-08-09,direct,tablet,62,43,29.9,247.0,5.1,46,2,249.17,3.23
2025-08-09,email,mobile,159,116,26.7,81.0,2.5,107,7,916.12,4.4
2025-08-09,email,desktop,104,76,26.2,180.0,1.7,71,4,446.33,3.85
2025-08-09,email,tablet,44,32,26.6,162.0,3.6,26,1,206.18,2.27
2025-08-09,referral,mobile,98,52,46.5,122.0,3.7,57,2,232.73,2.04
2025-08-09,referral,desktop,101,44,56.0,104.0,3.3,67,1,160.44,0.99
2025-08-09,referral,tablet,17,8,52.2,203.0,2.0,9,0,0.0,0.0
2025-08-09,organic_social,mobile,71,28,59.9,101.0,4.6,46,1,156.27,1.41
2025-08-09,organic_social,desktop,78,27,64.5,202.0,3.1,53,1,170.76,1.28
2025-08-09,organic_social,tablet,13,4,67.9,97.0,4.4,6,0,0.0,0.0
2025-08-10,organic_search,mobile,597,318,46.7,137.0,2.7,357,19,2859.57,3.18
2025-08-10,organic_search,desktop,237,135,42.7,82.0,4.7,124,6,550.91,2.53
2025-08-10,organic_search,tablet,73,45,38.3,219.0,4.9,45,2,398.24,2.74
2025-08-10,paid_search,mobile,398,238,40.0,142.0,3.3,239,15,2872.54,3.77
2025-08-10,paid_search,desktop,173,114,33.9,192.0,4.9,115,4,659.3,2.31
2025-08-10,paid_search,tablet,65,38,40.2,49.0,4.1,50,1,95.19,1.54
2025-08-10,paid_social,mobile,383,202,47.2,176.0,4.1,284,5,1062.46,1.31
2025-08-10,paid_social,desktop,275,126,54.0,208.0,1.7,174,4,332.93,1.45
2025-08-10,paid_social,tablet,66,24,63.1,198.0,3.3,43,1,173.62,1.52
2025-08-10,direct,mobile,301,202,32.9,85.0,4.5,222,7,1304.91,2.33
2025-08-10,direct,desktop,197,138,29.5,184.0,2.3,137,7,578.68,3.55
2025-08-10,direct,tablet,41,29,27.1,138.0,3.9,21,1,154.19,2.44
2025-08-10,email,mobile,157,123,21.3,157.0,3.3,98,6,1060.15,3.82
2025-08-10,email,desktop,110,81,25.7,155.0,4.0,83,3,490.1,2.73
2025-08-10,email,tablet,41,29,27.3,95.0,1.5,26,1,134.59,2.44
2025-08-10,referral,mobile,173,79,53.8,65.0,2.3,114,3,365.18,1.73
2025-08-10,referral,desktop,92,47,48.0,92.0,3.3,48,1,116.81,1.09
2025-08-10,referral,tablet,21,10,47.7,73.0,1.4,11,0,0.0,0.0
2025-08-10,organic_social,mobile,115,49,57.3,90.0,4.4,89,1,148.6,0.87
2025-08-10,organic_social,desktop,50,17,65.5,106.0,3.7,27,0,0.0,0.0
2025-08-10,organic_social,tablet,22,7,64.0,197.0,2.4,14,0,0.0,0.0
2025-08-11,organic_search,mobile,467,259,44.3,61.0,3.3,349,12,1720.12,2.57
2025-08-11,organic_search,desktop,166,92,44.2,229.0,2.8,122,4,517.92,2.41
2025-08-11,organic_search,tablet,55,31,42.7,65.0,2.4,31,1,87.99,1.82
2025-08-11,paid_search,mobile,213,120,43.4,121.0,5.2,115,5,905.77,2.35
2025-08-11,paid_search,desktop,169,106,37.2,195.0,4.7,99,6,896.65,3.55
2025-08-11,paid_search,tablet,62,38,37.9,205.0,2.9,32,1,121.58,1.61
2025-08-11,paid_social,mobile,281,110,60.8,76.0,2.5,175,3,468.06,1.07
2025-08-11,paid_social,desktop,116,54,52.6,200.0,1.7,74,1,173.57,0.86
2025-08-11,paid_social,tablet,40,14,63.0,102.0,1.6,29,0,0.0,0.0
2025-08-11,direct,mobile,214,146,31.3,53.0,4.9,112,7,738.95,3.27
2025-08-11,direct,desktop,161,117,27.2,135.0,4.1,93,6,978.75,3.73
2025-08-11,direct,tablet,37,24,32.9,199.0,4.3,20,0,0.0,0.0
2025-08-11,email,mobile,186,137,26.3,161.0,1.5,132,7,903.87,3.76
2025-08-11,email,desktop,68,50,26.1,83.0,4.5,54,3,620.21,4.41
2025-08-11,email,tablet,19,14,21.5,122.0,5.3,13,0,0.0,0.0
2025-08-11,referral,mobile,71,35,49.9,80.0,4.9,42,1,154.81,1.41
2025-08-11,referral,desktop,58,30,47.8,103.0,3.1,33,1,179.23,1.72
2025-08-11,referral,tablet,18,7,56.7,81.0,1.8,9,0,0.0,0.0
2025-08-11,organic_social,mobile,92,35,61.3,122.0,3.7,57,1,81.01,1.09
2025-08-11,organic_social,desktop,35,15,55.8,126.0,1.4,23,0,0.0,0.0
2025-08-11,organic_social,tablet,12,3,66.8,190.0,3.2,6,0,0.0,0.0
2025-08-12,organic_search,mobile,274,133,51.3,146.0,4.9,140,7,745.5,2.55
2025-08-12,organic_search,desktop,233,139,40.1,136.0,5.1,157,5,858.19,2.15
2025-08-12,organic_search,tablet,83,47,42.5,61.0,4.2,46,1,101.64,1.2
2025-08-12,paid_search,mobile,333,205,38.4,51.0,2.7,244,8,1327.05,2.4
2025-08-12,paid_search,desktop,211,123,41.3,125.0,5.1,165,7,1121.82,3.32
2025-08-12,paid_search,tablet,37,20,43.3,108.0,3.0,27,1,164.84,2.7
2025-08-12,paid_social,mobile,204,87,57.0,44.0,4.9,108,3,398.83,1.47
2025-08-12,paid_social,desktop,191,84,56.0,213.0,3.5,130,4,608.78,2.09
2025-08-12,paid_social,tablet,59,28,51.0,70.0,4.4,39,0,0.0,0.0
2025-08-12,direct,mobile,249,163,34.4,106.0,3.9,177,11,1569.36,4.42
2025-08-12,direct,desktop,120,86,28.0,73.0,2.4,82,3,621.96,2.5
2025-08-12,direct,tablet,38,27,26.6,252.0,3.0,20,1,137.14,2.63
2025-08-12,email,mobile,185,139,24.5,223.0,4.4,109,6,993.3,3.24
2025-08-12,email,desktop,77,55,27.9,56.0,3.1,61,2,371.9,2.6
2025-08-12,email,tablet,28,21,23.6,252.0,2.4,16,1,129.47,3.57
2025-08-12,referral,mobile,112,51,54.4,144.0,2.1,57,2,241.0,1.79
2025-08-12,referral,desktop,80,40,49.7,146.0,3.0,59,1,184.27,1.25
2025-08-12,referral,tablet,18,7,56.2,69.0,4.3,14,0,0.0,0.0
2025-08-12,organic_social,mobile,53,17,67.4,161.0,1.2,30,0,0.0,0.0
2025-08-12,organic_social,desktop,38,14,61.5,123.0,3.1,19,0,0.0,0.0
2025-08-12,organic_social,tablet,17,5,68.0,95.0,2.7,11,0,0.0,0.0
2025-08-13,organic_search,mobile,458,252,44.9,187.0,2.8,350,9,823.8,1.97
2025-08-13,organic_search,desktop,388,234,39.4,173.0,2.6,227,10,1948.18,2.58
2025-08-13,organic_search,tablet,85,49,41.7,69.0,3.7,59,2,173.73,2.35
2025-08-13,paid_search,mobile,439,283,35.4,96.0,2.9,311,12,1654.94,2.73
2025-08-13,paid_search,desktop,244,138,43.3,81.0,2.2,123,8,1008.04,3.28
2025-08-13,paid_search,tablet,67,38,43.2,197.0,5.0,47,2,244.19,2.99
2025-08-13,paid_social,mobile,348,177,49.0,166.0,1.9,229,4,442.6,1.15
2025-08-13,paid_social,desktop,212,90,57.1,161.0,3.9,107,2,434.46,0.94
2025-08-13,paid_social,tablet,47,19,58.1,148.0,1.5,32,0,0.0,0.0
2025-08-13,direct,mobile,341,229,32.7,198.0,4.9,251,11,1588.52,3.23
2025-08-13,direct,desktop,194,131,32.0,236.0,4.0,119,7,1125.61,3.61
2025-08-13,direct,tablet,67,44,34.0,195.0,1.5,34,2,169.17,2.99
2025-08-13,email,mobile,175,133,23.6,95.0,4.2,110,7,799.0,4.0
2025-08-13,email,desktop,89,67,24.6,245.0,3.4,58,4,357.33,4.49
2025-08-13,email,tablet,30,22,26.1,73.0,3.2,16,0,0.0,0.0
2025-08-13,referral,mobile,108,54,49.5,143.0,3.9,65,1,100.98,0.93
2025-08-13,referral,desktop,104,57,44.9,78.0,4.8,82,2,185.01,1.92
2025-08-13,referral,tablet,31,14,54.5,59.0,1.5,22,0,0.0,0.0
2025-08-13,organic_social,mobile,98,36,62.9,94.0,3.7,74,1,81.66,1.02
2025-08-13,organic_social,desktop,48,22,53.1,176.0,1.5,33,0,0.0,0.0
2025-08-13,organic_social,tablet,13,4,66.2,70.0,3.8,8,0,0.0,0.0
2025-08-14,organic_search,mobile,540,310,42.6,95.0,4.9,282,12,2466.13,2.22
2025-08-14,organic_search,desktop,243,128,47.2,139.0,3.3,163,7,1475.14,2.88
2025-08-14,organic_search,tablet,102,55,45.7,210.0,4.9,63,1,197.36,0.98
2025-08-14,paid_search,mobile,320,212,33.7,135.0,1.7,179,10,1188.43,3.12
2025-08-14,paid_search,desktop,235,154,34.3,64.0,1.8,163,6,496.74,2.55
2025-08-14,paid_search,tablet,55,31,42.3,114.0,1.5,28,2,388.84,3.64
2025-08-14,paid_social,mobile,385,146,62.0,150.0,3.7,273,5,1004.99,1.3
2025-08-14,paid_social,desktop,162,70,56.7,117.0,3.1,109,2,394.24,1.23
2025-08-14,paid_social,tablet,66,30,53.3,117.0,3.6,41,0,0.0,0.0
2025-08-14,direct,mobile,339,235,30.7,124.0,1.5,198,10,1495.99,2.95
2025-08-14,direct,desktop,178,128,27.8,113.0,1.5,135,7,1404.87,3.93
2025-08-14,direct,tablet,54,40,25.6,193.0,3.6,41,1,93.55,1.85
2025-08-14,email,mobile,180,129,28.2,142.0,3.1,111,9,1668.08,5.0
2025-08-14,email,desktop,89,66,25.8,174.0,2.9,63,4,736.67,4.49
2025-08-14,email,tablet,35,25,27.5,52.0,4.4,23,1,94.29,2.86
2025-08-14,referral,mobile,99,44,55.1,163.0,3.6,56,1,144.58,1.01
2025-08-14,referral,desktop,93,41,55.4,54.0,3.5,67,1,120.57,1.08
2025-08-14,referral,tablet,31,14,51.7,76.0,4.0,18,0,0.0,0.0
2025-08-14,organic_social,mobile,117,41,64.4,186.0,2.1,78,1,188.48,0.85
2025-08-14,organic_social,desktop,58,18,67.7,127.0,3.1,44,0,0.0,0.0
2025-08-14,organic_social,tablet,20,8,56.2,104.0,4.0,13,0,0.0,0.0
2025-08-15,organic_search,mobile,394,210,46.6,58.0,4.9,298,9,1149.71,2.28
2025-08-15,organic_search,desktop,270,146,45.8,73.0,3.1,160,8,1221.78,2.96
2025-08-15,organic_search,tablet,85,42,49.7,87.0,3.5,53,2,383.83,2.35
2025-08-15,paid_search,mobile,494,334,32.3,129.0,2.2,373,14,2714.22,2.83
2025-08-15,paid_search,desktop,258,158,38.6,160.0,3.3,160,7,714.47,2.71
2025-08-15,paid_search,tablet,52,31,39.7,73.0,2.5,33,1,158.27,1.92
2025-08-15,paid_social,mobile,395,195,50.4,164.0,4.9,282,8,997.47,2.03
2025-08-15,paid_social,desktop,163,76,53.0,105.0,2.9,99,3,522.77,1.84
2025-08-15,paid_social,tablet,70,26,61.8,131.0,3.0,35,1,116.84,1.43
2025-08-15,direct,mobile,364,255,29.7,196.0,3.1,275,16,2767.79,4.4
2025-08-15,direct,desktop,149,98,34.1,197.0,4.4,109,5,632.64,3.36
2025-08-15,direct,tablet,45,33,25.7,136.0,2.1,28,1,191.66,2.22
2025-08-15,email,mobile,170,131,22.7,177.0,3.4,135,7,1373.09,4.12
2025-08-15,email,desktop,141,109,22.2,184.0,4.3,84,5,725.48,3.55
2025-08-15,email,tablet,32,24,22.0,251.0,2.2,24,1,186.12,3.12
2025-08-15,referral,mobile,122,54,55.7,119.0,4.4,77,1,92.68,0.82
2025-08-15,referral,desktop,103,53,47.6,60.0,4.0,78,1,209.56,0.97
2025-08-15,referral,tablet,18,8,50.3,186.0,2.4,10,0,0.0,0.0
2025-08-15,organic_social,mobile,81,28,65.2,52.0,1.7,55,1,111.97,1.23
2025-08-15,organic_social,desktop,67,27,59.1,200.0,2.7,50,0,0.0,0.0
2025-08-15,organic_social,tablet,21,8,60.1,192.0,1.6,10,0,0.0,0.0
2025-08-16,organic_search,mobile,759,463,38.9,84.0,4.9,455,14,1947.91,1.84
2025-08-16,organic_search,desktop,457,281,38.4,236.0,4.0,256,11,2127.43,2.41
2025-08-16,organic_search,tablet,114,67,40.4,141.0,4.8,63,2,317.17,1.75
2025-08-16,paid_search,mobile,528,319,39.5,209.0,3.8,285,21,2308.64,3.98
2025-08-16,paid_search,desktop,409,268,34.3,143.0,4.5,282,14,1591.58,3.42
2025-08-16,paid_search,tablet,114,66,41.5,235.0,4.4,69,2,294.56,1.75
2025-08-16,paid_social,mobile,431,179,58.4,56.0,3.3,324,6,1221.47,1.39
2025-08-16,paid_social,desktop,356,161,54.8,212.0,1.6,181,5,820.26,1.4
2025-08-16,paid_social,tablet,85,36,56.5,133.0,2.5,62,1,180.48,1.18
2025-08-16,direct,mobile,313,232,25.9,219.0,4.8,183,8,1551.94,2.56
2025-08-16,direct,desktop,261,186,28.4,56.0,3.7,146,9,1785.04,3.45
2025-08-16,direct,tablet,91,59,34.1,110.0,2.3,68,3,254.15,3.3
2025-08-16,email,mobile,195,140,28.2,146.0,4.3,117,8,1473.37,4.1
2025-08-16,email,desktop,191,144,24.5,173.0,4.6,138,10,2102.68,5.24
2025-08-16,email,tablet,56,40,28.6,68.0,2.8,33,2,368.69,3.57
2025-08-16,referral,mobile,193,86,55.4,51.0,1.5,150,4,752.06,2.07
2025-08-16,referral,desktop,101,46,54.4,177.0,4.9,58,2,257.91,1.98
2025-08-16,referral,tablet,31,16,46.9,134.0,2.1,18,0,0.0,0.0
2025-08-16,organic_social,mobile,157,51,66.9,146.0,3.5,121,1,114.82,0.64
2025-08-16,organic_social,desktop,76,26,65.7,57.0,4.2,48,1,197.6,1.32
2025-08-16,organic_social,tablet,29,12,55.4,139.0,3.2,16,0,0.0,0.0
2025-08-17,organic_search,mobile,854,418,51.0,189.0,4.3,676,17,2290.43,1.99
2025-08-17,organic_search,desktop,554,276,50.1,139.0,4.2,294,14,1782.26,2.53
2025-08-17,organic_search,tablet,140,69,50.3,205.0,1.5,110,2,387.13,1.43
2025-08-17,paid_search,mobile,550,343,37.5,178.0,4.6,328,18,1978.53,3.27
2025-08-17,paid_search,desktop,298,170,42.7,209.0,4.1,177,9,1512.35,3.02
2025-08-17,paid_search,tablet,71,44,37.6,138.0,4.8,51,1,138.74,1.41
2025-08-17,paid_social,mobile,404,194,52.0,141.0,4.9,285,7,1114.15,1.73
2025-08-17,paid_social,desktop,238,89,62.3,177.0,2.0,155,4,645.12,1.68
2025-08-17,paid_social,tablet,109,44,58.9,44.0,1.4,58,1,162.49,0.92
2025-08-17,direct,mobile,460,317,31.1,136.0,4.9,235,20,3583.97,4.35
2025-08-17,direct,desktop,185,133,27.8,115.0,3.3,126,5,589.16,2.7
2025-08-17,direct,tablet,68,44,34.2,209.0,1.5,43,2,405.35,2.94
2025-08-17,email,mobile,325,233,28.0,188.0,2.2,216,14,2946.79,4.31
2025-08-17,email,desktop,201,148,26.2,196.0,3.6,102,6,679.09,2.99
2025-08-17,email,tablet,57,44,21.8,121.0,1.5,28,1,206.63,1.75
2025-08-17,referral,mobile,242,125,48.1,84.0,4.7,189,5,689.74,2.07
2025-08-17,referral,desktop,158,89,43.1,80.0,3.5,106,2,400.23,1.27
2025-08-17,referral,tablet,38,21,43.1,80.0,5.0,28,0,0.0,0.0
2025-08-17,organic_social,mobile,107,39,63.1,89.0,3.6,82,1,123.61,0.93
2025-08-17,organic_social,desktop,105,44,57.3,118.0,2.3,55,1,153.83,0.95
2025-08-17,organic_social,tablet,20,7,61.2,105.0,1.8,13,0,0.0,0.0
2025-08-18,organic_search,mobile,628,308,50.8,152.0,2.2,454,19,3840.48,3.03
2025-08-18,organic_search,desktop,372,221,40.5,143.0,2.6,286,7,667.15,1.88
2025-08-18,organic_search,tablet,67,38,42.6,184.0,4.8,33,2,439.72,2.99
2025-08-18,paid_search,mobile,479,299,37.6,160.0,2.4,321,17,2383.31,3.55
2025-08-18,paid_search,desktop,229,147,35.5,93.0,5.1,145,6,648.64,2.62
2025-08-18,paid_search,tablet,80,48,38.8,69.0,4.6,42,2,160.05,2.5
2025-08-18,paid_social,mobile,305,116,61.8,148.0,3.1,185,6,524.75,1.97
2025-08-18,paid_social,desktop,235,119,49.2,79.0,2.7,132,5,520.05,2.13
2025-08-18,paid_social,tablet,59,31,47.4,224.0,1.7,30,1,113.76,1.69
2025-08-18,direct,mobile,248,172,30.4,226.0,3.8,134,9,1424.41,3.63
2025-08-18,direct,desktop,159,113,28.7,231.0,1.7,112,6,866.42,3.77
2025-08-18,direct,tablet,55,40,27.1,222.0,4.0,35,1,124.14,1.82
2025-08-18,email,mobile,249,192,22.6,179.0,2.7,162,9,1418.13,3.61
2025-08-18,email,desktop,101,79,21.3,103.0,2.8,66,5,709.05,4.95
2025-08-18,email,tablet,47,34,26.7,89.0,2.9,26,2,191.38,4.26
2025-08-18,referral,mobile,183,100,45.1,176.0,2.8,93,2,296.54,1.09
2025-08-18,referral,desktop,106,45,56.7,189.0,4.1,78,2,395.22,1.89
2025-08-18,referral,tablet,19,10,43.3,92.0,1.4,9,0,0.0,0.0
2025-08-18,organic_social,mobile,76,28,62.3,205.0,2.8,50,0,0.0,0.0
2025-08-18,organic_social,desktop,56,20,62.8,198.0,2.0,32,0,0.0,0.0
2025-08-18,organic_social,tablet,23,8,61.7,148.0,3.9,12,0,0.0,0.0
2025-08-19,organic_search,mobile,631,322,48.8,139.0,4.0,335,20,2744.62,3.17
2025-08-19,organic_search,desktop,271,156,42.1,236.0,2.9,188,8,641.52,2.95
2025-08-19,organic_search,tablet,88,45,48.8,78.0,2.1,51,2,285.38,2.27
2025-08-19,paid_search,mobile,343,231,32.5,154.0,2.0,175,13,2279.3,3.79
2025-08-19,paid_search,desktop,244,165,32.4,214.0,4.3,144,5,451.39,2.05
2025-08-19,paid_search,tablet,66,42,36.2,143.0,1.9,36,2,400.84,3.03
2025-08-19,paid_social,mobile,272,111,59.0,95.0,4.2,176,4,834.09,1.47
2025-08-19,paid_social,desktop,285,125,56.0,44.0,3.1,159,4,768.62,1.4
2025-08-19,paid_social,tablet,60,27,53.5,157.0,2.0,44,1,129.64,1.67
2025-08-19,direct,mobile,328,233,28.7,231.0,3.6,241,11,1502.1,3.35
2025-08-19,direct,desktop,231,156,32.1,226.0,4.2,119,9,1002.9,3.9
2025-08-19,direct,tablet,61,42,29.8,239.0,5.0,32,1,146.23,1.64
2025-08-19,email,mobile,198,148,25.1,226.0,3.9,151,9,1685.91,4.55
2025-08-19,email,desktop,135,106,21.4,177.0,4.3,95,5,512.82,3.7
2025-08-19,email,tablet,37,27,26.6,227.0,4.9,18,1,212.69,2.7
2025-08-19,referral,mobile,120,67,44.0,65.0,2.9,78,2,369.97,1.67
2025-08-19,referral,desktop,103,54,46.9,142.0,1.7,73,1,154.43,0.97
2025-08-19,referral,tablet,21,9,55.2,73.0,4.8,15,0,0.0,0.0
2025-08-19,organic_social,mobile,126,60,51.6,77.0,4.6,78,1,84.13,0.79
2025-08-19,organic_social,desktop,72,29,59.7,115.0,1.3,53,0,0.0,0.0
2025-08-19,organic_social,tablet,16,5,63.1,68.0,2.8,9,0,0.0,0.0
2025-08-20,organic_search,mobile,594,341,42.4,64.0,4.8,442,12,1146.05,2.02
2025-08-20,organic_search,desktop,435,249,42.6,66.0,1.9,307,12,1143.37,2.76
2025-08-20,organic_search,tablet,149,81,45.5,199.0,3.3,94,2,254.3,1.34
2025-08-20,paid_search,mobile,602,383,36.3,189.0,5.2,454,13,2752.2,2.16
2025-08-20,paid_search,desktop,323,204,36.6,171.0,2.4,254,8,1544.17,2.48
2025-08-20,paid_search,tablet,116,66,42.4,235.0,2.7,72,2,325.92,1.72
2025-08-20,paid_social,mobile,506,265,47.5,47.0,2.5,335,7,876.43,1.38
2025-08-20,paid_social,desktop,224,99,55.5,210.0,2.8,141,4,401.79,1.79
2025-08-20,paid_social,tablet,90,42,53.2,206.0,4.5,62,1,104.91,1.11
2025-08-20,direct,mobile,484,329,31.9,116.0,5.0,338,16,1628.52,3.31
2025-08-20,direct,desktop,320,213,33.4,136.0,3.1,250,11,1552.25,3.44
2025-08-20,direct,tablet,59,43,26.9,229.0,4.8,39,1,192.26,1.69
2025-08-20,email,mobile,334,258,22.7,111.0,1.8,203,14,1763.96,4.19
2025-08-20,email,desktop,126,95,23.9,216.0,2.6,65,5,650.45,3.97
2025-08-20,email,tablet,40,29,27.4,163.0,4.5,22,1,160.82,2.5
2025-08-20,referral,mobile,158,87,44.5,217.0,1.3,101,2,236.69,1.27
2025-08-20,referral,desktop,139,61,56.1,77.0,5.0,82,3,269.11,2.16
2025-08-20,referral,tablet,25,10,56.5,69.0,2.8,15,0,0.0,0.0
2025-08-20,organic_social,mobile,172,77,54.8,139.0,2.5,102,1,118.7,0.58
2025-08-20,organic_social,desktop,82,27,66.7,104.0,1.5,62,1,153.8,1.22
2025-08-20,organic_social,tablet,19,8,54.4,156.0,3.1,12,0,0.0,0.0
2025-08-21,organic_search,mobile,880,463,47.3,93.0,1.5,588,25,4132.93,2.84
2025-08-21,organic_search,desktop,423,254,39.9,135.0,3.0,305,12,1794.57,2.84
2025-08-21,organic_search,tablet,91,53,41.2,164.0,2.3,60,2,171.25,2.2
2025-08-21,paid_search,mobile,560,337,39.8,198.0,2.0,412,14,2375.97,2.5
2025-08-21,paid_search,desktop,270,174,35.3,194.0,2.4,195,7,865.1,2.59
2025-08-21,paid_search,tablet,73,46,35.9,142.0,4.4,37,2,267.95,2.74
2025-08-21,paid_social,mobile,554,289,47.8,72.0,4.6,371,10,1656.11,1.81
2025-08-21,paid_social,desktop,249,97,61.0,109.0,3.0,177,5,869.5,2.01
2025-08-21,paid_social,tablet,79,34,56.6,65.0,1.9,40,1,111.09,1.27
2025-08-21,direct,mobile,474,318,32.8,67.0,5.1,308,19,3993.76,4.01
2025-08-21,direct,desktop,245,179,26.8,70.0,5.4,189,8,1403.51,3.27
2025-08-21,direct,tablet,92,65,29.2,238.0,4.9,62,3,292.68,3.26
2025-08-21,email,mobile,301,229,23.9,241.0,2.5,223,16,1429.55,5.32
2025-08-21,email,desktop,127,97,23.1,98.0,3.0,74,4,867.83,3.15
2025-08-21,email,tablet,64,47,25.9,200.0,4.3,41,2,414.21,3.12
2025-08-21,referral,mobile,192,89,53.5,217.0,3.7,117,2,282.44,1.04
2025-08-21,referral,desktop,98,51,47.9,225.0,3.2,59,1,168.3,1.02
2025-08-21,referral,tablet,29,13,54.0,94.0,2.7,22,0,0.0,0.0
2025-08-21,organic_social,mobile,115,49,56.7,54.0,4.9,67,1,153.61,0.87
2025-08-21,organic_social,desktop,64,28,55.6,70.0,3.2,47,0,0.0,0.0
2025-08-21,organic_social,tablet,28,11,58.7,100.0,1.6,16,0,0.0,0.0
2025-08-22,organic_search,mobile,768,448,41.6,152.0,4.8,414,15,1753.6,1.95
2025-08-22,organic_search,desktop,343,191,44.0,211.0,1.6,264,6,1302.49,1.75
2025-08-22,organic_search,tablet,108,61,42.6,194.0,2.0,60,2,179.6,1.85
2025-08-22,paid_search,mobile,638,427,33.0,73.0,3.1,386,18,2853.92,2.82
2025-08-22,paid_search,desktop,312,201,35.4,75.0,2.2,241,9,1213.82,2.88
2025-08-22,paid_search,tablet,126,71,43.6,175.0,5.0,64,3,296.93,2.38
2025-08-22,paid_social,mobile,353,152,56.9,108.0,1.6,255,4,539.28,1.13
2025-08-22,paid_social,desktop,241,117,51.3,129.0,1.5,175,4,666.18,1.66
2025-08-22,paid_social,tablet,107,55,48.4,123.0,2.9,73,2,257.27,1.87
2025-08-22,direct,mobile,430,298,30.5,218.0,4.3,221,17,3568.58,3.95
2025-08-22,direct,desktop,222,163,26.4,59.0,4.4,133,9,1541.66,4.05
2025-08-22,direct,tablet,76,52,30.7,137.0,3.9,58,2,271.67,2.63
2025-08-22,email,mobile,294,216,26.4,115.0,3.0,186,13,1193.72,4.42
2025-08-22,email,desktop,210,157,25.2,198.0,1.9,117,10,2069.13,4.76
2025-08-22,email,tablet,59,43,25.5,129.0,1.6,34,2,431.27,3.39
2025-08-22,referral,mobile,167,83,50.2,56.0,2.2,117,2,436.71,1.2
2025-08-22,referral,desktop,157,78,50.2,207.0,1.5,81,2,205.49,1.27
2025-08-22,referral,tablet,25,12,49.5,109.0,2.2,16,0,0.0,0.0
2025-08-22,organic_social,mobile,132,62,52.7,196.0,3.6,78,1,163.3,0.76
2025-08-22,organic_social,desktop,69,24,64.3,201.0,1.6,39,0,0.0,0.0
2025-08-22,organic_social,tablet,22,8,60.7,175.0,1.4,16,0,0.0,0.0
2025-08-23,organic_search,mobile,557,321,42.4,87.0,2.9,318,15,2805.67,2.69
2025-08-23,organic_search,desktop,440,232,47.1,144.0,2.9,287,9,1302.31,2.05
2025-08-23,organic_search,tablet,98,59,38.8,63.0,2.9,72,1,216.2,1.02
2025-08-23,paid_search,mobile,665,429,35.4,230.0,4.9,419,23,4171.15,3.46
2025-08-23,paid_search,desktop,358,209,41.4,228.0,5.2,279,12,1558.16,3.35
2025-08-23,paid_search,tablet,90,58,35.1,103.0,3.0,49,2,379.74,2.22
2025-08-23,paid_social,mobile,554,227,58.9,151.0,4.7,374,9,1649.1,1.62
2025-08-23,paid_social,desktop,287,118,58.8,206.0,3.8,229,3,440.06,1.05
2025-08-23,paid_social,tablet,84,39,53.2,69.0,2.8,42,1,130.5,1.19
2025-08-23,direct,mobile,397,262,34.0,104.0,2.6,209,16,1820.2,4.03
2025-08-23,direct,desktop,339,232,31.5,145.0,4.7,193,13,2304.39,3.83
2025-08-23,direct,tablet,69,49,28.4,67.0,5.3,48,3,256.39,4.35
2025-08-23,email,mobile,297,215,27.4,236.0,4.8,159,15,3081.93,5.05
2025-08-23,email,desktop,189,141,24.9,129.0,4.5,106,9,1923.49,4.76
2025-08-23,email,tablet,47,34,26.7,243.0,5.0,23,1,200.68,2.13
2025-08-23,referral,mobile,227,99,56.0,141.0,4.6,163,5,423.48,2.2
2025-08-23,referral,desktop,148,69,53.0,153.0,2.2,104,2,405.9,1.35
2025-08-23,referral,tablet,35,16,53.3,205.0,3.8,24,0,0.0,0.0
2025-08-23,organic_social,mobile,159,63,60.2,121.0,3.8,117,2,219.27,1.26
2025-08-23,organic_social,desktop,112,37,66.5,149.0,1.5,89,0,0.0,0.0
2025-08-23,organic_social,tablet,24,8,63.4,80.0,1.6,16,0,0.0,0.0
2025-08-24,organic_search,mobile,884,509,42.4,173.0,3.4,539,27,2171.77,3.05
2025-08-24,organic_search,desktop,415,222,46.4,227.0,4.3,229,10,1511.45,2.41
2025-08-24,organic_search,tablet,156,85,44.9,112.0,5.2,103,2,380.07,1.28
2025-08-24,paid_search,mobile,474,280,40.9,66.0,3.9,267,13,1084.99,2.74
2025-08-24,paid_search,desktop,294,194,34.0,152.0,2.2,168,8,1491.11,2.72
2025-08-24,paid_search,tablet,92,51,43.7,209.0,5.0,62,2,384.81,2.17
2025-08-24,paid_social,mobile,376,198,47.1,204.0,3.6,283,6,774.61,1.6
2025-08-24,paid_social,desktop,328,162,50.5,50.0,3.2,190,4,541.37,1.22
2025-08-24,paid_social,tablet,65,29,54.6,150.0,4.8,39,1,94.1,1.54
2025-08-24,direct,mobile,531,358,32.5,153.0,3.8,362,13,2760.22,2.45
2025-08-24,direct,desktop,245,172,29.5,96.0,5.1,194,8,1721.48,3.27
2025-08-24,direct,tablet,71,51,27.7,221.0,2.7,41,2,188.44,2.82
2025-08-24,email,mobile,303,225,25.5,147.0,2.7,177,13,1921.8,4.29
2025-08-24,email,desktop,226,171,24.3,206.0,2.1,116,9,1220.39,3.98
2025-08-24,email,tablet,64,47,25.3,63.0,4.2,42,2,290.73,3.12
2025-08-24,referral,mobile,151,74,50.4,165.0,2.4,79,2,339.22,1.32
2025-08-24,referral,desktop,144,69,52.0,172.0,2.1,89,3,491.17,2.08
2025-08-24,referral,tablet,29,16,43.6,56.0,2.6,17,0,0.0,0.0
2025-08-24,organic_social,mobile,99,34,64.8,55.0,3.5,54,0,0.0,0.0
2025-08-24,organic_social,desktop,91,41,54.6,119.0,3.3,69,1,106.19,1.1
2025-08-24,organic_social,tablet,20,7,62.2,129.0,4.7,14,0,0.0,0.0
2025-08-25,organic_search,mobile,484,271,43.9,198.0,3.5,296,8,1578.65,1.65
2025-08-25,organic_search,desktop,388,207,46.5,158.0,3.9,207,7,797.46,1.8
2025-08-25,organic_search,tablet,112,61,45.0,209.0,1.5,63,2,318.33,1.79
2025-08-25,paid_search,mobile,428,289,32.3,228.0,3.5,295,11,1244.55,2.57
2025-08-25,paid_search,desktop,184,116,36.7,87.0,1.6,137,5,987.22,2.72
2025-08-25,paid_search,tablet,62,37,40.2,129.0,5.0,34,1,174.15,1.61
2025-08-25,paid_social,mobile,274,121,55.6,188.0,2.5,145,6,650.97,2.19
2025-08-25,paid_social,desktop,248,110,55.4,155.0,3.6,198,5,472.05,2.02
2025-08-25,paid_social,tablet,60,31,47.5,113.0,3.7,34,1,145.02,1.67
2025-08-25,direct,mobile,250,176,29.6,187.0,2.9,180,9,1843.25,3.6
2025-08-25,direct,desktop,160,108,32.3,190.0,3.0,109,5,589.56,3.12
2025-08-25,direct,tablet,61,43,29.0,253.0,2.3,33,2,287.97,3.28
2025-08-25,email,mobile,222,165,25.4,53.0,3.3,131,9,1973.74,4.05
2025-08-25,email,desktop,125,89,28.3,197.0,3.8,77,6,649.39,4.8
2025-08-25,email,tablet,33,24,25.7,214.0,5.4,20,1,156.96,3.03
2025-08-25,referral,mobile,138,61,55.1,111.0,2.8,81,2,384.23,1.45
2025-08-25,referral,desktop,71,32,53.7,78.0,2.4,37,1,150.29,1.41
2025-08-25,referral,tablet,31,15,50.3,175.0,2.9,18,0,0.0,0.0
2025-08-25,organic_social,mobile,89,27,68.8,114.0,3.0,49,0,0.0,0.0
2025-08-25,organic_social,desktop,59,25,56.3,177.0,1.6,35,0,0.0,0.0
2025-08-25,organic_social,tablet,16,6,59.3,180.0,4.6,11,0,0.0,0.0
2025-08-26,organic_search,mobile,577,310,46.2,166.0,4.7,366,13,2711.62,2.25
2025-08-26,organic_search,desktop,310,188,39.3,144.0,3.2,240,6,804.11,1.94
2025-08-26,organic_search,tablet,94,47,49.7,142.0,1.9,53,1,160.1,1.06
2025-08-26,paid_search,mobile,412,254,38.2,108.0,2.3,302,16,1648.45,3.88
2025-08-26,paid_search,desktop,217,124,42.5,88.0,2.8,164,8,765.42,3.69
2025-08-26,paid_search,tablet,57,36,36.2,119.0,5.2,34,2,362.47,3.51
2025-08-26,paid_social,mobile,396,170,56.9,113.0,2.8,204,8,1039.67,2.02
2025-08-26,paid_social,desktop,269,109,59.4,142.0,3.3,186,5,900.07,1.86
2025-08-26,paid_social,tablet,47,21,54.1,70.0,1.3,33,0,0.0,0.0
2025-08-26,direct,mobile,347,246,29.0,82.0,3.4,201,8,1731.92,2.31
2025-08-26,direct,desktop,153,106,30.1,175.0,2.9,100,4,522.04,2.61
2025-08-26,direct,tablet,47,32,31.8,119.0,5.2,32,1,177.01,2.13
2025-08-26,email,mobile,160,114,28.6,128.0,3.2,115,6,1066.67,3.75
2025-08-26,email,desktop,160,114,28.5,69.0,3.8,89,8,1306.68,5.0
2025-08-26,email,tablet,40,30,23.8,245.0,4.7,20,1,172.53,2.5
2025-08-26,referral,mobile,114,50,55.5,145.0,3.5,83,2,201.41,1.75
2025-08-26,referral,desktop,109,51,52.6,71.0,3.9,69,2,346.67,1.83
2025-08-26,referral,tablet,33,15,53.1,85.0,3.0,17,0,0.0,0.0
2025-08-26,organic_social,mobile,111,43,61.1,124.0,2.9,56,1,108.93,0.9
2025-08-26,organic_social,desktop,52,17,67.2,195.0,2.9,37,0,0.0,0.0
2025-08-26,organic_social,tablet,19,6,64.8,189.0,4.0,10,0,0.0,0.0
2025-08-27,organic_search,mobile,574,301,47.5,211.0,4.2,456,16,1475.03,2.79
2025-08-27,organic_search,desktop,419,253,39.4,48.0,3.4,210,13,2519.42,3.1
2025-08-27,organic_search,tablet,113,56,50.0,145.0,4.2,72,3,597.26,2.65
2025-08-27,paid_search,mobile,550,334,39.1,213.0,2.0,337,13,2211.06,2.36
2025-08-27,paid_search,desktop,438,280,35.8,215.0,1.9,322,17,2886.1,3.88
2025-08-27,paid_search,tablet,71,44,36.8,199.0,2.7,53,1,169.76,1.41
2025-08-27,paid_social,mobile,510,208,59.2,166.0,4.3,260,10,993.77,1.96
2025-08-27,paid_social,desktop,251,112,55.3,189.0,1.6,136,3,393.76,1.2
2025-08-27,paid_social,tablet,69,30,55.7,144.0,3.8,40,1,194.29,1.45
2025-08-27,direct,mobile,410,291,28.8,144.0,1.6,250,14,2469.0,3.41
2025-08-27,direct,desktop,323,216,32.9,66.0,4.7,226,13,1369.6,4.02
2025-08-27,direct,tablet,75,51,31.7,85.0,3.8,53,3,294.23,4.0
2025-08-27,email,mobile,298,228,23.2,58.0,4.0,189,13,2059.62,4.36
2025-08-27,email,desktop,212,156,26.2,191.0,2.4,135,9,1848.33,4.25
2025-08-27,email,tablet,55,39,27.4,193.0,2.0,30,2,363.42,3.64
2025-08-27,referral,mobile,192,98,48.7,208.0,2.0,117,2,184.54,1.04
2025-08-27,referral,desktop,120,67,43.7,178.0,4.6,91,1,153.56,0.83
2025-08-27,referral,tablet,35,18,46.8,99.0,3.9,19,0,0.0,0.0
2025-08-27,organic_social,mobile,120,38,67.7,146.0,2.0,61,1,101.07,0.83
2025-08-27,organic_social,desktop,107,44,58.8,140.0,1.6,63,1,199.63,0.93
2025-08-27,organic_social,tablet,21,8,61.9,150.0,1.3,11,0,0.0,0.0
2025-08-28,organic_search,mobile,847,427,49.5,107.0,1.7,586,26,2843.39,3.07
2025-08-28,organic_search,desktop,511,272,46.6,62.0,4.2,392,13,2500.49,2.54
2025-08-28,organic_search,tablet,135,70,47.5,118.0,4.6,78,3,586.0,2.22
2025-08-28,paid_search,mobile,423,283,33.0,169.0,3.9,283,10,1438.77,2.36
2025-08-28,paid_search,desktop,288,166,42.2,183.0,2.7,180,7,1369.22,2.43
2025-08-28,paid_search,tablet,118,66,43.5,61.0,1.6,74,3,529.25,2.54
2025-08-28,paid_social,mobile,351,134,61.8,96.0,2.3,185,5,666.85,1.42
2025-08-28,paid_social,desktop,335,164,50.9,105.0,4.6,214,5,635.29,1.49
2025-08-28,paid_social,tablet,90,36,59.7,72.0,3.8,48,1,186.47,1.11
2025-08-28,direct,mobile,459,322,29.7,192.0,2.2,358,11,1805.48,2.4
2025-08-28,direct,desktop,219,157,28.3,241.0,4.0,158,8,864.39,3.65
2025-08-28,direct,tablet,57,38,32.9,64.0,3.8,40,2,375.47,3.51
2025-08-28,email,mobile,274,198,27.5,64.0,4.6,176,14,1556.94,5.11
2025-08-28,email,desktop,128,99,21.9,154.0,3.0,65,4,322.55,3.12
2025-08-28,email,tablet,42,30,26.8,74.0,5.5,29,2,161.13,4.76
2025-08-28,referral,mobile,213,110,48.2,109.0,3.9,143,4,604.36,1.88
2025-08-28,referral,desktop,155,88,42.6,75.0,2.2,79,3,638.61,1.94
2025-08-28,referral,tablet,29,13,52.1,207.0,1.4,18,0,0.0,0.0
2025-08-28,organic_social,mobile,97,36,62.1,193.0,3.0,76,1,198.42,1.03
2025-08-28,organic_social,desktop,106,50,52.7,98.0,4.3,62,1,127.66,0.94
2025-08-28,organic_social,tablet,23,10,52.5,198.0,4.3,13,0,0.0,0.0
2025-08-29,organic_search,mobile,483,293,39.2,189.0,1.7,344,10,1497.42,2.07
2025-08-29,organic_search,desktop,449,239,46.6,182.0,4.0,327,14,2987.74,3.12
2025-08-29,organic_search,tablet,137,84,38.4,143.0,3.1,78,4,676.68,2.92
2025-08-29,paid_search,mobile,542,321,40.7,88.0,4.7,365,14,2776.66,2.58
2025-08-29,paid_search,desktop,420,264,37.1,120.0,5.1,303,11,1954.36,2.62
2025-08-29,paid_search,tablet,95,62,34.3,242.0,4.3,54,3,490.19,3.16
2025-08-29,paid_social,mobile,424,185,56.3,57.0,3.4,336,5,886.85,1.18
2025-08-29,paid_social,desktop,385,151,60.7,197.0,1.8,218,7,1470.27,1.82
2025-08-29,paid_social,tablet,112,54,51.3,205.0,1.5,73,1,85.82,0.89
2025-08-29,direct,mobile,343,254,25.7,71.0,4.9,242,10,1729.67,2.92
2025-08-29,direct,desktop,192,136,29.1,180.0,4.2,146,7,1473.32,3.65
2025-08-29,direct,tablet,72,49,31.9,228.0,4.6,38,2,354.6,2.78
2025-08-29,email,mobile,346,271,21.6,220.0,1.5,195,16,1919.2,4.62
2025-08-29,email,desktop,130,95,26.9,137.0,4.4,97,4,839.48,3.08
2025-08-29,email,tablet,63,47,24.7,112.0,4.3,39,2,262.0,3.17
2025-08-29,referral,mobile,200,109,45.5,146.0,3.3,151,4,862.86,2.0
2025-08-29,referral,desktop,96,49,48.4,158.0,4.8,71,1,156.5,1.04
2025-08-29,referral,tablet,38,17,54.1,52.0,1.3,28,0,0.0,0.0
2025-08-29,organic_social,mobile,119,50,57.3,207.0,1.6,94,1,85.94,0.84
2025-08-29,organic_social,desktop,98,31,68.0,191.0,3.5,65,0,0.0,0.0
2025-08-29,organic_social,tablet,27,12,54.4,93.0,3.5,13,0,0.0,0.0
2025-08-30,organic_search,mobile,503,309,38.5,67.0,3.7,323,14,1172.75,2.78
2025-08-30,organic_search,desktop,402,228,43.1,222.0,2.2,259,12,1090.82,2.99
2025-08-30,organic_search,tablet,159,84,46.9,196.0,2.5,108,3,652.59,1.89
2025-08-30,paid_search,mobile,568,344,39.3,89.0,2.6,376,14,2385.15,2.46
2025-08-30,paid_search,desktop,289,166,42.5,59.0,4.4,216,8,825.33,2.77
2025-08-30,paid_search,tablet,74,45,38.5,58.0,2.7,39,2,414.32,2.7
2025-08-30,paid_social,mobile,473,222,52.9,214.0,1.9,349,9,1570.67,1.9
2025-08-30,paid_social,desktop,380,166,56.1,49.0,1.8,209,8,1031.6,2.11
2025-08-30,paid_social,tablet,110,41,62.6,91.0,2.8,75,1,171.88,0.91
2025-08-30,direct,mobile,500,353,29.3,118.0,2.3,379,19,2181.66,3.8
2025-08-30,direct,desktop,202,136,32.4,227.0,3.5,105,7,1197.0,3.47
2025-08-30,direct,tablet,94,67,28.5,125.0,5.1,61,2,309.29,2.13
2025-08-30,email,mobile,201,154,23.0,67.0,2.8,140,7,1308.79,3.48
2025-08-30,email,desktop,186,137,26.1,193.0,5.3,95,8,836.8,4.3
2025-08-30,email,tablet,45,34,23.4,58.0,4.1,30,1,117.02,2.22
2025-08-30,referral,mobile,192,101,47.2,209.0,2.5,139,4,666.75,2.08
2025-08-30,referral,desktop,86,40,52.7,221.0,3.2,52,1,117.79,1.16
2025-08-30,referral,tablet,28,15,44.8,146.0,3.4,21,0,0.0,0.0
2025-08-30,organic_social,mobile,96,42,55.8,77.0,2.5,71,1,93.99,1.04
2025-08-30,organic_social,desktop,91,35,61.0,200.0,1.7,56,1,148.23,1.1
2025-08-30,organic_social,tablet,29,13,53.7,207.0,1.9,22,0,0.0,0.0
2025-08-31,organic_search,mobile,758,419,44.6,124.0,4.4,506,13,1994.99,1.72
2025-08-31,organic_search,desktop,561,337,39.8,146.0,4.7,395,17,2263.37,3.03
2025-08-31,organic_search,tablet,158,76,51.5,90.0,2.3,91,4,633.48,2.53
2025-08-31,paid_search,mobile,643,390,39.3,220.0,1.9,490,23,4468.29,3.58
2025-08-31,paid_search,desktop,380,217,42.8,182.0,4.5,219,15,2095.94,3.95
2025-08-31,paid_search,tablet,99,64,35.3,163.0,3.0,55,2,355.43,2.02
2025-08-31,paid_social,mobile,402,195,51.4,195.0,1.5,301,9,1932.84,2.24
2025-08-31,paid_social,desktop,363,137,62.2,135.0,3.2,215,6,912.52,1.65
2025-08-31,paid_social,tablet,71,29,58.5,183.0,3.2,46,1,173.29,1.41
2025-08-31,direct,mobile,532,348,34.5,124.0,4.1,301,19,2506.54,3.57
2025-08-31,direct,desktop,338,230,31.9,96.0,1.7,234,9,1178.85,2.66
2025-08-31,direct,tablet,57,40,29.1,233.0,2.1,38,2,205.15,3.51
2025-08-31,email,mobile,344,268,22.0,130.0,4.2,227,11,1073.57,3.2
2025-08-31,email,desktop,153,113,25.9,132.0,2.9,99,6,776.22,3.92
2025-08-31,email,tablet,46,35,23.6,97.0,2.6,36,1,110.66,2.17
2025-08-31,referral,mobile,158,80,49.2,155.0,4.6,86,3,244.83,1.9
2025-08-31,referral,desktop,145,69,52.2,57.0,1.8,115,3,269.79,2.07
2025-08-31,referral,tablet,42,20,51.1,83.0,2.2,30,0,0.0,0.0
2025-08-31,organic_social,mobile,148,59,60.0,48.0,4.3,92,2,176.6,1.35
2025-08-31,organic_social,desktop,96,40,58.3,133.0,1.4,58,1,83.15,1.04
2025-08-31,organic_social,tablet,19,8,54.9,49.0,4.7,14,0,0.0,0.0
2025-09-01,organic_search,mobile,520,287,44.8,81.0,1.6,412,12,2057.74,2.31
2025-09-01,organic_search,desktop,391,221,43.4,57.0,1.3,229,7,1498.11,1.79
2025-09-01,organic_search,tablet,107,53,49.7,48.0,2.6,56,2,288.85,1.87
2025-09-01,paid_search,mobile,343,229,33.1,141.0,5.1,192,13,2328.46,3.79
2025-09-01,paid_search,desktop,333,222,33.1,76.0,4.0,229,12,1512.18,3.6
2025-09-01,paid_search,tablet,94,60,35.4,139.0,3.0,57,3,627.05,3.19
2025-09-01,paid_social,mobile,479,206,56.8,195.0,3.0,262,10,1429.22,2.09
2025-09-01,paid_social,desktop,250,97,61.1,199.0,2.2,154,3,359.11,1.2
2025-09-01,paid_social,tablet,60,29,51.0,104.0,4.0,34,1,199.25,1.67
2025-09-01,direct,mobile,250,168,32.8,178.0,3.5,159,6,1129.67,2.4
2025-09-01,direct,desktop,201,147,26.6,197.0,4.7,142,5,413.33,2.49
2025-09-01,direct,tablet,63,42,33.3,98.0,3.0,40,2,258.14,3.17
2025-09-01,email,mobile,178,136,23.5,216.0,2.5,110,8,872.22,4.49
2025-09-01,email,desktop,113,82,27.4,176.0,1.4,84,4,867.98,3.54
2025-09-01,email,tablet,41,31,23.2,194.0,5.2,22,1,148.91,2.44
2025-09-01,referral,mobile,115,54,53.0,165.0,1.5,75,2,223.58,1.74
2025-09-01,referral,desktop,99,51,48.3,124.0,1.9,64,1,127.96,1.01
2025-09-01,referral,tablet,23,10,56.0,168.0,3.5,15,0,0.0,0.0
2025-09-01,organic_social,mobile,79,30,61.9,186.0,1.3,62,0,0.0,0.0
2025-09-01,organic_social,desktop,68,22,67.5,113.0,1.7,34,0,0.0,0.0
2025-09-01,organic_social,tablet,15,7,51.3,215.0,3.7,10,0,0.0,0.0
2025-09-02,organic_search,mobile,495,287,41.9,237.0,3.6,373,14,2036.66,2.83
2025-09-02,organic_search,desktop,286,160,44.0,189.0,3.6,205,6,1131.35,2.1
2025-09-02,organic_search,tablet,85,42,50.1,112.0,4.5,67,2,345.92,2.35
2025-09-02,paid_search,mobile,432,259,39.8,86.0,3.0,295,16,2786.74,3.7
2025-09-02,paid_search,desktop,256,153,40.1,53.0,1.5,155,7,715.57,2.73
2025-09-02,paid_search,tablet,53,34,35.4,166.0,3.5,30,1,184.18,1.89
2025-09-02,paid_social,mobile,263,134,48.9,102.0,2.5,201,6,1259.33,2.28
2025-09-02,paid_social,desktop,176,88,49.6,46.0,1.3,130,2,403.86,1.14
2025-09-02,paid_social,tablet,73,32,56.0,124.0,2.8,50,1,147.67,1.37
2025-09-02,direct,mobile,276,189,31.5,171.0,4.3,217,10,1096.05,3.62
2025-09-02,direct,desktop,248,180,27.3,124.0,2.8,196,9,1311.4,3.63
2025-09-02,direct,tablet,40,26,33.2,198.0,3.2,31,1,159.34,2.5
2025-09-02,email,mobile,251,193,22.9,130.0,2.9,137,11,1612.06,4.38
2025-09-02,email,desktop,127,94,25.7,214.0,3.7,73,6,722.57,4.72
2025-09-02,email,tablet,43,31,25.8,256.0,3.7,27,2,240.76,4.65
2025-09-02,referral,mobile,176,97,44.9,161.0,1.5,139,3,292.71,1.7
2025-09-02,referral,desktop,64,27,56.5,105.0,2.2,35,1,195.19,1.56
2025-09-02,referral,tablet,26,13,46.5,62.0,2.1,13,0,0.0,0.0
2025-09-02,organic_social,mobile,123,60,51.1,183.0,2.8,85,1,143.77,0.81
2025-09-02,organic_social,desktop,71,30,57.5,192.0,4.2,43,0,0.0,0.0
2025-09-02,organic_social,tablet,22,9,58.9,126.0,2.8,12,0,0.0,0.0
2025-09-03,organic_search,mobile,796,432,45.7,117.0,3.4,590,16,1860.86,2.01
2025-09-03,organic_search,desktop,360,186,48.2,112.0,3.1,268,11,1489.35,3.06
2025-09-03,organic_search,tablet,94,53,43.5,224.0,1.9,54,1,152.5,1.06
2025-09-03,paid_search,mobile,615,367,40.2,61.0,2.2,425,20,2276.81,3.25
2025-09-03,paid_search,desktop,307,178,41.9,64.0,2.4,206,10,869.98,3.26
2025-09-03,paid_search,tablet,126,83,33.5,123.0,4.0,92,4,640.78,3.17
2025-09-03,paid_social,mobile,453,172,61.9,132.0,4.0,306,8,815.74,1.77
2025-09-03,paid_social,desktop,330,174,47.2,54.0,3.9,183,5,655.91,1.52
2025-09-03,paid_social,tablet,81,35,56.3,189.0,1.9,47,1,178.25,1.23
2025-09-03,direct,mobile,334,233,30.0,77.0,5.2,251,8,1470.22,2.4
2025-09-03,direct,desktop,336,249,25.9,258.0,2.5,228,9,1930.89,2.68
2025-09-03,direct,tablet,61,40,33.6,108.0,2.9,40,1,176.35,1.64
2025-09-03,email,mobile,263,196,25.2,207.0,3.1,133,12,1457.68,4.56
2025-09-03,email,desktop,211,161,23.4,139.0,4.1,168,10,1842.41,4.74
2025-09-03,email,tablet,44,33,24.6,169.0,1.8,29,1,201.99,2.27
2025-09-03,referral,mobile,188,99,47.1,84.0,4.1,108,2,220.58,1.06
2025-09-03,referral,desktop,157,85,45.3,232.0,4.4,106,3,393.42,1.91
2025-09-03,referral,tablet,41,18,56.0,144.0,2.7,25,1,103.83,2.44
2025-09-03,organic_social,mobile,148,59,60.1,131.0,4.8,78,2,251.92,1.35
2025-09-03,organic_social,desktop,75,35,52.8,109.0,4.5,42,0,0.0,0.0
2025-09-03,organic_social,tablet,22,7,66.4,154.0,3.9,13,0,0.0,0.0
2025-09-04,organic_search,mobile,485,274,43.4,126.0,2.7,344,13,2340.93,2.68
2025-09-04,organic_search,desktop,555,283,49.0,156.0,1.7,333,11,2362.47,1.98
2025-09-04,organic_search,tablet,141,70,50.0,67.0,2.5,72,3,297.85,2.13
2025-09-04,paid_search,mobile,523,307,41.2,173.0,2.1,295,16,3139.96,3.06
2025-09-04,paid_search,desktop,318,195,38.4,78.0,1.4,169,11,1146.54,3.46
2025-09-04,paid_search,tablet,115,77,32.9,249.0,4.1,81,3,492.37,2.61
2025-09-04,paid_social,mobile,373,144,61.2,119.0,3.8,219,5,618.78,1.34
2025-09-04,paid_social,desktop,367,180,50.8,210.0,4.7,190,5,887.69,1.36
2025-09-04,paid_social,tablet,84,40,51.5,118.0,4.9,56,1,87.06,1.19
2025-09-04,direct,mobile,342,229,32.8,121.0,4.7,193,11,978.22,3.22
2025-09-04,direct,desktop,235,169,27.9,101.0,5.2,187,10,1211.89,4.26
2025-09-04,direct,tablet,79,52,33.9,186.0,4.5,57,3,318.8,3.8
2025-09-04,email,mobile,279,208,25.1,219.0,2.3,220,13,2293.99,4.66
2025-09-04,email,desktop,199,150,24.4,221.0,4.3,149,8,1356.56,4.02
2025-09-04,email,tablet,46,34,24.4,137.0,4.2,31,1,152.2,2.17
2025-09-04,referral,mobile,233,128,45.0,181.0,3.2,165,5,554.37,2.15
2025-09-04,referral,desktop,125,59,52.3,105.0,4.6,93,2,214.07,1.6
2025-09-04,referral,tablet,38,20,47.1,217.0,3.7,23,0,0.0,0.0
2025-09-04,organic_social,mobile,153,62,59.2,167.0,4.3,81,1,150.16,0.65
2025-09-04,organic_social,desktop,64,27,57.1,184.0,2.5,41,0,0.0,0.0
2025-09-04,organic_social,tablet,26,8,67.4,41.0,1.9,14,0,0.0,0.0
2025-09-05,organic_search,mobile,728,379,47.8,138.0,4.3,439,13,1567.19,1.79
2025-09-05,organic_search,desktop,436,240,44.9,206.0,1.9,335,13,2578.31,2.98
2025-09-05,organic_search,tablet,117,63,45.6,110.0,2.3,76,3,420.67,2.56
2025-09-05,paid_search,mobile,661,389,41.0,50.0,2.1,367,21,2687.86,3.18
2025-09-05,paid_search,desktop,368,210,42.8,109.0,5.1,205,10,1910.4,2.72
2025-09-05,paid_search,tablet,94,62,34.0,72.0,3.9,69,2,189.67,2.13
2025-09-05,paid_social,mobile,370,183,50.4,152.0,1.7,226,5,1055.74,1.35
2025-09-05,paid_social,desktop,355,131,62.9,176.0,1.2,228,7,737.56,1.97
2025-09-05,paid_social,tablet,81,30,62.4,84.0,2.8,62,1,115.78,1.23
2025-09-05,direct,mobile,450,330,26.6,55.0,5.2,231,18,3027.18,4.0
2025-09-05,direct,desktop,279,192,30.9,76.0,3.5,187,10,1987.59,3.58
2025-09-05,direct,tablet,70,48,30.3,81.0,1.5,54,2,372.51,2.86
2025-09-05,email,mobile,244,177,27.2,97.0,1.8,182,9,724.97,3.69
2025-09-05,email,desktop,140,99,28.7,155.0,5.3,96,6,751.25,4.29
2025-09-05,email,tablet,57,42,25.0,179.0,3.6,43,2,435.5,3.51
2025-09-05,referral,mobile,186,93,49.6,69.0,3.6,103,4,409.5,2.15
2025-09-05,referral,desktop,117,53,54.6,101.0,1.4,61,2,367.84,1.71
2025-09-05,referral,tablet,33,17,47.3,219.0,3.1,24,0,0.0,0.0
2025-09-05,organic_social,mobile,166,54,67.0,165.0,2.4,127,2,240.13,1.2
2025-09-05,organic_social,desktop,66,24,63.2,59.0,4.8,47,0,0.0,0.0
2025-09-05,organic_social,tablet,21,6,67.0,109.0,2.3,14,0,0.0,0.0
2025-09-06,organic_search,mobile,490,244,50.1,183.0,5.1,377,11,1053.92,2.24
2025-09-06,organic_search,desktop,349,205,41.2,105.0,3.8,205,11,1192.23,3.15
2025-09-06,organic_search,tablet,116,60,48.3,187.0,4.4,64,3,580.26,2.59
2025-09-06,paid_search,mobile,469,307,34.4,50.0,3.9,357,11,2189.44,2.35
2025-09-06,paid_search,desktop,280,159,42.9,173.0,2.0,222,11,1774.43,3.93
2025-09-06,paid_search,tablet,114,70,38.2,85.0,3.7,59,3,499.55,2.63
2025-09-06,paid_social,mobile,526,230,56.2,138.0,2.9,312,8,741.1,1.52
2025-09-06,paid_social,desktop,301,157,47.8,147.0,2.4,171,4,400.82,1.33
2025-09-06,paid_social,tablet,97,42,56.6,112.0,2.0,74,1,211.21,1.03
2025-09-06,direct,mobile,462,313,32.2,221.0,2.3,316,19,3637.85,4.11
2025-09-06,direct,desktop,290,208,28.1,240.0,2.0,148,13,2509.22,4.48
2025-09-06,direct,tablet,53,35,33.3,211.0,4.0,36,1,123.08,1.89
2025-09-06,email,mobile,324,243,24.8,235.0,2.4,193,10,2084.67,3.09
2025-09-06,email,desktop,208,148,28.5,135.0,4.6,133,10,873.3,4.81
2025-09-06,email,tablet,55,43,21.5,95.0,5.5,33,1,186.27,1.82
2025-09-06,referral,mobile,157,85,45.4,154.0,4.7,122,2,257.28,1.27
2025-09-06,referral,desktop,129,61,52.0,139.0,1.9,76,2,254.27,1.55
2025-09-06,referral,tablet,28,12,55.1,55.0,3.7,20,0,0.0,0.0
2025-09-06,organic_social,mobile,104,36,64.9,158.0,1.8,76,1,176.06,0.96
2025-09-06,organic_social,desktop,102,38,62.6,186.0,2.4,67,1,198.99,0.98
2025-09-06,organic_social,tablet,24,9,58.7,123.0,4.2,18,0,0.0,0.0
2025-09-07,organic_search,mobile,649,388,40.1,126.0,3.9,342,20,4280.6,3.08
2025-09-07,organic_search,desktop,318,192,39.5,174.0,3.5,177,9,1298.39,2.83
2025-09-07,organic_search,tablet,148,87,41.1,213.0,4.7,93,2,332.99,1.35
2025-09-07,paid_search,mobile,611,356,41.7,168.0,4.6,367,16,2164.68,2.62
2025-09-07,paid_search,desktop,375,251,33.0,235.0,5.3,282,15,3081.59,4.0
2025-09-07,paid_search,tablet,82,50,38.9,76.0,4.7,59,2,165.73,2.44
2025-09-07,paid_social,mobile,572,266,53.4,124.0,2.6,372,7,871.42,1.22
2025-09-07,paid_social,desktop,336,172,48.7,201.0,3.1,241,7,1108.82,2.08
2025-09-07,paid_social,tablet,111,48,56.7,72.0,3.9,56,1,160.61,0.9
2025-09-07,direct,mobile,400,278,30.4,87.0,1.7,253,13,1918.79,3.25
2025-09-07,direct,desktop,330,240,27.1,107.0,3.0,175,10,2030.66,3.03
2025-09-07,direct,tablet,54,37,31.4,138.0,1.7,33,1,158.2,1.85
2025-09-07,email,mobile,233,168,27.7,193.0,2.2,155,8,1422.45,3.43
2025-09-07,email,desktop,210,163,22.0,105.0,4.1,145,9,933.65,4.29
2025-09-07,email,tablet,54,40,25.3,97.0,1.8,27,2,341.55,3.7
2025-09-07,referral,mobile,135,75,44.1,118.0,4.3,72,2,161.64,1.48
2025-09-07,referral,desktop,143,78,45.4,106.0,3.2,100,2,228.33,1.4
2025-09-07,referral,tablet,40,22,42.8,193.0,5.0,23,0,0.0,0.0
2025-09-07,organic_social,mobile,114,44,61.3,121.0,3.8,62,1,181.53,0.88
2025-09-07,organic_social,desktop,85,36,57.2,160.0,4.5,48,1,158.11,1.18
2025-09-07,organic_social,tablet,23,10,53.0,122.0,4.8,17,0,0.0,0.0
2025-09-08,organic_search,mobile,382,214,43.8,188.0,2.1,277,8,1044.42,2.09
2025-09-08,organic_search,desktop,410,214,47.6,65.0,4.0,218,9,798.92,2.2
2025-09-08,organic_search,tablet,88,43,50.0,87.0,3.3,52,2,254.3,2.27
2025-09-08,paid_search,mobile,526,355,32.5,166.0,2.4,392,21,2301.26,3.99
2025-09-08,paid_search,desktop,293,190,35.0,94.0,4.6,216,9,1864.83,3.07
2025-09-08,paid_search,tablet,69,46,32.7,145.0,1.8,40,1,146.37,1.45
2025-09-08,paid_social,mobile,344,136,60.2,88.0,3.8,269,7,1151.47,2.03
2025-09-08,paid_social,desktop,180,87,51.4,199.0,2.3,137,3,383.24,1.67
2025-09-08,paid_social,tablet,80,40,49.5,117.0,2.2,61,1,174.77,1.25
2025-09-08,direct,mobile,233,156,33.0,125.0,3.5,128,8,776.59,3.43
2025-09-08,direct,desktop,152,109,28.0,250.0,2.0,76,5,940.4,3.29
2025-09-08,direct,tablet,72,52,26.7,70.0,4.7,41,2,376.62,2.78
2025-09-08,email,mobile,242,184,23.6,54.0,3.6,145,11,2173.67,4.55
2025-09-08,email,desktop,158,118,24.9,112.0,5.5,119,6,604.1,3.8
2025-09-08,email,tablet,33,24,25.9,123.0,1.6,24,1,176.48,3.03
2025-09-08,referral,mobile,125,69,44.7,68.0,3.3,91,1,95.0,0.8
2025-09-08,referral,desktop,113,53,52.8,45.0,4.1,89,1,212.59,0.88
2025-09-08,referral,tablet,32,14,53.2,154.0,4.4,17,0,0.0,0.0
2025-09-08,organic_social,mobile,111,54,51.2,91.0,2.3,88,1,137.78,0.9
2025-09-08,organic_social,desktop,80,27,65.2,136.0,3.2,61,0,0.0,0.0
2025-09-08,organic_social,tablet,24,7,67.8,160.0,4.0,13,0,0.0,0.0
2025-09-09,organic_search,mobile,614,303,50.6,84.0,3.7,423,17,2980.68,2.77
2025-09-09,organic_search,desktop,303,182,39.8,198.0,2.7,169,7,1462.34,2.31
2025-09-09,organic_search,tablet,91,46,48.5,102.0,3.2,52,2,407.27,2.2
2025-09-09,paid_search,mobile,480,301,37.1,192.0,3.2,294,14,2716.87,2.92
2025-09-09,paid_search,desktop,292,166,43.0,213.0,2.0,224,8,683.63,2.74
2025-09-09,paid_search,tablet,89,53,39.8,213.0,3.5,49,3,349.11,3.37
2025-09-09,paid_social,mobile,316,127,59.8,73.0,4.6,204,6,1214.81,1.9
2025-09-09,paid_social,desktop,306,138,54.6,160.0,1.3,229,4,353.47,1.31
2025-09-09,paid_social,tablet,59,24,57.7,52.0,2.0,45,1,172.01,1.69
2025-09-09,direct,mobile,294,204,30.6,91.0,4.8,152,10,2075.14,3.4
2025-09-09,direct,desktop,239,158,33.6,73.0,3.4,167,9,1069.18,3.77
2025-09-09,direct,tablet,67,46,30.1,61.0,2.7,42,2,422.1,2.99
2025-09-09,email,mobile,223,174,22.0,93.0,3.9,120,11,1367.27,4.93
2025-09-09,email,desktop,117,84,27.7,138.0,3.5,78,5,596.73,4.27
2025-09-09,email,tablet,33,24,25.3,252.0,2.4,23,1,176.04,3.03
2025-09-09,referral,mobile,183,102,43.9,58.0,2.7,96,3,653.44,1.64
2025-09-09,referral,desktop,96,42,55.3,135.0,2.6,71,1,108.59,1.04
2025-09-09,referral,tablet,20,8,56.2,91.0,4.7,15,0,0.0,0.0
2025-09-09,organic_social,mobile,102,39,60.9,54.0,3.6,54,0,0.0,0.0
2025-09-09,organic_social,desktop,63,26,57.5,67.0,2.1,33,0,0.0,0.0
2025-09-09,organic_social,tablet,20,9,52.0,202.0,2.5,11,0,0.0,0.0
2025-09-10,organic_search,mobile,877,489,44.2,78.0,4.2,491,19,1855.31,2.17
2025-09-10,organic_search,desktop,353,202,42.6,194.0,4.1,277,11,1787.62,3.12
2025-09-10,organic_search,tablet,139,83,39.9,89.0,4.6,106,2,356.8,1.44
2025-09-10,paid_search,mobile,521,330,36.7,144.0,4.2,285,12,2535.54,2.3
2025-09-10,paid_search,desktop,358,210,41.2,165.0,5.2,252,12,1598.16,3.35
2025-09-10,paid_search,tablet,100,57,42.1,153.0,2.6,52,3,429.91,3.0
2025-09-10,paid_social,mobile,458,188,58.8,73.0,2.1,317,8,1597.22,1.75
2025-09-10,paid_social,desktop,375,156,58.2,157.0,4.3,289,6,1221.93,1.6
2025-09-10,paid_social,tablet,91,39,56.5,182.0,1.4,57,1,216.12,1.1
2025-09-10,direct,mobile,503,373,25.8,117.0,4.4,298,18,3821.41,3.58
2025-09-10,direct,desktop,284,187,33.9,126.0,2.9,207,9,1929.8,3.17
2025-09-10,direct,tablet,68,48,28.5,224.0,3.3,47,1,92.46,1.47
2025-09-10,email,mobile,271,205,24.1,195.0,3.5,140,10,911.17,3.69
2025-09-10,email,desktop,188,145,22.8,70.0,4.5,133,6,1300.72,3.19
2025-09-10,email,tablet,50,39,21.9,264.0,1.8,25,1,102.58,2.0
2025-09-10,referral,mobile,160,73,54.3,119.0,4.2,112,3,534.65,1.88
2025-09-10,referral,desktop,158,80,49.1,158.0,4.9,116,2,178.59,1.27
2025-09-10,referral,tablet,39,19,50.3,96.0,3.8,29,0,0.0,0.0
2025-09-10,organic_social,mobile,107,51,51.6,216.0,3.1,61,1,205.69,0.93
2025-09-10,organic_social,desktop,101,46,54.0,98.0,1.9,53,1,201.69,0.99
2025-09-10,organic_social,tablet,26,8,68.7,170.0,3.7,13,0,0.0,0.0
2025-09-11,organic_search,mobile,588,333,43.3,82.0,4.4,424,12,2443.28,2.04
2025-09-11,organic_search,desktop,309,179,42.0,202.0,1.8,169,7,774.8,2.27
2025-09-11,organic_search,tablet,131,80,38.6,175.0,2.3,103,4,616.97,3.05
2025-09-11,paid_search,mobile,495,327,33.8,242.0,3.4,336,15,1467.31,3.03
2025-09-11,paid_search,desktop,346,225,35.0,112.0,1.6,225,8,1721.31,2.31
2025-09-11,paid_search,tablet,84,50,40.4,131.0,4.0,63,2,421.35,2.38
2025-09-11,paid_social,mobile,602,265,55.9,147.0,1.4,361,12,1376.34,1.99
2025-09-11,paid_social,desktop,285,110,61.2,120.0,2.4,222,5,918.45,1.75
2025-09-11,paid_social,tablet,96,40,57.3,186.0,4.0,58,1,106.0,1.04
2025-09-11,direct,mobile,520,371,28.6,127.0,4.7,382,13,1514.86,2.5
2025-09-11,direct,desktop,251,171,31.8,63.0,3.0,186,7,1432.81,2.79
2025-09-11,direct,tablet,75,50,32.8,130.0,4.8,59,2,230.54,2.67
2025-09-11,email,mobile,201,144,28.3,102.0,2.5,140,9,1329.65,4.48
2025-09-11,email,desktop,166,130,21.5,223.0,4.1,118,8,1385.61,4.82
2025-09-11,email,tablet,36,27,24.2,247.0,5.6,18,1,213.97,2.78
2025-09-11,referral,mobile,142,61,56.5,194.0,3.3,108,2,407.86,1.41
2025-09-11,referral,desktop,136,74,45.1,87.0,5.1,95,3,408.43,2.21
2025-09-11,referral,tablet,28,12,55.6,65.0,2.1,21,0,0.0,0.0
2025-09-11,organic_social,mobile,156,51,67.2,48.0,3.8,106,2,309.22,1.28
2025-09-11,organic_social,desktop,73,23,67.6,163.0,1.7,42,0,0.0,0.0
2025-09-11,organic_social,tablet,28,10,61.5,81.0,4.0,15,0,0.0,0.0
2025-09-12,organic_search,mobile,734,450,38.6,73.0,3.2,369,20,1850.22,2.72
2025-09-12,organic_search,desktop,562,326,41.9,60.0,4.8,415,9,1808.98,1.6
2025-09-12,organic_search,tablet,96,57,39.8,120.0,4.8,53,2,379.85,2.08
2025-09-12,paid_search,mobile,586,368,37.0,108.0,2.2,388,16,2484.09,2.73
2025-09-12,paid_search,desktop,355,207,41.5,178.0,1.8,196,12,1522.11,3.38
2025-09-12,paid_search,tablet,105,64,38.6,78.0,4.5,80,3,506.37,2.86
2025-09-12,paid_social,mobile,501,210,58.0,117.0,3.8,390,10,1710.39,2.0
2025-09-12,paid_social,desktop,274,109,60.0,94.0,1.7,181,6,1120.82,2.19
2025-09-12,paid_social,tablet,69,31,54.4,99.0,4.4,43,1,146.6,1.45
2025-09-12,direct,mobile,314,215,31.3,173.0,3.2,175,12,1673.54,3.82
2025-09-12,direct,desktop,277,188,31.8,224.0,5.1,152,8,1434.84,2.89
2025-09-12,direct,tablet,60,40,33.3,149.0,4.4,33,2,196.35,3.33
2025-09-12,email,mobile,342,247,27.7,82.0,2.4,250,15,2833.25,4.39
2025-09-12,email,desktop,169,130,22.6,62.0,2.0,94,6,1002.66,3.55
2025-09-12,email,tablet,61,43,27.9,126.0,1.6,33,2,327.49,3.28
2025-09-12,referral,mobile,135,57,57.3,168.0,3.5,75,2,197.13,1.48
2025-09-12,referral,desktop,121,58,51.7,61.0,1.7,91,2,428.42,1.65
2025-09-12,referral,tablet,29,16,44.5,141.0,4.2,21,0,0.0,0.0
2025-09-12,organic_social,mobile,121,44,63.4,147.0,3.0,74,1,81.04,0.83
2025-09-12,organic_social,desktop,72,33,53.2,127.0,2.0,39,1,84.26,1.39
2025-09-12,organic_social,tablet,22,9,56.7,130.0,1.7,12,0,0.0,0.0
2025-09-13,organic_search,mobile,614,372,39.3,92.0,3.9,478,18,1686.16,2.93
2025-09-13,organic_search,desktop,341,190,44.2,129.0,3.6,174,7,1030.49,2.05
2025-09-13,organic_search,tablet,149,91,38.7,71.0,4.0,83,3,581.92,2.01
2025-09-13,paid_search,mobile,450,302,32.8,191.0,3.7,335,13,2664.64,2.89
2025-09-13,paid_search,desktop,420,255,39.1,116.0,2.0,280,11,2236.05,2.62
2025-09-13,paid_search,tablet,75,48,34.7,146.0,3.5,48,2,276.85,2.67
2025-09-13,paid_social,mobile,411,156,61.9,180.0,3.7,220,8,1369.19,1.95
2025-09-13,paid_social,desktop,284,133,52.9,142.0,2.8,216,5,893.61,1.76
2025-09-13,paid_social,tablet,92,36,60.3,91.0,2.6,48,2,278.4,2.17
2025-09-13,direct,mobile,375,262,30.1,116.0,1.8,242,10,1049.25,2.67
2025-09-13,direct,desktop,283,195,30.8,73.0,1.4,152,8,1603.95,2.83
2025-09-13,direct,tablet,85,57,32.6,226.0,5.0,63,3,376.22,3.53
2025-09-13,email,mobile,314,227,27.6,182.0,2.1,174,14,3009.71,4.46
2025-09-13,email,desktop,167,122,26.6,68.0,2.1,94,5,536.33,2.99
2025-09-13,email,tablet,51,38,24.2,162.0,1.9,36,1,102.18,1.96
2025-09-13,referral,mobile,145,79,45.4,230.0,1.9,75,3,464.1,2.07
2025-09-13,referral,desktop,91,39,56.5,109.0,3.9,62,1,127.19,1.1
2025-09-13,referral,tablet,31,14,52.9,194.0,1.7,19,0,0.0,0.0
2025-09-13,organic_social,mobile,103,49,51.7,218.0,4.5,81,1,158.75,0.97
2025-09-13,organic_social,desktop,110,36,66.8,191.0,4.7,86,1,182.85,0.91
2025-09-13,organic_social,tablet,24,7,66.8,172.0,4.2,17,0,0.0,0.0
2025-09-14,organic_search,mobile,822,460,44.0,134.0,5.1,612,20,2307.67,2.43
2025-09-14,organic_search,desktop,401,213,46.8,123.0,2.0,267,8,872.0,2.0
2025-09-14,organic_search,tablet,119,71,40.1,219.0,4.1,67,3,542.82,2.52
2025-09-14,paid_search,mobile,603,341,43.4,178.0,1.4,341,23,3237.09,3.81
2025-09-14,paid_search,desktop,328,206,37.0,138.0,2.9,176,12,2621.65,3.66
2025-09-14,paid_search,tablet,84,55,33.9,54.0,4.9,60,2,369.25,2.38
2025-09-14,paid_social,mobile,455,202,55.4,179.0,2.7,263,6,1134.34,1.32
2025-09-14,paid_social,desktop,330,158,52.1,218.0,2.6,170,6,1078.61,1.82
2025-09-14,paid_social,tablet,110,58,46.9,121.0,2.0,77,1,116.01,0.91
2025-09-14,direct,mobile,427,302,29.1,227.0,3.2,292,16,1466.91,3.75
2025-09-14,direct,desktop,227,149,34.2,81.0,2.5,166,7,742.22,3.08
2025-09-14,direct,tablet,66,48,26.2,244.0,2.9,39,2,220.01,3.03
2025-09-14,email,mobile,266,208,21.5,127.0,5.3,142,11,2399.64,4.14
2025-09-14,email,desktop,184,142,22.5,240.0,4.3,129,9,1633.36,4.89
2025-09-14,email,tablet,50,37,25.3,143.0,4.3,39,2,320.37,4.0
2025-09-14,referral,mobile,239,125,47.4,88.0,1.8,153,4,856.19,1.67
2025-09-14,referral,desktop,118,58,50.7,189.0,2.6,91,1,108.89,0.85
2025-09-14,referral,tablet,36,20,42.8,117.0,4.9,27,0,0.0,0.0
2025-09-14,organic_social,mobile,152,74,51.2,181.0,4.5,86,1,104.95,0.66
2025-09-14,organic_social,desktop,65,26,58.7,167.0,3.9,49,0,0.0,0.0
2025-09-14,organic_social,tablet,32,10,68.6,164.0,3.7,23,0,0.0,0.0
2025-09-15,organic_search,mobile,453,244,46.1,114.0,4.0,267,9,996.58,1.99
2025-09-15,organic_search,desktop,294,149,49.0,79.0,3.0,209,9,1778.39,3.06
2025-09-15,organic_search,tablet,105,59,43.6,174.0,1.6,72,2,321.65,1.9
2025-09-15,paid_search,mobile,415,279,32.7,122.0,4.4,246,9,971.22,2.17
2025-09-15,paid_search,desktop,303,187,38.0,189.0,1.5,218,8,1510.23,2.64
2025-09-15,paid_search,tablet,82,52,36.6,164.0,2.0,43,2,202.44,2.44
2025-09-15,paid_social,mobile,304,155,48.8,209.0,4.1,223,4,814.64,1.32
2025-09-15,paid_social,desktop,216,95,55.7,171.0,2.8,130,4,593.91,1.85
2025-09-15,paid_social,tablet,81,38,52.2,135.0,3.6,49,1,95.14,1.23
2025-09-15,direct,mobile,336,236,29.5,227.0,4.4,214,11,1530.88,3.27
2025-09-15,direct,desktop,213,142,32.9,86.0,3.8,129,7,1387.43,3.29
2025-09-15,direct,tablet,42,27,33.5,153.0,3.5,28,1,155.67,2.38
2025-09-15,email,mobile,252,180,28.4,158.0,4.3,166,11,1458.97,4.37
2025-09-15,email,desktop,112,83,25.8,67.0,5.4,82,5,474.58,4.46
2025-09-15,email,tablet,35,27,21.5,184.0,4.7,24,1,191.19,2.86
2025-09-15,referral,mobile,159,69,56.1,178.0,2.3,108,3,461.83,1.89
2025-09-15,referral,desktop,83,47,43.3,150.0,1.8,55,1,95.89,1.2
2025-09-15,referral,tablet,29,13,52.0,176.0,4.3,16,0,0.0,0.0
2025-09-15,organic_social,mobile,125,40,67.9,50.0,1.7,96,1,215.98,0.8
2025-09-15,organic_social,desktop,47,18,61.6,106.0,1.9,31,0,0.0,0.0
2025-09-15,organic_social,tablet,15,6,58.3,153.0,3.1,8,0,0.0,0.0
2025-09-16,organic_search,mobile,498,275,44.6,142.0,2.6,279,10,1642.14,2.01
2025-09-16,organic_search,desktop,257,128,50.1,152.0,5.0,164,8,1557.2,3.11
2025-09-16,organic_search,tablet,68,38,43.3,103.0,3.1,53,1,176.82,1.47
2025-09-16,paid_search,mobile,534,328,38.4,218.0,2.3,277,14,1981.33,2.62
2025-09-16,paid_search,desktop,312,192,38.3,55.0,4.5,173,12,2111.36,3.85
2025-09-16,paid_search,tablet,58,35,38.7,162.0,4.3,37,1,122.24,1.72
2025-09-16,paid_social,mobile,435,201,53.7,99.0,2.6,284,7,1093.52,1.61
2025-09-16,paid_social,desktop,290,128,55.8,133.0,2.7,205,3,547.01,1.03
2025-09-16,paid_social,tablet,54,21,59.7,185.0,1.9,37,1,105.95,1.85
2025-09-16,direct,mobile,284,192,32.3,145.0,4.3,194,7,804.83,2.46
2025-09-16,direct,desktop,250,173,30.5,66.0,1.8,163,7,985.0,2.8
2025-09-16,direct,tablet,72,52,27.7,58.0,2.1,49,2,262.65,2.78
2025-09-16,email,mobile,172,124,27.6,213.0,2.0,135,6,669.51,3.49
2025-09-16,email,desktop,110,79,27.4,80.0,2.2,61,4,733.91,3.64
2025-09-16,email,tablet,29,22,23.2,118.0,2.9,20,1,184.66,3.45
2025-09-16,referral,mobile,172,87,48.9,225.0,3.9,124,3,479.02,1.74
2025-09-16,referral,desktop,110,60,44.6,75.0,2.7,77,2,297.62,1.82
2025-09-16,referral,tablet,22,11,49.7,111.0,4.1,14,0,0.0,0.0
2025-09-16,organic_social,mobile,111,46,58.3,110.0,1.3,83,1,147.77,0.9
2025-09-16,organic_social,desktop,83,32,60.5,44.0,1.7,48,0,0.0,0.0
2025-09-16,organic_social,tablet,14,6,51.8,150.0,3.3,8,0,0.0,0.0
2025-09-17,organic_search,mobile,748,429,42.6,219.0,5.0,457,18,2399.51,2.41
2025-09-17,organic_search,desktop,371,192,48.2,145.0,5.1,228,8,1178.61,2.16
2025-09-17,organic_search,tablet,118,71,39.2,167.0,2.3,92,3,320.24,2.54
2025-09-17,paid_search,mobile,411,234,42.9,140.0,1.5,229,13,2745.58,3.16
2025-09-17,paid_search,desktop,318,181,43.0,130.0,3.1,221,11,1806.52,3.46
2025-09-17,paid_search,tablet,113,70,37.7,149.0,3.9,83,4,613.69,3.54
2025-09-17,paid_social,mobile,523,198,62.0,118.0,3.5,340,11,2065.63,2.1
2025-09-17,paid_social,desktop,221,93,57.7,72.0,3.0,110,4,610.59,1.81
2025-09-17,paid_social,tablet,102,43,57.8,110.0,2.3,79,2,281.51,1.96
2025-09-17,direct,mobile,380,264,30.5,251.0,3.7,236,12,2070.15,3.16
2025-09-17,direct,desktop,279,207,25.8,165.0,3.0,210,12,1242.71,4.3
2025-09-17,direct,tablet,95,70,26.1,147.0,4.0,58,2,397.81,2.11
2025-09-17,email,mobile,280,214,23.3,198.0,3.9,151,12,1687.37,4.29
2025-09-17,email,desktop,142,111,21.4,71.0,4.3,101,5,591.04,3.52
2025-09-17,email,tablet,54,41,23.0,55.0,5.5,38,2,266.33,3.7
2025-09-17,referral,mobile,162,85,47.1,63.0,4.5,114,4,462.77,2.47
2025-09-17,referral,desktop,125,61,50.8,192.0,2.2,86,2,415.02,1.6
2025-09-17,referral,tablet,38,17,54.8,60.0,1.6,26,0,0.0,0.0
2025-09-17,organic_social,mobile,172,66,61.5,206.0,4.7,117,2,395.15,1.16
2025-09-17,organic_social,desktop,113,40,64.0,89.0,3.3,80,1,93.67,0.88
2025-09-17,organic_social,tablet,20,6,65.6,127.0,2.4,15,0,0.0,0.0
2025-09-18,organic_search,mobile,787,481,38.8,159.0,2.4,397,19,3709.35,2.41
2025-09-18,organic_search,desktop,365,195,46.5,59.0,2.8,233,7,571.13,1.92
2025-09-18,organic_search,tablet,144,78,45.6,111.0,3.3,72,4,403.9,2.78
2025-09-18,paid_search,mobile,702,401,42.8,73.0,4.8,411,24,2637.13,3.42
2025-09-18,paid_search,desktop,324,204,36.8,162.0,4.9,183,8,1451.52,2.47
2025-09-18,paid_search,tablet,90,55,37.9,165.0,3.0,52,2,434.86,2.22
2025-09-18,paid_social,mobile,517,228,55.8,131.0,2.1,282,9,1909.16,1.74
2025-09-18,paid_social,desktop,392,144,63.2,110.0,4.4,236,7,1272.59,1.79
2025-09-18,paid_social,tablet,64,33,47.4,223.0,2.9,50,1,138.92,1.56
2025-09-18,direct,mobile,405,275,32.0,116.0,4.1,230,12,1882.13,2.96
2025-09-18,direct,desktop,240,165,31.2,128.0,3.9,143,7,833.57,2.92
2025-09-18,direct,tablet,72,53,25.7,225.0,3.7,45,2,387.3,2.78
2025-09-18,email,mobile,223,164,26.2,180.0,5.3,120,9,1261.58,4.04
2025-09-18,email,desktop,223,166,25.5,247.0,3.0,142,11,2410.36,4.93
2025-09-18,email,tablet,53,39,26.0,225.0,1.9,42,1,212.69,1.89
2025-09-18,referral,mobile,249,129,47.8,75.0,4.6,166,6,698.96,2.41
2025-09-18,referral,desktop,90,40,55.0,135.0,3.0,66,1,103.65,1.11
2025-09-18,referral,tablet,34,16,52.5,52.0,2.5,23,0,0.0,0.0
2025-09-18,organic_social,mobile,97,43,55.5,173.0,3.3,66,0,0.0,0.0
2025-09-18,organic_social,desktop,110,44,59.2,147.0,4.1,82,1,128.14,0.91
2025-09-18,organic_social,tablet,20,8,55.6,137.0,4.3,10,0,0.0,0.0
2025-09-19,organic_search,mobile,649,337,48.1,166.0,5.0,446,18,2041.72,2.77
2025-09-19,organic_search,desktop,392,214,45.2,203.0,1.8,244,8,1235.58,2.04
2025-09-19,organic_search,tablet,135,74,44.5,210.0,5.1,82,3,307.79,2.22
2025-09-19,paid_search,mobile,422,238,43.6,92.0,1.5,226,12,1786.83,2.84
2025-09-19,paid_search,desktop,294,165,43.6,107.0,1.9,189,11,1527.66,3.74
2025-09-19,paid_search,tablet,124,69,43.6,77.0,1.9,68,4,356.81,3.23
2025-09-19,paid_social,mobile,383,197,48.3,72.0,3.3,214,6,612.67,1.57
2025-09-19,paid_social,desktop,221,92,58.2,194.0,4.7,122,3,549.57,1.36
2025-09-19,paid_social,tablet,99,51,48.0,83.0,4.3,76,1,139.74,1.01
2025-09-19,direct,mobile,352,254,27.7,63.0,1.6,194,10,1761.7,2.84
2025-09-19,direct,desktop,269,194,27.8,149.0,1.6,191,12,1623.92,4.46
2025-09-19,direct,tablet,87,62,28.5,216.0,3.6,53,3,335.63,3.45
2025-09-19,email,mobile,311,230,25.9,230.0,3.2,197,13,1424.05,4.18
2025-09-19,email,desktop,143,102,28.2,253.0,2.9,72,6,868.76,4.2
2025-09-19,email,tablet,41,29,26.8,147.0,3.3,26,1,101.82,2.44
2025-09-19,referral,mobile,160,87,45.0,106.0,2.1,122,3,493.64,1.88
2025-09-19,referral,desktop,95,46,51.3,55.0,2.4,75,2,399.92,2.11
2025-09-19,referral,tablet,36,18,48.8,79.0,4.3,20,0,0.0,0.0
2025-09-19,organic_social,mobile,114,49,56.7,48.0,3.2,66,1,138.85,0.88
2025-09-19,organic_social,desktop,85,28,66.9,191.0,4.0,49,0,0.0,0.0
2025-09-19,organic_social,tablet,19,6,67.8,92.0,1.6,10,0,0.0,0.0
2025-09-20,organic_search,mobile,597,338,43.2,218.0,1.8,341,19,2946.73,3.18
2025-09-20,organic_search,desktop,348,197,43.3,159.0,4.9,226,10,1211.62,2.87
2025-09-20,organic_search,tablet,127,68,45.7,203.0,2.8,79,2,277.15,1.57
2025-09-20,paid_search,mobile,423,264,37.6,240.0,4.9,290,10,1174.13,2.36
2025-09-20,paid_search,desktop,394,256,35.0,227.0,4.7,266,9,1414.24,2.28
2025-09-20,paid_search,tablet,129,83,35.1,242.0,2.4,78,4,478.85,3.1
2025-09-20,paid_social,mobile,487,233,52.1,189.0,4.2,308,7,1021.05,1.44
2025-09-20,paid_social,desktop,279,142,48.9,57.0,4.2,213,6,1224.15,2.15
2025-09-20,paid_social,tablet,102,48,52.4,140.0,4.6,71,1,122.08,0.98
2025-09-20,direct,mobile,402,268,33.2,137.0,3.8,321,9,1065.87,2.24
2025-09-20,direct,desktop,284,201,28.9,177.0,2.8,200,11,2395.59,3.87
2025-09-20,direct,tablet,73,50,30.3,115.0,4.0,48,3,423.37,4.11
2025-09-20,email,mobile,258,197,23.5,110.0,5.0,199,10,1028.84,3.88
2025-09-20,email,desktop,163,118,27.5,175.0,4.2,93,5,551.39,3.07
2025-09-20,email,tablet,63,46,25.9,174.0,2.8,47,3,284.46,4.76
2025-09-20,referral,mobile,136,62,54.0,125.0,1.9,101,2,409.21,1.47
2025-09-20,referral,desktop,122,69,43.4,181.0,3.0,80,1,115.5,0.82
2025-09-20,referral,tablet,27,12,53.3,146.0,4.2,13,0,0.0,0.0
2025-09-20,organic_social,mobile,100,47,52.7,157.0,1.4,72,1,199.75,1.0
2025-09-20,organic_social,desktop,106,34,67.5,113.0,3.0,68,1,142.79,0.94
2025-09-20,organic_social,tablet,25,11,52.5,50.0,1.4,19,0,0.0,0.0
2025-09-21,organic_search,mobile,891,514,42.3,218.0,2.7,577,17,1405.06,1.91
2025-09-21,organic_search,desktop,404,199,50.5,122.0,2.1,274,12,2465.69,2.97
2025-09-21,organic_search,tablet,103,59,42.6,130.0,2.6,69,3,605.86,2.91
2025-09-21,paid_search,mobile,636,416,34.5,171.0,3.6,380,25,2656.39,3.93
2025-09-21,paid_search,desktop,362,208,42.3,59.0,3.4,212,10,2039.35,2.76
2025-09-21,paid_search,tablet,125,83,32.8,199.0,2.0,97,2,386.68,1.6
2025-09-21,paid_social,mobile,606,298,50.8,145.0,4.3,417,12,1679.93,1.98
2025-09-21,paid_social,desktop,238,102,56.8,110.0,1.6,126,3,427.23,1.26
2025-09-21,paid_social,tablet,105,45,56.3,76.0,4.4,62,2,426.39,1.9
2025-09-21,direct,mobile,331,233,29.6,184.0,2.6,219,10,1511.95,3.02
2025-09-21,direct,desktop,282,194,31.0,118.0,1.7,182,12,2049.63,4.26
2025-09-21,direct,tablet,78,54,30.5,246.0,3.9,44,2,265.1,2.56
2025-09-21,email,mobile,193,143,25.5,150.0,5.4,125,9,857.95,4.66
2025-09-21,email,desktop,212,164,22.3,59.0,3.6,131,8,1035.81,3.77
2025-09-21,email,tablet,53,39,25.3,145.0,5.4,30,2,188.31,3.77
2025-09-21,referral,mobile,179,80,55.1,137.0,4.5,126,3,240.86,1.68
2025-09-21,referral,desktop,141,80,43.1,76.0,4.3,80,2,323.85,1.42
2025-09-21,referral,tablet,31,17,43.1,53.0,1.8,19,0,0.0,0.0
2025-09-21,organic_social,mobile,124,41,66.5,106.0,3.4,95,1,138.13,0.81
2025-09-21,organic_social,desktop,96,32,66.1,153.0,2.3,73,0,0.0,0.0
2025-09-21,organic_social,tablet,27,10,59.4,97.0,4.1,20,0,0.0,0.0
2025-09-22,organic_search,mobile,608,315,48.1,66.0,4.8,342,15,1598.15,2.47
2025-09-22,organic_search,desktop,277,144,48.0,59.0,3.2,206,7,960.02,2.53
2025-09-22,organic_search,tablet,115,60,47.0,85.0,4.2,75,3,249.99,2.61
2025-09-22,paid_search,mobile,434,253,41.5,233.0,2.3,261,15,2081.79,3.46
2025-09-22,paid_search,desktop,288,187,34.9,116.0,1.6,192,8,1414.29,2.78
2025-09-22,paid_search,tablet,87,51,40.8,86.0,4.2,44,2,374.27,2.3
2025-09-22,paid_social,mobile,424,222,47.6,197.0,2.6,336,8,1631.12,1.89
2025-09-22,paid_social,desktop,238,111,53.0,76.0,1.9,131,4,490.76,1.68
2025-09-22,paid_social,tablet,56,21,61.4,92.0,4.9,40,0,0.0,0.0
2025-09-22,direct,mobile,310,227,26.6,243.0,3.4,205,10,1695.53,3.23
2025-09-22,direct,desktop,204,134,34.1,136.0,4.3,131,6,1202.86,2.94
2025-09-22,direct,tablet,58,41,28.5,176.0,2.9,43,1,153.55,1.72
2025-09-22,email,mobile,233,175,24.6,178.0,3.6,152,11,890.28,4.72
2025-09-22,email,desktop,139,101,27.3,54.0,2.4,110,4,403.35,2.88
2025-09-22,email,tablet,34,25,25.6,88.0,4.7,22,1,167.82,2.94
2025-09-22,referral,mobile,187,86,53.8,76.0,4.1,121,4,818.84,2.14
2025-09-22,referral,desktop,71,34,51.0,109.0,4.4,50,1,186.68,1.41
2025-09-22,referral,tablet,32,17,45.3,89.0,4.3,18,0,0.0,0.0
2025-09-22,organic_social,mobile,122,48,60.3,180.0,1.7,68,1,131.75,0.82
2025-09-22,organic_social,desktop,49,15,68.1,87.0,2.9,27,0,0.0,0.0
2025-09-22,organic_social,tablet,23,10,55.7,119.0,4.3,14,0,0.0,0.0
2025-09-23,organic_search,mobile,443,247,44.1,125.0,1.8,346,10,1213.23,2.26
2025-09-23,organic_search,desktop,355,209,40.9,162.0,4.9,259,10,1172.92,2.82
2025-09-23,organic_search,tablet,72,39,45.6,65.0,1.9,56,2,216.57,2.78
2025-09-23,paid_search,mobile,497,287,42.1,140.0,4.6,311,13,2055.99,2.62
2025-09-23,paid_search,desktop,268,163,38.9,144.0,3.3,137,7,593.26,2.61
2025-09-23,paid_search,tablet,74,45,38.1,230.0,2.1,43,1,100.16,1.35
2025-09-23,paid_social,mobile,326,138,57.6,112.0,4.1,199,6,1246.69,1.84
2025-09-23,paid_social,desktop,199,76,61.5,192.0,4.7,126,3,404.01,1.51
2025-09-23,paid_social,tablet,48,25,47.3,206.0,4.8,35,0,0.0,0.0
2025-09-23,direct,mobile,378,252,33.1,129.0,2.6,206,15,1887.68,3.97
2025-09-23,direct,desktop,177,117,33.7,182.0,5.3,99,7,707.47,3.95
2025-09-23,direct,tablet,67,48,28.2,64.0,3.2,43,2,416.55,2.99
2025-09-23,email,mobile,255,189,25.6,156.0,1.5,203,13,1618.54,5.1
2025-09-23,email,desktop,110,78,28.2,138.0,2.7,86,4,412.51,3.64
2025-09-23,email,tablet,43,33,22.8,176.0,5.2,22,1,173.79,2.33
2025-09-23,referral,mobile,104,50,51.7,82.0,2.0,78,2,386.65,1.92
2025-09-23,referral,desktop,82,39,52.4,214.0,4.9,53,1,192.14,1.22
2025-09-23,referral,tablet,22,12,44.6,128.0,3.2,14,0,0.0,0.0
2025-09-23,organic_social,mobile,121,41,66.0,103.0,2.1,96,1,208.55,0.83
2025-09-23,organic_social,desktop,50,21,56.8,202.0,2.1,31,0,0.0,0.0
2025-09-23,organic_social,tablet,13,5,59.2,163.0,3.9,8,0,0.0,0.0
2025-09-24,organic_search,mobile,486,291,40.0,90.0,3.4,261,10,823.04,2.06
2025-09-24,organic_search,desktop,533,324,39.1,167.0,3.2,334,15,2137.21,2.81
2025-09-24,organic_search,tablet,138,80,41.3,77.0,1.7,93,3,579.09,2.17
2025-09-24,paid_search,mobile,702,440,37.2,95.0,3.3,444,26,3791.66,3.7
2025-09-24,paid_search,desktop,297,189,36.3,109.0,5.0,149,8,1602.41,2.69
2025-09-24,paid_search,tablet,77,51,32.6,166.0,4.5,49,2,194.87,2.6
2025-09-24,paid_social,mobile,375,147,60.6,170.0,1.3,257,5,466.1,1.33
2025-09-24,paid_social,desktop,299,137,53.9,174.0,3.9,229,6,519.22,2.01
2025-09-24,paid_social,tablet,94,47,49.4,175.0,1.4,54,1,141.88,1.06
2025-09-24,direct,mobile,479,346,27.6,141.0,4.6,278,15,2768.52,3.13
2025-09-24,direct,desktop,334,246,26.3,228.0,1.9,225,13,1175.02,3.89
2025-09-24,direct,tablet,67,46,30.9,196.0,2.8,42,1,203.39,1.49
2025-09-24,email,mobile,295,218,25.9,218.0,3.3,218,13,1321.97,4.41
2025-09-24,email,desktop,219,170,22.0,82.0,2.5,112,8,1234.69,3.65
2025-09-24,email,tablet,55,41,25.0,138.0,2.8,27,1,122.51,1.82
2025-09-24,referral,mobile,167,93,43.7,119.0,4.9,89,2,258.9,1.2
2025-09-24,referral,desktop,137,73,46.5,135.0,4.2,69,2,280.61,1.46
2025-09-24,referral,tablet,31,16,47.6,177.0,4.7,18,0,0.0,0.0
2025-09-24,organic_social,mobile,150,46,68.9,168.0,1.2,101,1,118.73,0.67
2025-09-24,organic_social,desktop,86,30,64.0,157.0,3.2,68,1,152.26,1.16
2025-09-24,organic_social,tablet,27,9,65.5,113.0,2.5,21,0,0.0,0.0
2025-09-25,organic_search,mobile,636,361,43.2,109.0,4.6,349,16,3182.76,2.52
2025-09-25,organic_search,desktop,351,195,44.3,49.0,2.4,275,7,1034.68,1.99
2025-09-25,organic_search,tablet,153,93,38.6,207.0,2.4,101,4,568.57,2.61
2025-09-25,paid_search,mobile,710,454,36.0,80.0,2.3,382,27,5476.0,3.8
2025-09-25,paid_search,desktop,305,188,38.3,240.0,2.9,206,12,1626.26,3.93
2025-09-25,paid_search,tablet,127,77,39.2,153.0,1.7,78,3,460.72,2.36
2025-09-25,paid_social,mobile,502,202,59.6,88.0,3.9,367,6,1163.67,1.2
2025-09-25,paid_social,desktop,382,143,62.5,161.0,3.8,250,8,1349.17,2.09
2025-09-25,paid_social,tablet,104,47,54.2,129.0,3.2,72,2,368.26,1.92
2025-09-25,direct,mobile,371,257,30.5,191.0,1.5,199,16,1976.74,4.31
2025-09-25,direct,desktop,323,214,33.6,132.0,3.8,246,11,1799.32,3.41
2025-09-25,direct,tablet,59,41,30.0,92.0,3.5,40,2,179.88,3.39
2025-09-25,email,mobile,309,239,22.6,121.0,1.7,165,13,1664.95,4.21
2025-09-25,email,desktop,206,155,24.7,220.0,5.5,119,9,1750.18,4.37
2025-09-25,email,tablet,37,27,25.2,167.0,3.1,25,1,108.31,2.7
2025-09-25,referral,mobile,185,78,57.3,106.0,4.1,121,4,752.86,2.16
2025-09-25,referral,desktop,148,67,54.2,144.0,4.6,101,3,341.28,2.03
2025-09-25,referral,tablet,41,20,50.5,198.0,3.1,28,0,0.0,0.0
2025-09-25,organic_social,mobile,100,41,58.9,134.0,3.2,73,0,0.0,0.0
2025-09-25,organic_social,desktop,86,27,68.0,162.0,3.5,47,0,0.0,0.0
2025-09-25,organic_social,tablet,25,11,52.4,61.0,1.8,19,0,0.0,0.0
2025-09-26,organic_search,mobile,765,402,47.4,157.0,4.2,542,23,4086.92,3.01
2025-09-26,organic_search,desktop,463,279,39.7,168.0,3.4,307,8,824.67,1.73
2025-09-26,organic_search,tablet,116,58,49.4,81.0,3.4,64,3,261.61,2.59
2025-09-26,paid_search,mobile,431,291,32.4,135.0,3.9,247,17,1910.57,3.94
2025-09-26,paid_search,desktop,415,252,39.1,188.0,1.5,247,14,1421.21,3.37
2025-09-26,paid_search,tablet,95,63,33.4,77.0,2.5,64,3,383.19,3.16
2025-09-26,paid_social,mobile,413,187,54.5,177.0,3.9,266,8,1324.7,1.94
2025-09-26,paid_social,desktop,318,155,51.1,191.0,1.8,232,7,1443.89,2.2
2025-09-26,paid_social,tablet,113,43,61.8,83.0,3.4,66,2,348.7,1.77
2025-09-26,direct,mobile,486,354,27.0,175.0,3.8,323,14,1639.58,2.88
2025-09-26,direct,desktop,206,144,29.7,149.0,2.4,164,9,1902.17,4.37
2025-09-26,direct,tablet,62,41,33.1,74.0,2.6,42,1,207.39,1.61
2025-09-26,email,mobile,208,157,24.2,54.0,4.1,129,8,1212.57,3.85
2025-09-26,email,desktop,147,113,22.8,197.0,1.4,116,7,840.58,4.76
2025-09-26,email,tablet,37,28,24.3,241.0,5.4,26,1,167.4,2.7
2025-09-26,referral,mobile,208,116,44.0,118.0,1.9,153,4,424.71,1.92
2025-09-26,referral,desktop,123,68,44.2,141.0,2.3,89,2,252.23,1.63
2025-09-26,referral,tablet,24,13,44.6,54.0,3.9,13,0,0.0,0.0
2025-09-26,organic_social,mobile,108,52,51.4,151.0,4.6,71,1,185.33,0.93
2025-09-26,organic_social,desktop,61,20,66.4,71.0,4.8,48,0,0.0,0.0
2025-09-26,organic_social,tablet,30,11,61.5,128.0,4.5,18,0,0.0,0.0
2025-09-27,organic_search,mobile,685,384,43.9,182.0,4.4,489,19,1783.33,2.77
2025-09-27,organic_search,desktop,483,272,43.5,177.0,2.1,322,11,1206.24,2.28
2025-09-27,organic_search,tablet,143,84,40.7,171.0,2.6,79,3,424.41,2.1
2025-09-27,paid_search,mobile,436,282,35.3,238.0,5.4,331,13,1209.16,2.98
2025-09-27,paid_search,desktop,418,262,37.2,53.0,2.0,277,12,1687.2,2.87
2025-09-27,paid_search,tablet,125,71,42.9,98.0,2.9,99,4,591.54,3.2
2025-09-27,paid_social,mobile,601,271,54.7,114.0,3.1,384,13,2400.48,2.16
2025-09-27,paid_social,desktop,223,106,52.1,149.0,2.8,118,2,407.78,0.9
2025-09-27,paid_social,tablet,65,31,51.0,108.0,3.1,45,1,163.83,1.54
2025-09-27,direct,mobile,299,208,30.2,117.0,2.1,220,9,1705.36,3.01
2025-09-27,direct,desktop,304,213,29.7,141.0,2.0,185,8,1169.72,2.63
2025-09-27,direct,tablet,89,62,30.0,203.0,3.6,51,2,407.67,2.25
2025-09-27,email,mobile,208,152,26.8,195.0,2.0,132,9,1752.75,4.33
2025-09-27,email,desktop,155,112,27.7,165.0,4.0,107,5,746.73,3.23
2025-09-27,email,tablet,54,41,23.9,164.0,4.0,39,2,176.36,3.7
2025-09-27,referral,mobile,151,72,51.8,129.0,1.8,86,2,273.07,1.32
2025-09-27,referral,desktop,90,38,57.1,63.0,3.8,68,1,168.72,1.11
2025-09-27,referral,tablet,34,16,52.8,63.0,4.4,22,0,0.0,0.0
2025-09-27,organic_social,mobile,114,46,58.9,68.0,3.5,74,1,169.95,0.88
2025-09-27,organic_social,desktop,95,33,65.1,137.0,4.0,65,1,137.25,1.05
2025-09-27,organic_social,tablet,17,5,68.8,182.0,2.0,12,0,0.0,0.0
2025-09-28,organic_search,mobile,677,379,43.9,166.0,3.2,383,13,1877.71,1.92
2025-09-28,organic_search,desktop,434,216,50.0,133.0,3.6,286,12,1282.19,2.76
2025-09-28,organic_search,tablet,137,71,47.5,127.0,1.7,99,3,341.61,2.19
2025-09-28,paid_search,mobile,640,364,43.1,150.0,4.1,479,25,2445.6,3.91
2025-09-28,paid_search,desktop,307,173,43.6,126.0,2.0,204,9,1302.49,2.93
2025-09-28,paid_search,tablet,77,44,41.9,201.0,2.5,39,1,199.35,1.3
2025-09-28,paid_social,mobile,609,243,60.0,127.0,4.7,324,11,964.75,1.81
2025-09-28,paid_social,desktop,316,126,60.0,192.0,3.2,240,6,811.35,1.9
2025-09-28,paid_social,tablet,96,46,51.9,99.0,2.1,76,2,406.3,2.08
2025-09-28,direct,mobile,405,265,34.5,51.0,2.6,273,12,1130.26,2.96
2025-09-28,direct,desktop,222,153,30.7,121.0,5.3,146,5,1079.35,2.25
2025-09-28,direct,tablet,73,53,26.3,118.0,2.2,39,1,151.92,1.37
2025-09-28,email,mobile,284,217,23.5,55.0,5.3,143,14,1296.2,4.93
2025-09-28,email,desktop,212,152,27.9,180.0,2.9,167,11,1641.97,5.19
2025-09-28,email,tablet,56,41,26.7,168.0,1.7,35,2,244.33,3.57
2025-09-28,referral,mobile,196,90,53.8,49.0,3.9,143,4,538.41,2.04
2025-09-28,referral,desktop,148,80,45.5,187.0,3.3,109,2,288.91,1.35
2025-09-28,referral,tablet,26,14,43.3,188.0,2.7,18,0,0.0,0.0
2025-09-28,organic_social,mobile,164,65,60.0,92.0,4.9,90,2,202.63,1.22
2025-09-28,organic_social,desktop,109,35,67.6,121.0,1.4,65,1,86.86,0.92
2025-09-28,organic_social,tablet,17,8,51.8,184.0,2.8,10,0,0.0,0.0
2025-09-29,organic_search,mobile,668,391,41.4,113.0,3.2,473,12,1398.79,1.8
2025-09-29,organic_search,desktop,358,190,46.7,78.0,2.7,251,11,1774.16,3.07
2025-09-29,organic_search,tablet,95,51,46.1,129.0,1.4,59,2,240.7,2.11
2025-09-29,paid_search,mobile,410,274,33.0,123.0,3.4,226,9,731.4,2.2
2025-09-29,paid_search,desktop,324,197,38.9,64.0,3.3,236,10,892.08,3.09
2025-09-29,paid_search,tablet,90,55,38.5,109.0,5.2,71,3,498.06,3.33
2025-09-29,paid_social,mobile,399,187,53.0,151.0,4.2,199,8,836.37,2.01
2025-09-29,paid_social,desktop,226,110,51.1,76.0,2.0,178,4,837.21,1.77
2025-09-29,paid_social,tablet,67,34,48.4,124.0,4.9,45,0,0.0,0.0
2025-09-29,direct,mobile,350,251,28.0,86.0,4.3,182,9,1710.57,2.57
2025-09-29,direct,desktop,205,138,32.3,169.0,4.6,118,5,671.88,2.44
2025-09-29,direct,tablet,66,45,31.3,193.0,4.3,45,2,243.88,3.03
2025-09-29,email,mobile,199,156,21.4,105.0,2.3,151,8,1325.65,4.02
2025-09-29,email,desktop,106,81,22.8,147.0,3.6,82,4,498.71,3.77
2025-09-29,email,tablet,32,25,21.6,215.0,5.5,16,1,87.23,3.12
2025-09-29,referral,mobile,125,55,55.3,203.0,3.4,99,3,330.84,2.4
2025-09-29,referral,desktop,65,29,54.3,209.0,2.5,39,0,0.0,0.0
2025-09-29,referral,tablet,22,11,49.0,170.0,3.7,11,0,0.0,0.0
2025-09-29,organic_social,mobile,111,50,54.5,120.0,2.8,69,1,162.26,0.9
2025-09-29,organic_social,desktop,55,18,65.5,70.0,2.9,34,0,0.0,0.0
2025-09-29,organic_social,tablet,17,6,59.0,75.0,3.2,10,0,0.0,0.0
2025-09-30,organic_search,mobile,583,305,47.6,189.0,2.6,360,16,3263.15,2.74
2025-09-30,organic_search,desktop,400,202,49.4,69.0,2.5,235,12,2368.91,3.0
2025-09-30,organic_search,tablet,86,49,42.2,85.0,2.0,48,2,356.23,2.33
2025-09-30,paid_search,mobile,366,219,40.1,56.0,3.2,231,10,1393.9,2.73
2025-09-30,paid_search,desktop,291,190,34.6,173.0,2.8,150,10,1804.91,3.44
2025-09-30,paid_search,tablet,63,35,42.9,108.0,1.3,37,2,215.21,3.17
2025-09-30,paid_social,mobile,438,191,56.2,81.0,3.3,318,9,1931.48,2.05
2025-09-30,paid_social,desktop,253,123,51.0,47.0,3.2,139,5,872.06,1.98
2025-09-30,paid_social,tablet,76,39,47.8,208.0,4.7,56,1,123.89,1.32
2025-09-30,direct,mobile,355,233,34.1,184.0,4.2,222,10,1947.93,2.82
2025-09-30,direct,desktop,214,154,27.6,193.0,4.2,122,7,1511.28,3.27
2025-09-30,direct,tablet,67,44,33.8,183.0,4.9,44,1,143.34,1.49
2025-09-30,email,mobile,196,153,21.5,266.0,3.9,110,8,1008.83,4.08
2025-09-30,email,desktop,170,126,25.7,209.0,5.3,103,8,1725.29,4.71
2025-09-30,email,tablet,27,19,28.5,165.0,4.5,13,1,187.98,3.7
2025-09-30,referral,mobile,106,46,56.3,201.0,5.0,72,2,244.25,1.89
2025-09-30,referral,desktop,95,41,56.3,182.0,4.0,68,1,168.61,1.05
2025-09-30,referral,tablet,31,16,45.7,63.0,4.5,23,0,0.0,0.0
2025-09-30,organic_social,mobile,83,32,61.2,66.0,2.6,55,0,0.0,0.0
2025-09-30,organic_social,desktop,77,30,60.2,132.0,4.6,43,1,94.15,1.3
2025-09-30,organic_social,tablet,21,9,55.6,157.0,4.5,14,0,0.0,0.0
2025-10-01,organic_search,mobile,601,345,42.5,219.0,3.4,392,15,2308.94,2.5
2025-10-01,organic_search,desktop,423,253,40.0,136.0,3.5,329,8,1388.05,1.89
2025-10-01,organic_search,tablet,146,82,43.4,78.0,4.8,88,4,865.27,2.74
2025-10-01,paid_search,mobile,627,375,40.0,169.0,2.1,439,22,4507.11,3.51
2025-10-01,paid_search,desktop,316,179,43.2,50.0,4.7,244,8,910.01,2.53
2025-10-01,paid_search,tablet,74,46,37.0,116.0,2.7,44,2,384.08,2.7
2025-10-01,paid_social,mobile,473,201,57.4,109.0,1.3,259,10,1539.45,2.11
2025-10-01,paid_social,desktop,399,195,51.0,150.0,2.8,269,5,520.55,1.25
2025-10-01,paid_social,tablet,115,59,48.0,76.0,3.8,85,1,160.3,0.87
2025-10-01,direct,mobile,468,335,28.4,213.0,5.3,299,19,2877.43,4.06
2025-10-01,direct,desktop,256,184,27.7,206.0,3.4,186,6,1097.46,2.34
2025-10-01,direct,tablet,63,46,25.5,63.0,4.8,44,1,158.18,1.59
2025-10-01,email,mobile,336,247,26.4,126.0,3.8,265,10,1247.99,2.98
2025-10-01,email,desktop,203,156,23.1,176.0,2.0,152,6,1233.54,2.96
2025-10-01,email,tablet,53,38,27.9,168.0,3.5,27,2,305.91,3.77
2025-10-01,referral,mobile,242,103,57.3,214.0,1.3,144,4,778.88,1.65
2025-10-01,referral,desktop,127,65,48.4,117.0,4.1,93,3,320.56,2.36
2025-10-01,referral,tablet,26,14,45.8,145.0,4.2,19,0,0.0,0.0
2025-10-01,organic_social,mobile,107,42,60.5,130.0,2.1,83,1,205.37,0.93
2025-10-01,organic_social,desktop,110,51,53.3,148.0,3.0,61,1,197.19,0.91
2025-10-01,organic_social,tablet,20,8,55.7,52.0,1.6,10,0,0.0,0.0
2025-10-02,organic_search,mobile,765,460,39.8,103.0,4.1,596,15,3167.36,1.96
2025-10-02,organic_search,desktop,317,175,44.5,226.0,1.5,194,8,1492.06,2.52
2025-10-02,organic_search,tablet,119,57,51.3,69.0,1.4,94,3,632.83,2.52
2025-10-02,paid_search,mobile,494,297,39.8,229.0,4.1,313,12,1889.66,2.43
2025-10-02,paid_search,desktop,438,290,33.7,53.0,1.4,300,13,2082.55,2.97
2025-10-02,paid_search,tablet,109,61,43.5,159.0,4.2,71,3,383.99,2.75
2025-10-02,paid_social,mobile,529,263,50.2,149.0,3.8,265,10,1363.8,1.89
2025-10-02,paid_social,desktop,329,124,62.3,74.0,1.6,248,4,380.83,1.22
2025-10-02,paid_social,tablet,110,49,54.6,132.0,3.3,65,2,244.96,1.82
2025-10-02,direct,mobile,434,290,33.1,235.0,3.9,295,19,2330.62,4.38
2025-10-02,direct,desktop,203,138,31.9,79.0,2.3,139,6,838.2,2.96
2025-10-02,direct,tablet,80,56,29.6,58.0,2.2,47,3,604.21,3.75
2025-10-02,email,mobile,287,211,26.2,145.0,4.7,149,12,2132.17,4.18
2025-10-02,email,desktop,187,146,21.6,181.0,2.3,98,6,531.88,3.21
2025-10-02,email,tablet,58,45,21.3,223.0,3.9,30,2,417.44,3.45
2025-10-02,referral,mobile,226,118,47.5,62.0,4.1,136,3,655.15,1.33
2025-10-02,referral,desktop,147,72,50.7,103.0,4.9,93,3,472.84,2.04
2025-10-02,referral,tablet,42,18,55.1,95.0,3.4,28,0,0.0,0.0
2025-10-02,organic_social,mobile,116,40,65.5,200.0,4.8,88,1,185.57,0.86
2025-10-02,organic_social,desktop,106,36,65.5,58.0,3.3,74,1,105.76,0.94
2025-10-02,organic_social,tablet,23,7,68.1,177.0,3.0,11,0,0.0,0.0
2025-10-03,organic_search,mobile,562,304,45.9,193.0,3.2,359,12,1782.18,2.14
2025-10-03,organic_search,desktop,352,210,40.2,125.0,3.6,187,8,874.75,2.27
2025-10-03,organic_search,tablet,102,51,49.8,133.0,3.9,64,2,368.55,1.96
2025-10-03,paid_search,mobile,427,267,37.3,186.0,1.9,243,14,1615.7,3.28
2025-10-03,paid_search,desktop,397,258,35.0,92.0,3.4,310,13,2324.69,3.27
2025-10-03,paid_search,tablet,105,70,32.7,146.0,1.6,63,2,389.67,1.9
2025-10-03,paid_social,mobile,558,228,59.0,114.0,3.0,350,10,1852.25,1.79
2025-10-03,paid_social,desktop,275,116,57.5,97.0,3.6,165,5,1004.98,1.82
2025-10-03,paid_social,tablet,111,53,52.1,108.0,2.1,57,2,393.32,1.8
2025-10-03,direct,mobile,514,352,31.4,83.0,2.6,309,21,3498.17,4.09
2025-10-03,direct,desktop,251,185,26.0,152.0,1.6,177,9,1060.94,3.59
2025-10-03,direct,tablet,77,51,33.6,231.0,2.5,59,2,428.16,2.6
2025-10-03,email,mobile,240,182,23.8,146.0,1.9,153,12,2283.18,5.0
2025-10-03,email,desktop,211,156,25.7,199.0,5.0,167,6,823.11,2.84
2025-10-03,email,tablet,60,43,27.8,243.0,4.0,38,2,400.79,3.33
2025-10-03,referral,mobile,228,109,51.8,76.0,4.8,180,5,715.99,2.19
2025-10-03,referral,desktop,157,67,56.8,194.0,1.3,86,3,504.16,1.91
2025-10-03,referral,tablet,27,14,45.8,119.0,4.7,15,0,0.0,0.0
2025-10-03,organic_social,mobile,157,49,68.6,57.0,4.2,95,2,172.53,1.27
2025-10-03,organic_social,desktop,82,27,66.9,147.0,3.5,59,1,179.66,1.22
2025-10-03,organic_social,tablet,28,13,52.7,187.0,3.5,22,0,0.0,0.0
2025-10-04,organic_search,mobile,777,427,44.9,163.0,3.7,523,24,5164.96,3.09
2025-10-04,organic_search,desktop,328,168,48.6,81.0,4.4,252,10,1580.63,3.05
2025-10-04,organic_search,tablet,147,86,41.1,78.0,4.0,104,3,432.45,2.04
2025-10-04,paid_search,mobile,710,450,36.6,81.0,5.0,367,25,3738.39,3.52
2025-10-04,paid_search,desktop,253,163,35.3,133.0,3.4,150,10,829.12,3.95
2025-10-04,paid_search,tablet,112,71,36.6,78.0,3.6,74,3,384.48,2.68
2025-10-04,paid_social,mobile,424,200,52.7,158.0,1.7,230,7,1111.22,1.65
2025-10-04,paid_social,desktop,289,134,53.6,213.0,3.5,159,4,682.09,1.38
2025-10-04,paid_social,tablet,80,35,55.7,143.0,3.9,45,1,144.7,1.25
2025-10-04,direct,mobile,405,286,29.2,211.0,4.9,211,10,1642.77,2.47
2025-10-04,direct,desktop,272,178,34.4,56.0,1.6,140,10,1625.68,3.68
2025-10-04,direct,tablet,88,61,30.4,216.0,4.5,64,2,405.11,2.27
2025-10-04,email,mobile,224,161,27.8,236.0,4.3,159,7,1405.94,3.12
2025-10-04,email,desktop,149,113,23.6,125.0,5.1,80,6,960.8,4.03
2025-10-04,email,tablet,46,35,23.2,153.0,1.6,33,2,199.99,4.35
2025-10-04,referral,mobile,211,94,55.1,210.0,2.2,162,3,472.23,1.42
2025-10-04,referral,desktop,155,80,48.2,199.0,3.9,87,2,239.31,1.29
2025-10-04,referral,tablet,42,22,45.4,167.0,3.9,25,0,0.0,0.0
2025-10-04,organic_social,mobile,104,40,60.8,138.0,1.5,72,1,190.74,0.96
2025-10-04,organic_social,desktop,79,28,64.3,99.0,1.3,50,0,0.0,0.0
2025-10-04,organic_social,tablet,19,9,51.4,165.0,4.6,10,0,0.0,0.0
2025-10-05,organic_search,mobile,603,309,48.6,131.0,3.6,476,12,1960.85,1.99
2025-10-05,organic_search,desktop,507,245,51.6,88.0,3.8,255,9,1304.06,1.78
2025-10-05,organic_search,tablet,154,82,46.4,184.0,4.0,120,4,764.81,2.6
2025-10-05,paid_search,mobile,463,308,33.4,161.0,4.2,325,15,1335.24,3.24
2025-10-05,paid_search,desktop,315,188,40.0,215.0,4.0,216,9,1735.21,2.86
2025-10-05,paid_search,tablet,87,54,37.6,175.0,1.8,66,2,357.21,2.3
2025-10-05,paid_social,mobile,639,325,49.1,117.0,1.5,494,9,1755.08,1.41
2025-10-05,paid_social,desktop,319,168,47.3,118.0,1.8,163,5,984.1,1.57
2025-10-05,paid_social,tablet,105,47,55.2,63.0,1.9,64,1,195.69,0.95
2025-10-05,direct,mobile,298,199,33.2,59.0,4.9,235,10,1631.39,3.36
2025-10-05,direct,desktop,323,220,31.7,94.0,1.9,181,13,2584.44,4.02
2025-10-05,direct,tablet,92,65,28.5,86.0,1.9,69,2,439.88,2.17
2025-10-05,email,mobile,331,247,25.4,116.0,5.0,167,12,1476.9,3.63
2025-10-05,email,desktop,197,141,28.4,68.0,1.5,110,9,1338.49,4.57
2025-10-05,email,tablet,53,39,24.7,227.0,4.2,36,2,184.02,3.77
2025-10-05,referral,mobile,154,75,50.7,128.0,2.4,120,2,421.1,1.3
2025-10-05,referral,desktop,100,50,49.9,54.0,1.3,71,1,93.2,1.0
2025-10-05,referral,tablet,32,13,56.3,92.0,2.0,20,0,0.0,0.0
2025-10-05,organic_social,mobile,164,66,59.6,142.0,3.1,104,2,260.39,1.22
2025-10-05,organic_social,desktop,90,37,58.5,103.0,4.0,54,1,89.53,1.11
2025-10-05,organic_social,tablet,24,10,58.1,70.0,2.9,17,0,0.0,0.0
2025-10-06,organic_search,mobile,363,194,46.4,145.0,1.8,258,11,1500.24,3.03
2025-10-06,organic_search,desktop,311,159,48.6,96.0,2.0,231,6,543.49,1.93
2025-10-06,organic_search,tablet,108,52,51.3,218.0,1.7,69,1,120.24,0.93
2025-10-06,paid_search,mobile,451,293,34.9,128.0,4.2,297,16,3188.95,3.55
2025-10-06,paid_search,desktop,290,181,37.4,106.0,5.0,183,6,752.49,2.07
2025-10-06,paid_search,tablet,93,62,32.4,59.0,3.3,57,3,431.8,3.23
2025-10-06,paid_social,mobile,307,159,48.1,153.0,4.8,154,6,991.08,1.95
2025-10-06,paid_social,desktop,242,90,62.5,53.0,3.8,176,4,584.39,1.65
2025-10-06,paid_social,tablet,52,22,57.3,158.0,1.6,30,0,0.0,0.0
2025-10-06,direct,mobile,372,271,27.0,182.0,4.6,240,14,2759.56,3.76
2025-10-06,direct,desktop,242,165,31.6,181.0,4.6,133,7,1069.46,2.89
2025-10-06,direct,tablet,72,52,26.9,143.0,1.4,37,2,164.86,2.78
2025-10-06,email,mobile,212,159,24.7,126.0,4.5,167,6,1262.24,2.83
2025-10-06,email,desktop,163,120,26.4,69.0,3.2,126,4,678.97,2.45
2025-10-06,email,tablet,28,20,26.5,102.0,3.1,20,1,102.63,3.57
2025-10-06,referral,mobile,145,75,47.8,218.0,2.1,86,2,231.06,1.38
2025-10-06,referral,desktop,91,46,49.3,194.0,1.6,67,1,82.25,1.1
2025-10-06,referral,tablet,23,10,56.2,133.0,4.7,11,0,0.0,0.0
2025-10-06,organic_social,mobile,100,36,63.6,47.0,3.2,74,0,0.0,0.0
2025-10-06,organic_social,desktop,59,27,53.0,148.0,2.1,33,0,0.0,0.0
2025-10-06,organic_social,tablet,16,7,52.5,186.0,3.3,12,0,0.0,0.0
2025-10-07,organic_search,mobile,539,274,49.0,202.0,2.2,359,10,1069.66,1.86
2025-10-07,organic_search,desktop,271,145,46.4,188.0,2.2,177,6,1166.83,2.21
2025-10-07,organic_search,tablet,120,65,45.3,154.0,5.0,92,2,172.29,1.67
2025-10-07,paid_search,mobile,464,296,36.2,158.0,4.6,264,16,2520.93,3.45
2025-10-07,paid_search,desktop,275,167,39.2,141.0,2.4,206,11,917.18,4.0
2025-10-07,paid_search,tablet,66,42,35.5,129.0,1.5,40,2,239.36,3.03
2025-10-07,paid_social,mobile,416,183,55.9,101.0,4.5,313,5,974.19,1.2
2025-10-07,paid_social,desktop,186,71,61.8,69.0,1.7,99,2,275.96,1.08
2025-10-07,paid_social,tablet,47,18,59.8,79.0,1.4,24,0,0.0,0.0
2025-10-07,direct,mobile,364,270,25.6,252.0,4.5,208,15,1624.32,4.12
2025-10-07,direct,desktop,172,123,28.0,176.0,4.1,96,5,572.13,2.91
2025-10-07,direct,tablet,67,45,32.4,130.0,2.9,51,2,201.57,2.99
2025-10-07,email,mobile,251,196,21.5,78.0,2.2,196,7,1317.51,2.79
2025-10-07,email,desktop,120,86,27.5,182.0,4.4,70,4,700.88,3.33
2025-10-07,email,tablet,29,22,21.8,57.0,3.9,15,1,172.8,3.45
2025-10-07,referral,mobile,104,51,50.3,174.0,4.8,62,1,155.36,0.96
2025-10-07,referral,desktop,87,47,45.0,178.0,3.0,58,1,195.22,1.15
2025-10-07,referral,tablet,21,9,53.5,144.0,4.1,13,0,0.0,0.0
2025-10-07,organic_social,mobile,123,47,61.7,175.0,4.2,73,1,100.27,0.81
2025-10-07,organic_social,desktop,63,26,58.4,128.0,1.5,36,0,0.0,0.0
2025-10-07,organic_social,tablet,13,4,64.1,135.0,2.8,7,0,0.0,0.0
2025-10-08,organic_search,mobile,758,388,48.7,78.0,1.5,438,17,2577.96,2.24
2025-10-08,organic_search,desktop,521,267,48.6,196.0,3.7,274,10,887.76,1.92
2025-10-08,organic_search,tablet,140,76,45.3,202.0,2.4,92,2,166.0,1.43
2025-10-08,paid_search,mobile,434,260,40.0,157.0,1.7,289,10,1970.88,2.3
2025-10-08,paid_search,desktop,332,214,35.4,73.0,2.4,181,11,2127.49,3.31
2025-10-08,paid_search,tablet,97,65,32.3,88.0,4.8,72,3,257.73,3.09
2025-10-08,paid_social,mobile,529,219,58.6,83.0,4.6,407,9,1214.18,1.7
2025-10-08,paid_social,desktop,389,148,61.8,186.0,2.2,293,8,1644.19,2.06
2025-10-08,paid_social,tablet,93,41,55.3,99.0,2.0,69,1,199.21,1.08
2025-10-08,direct,mobile,295,214,27.3,142.0,2.1,190,10,2044.77,3.39
2025-10-08,direct,desktop,282,187,33.4,148.0,5.0,215,11,2077.77,3.9
2025-10-08,direct,tablet,86,57,32.6,242.0,1.9,65,3,384.05,3.49
2025-10-08,email,mobile,229,170,25.4,109.0,3.1,124,10,2110.84,4.37
2025-10-08,email,desktop,179,135,24.2,229.0,2.9,123,7,628.48,3.91
2025-10-08,email,tablet,53,39,26.0,67.0,3.7,28,1,94.67,1.89
2025-10-08,referral,mobile,180,79,55.6,118.0,4.5,130,2,342.21,1.11
2025-10-08,referral,desktop,94,49,46.9,193.0,2.2,70,2,208.06,2.13
2025-10-08,referral,tablet,30,16,45.8,146.0,1.5,17,0,0.0,0.0
2025-10-08,organic_social,mobile,106,48,53.9,202.0,1.6,80,1,99.02,0.94
2025-10-08,organic_social,desktop,86,39,53.8,200.0,2.6,60,1,200.56,1.16
2025-10-08,organic_social,tablet,18,7,60.0,120.0,4.6,13,0,0.0,0.0
2025-10-09,organic_search,mobile,639,353,44.7,191.0,2.0,372,19,1739.44,2.97
2025-10-09,organic_search,desktop,363,197,45.7,51.0,2.5,258,7,1007.38,1.93
2025-10-09,organic_search,tablet,120,60,49.4,117.0,2.7,69,2,405.27,1.67
2025-10-09,paid_search,mobile,537,312,41.8,223.0,3.1,304,19,1979.16,3.54
2025-10-09,paid_search,desktop,442,277,37.3,146.0,2.1,311,11,2147.92,2.49
2025-10-09,paid_search,tablet,128,85,33.3,182.0,2.3,71,3,455.53,2.34
2025-10-09,paid_social,mobile,566,238,57.8,179.0,3.8,432,8,703.68,1.41
2025-10-09,paid_social,desktop,233,105,54.8,87.0,2.2,166,3,523.47,1.29
2025-10-09,paid_social,tablet,107,40,61.8,203.0,1.4,82,1,192.94,0.93
2025-10-09,direct,mobile,524,381,27.2,249.0,1.4,349,16,1949.81,3.05
2025-10-09,direct,desktop,275,188,31.4,134.0,3.0,165,8,1170.98,2.91
2025-10-09,direct,tablet,94,64,31.4,51.0,5.2,71,3,375.13,3.19
2025-10-09,email,mobile,268,203,24.1,183.0,5.5,139,10,1176.71,3.73
2025-10-09,email,desktop,205,160,21.7,159.0,3.5,141,10,1003.97,4.88
2025-10-09,email,tablet,53,38,26.5,206.0,1.6,39,2,170.1,3.77
2025-10-09,referral,mobile,226,123,45.4,91.0,3.2,139,3,272.8,1.33
2025-10-09,referral,desktop,102,49,51.8,101.0,4.8,71,2,195.12,1.96
2025-10-09,referral,tablet,44,22,49.3,62.0,4.9,26,0,0.0,0.0
2025-10-09,organic_social,mobile,150,50,66.2,70.0,3.8,90,1,140.21,0.67
2025-10-09,organic_social,desktop,94,41,55.4,45.0,1.6,49,1,177.51,1.06
2025-10-09,organic_social,tablet,18,8,52.1,139.0,1.7,9,0,0.0,0.0
2025-10-10,organic_search,mobile,524,297,43.3,165.0,4.7,411,11,1973.14,2.1
2025-10-10,organic_search,desktop,306,179,41.3,161.0,2.4,170,5,614.62,1.63
2025-10-10,organic_search,tablet,116,71,38.5,74.0,2.1,77,3,646.17,2.59
2025-10-10,paid_search,mobile,486,328,32.4,93.0,3.5,283,11,1916.76,2.26
2025-10-10,paid_search,desktop,355,199,43.7,228.0,1.4,195,12,1542.36,3.38
2025-10-10,paid_search,tablet,99,63,35.6,103.0,4.8,61,3,254.4,3.03
2025-10-10,paid_social,mobile,406,181,55.3,191.0,4.4,253,6,717.29,1.48
2025-10-10,paid_social,desktop,334,138,58.6,155.0,4.6,172,6,759.49,1.8
2025-10-10,paid_social,tablet,66,25,60.8,170.0,1.6,49,1,83.81,1.52
2025-10-10,direct,mobile,408,293,28.1,162.0,3.4,233,15,1565.16,3.68
2025-10-10,direct,desktop,288,205,28.7,210.0,3.2,170,12,1100.29,4.17
2025-10-10,direct,tablet,94,68,27.3,113.0,1.7,72,3,434.92,3.19
2025-10-10,email,mobile,340,251,26.0,254.0,5.0,186,12,2015.01,3.53
2025-10-10,email,desktop,208,151,27.2,211.0,3.6,137,10,866.53,4.81
2025-10-10,email,tablet,45,32,27.1,251.0,3.3,33,1,130.11,2.22
2025-10-10,referral,mobile,150,69,53.6,68.0,1.7,105,3,454.58,2.0
2025-10-10,referral,desktop,148,72,51.0,73.0,1.5,110,2,305.6,1.35
2025-10-10,referral,tablet,42,19,53.8,63.0,1.9,29,0,0.0,0.0
2025-10-10,organic_social,mobile,129,62,51.3,45.0,2.7,72,1,112.24,0.78
2025-10-10,organic_social,desktop,80,25,67.9,180.0,1.6,42,1,170.41,1.25
2025-10-10,organic_social,tablet,30,13,53.9,127.0,2.7,15,0,0.0,0.0
2025-10-11,organic_search,mobile,758,380,49.8,50.0,2.2,438,14,1820.85,1.85
2025-10-11,organic_search,desktop,520,268,48.4,70.0,2.5,376,15,1369.02,2.88
2025-10-11,organic_search,tablet,89,53,40.3,68.0,2.6,50,2,166.72,2.25
2025-10-11,paid_search,mobile,504,297,40.9,216.0,2.5,259,13,2178.95,2.58
2025-10-11,paid_search,desktop,377,224,40.5,191.0,3.0,189,11,1539.18,2.92
2025-10-11,paid_search,tablet,123,79,35.2,151.0,2.3,88,4,630.66,3.25
2025-10-11,paid_social,mobile,419,158,62.2,164.0,4.8,276,7,1314.62,1.67
2025-10-11,paid_social,desktop,230,119,48.2,85.0,4.8,147,3,391.33,1.3
2025-10-11,paid_social,tablet,111,58,47.7,53.0,3.8,60,1,130.34,0.9
2025-10-11,direct,mobile,374,245,34.3,112.0,3.5,219,16,1865.54,4.28
2025-10-11,direct,desktop,298,206,30.6,95.0,4.9,214,10,2140.35,3.36
2025-10-11,direct,tablet,61,44,27.2,152.0,2.8,46,2,182.41,3.28
2025-10-11,email,mobile,290,214,26.1,164.0,5.3,196,10,1103.13,3.45
2025-10-11,email,desktop,124,88,28.5,145.0,5.1,71,6,1222.17,4.84
2025-10-11,email,tablet,59,43,25.8,78.0,4.4,46,3,364.46,5.08
2025-10-11,referral,mobile,151,84,44.0,158.0,5.0,112,2,361.68,1.32
2025-10-11,referral,desktop,127,66,47.9,205.0,3.6,90,3,445.08,2.36
2025-10-11,referral,tablet,25,10,57.4,134.0,3.5,12,0,0.0,0.0
2025-10-11,organic_social,mobile,126,59,52.6,163.0,4.8,100,1,126.62,0.79
2025-10-11,organic_social,desktop,100,44,55.8,188.0,4.2,51,1,122.99,1.0
2025-10-11,organic_social,tablet,24,8,62.6,197.0,1.4,13,0,0.0,0.0
2025-10-12,organic_search,mobile,523,296,43.2,198.0,3.8,362,12,2565.58,2.29
2025-10-12,organic_search,desktop,481,285,40.6,54.0,3.3,361,10,1705.19,2.08
2025-10-12,organic_search,tablet,128,64,49.9,113.0,3.8,83,3,466.32,2.34
2025-10-12,paid_search,mobile,713,433,39.3,104.0,4.9,461,19,4081.56,2.66
2025-10-12,paid_search,desktop,393,257,34.6,97.0,2.0,249,13,1405.99,3.31
2025-10-12,paid_search,tablet,100,64,35.3,152.0,4.1,51,3,353.84,3.0
2025-10-12,paid_social,mobile,601,284,52.7,212.0,2.0,413,10,1424.12,1.66
2025-10-12,paid_social,desktop,377,174,53.8,170.0,4.2,223,6,574.39,1.59
2025-10-12,paid_social,tablet,104,53,48.4,96.0,4.9,76,1,118.75,0.96
2025-10-12,direct,mobile,478,334,29.9,105.0,2.6,365,17,3230.64,3.56
2025-10-12,direct,desktop,219,149,31.6,112.0,5.2,118,9,1919.87,4.11
2025-10-12,direct,tablet,63,44,29.1,97.0,3.3,32,2,185.11,3.17
2025-10-12,email,mobile,250,185,25.9,146.0,2.8,152,12,1801.46,4.8
2025-10-12,email,desktop,179,135,24.2,263.0,2.6,95,6,1003.65,3.35
2025-10-12,email,tablet,39,28,25.8,138.0,4.9,25,1,94.94,2.56
2025-10-12,referral,mobile,225,127,43.2,160.0,1.8,172,4,781.48,1.78
2025-10-12,referral,desktop,99,46,53.2,97.0,5.0,76,1,155.38,1.01
2025-10-12,referral,tablet,33,14,55.3,187.0,3.8,20,0,0.0,0.0
2025-10-12,organic_social,mobile,140,61,56.2,174.0,5.0,72,1,99.02,0.71
2025-10-12,organic_social,desktop,102,34,66.1,184.0,3.3,68,0,0.0,0.0
2025-10-12,organic_social,tablet,32,10,67.2,70.0,4.2,18,0,0.0,0.0
2025-10-13,organic_search,mobile,362,220,39.0,237.0,4.2,199,7,1357.25,1.93
2025-10-13,organic_search,desktop,399,202,49.2,139.0,3.7,280,12,1264.37,3.01
2025-10-13,organic_search,tablet,104,64,38.4,86.0,4.4,53,3,483.29,2.88
2025-10-13,paid_search,mobile,329,207,36.8,108.0,4.3,165,10,1384.74,3.04
2025-10-13,paid_search,desktop,290,164,43.1,82.0,3.0,229,7,1398.62,2.41
2025-10-13,paid_search,tablet,87,55,36.4,120.0,5.2,52,2,250.17,2.3
2025-10-13,paid_social,mobile,359,178,50.3,96.0,2.1,228,6,1179.48,1.67
2025-10-13,paid_social,desktop,262,121,53.5,95.0,4.4,171,3,315.75,1.15
2025-10-13,paid_social,tablet,71,35,50.1,81.0,1.5,49,1,197.43,1.41
2025-10-13,direct,mobile,368,251,31.7,252.0,3.9,242,12,2057.91,3.26
2025-10-13,direct,desktop,201,141,29.7,198.0,2.3,122,7,1387.88,3.48
2025-10-13,direct,tablet,59,38,34.4,204.0,2.1,41,1,106.4,1.69
2025-10-13,email,mobile,267,197,26.1,213.0,4.3,142,11,2162.27,4.12
2025-10-13,email,desktop,141,110,21.3,77.0,3.2,110,4,341.63,2.84
2025-10-13,email,tablet,27,19,26.7,118.0,1.5,19,1,118.62,3.7
2025-10-13,referral,mobile,109,62,43.0,170.0,4.1,71,2,293.66,1.83
2025-10-13,referral,desktop,103,55,46.3,115.0,1.6,77,1,210.41,0.97
2025-10-13,referral,tablet,28,13,51.4,81.0,1.4,15,0,0.0,0.0
2025-10-13,organic_social,mobile,115,39,65.2,67.0,2.8,65,1,124.11,0.87
2025-10-13,organic_social,desktop,84,29,64.8,68.0,3.9,50,1,180.99,1.19
2025-10-13,organic_social,tablet,18,5,66.9,162.0,3.9,12,0,0.0,0.0
2025-10-14,organic_search,mobile,421,226,46.2,201.0,3.4,212,7,590.09,1.66
2025-10-14,organic_search,desktop,283,148,47.5,127.0,2.4,167,8,1585.4,2.83
2025-10-14,organic_search,tablet,106,53,49.1,180.0,4.5,73,2,334.4,1.89
2025-10-14,paid_search,mobile,502,323,35.5,233.0,2.2,369,17,2316.89,3.39
2025-10-14,paid_search,desktop,330,197,40.1,107.0,1.8,257,12,2448.74,3.64
2025-10-14,paid_search,tablet,54,33,37.8,241.0,1.5,39,1,157.64,1.85
2025-10-14,paid_social,mobile,265,129,51.1,154.0,5.0,202,5,592.38,1.89
2025-10-14,paid_social,desktop,283,141,49.9,177.0,2.4,177,4,761.05,1.41
2025-10-14,paid_social,tablet,73,32,55.4,119.0,5.0,43,1,94.02,1.37
2025-10-14,direct,mobile,345,241,30.1,244.0,4.0,270,14,2586.62,4.06
2025-10-14,direct,desktop,142,100,29.2,242.0,1.9,91,5,736.21,3.52
2025-10-14,direct,tablet,68,46,32.3,118.0,3.4,38,2,289.48,2.94
2025-10-14,email,mobile,223,162,27.1,171.0,2.5,178,6,983.23,2.69
2025-10-14,email,desktop,131,94,27.9,68.0,1.7,73,4,739.35,3.05
2025-10-14,email,tablet,42,29,28.7,184.0,3.3,24,2,278.91,4.76
2025-10-14,referral,mobile,154,76,50.4,67.0,3.2,93,3,266.63,1.95
2025-10-14,referral,desktop,87,44,48.4,217.0,3.1,52,1,105.0,1.15
2025-10-14,referral,tablet,18,9,47.8,179.0,3.5,11,0,0.0,0.0
2025-10-14,organic_social,mobile,104,32,68.3,66.0,4.5,72,1,192.46,0.96
2025-10-14,organic_social,desktop,64,24,61.1,114.0,4.5,40,0,0.0,0.0
2025-10-14,organic_social,tablet,15,6,55.1,100.0,3.4,11,0,0.0,0.0
2025-10-15,organic_search,mobile,875,504,42.4,99.0,3.3,595,18,1579.46,2.06
2025-10-15,organic_search,desktop,332,194,41.6,99.0,3.6,211,6,1132.02,1.81
2025-10-15,organic_search,tablet,123,64,47.2,121.0,4.5,82,2,229.96,1.63
2025-10-15,paid_search,mobile,707,415,41.2,132.0,4.5,487,27,5118.47,3.82
2025-10-15,paid_search,desktop,292,194,33.4,120.0,3.9,159,9,1454.47,3.08
2025-10-15,paid_search,tablet,118,74,36.9,96.0,3.5,63,4,797.67,3.39
2025-10-15,paid_social,mobile,359,188,47.4,156.0,1.5,256,8,690.17,2.23
2025-10-15,paid_social,desktop,312,155,50.2,72.0,4.1,191,5,633.95,1.6
2025-10-15,paid_social,tablet,88,46,47.4,183.0,3.1,66,1,151.92,1.14
2025-10-15,direct,mobile,374,253,32.2,121.0,4.3,277,11,2209.36,2.94
2025-10-15,direct,desktop,209,140,32.7,155.0,3.7,153,6,979.96,2.87
2025-10-15,direct,tablet,89,64,27.8,198.0,3.3,48,2,183.44,2.25
2025-10-15,email,mobile,272,194,28.6,70.0,5.1,181,11,2223.0,4.04
2025-10-15,email,desktop,179,139,22.3,83.0,2.8,136,7,1034.84,3.91
2025-10-15,email,tablet,36,26,25.2,191.0,1.6,25,1,215.48,2.78
2025-10-15,referral,mobile,218,107,50.6,214.0,4.7,127,4,566.21,1.83
2025-10-15,referral,desktop,91,42,53.7,210.0,4.8,68,1,169.64,1.1
2025-10-15,referral,tablet,30,13,54.5,115.0,2.4,22,0,0.0,0.0
2025-10-15,organic_social,mobile,105,39,62.2,120.0,1.5,80,1,209.51,0.95
2025-10-15,organic_social,desktop,92,34,63.0,163.0,2.2,72,1,195.89,1.09
2025-10-15,organic_social,tablet,19,7,58.5,64.0,1.9,14,0,0.0,0.0
2025-10-16,organic_search,mobile,729,440,39.6,79.0,3.5,448,20,2877.61,2.74
2025-10-16,organic_search,desktop,476,230,51.5,154.0,4.2,270,13,1972.73,2.73
2025-10-16,organic_search,tablet,97,52,46.0,82.0,3.8,68,2,278.25,2.06
2025-10-16,paid_search,mobile,645,393,39.0,57.0,2.9,471,18,1992.18,2.79
2025-10-16,paid_search,desktop,403,229,43.0,172.0,3.4,288,9,942.55,2.23
2025-10-16,paid_search,tablet,93,59,36.3,100.0,2.5,52,3,411.64,3.23
2025-10-16,paid_social,mobile,349,145,58.2,73.0,4.6,209,7,1335.95,2.01
2025-10-16,paid_social,desktop,389,189,51.2,139.0,4.7,272,5,762.7,1.29
2025-10-16,paid_social,tablet,107,41,60.8,163.0,1.6,61,1,207.16,0.93
2025-10-16,direct,mobile,314,217,30.8,232.0,4.6,239,9,1907.29,2.87
2025-10-16,direct,desktop,316,230,27.1,123.0,4.0,218,8,1422.1,2.53
2025-10-16,direct,tablet,91,66,27.0,237.0,2.2,49,3,376.32,3.3
2025-10-16,email,mobile,294,211,28.0,231.0,3.4,191,12,1098.55,4.08
2025-10-16,email,desktop,145,112,22.7,85.0,5.5,74,6,841.73,4.14
2025-10-16,email,tablet,36,25,28.6,133.0,2.3,26,1,81.97,2.78
2025-10-16,referral,mobile,164,74,54.8,151.0,4.1,104,3,578.12,1.83
2025-10-16,referral,desktop,116,58,49.3,98.0,4.4,72,2,283.86,1.72
2025-10-16,referral,tablet,33,18,43.7,172.0,1.8,21,0,0.0,0.0
2025-10-16,organic_social,mobile,172,77,55.2,105.0,4.9,123,2,317.98,1.16
2025-10-16,organic_social,desktop,77,35,54.5,50.0,2.9,48,1,162.8,1.3
2025-10-16,organic_social,tablet,29,12,55.3,65.0,4.2,19,0,0.0,0.0
2025-10-17,organic_search,mobile,640,372,41.8,154.0,5.2,464,20,2910.92,3.12
2025-10-17,organic_search,desktop,405,219,45.8,166.0,5.1,291,9,1417.7,2.22
2025-10-17,organic_search,tablet,139,84,39.6,68.0,4.8,103,3,357.9,2.16
2025-10-17,paid_search,mobile,645,423,34.3,171.0,4.5,340,21,3230.43,3.26
2025-10-17,paid_search,desktop,285,183,35.5,110.0,1.8,185,8,1296.01,2.81
2025-10-17,paid_search,tablet,73,46,36.4,71.0,3.1,41,1,110.63,1.37
2025-10-17,paid_social,mobile,362,174,51.7,202.0,2.8,276,8,1583.49,2.21
2025-10-17,paid_social,desktop,400,149,62.6,97.0,2.9,278,5,976.47,1.25
2025-10-17,paid_social,tablet,103,39,61.6,81.0,3.1,62,2,375.6,1.94
2025-10-17,direct,mobile,502,351,30.0,110.0,1.5,283,21,4544.27,4.18
2025-10-17,direct,desktop,284,190,32.8,236.0,2.3,146,11,2116.57,3.87
2025-10-17,direct,tablet,67,44,33.2,81.0,5.1,43,2,169.25,2.99
2025-10-17,email,mobile,298,232,22.0,246.0,3.3,201,13,2579.97,4.36
2025-10-17,email,desktop,199,150,24.2,94.0,5.5,151,7,647.23,3.52
2025-10-17,email,tablet,45,32,27.5,60.0,3.8,31,2,430.9,4.44
2025-10-17,referral,mobile,230,104,54.5,185.0,3.2,149,3,535.49,1.3
2025-10-17,referral,desktop,118,64,45.6,71.0,4.8,88,2,300.63,1.69
2025-10-17,referral,tablet,33,15,54.2,59.0,4.6,26,0,0.0,0.0
2025-10-17,organic_social,mobile,120,41,65.6,157.0,3.4,63,1,213.36,0.83
2025-10-17,organic_social,desktop,85,35,58.1,169.0,2.4,43,0,0.0,0.0
2025-10-17,organic_social,tablet,29,9,65.6,169.0,3.4,14,0,0.0,0.0
2025-10-18,organic_search,mobile,870,525,39.6,230.0,5.1,507,24,4486.55,2.76
2025-10-18,organic_search,desktop,367,206,43.8,218.0,2.2,190,11,1994.94,3.0
2025-10-18,organic_search,tablet,89,54,39.2,225.0,2.9,56,2,404.2,2.25
2025-10-18,paid_search,mobile,447,280,37.3,52.0,3.0,355,11,1831.41,2.46
2025-10-18,paid_search,desktop,453,266,41.1,55.0,3.0,289,12,1293.99,2.65
2025-10-18,paid_search,tablet,74,42,42.2,209.0,2.9,55,2,266.39,2.7
2025-10-18,paid_social,mobile,493,210,57.2,155.0,2.8,266,6,696.8,1.22
2025-10-18,paid_social,desktop,249,103,58.4,165.0,4.8,197,4,723.73,1.61
2025-10-18,paid_social,tablet,86,34,59.6,174.0,4.3,43,1,104.26,1.16
2025-10-18,direct,mobile,418,302,27.7,188.0,4.1,224,18,1652.07,4.31
2025-10-18,direct,desktop,304,219,27.9,133.0,2.7,207,11,1264.78,3.62
2025-10-18,direct,tablet,80,55,30.2,100.0,3.1,63,2,340.7,2.5
2025-10-18,email,mobile,332,254,23.3,71.0,3.4,211,11,1754.51,3.31
2025-10-18,email,desktop,226,177,21.5,192.0,3.7,122,11,2318.74,4.87
2025-10-18,email,tablet,55,40,26.8,215.0,2.3,31,2,182.34,3.64
2025-10-18,referral,mobile,179,85,52.4,161.0,3.9,105,3,535.71,1.68
2025-10-18,referral,desktop,136,61,54.4,52.0,4.1,94,1,211.79,0.74
2025-10-18,referral,tablet,31,15,49.7,111.0,2.8,17,0,0.0,0.0
2025-10-18,organic_social,mobile,131,48,62.8,174.0,2.4,91,1,181.49,0.76
2025-10-18,organic_social,desktop,89,41,52.9,186.0,3.9,65,0,0.0,0.0
2025-10-18,organic_social,tablet,27,10,60.3,189.0,2.9,15,0,0.0,0.0
2025-10-19,organic_search,mobile,789,451,42.8,132.0,2.1,553,16,3051.96,2.03
2025-10-19,organic_search,desktop,520,293,43.6,210.0,3.1,398,10,834.19,1.92
2025-10-19,organic_search,tablet,140,77,44.9,83.0,1.9,108,3,370.68,2.14
2025-10-19,paid_search,mobile,630,359,43.0,224.0,3.6,491,23,3083.66,3.65
2025-10-19,paid_search,desktop,289,183,36.5,185.0,4.9,224,8,646.39,2.77
2025-10-19,paid_search,tablet,117,75,35.2,138.0,3.2,89,3,379.02,2.56
2025-10-19,paid_social,mobile,377,153,59.2,193.0,4.7,189,7,1234.03,1.86
2025-10-19,paid_social,desktop,381,191,49.7,215.0,2.8,197,5,1036.18,1.31
2025-10-19,paid_social,tablet,106,41,60.7,173.0,2.9,67,1,217.58,0.94
2025-10-19,direct,mobile,372,252,32.2,158.0,1.6,283,13,2460.25,3.49
2025-10-19,direct,desktop,255,173,32.1,124.0,2.8,148,7,812.11,2.75
2025-10-19,direct,tablet,66,48,26.8,67.0,2.8,49,1,216.69,1.52
2025-10-19,email,mobile,193,140,27.1,83.0,4.8,113,7,769.38,3.63
2025-10-19,email,desktop,172,130,23.9,261.0,1.5,96,8,800.72,4.65
2025-10-19,email,tablet,49,37,22.6,184.0,1.6,31,1,218.21,2.04
2025-10-19,referral,mobile,201,105,47.4,120.0,4.2,132,4,773.58,1.99
2025-10-19,referral,desktop,145,72,49.8,157.0,4.9,110,2,246.87,1.38
2025-10-19,referral,tablet,42,20,50.7,108.0,4.2,24,0,0.0,0.0
2025-10-19,organic_social,mobile,120,56,53.2,155.0,3.2,95,1,120.12,0.83
2025-10-19,organic_social,desktop,110,46,58.1,89.0,1.3,78,1,136.96,0.91
2025-10-19,organic_social,tablet,21,8,59.7,168.0,2.3,12,0,0.0,0.0
2025-10-20,organic_search,mobile,441,266,39.7,202.0,5.2,288,7,742.4,1.59
2025-10-20,organic_search,desktop,388,226,41.7,165.0,4.1,205,10,2047.46,2.58
2025-10-20,organic_search,tablet,85,52,38.7,233.0,1.5,54,1,121.66,1.18
2025-10-20,paid_search,mobile,479,296,38.1,175.0,4.3,245,16,3371.03,3.34
2025-10-20,paid_search,desktop,309,194,37.1,236.0,3.7,236,7,1392.58,2.27
2025-10-20,paid_search,tablet,61,37,39.2,169.0,3.6,31,1,85.12,1.64
2025-10-20,paid_social,mobile,306,148,51.5,139.0,2.7,192,4,684.12,1.31
2025-10-20,paid_social,desktop,302,155,48.6,223.0,4.1,225,4,621.31,1.32
2025-10-20,paid_social,tablet,76,39,48.0,57.0,2.8,42,1,155.59,1.32
2025-10-20,direct,mobile,337,248,26.4,130.0,2.0,236,13,2078.88,3.86
2025-10-20,direct,desktop,236,157,33.1,114.0,2.3,144,6,1303.42,2.54
2025-10-20,direct,tablet,53,36,30.8,107.0,4.4,29,1,103.51,1.89
2025-10-20,email,mobile,230,168,26.9,106.0,3.1,147,11,2020.41,4.78
2025-10-20,email,desktop,166,126,23.7,215.0,4.3,107,8,1618.3,4.82
2025-10-20,email,tablet,28,21,24.9,185.0,3.1,15,0,0.0,0.0
2025-10-20,referral,mobile,161,72,55.1,117.0,3.8,95,3,483.45,1.86
2025-10-20,referral,desktop,96,50,47.5,88.0,2.3,68,2,290.68,2.08
2025-10-20,referral,tablet,21,11,46.9,46.0,2.8,16,0,0.0,0.0
2025-10-20,organic_social,mobile,75,24,67.1,172.0,1.4,49,0,0.0,0.0
2025-10-20,organic_social,desktop,70,25,63.2,180.0,2.5,46,0,0.0,0.0
2025-10-20,organic_social,tablet,18,8,54.2,70.0,4.4,13,0,0.0,0.0
2025-10-21,organic_search,mobile,367,210,42.6,50.0,1.7,264,11,1988.16,3.0
2025-10-21,organic_search,desktop,363,181,50.1,143.0,2.3,195,10,2123.17,2.75
2025-10-21,organic_search,tablet,65,39,39.9,200.0,2.6,39,1,136.81,1.54
2025-10-21,paid_search,mobile,441,251,43.0,121.0,4.9,326,14,1572.15,3.17
2025-10-21,paid_search,desktop,189,122,35.2,73.0,3.4,126,6,1099.86,3.17
2025-10-21,paid_search,tablet,57,35,37.3,64.0,1.9,42,1,177.92,1.75
2025-10-21,paid_social,mobile,352,147,58.2,71.0,3.7,201,6,606.55,1.7
2025-10-21,paid_social,desktop,227,90,60.3,94.0,4.0,135,3,383.85,1.32
2025-10-21,paid_social,tablet,62,27,55.9,149.0,2.6,39,1,118.59,1.61
2025-10-21,direct,mobile,286,192,32.6,149.0,5.0,192,10,2182.63,3.5
2025-10-21,direct,desktop,243,166,31.5,205.0,4.1,154,6,558.98,2.47
2025-10-21,direct,tablet,53,36,31.4,228.0,4.2,36,1,108.35,1.89
2025-10-21,email,mobile,203,145,28.3,254.0,3.8,137,6,1066.65,2.96
2025-10-21,email,desktop,154,120,21.4,194.0,5.5,95,4,793.57,2.6
2025-10-21,email,tablet,36,26,26.2,232.0,4.7,24,1,120.33,2.78
2025-10-21,referral,mobile,132,63,52.0,134.0,3.0,82,2,281.28,1.52
2025-10-21,referral,desktop,85,41,51.2,138.0,2.6,62,1,162.55,1.18
2025-10-21,referral,tablet,19,10,46.5,59.0,3.6,10,0,0.0,0.0
2025-10-21,organic_social,mobile,72,24,66.6,178.0,2.6,37,1,118.48,1.39
2025-10-21,organic_social,desktop,54,20,62.7,71.0,2.0,37,0,0.0,0.0
2025-10-21,organic_social,tablet,22,7,64.5,67.0,3.8,15,0,0.0,0.0
2025-10-22,organic_search,mobile,667,361,45.9,58.0,4.8,383,12,2594.39,1.8
2025-10-22,organic_search,desktop,408,210,48.5,68.0,2.6,278,12,2128.27,2.94
2025-10-22,organic_search,tablet,161,90,43.7,207.0,2.0,111,3,357.76,1.86
2025-10-22,paid_search,mobile,664,384,42.0,222.0,4.4,471,16,3056.78,2.41
2025-10-22,paid_search,desktop,353,208,41.1,142.0,3.9,235,11,1507.56,3.12
2025-10-22,paid_search,tablet,110,62,43.5,57.0,3.7,85,3,658.21,2.73
2025-10-22,paid_social,mobile,376,138,63.1,128.0,2.0,198,8,1596.6,2.13
2025-10-22,paid_social,desktop,232,101,56.5,127.0,3.2,178,4,443.53,1.72
2025-10-22,paid_social,tablet,69,27,59.9,84.0,1.4,50,1,175.36,1.45
2025-10-22,direct,mobile,427,293,31.2,92.0,3.1,258,18,1772.85,4.22
2025-10-22,direct,desktop,333,238,28.4,71.0,4.1,241,14,2162.88,4.2
2025-10-22,direct,tablet,59,41,29.3,192.0,3.4,30,1,104.79,1.69
2025-10-22,email,mobile,346,254,26.4,227.0,3.1,251,10,1808.4,2.89
2025-10-22,email,desktop,152,118,22.2,165.0,1.8,103,8,644.89,5.26
2025-10-22,email,tablet,35,27,21.7,223.0,2.1,17,1,193.35,2.86
2025-10-22,referral,mobile,221,120,45.3,219.0,4.7,140,3,355.38,1.36
2025-10-22,referral,desktop,143,66,53.7,180.0,3.8,78,2,186.9,1.4
2025-10-22,referral,tablet,34,15,54.4,125.0,4.4,17,0,0.0,0.0
2025-10-22,organic_social,mobile,149,65,56.0,107.0,3.5,111,1,183.36,0.67
2025-10-22,organic_social,desktop,89,36,58.9,64.0,2.2,69,1,219.45,1.12
2025-10-22,organic_social,tablet,32,12,61.0,147.0,3.2,25,0,0.0,0.0
2025-10-23,organic_search,mobile,536,306,42.9,210.0,4.3,305,14,1129.16,2.61
2025-10-23,organic_search,desktop,387,223,42.4,100.0,4.2,260,11,1374.39,2.84
2025-10-23,organic_search,tablet,114,61,46.0,47.0,4.1,91,3,429.23,2.63
2025-10-23,paid_search,mobile,402,244,39.3,108.0,4.3,212,12,1908.39,2.99
2025-10-23,paid_search,desktop,263,161,38.5,86.0,4.4,208,7,1464.65,2.66
2025-10-23,paid_search,tablet,89,50,42.8,47.0,2.3,45,2,315.16,2.25
2025-10-23,paid_social,mobile,355,130,63.2,153.0,3.1,275,7,889.73,1.97
2025-10-23,paid_social,desktop,267,119,55.2,144.0,3.6,191,3,545.53,1.12
2025-10-23,paid_social,tablet,83,42,49.3,225.0,3.0,45,1,182.47,1.2
2025-10-23,direct,mobile,306,214,29.8,111.0,3.8,202,12,1971.57,3.92
2025-10-23,direct,desktop,217,153,29.2,242.0,5.0,124,9,1668.16,4.15
2025-10-23,direct,tablet,91,62,31.0,120.0,3.0,46,4,429.68,4.4
2025-10-23,email,mobile,271,194,28.3,110.0,5.4,140,13,1402.65,4.8
2025-10-23,email,desktop,170,122,27.9,253.0,4.5,109,7,1522.69,4.12
2025-10-23,email,tablet,53,38,27.2,190.0,2.5,36,1,144.18,1.89
2025-10-23,referral,mobile,151,77,48.8,100.0,4.8,111,2,396.21,1.32
2025-10-23,referral,desktop,108,52,51.6,167.0,3.8,77,2,385.69,1.85
2025-10-23,referral,tablet,33,16,48.7,111.0,3.7,19,0,0.0,0.0
2025-10-23,organic_social,mobile,112,35,68.2,163.0,3.6,69,1,84.52,0.89
2025-10-23,organic_social,desktop,97,31,67.5,162.0,1.5,70,0,0.0,0.0
2025-10-23,organic_social,tablet,28,10,61.0,96.0,1.8,22,0,0.0,0.0
2025-10-24,organic_search,mobile,718,374,47.9,74.0,2.1,542,18,3312.76,2.51
2025-10-24,organic_search,desktop,320,177,44.4,134.0,4.2,189,6,958.19,1.88
2025-10-24,organic_search,tablet,119,69,41.4,219.0,3.2,78,2,223.5,1.68
2025-10-24,paid_search,mobile,629,363,42.2,128.0,2.1,404,14,1364.09,2.23
2025-10-24,paid_search,desktop,374,232,37.9,154.0,4.2,298,13,1074.88,3.48
2025-10-24,paid_search,tablet,76,51,32.4,213.0,2.4,43,2,252.06,2.63
2025-10-24,paid_social,mobile,605,279,53.8,149.0,4.6,435,11,1200.38,1.82
2025-10-24,paid_social,desktop,246,125,48.9,156.0,1.3,184,3,625.98,1.22
2025-10-24,paid_social,tablet,80,33,57.9,183.0,4.2,43,1,185.55,1.25
2025-10-24,direct,mobile,384,254,33.7,95.0,3.8,229,10,2167.02,2.6
2025-10-24,direct,desktop,338,235,30.2,133.0,4.9,213,9,1786.92,2.66
2025-10-24,direct,tablet,94,69,26.0,129.0,1.6,53,4,579.82,4.26
2025-10-24,email,mobile,244,178,26.7,247.0,4.4,172,11,2243.64,4.51
2025-10-24,email,desktop,216,167,22.2,119.0,3.2,147,6,1074.47,2.78
2025-10-24,email,tablet,63,45,27.8,215.0,2.1,46,3,420.9,4.76
2025-10-24,referral,mobile,189,101,46.4,167.0,1.8,133,3,571.25,1.59
2025-10-24,referral,desktop,146,80,44.8,51.0,1.4,108,2,175.87,1.37
2025-10-24,referral,tablet,40,17,56.6,114.0,3.3,25,0,0.0,0.0
2025-10-24,organic_social,mobile,130,57,55.4,68.0,4.1,90,1,116.58,0.77
2025-10-24,organic_social,desktop,76,28,62.3,70.0,4.7,39,0,0.0,0.0
2025-10-24,organic_social,tablet,28,12,55.0,50.0,1.4,21,0,0.0,0.0
2025-10-25,organic_search,mobile,509,257,49.4,222.0,4.1,276,10,1186.72,1.96
2025-10-25,organic_search,desktop,377,208,44.7,176.0,2.7,262,11,1974.98,2.92
2025-10-25,organic_search,tablet,100,54,45.9,91.0,1.7,79,2,352.59,2.0
2025-10-25,paid_search,mobile,435,277,36.1,91.0,3.3,327,17,2774.52,3.91
2025-10-25,paid_search,desktop,452,272,39.6,204.0,4.8,244,12,2325.04,2.65
2025-10-25,paid_search,tablet,91,59,35.0,59.0,4.8,68,2,262.3,2.2
2025-10-25,paid_social,mobile,626,326,47.9,153.0,1.7,385,11,889.96,1.76
2025-10-25,paid_social,desktop,281,134,52.2,47.0,4.1,217,4,378.62,1.42
2025-10-25,paid_social,tablet,111,47,57.2,60.0,3.2,84,1,159.51,0.9
2025-10-25,direct,mobile,338,223,33.9,150.0,4.9,196,11,1215.97,3.25
2025-10-25,direct,desktop,210,144,31.3,102.0,1.8,149,8,720.68,3.81
2025-10-25,direct,tablet,76,50,33.6,117.0,3.0,40,2,236.43,2.63
2025-10-25,email,mobile,344,252,26.5,144.0,3.0,228,16,2757.56,4.65
2025-10-25,email,desktop,199,151,23.9,111.0,4.9,112,8,1370.73,4.02
2025-10-25,email,tablet,60,47,21.3,107.0,5.4,33,2,292.61,3.33
2025-10-25,referral,mobile,191,93,50.9,58.0,2.9,145,4,677.14,2.09
2025-10-25,referral,desktop,141,79,43.3,66.0,5.1,100,2,192.23,1.42
2025-10-25,referral,tablet,26,13,47.6,58.0,1.6,13,0,0.0,0.0
2025-10-25,organic_social,mobile,141,57,59.4,100.0,1.9,71,1,155.01,0.71
2025-10-25,organic_social,desktop,66,27,58.0,176.0,3.4,48,0,0.0,0.0
2025-10-25,organic_social,tablet,23,7,67.0,149.0,1.7,16,0,0.0,0.0
2025-10-26,organic_search,mobile,731,431,40.9,85.0,3.0,549,15,3124.26,2.05
2025-10-26,organic_search,desktop,388,231,40.5,236.0,3.9,252,9,960.32,2.32
2025-10-26,organic_search,tablet,120,64,46.6,94.0,1.7,92,2,220.74,1.67
2025-10-26,paid_search,mobile,698,453,35.1,97.0,3.4,365,28,4400.46,4.01
2025-10-26,paid_search,desktop,274,178,34.8,131.0,2.3,163,10,2128.82,3.65
2025-10-26,paid_search,tablet,89,54,38.6,120.0,3.8,59,2,321.61,2.25
2025-10-26,paid_social,mobile,483,247,48.7,180.0,2.6,282,6,770.98,1.24
2025-10-26,paid_social,desktop,370,143,61.1,77.0,4.9,222,7,998.91,1.89
2025-10-26,paid_social,tablet,86,38,55.4,199.0,4.6,46,1,82.85,1.16
2025-10-26,direct,mobile,498,363,26.9,255.0,3.4,306,14,2137.51,2.81
2025-10-26,direct,desktop,265,191,27.6,192.0,2.0,171,11,2320.24,4.15
2025-10-26,direct,tablet,69,45,34.5,147.0,4.7,49,1,116.16,1.45
2025-10-26,email,mobile,350,270,22.8,145.0,2.8,256,11,1788.53,3.14
2025-10-26,email,desktop,180,137,23.7,108.0,3.3,105,7,1473.93,3.89
2025-10-26,email,tablet,52,37,28.0,78.0,1.5,39,2,214.44,3.85
2025-10-26,referral,mobile,189,96,48.8,109.0,4.1,134,3,420.64,1.59
2025-10-26,referral,desktop,118,56,52.3,179.0,1.6,88,2,339.49,1.69
2025-10-26,referral,tablet,30,15,48.2,204.0,1.8,19,0,0.0,0.0
2025-10-26,organic_social,mobile,127,58,54.3,169.0,4.4,64,1,131.18,0.79
2025-10-26,organic_social,desktop,90,34,61.5,193.0,4.0,59,0,0.0,0.0
2025-10-26,organic_social,tablet,17,7,58.6,174.0,3.5,10,0,0.0,0.0
2025-10-27,organic_search,mobile,623,330,46.9,75.0,5.1,473,13,1399.08,2.09
2025-10-27,organic_search,desktop,365,202,44.6,151.0,4.3,195,11,1962.93,3.01
2025-10-27,organic_search,tablet,114,68,40.0,123.0,4.3,60,3,332.33,2.63
2025-10-27,paid_search,mobile,529,312,40.8,56.0,1.4,315,14,2859.7,2.65
2025-10-27,paid_search,desktop,199,116,41.6,204.0,1.9,157,5,833.72,2.51
2025-10-27,paid_search,tablet,81,54,33.0,230.0,4.4,64,2,403.84,2.47
2025-10-27,paid_social,mobile,371,172,53.4,195.0,1.5,210,5,720.27,1.35
2025-10-27,paid_social,desktop,303,121,59.8,66.0,3.7,169,4,789.47,1.32
2025-10-27,paid_social,tablet,68,29,57.2,179.0,2.4,51,1,206.95,1.47
2025-10-27,direct,mobile,228,154,32.1,191.0,1.6,173,7,990.83,3.07
2025-10-27,direct,desktop,168,112,32.8,235.0,4.2,95,5,913.81,2.98
2025-10-27,direct,tablet,62,42,31.8,246.0,4.1,36,2,231.77,3.23
2025-10-27,email,mobile,207,151,27.0,236.0,1.8,136,6,762.43,2.9
2025-10-27,email,desktop,137,104,23.4,66.0,2.1,105,5,1037.15,3.65
2025-10-27,email,tablet,30,23,22.6,148.0,3.6,22,1,217.81,3.33
2025-10-27,referral,mobile,161,68,57.4,100.0,4.9,119,3,416.26,1.86
2025-10-27,referral,desktop,109,59,45.4,146.0,1.6,60,2,166.36,1.83
2025-10-27,referral,tablet,22,9,54.8,142.0,1.7,17,0,0.0,0.0
2025-10-27,organic_social,mobile,72,33,53.9,105.0,4.4,36,0,0.0,0.0
2025-10-27,organic_social,desktop,83,27,66.4,76.0,2.0,58,0,0.0,0.0
2025-10-27,organic_social,tablet,17,8,51.1,54.0,3.4,12,0,0.0,0.0
2025-10-28,organic_search,mobile,535,306,42.7,207.0,1.4,324,12,1683.07,2.24
2025-10-28,organic_search,desktop,418,211,49.5,48.0,4.1,221,8,1037.46,1.91
2025-10-28,organic_search,tablet,87,43,50.4,191.0,3.7,63,1,125.6,1.15
2025-10-28,paid_search,mobile,526,301,42.7,63.0,2.8,385,14,1705.86,2.66
2025-10-28,paid_search,desktop,224,130,41.7,127.0,4.3,133,7,912.98,3.12
2025-10-28,paid_search,tablet,84,52,37.1,109.0,3.3,60,3,328.92,3.57
2025-10-28,paid_social,mobile,294,112,61.7,116.0,4.3,158,3,251.09,1.02
2025-10-28,paid_social,desktop,234,108,53.8,148.0,4.7,120,4,439.72,1.71
2025-10-28,paid_social,tablet,83,41,50.2,137.0,2.6,44,1,124.68,1.2
2025-10-28,direct,mobile,305,227,25.5,171.0,2.9,189,7,1374.66,2.3
2025-10-28,direct,desktop,191,138,27.6,171.0,1.9,97,7,861.07,3.66
2025-10-28,direct,tablet,44,31,28.7,85.0,4.7,32,1,172.3,2.27
2025-10-28,email,mobile,179,134,24.7,69.0,2.5,117,8,1115.26,4.47
2025-10-28,email,desktop,156,122,21.8,122.0,3.0,109,5,1051.73,3.21
2025-10-28,email,tablet,34,26,23.0,132.0,4.6,18,1,152.94,2.94
2025-10-28,referral,mobile,179,81,54.7,193.0,4.9,92,3,318.27,1.68
2025-10-28,referral,desktop,118,61,48.3,141.0,3.3,93,2,288.18,1.69
2025-10-28,referral,tablet,28,14,46.9,107.0,2.0,19,0,0.0,0.0
2025-10-28,organic_social,mobile,105,37,64.0,93.0,1.4,61,1,217.96,0.95
2025-10-28,organic_social,desktop,70,24,64.7,95.0,1.8,37,0,0.0,0.0
2025-10-28,organic_social,tablet,22,9,55.3,107.0,5.0,12,0,0.0,0.0
2025-10-29,organic_search,mobile,753,445,40.9,225.0,4.8,564,15,2898.88,1.99
2025-10-29,organic_search,desktop,459,276,39.8,96.0,5.2,250,10,1193.46,2.18
2025-10-29,organic_search,tablet,122,60,50.8,154.0,2.6,95,2,368.78,1.64
2025-10-29,paid_search,mobile,495,324,34.5,107.0,5.1,293,17,2151.4,3.43
2025-10-29,paid_search,desktop,365,219,39.8,152.0,2.9,186,11,1359.24,3.01
2025-10-29,paid_search,tablet,88,53,39.0,54.0,3.6,45,1,170.99,1.14
2025-10-29,paid_social,mobile,598,228,61.8,191.0,3.9,456,11,1074.8,1.84
2025-10-29,paid_social,desktop,308,142,53.7,74.0,4.4,171,5,718.89,1.62
2025-10-29,paid_social,tablet,103,39,61.4,45.0,3.6,68,1,115.42,0.97
2025-10-29,direct,mobile,459,302,34.1,78.0,1.9,297,15,2612.5,3.27
2025-10-29,direct,desktop,276,181,34.4,206.0,5.0,208,10,2084.23,3.62
2025-10-29,direct,tablet,76,56,25.5,202.0,2.2,48,2,221.44,2.63
2025-10-29,email,mobile,196,153,21.9,197.0,3.2,109,7,1275.53,3.57
2025-10-29,email,desktop,154,115,25.0,79.0,4.7,110,8,1357.07,5.19
2025-10-29,email,tablet,61,45,25.8,173.0,4.3,39,2,397.32,3.28
2025-10-29,referral,mobile,227,109,51.9,195.0,4.3,138,5,645.03,2.2
2025-10-29,referral,desktop,150,72,51.4,60.0,1.6,110,2,237.18,1.33
2025-10-29,referral,tablet,32,15,50.3,214.0,3.3,17,0,0.0,0.0
2025-10-29,organic_social,mobile,124,57,53.5,54.0,1.3,64,1,145.29,0.81
2025-10-29,organic_social,desktop,96,43,54.6,145.0,1.9,73,1,151.83,1.04
2025-10-29,organic_social,tablet,24,9,58.4,130.0,3.9,17,0,0.0,0.0
2025-10-30,organic_search,mobile,545,307,43.5,185.0,3.0,307,12,2626.74,2.2
2025-10-30,organic_search,desktop,351,169,51.7,72.0,4.1,200,9,1632.72,2.56
2025-10-30,organic_search,tablet,144,71,50.6,128.0,4.4,91,3,619.42,2.08
2025-10-30,paid_search,mobile,432,259,39.9,173.0,3.6,336,12,1087.18,2.78
2025-10-30,paid_search,desktop,263,165,37.2,213.0,5.1,161,7,1034.74,2.66
2025-10-30,paid_search,tablet,107,69,35.0,144.0,4.9,85,3,620.76,2.8
2025-10-30,paid_social,mobile,527,231,56.0,184.0,1.3,303,8,1520.8,1.52
2025-10-30,paid_social,desktop,226,91,59.6,176.0,3.4,123,3,285.5,1.33
2025-10-30,paid_social,tablet,108,50,53.5,50.0,2.5,56,1,171.25,0.93
2025-10-30,direct,mobile,470,338,28.0,234.0,2.3,327,19,2633.7,4.04
2025-10-30,direct,desktop,332,235,29.0,140.0,3.4,213,9,1417.72,2.71
2025-10-30,direct,tablet,64,44,30.1,140.0,5.3,33,1,161.61,1.56
2025-10-30,email,mobile,316,240,23.9,243.0,1.9,241,14,2997.01,4.43
2025-10-30,email,desktop,163,127,21.8,83.0,3.4,127,5,419.99,3.07
2025-10-30,email,tablet,59,44,25.2,64.0,4.4,39,2,167.96,3.39
2025-10-30,referral,mobile,148,65,55.4,178.0,2.5,105,2,394.38,1.35
2025-10-30,referral,desktop,158,73,53.7,120.0,2.4,92,2,325.72,1.27
2025-10-30,referral,tablet,34,17,47.2,100.0,2.7,26,0,0.0,0.0
2025-10-30,organic_social,mobile,150,48,67.7,75.0,4.2,95,1,129.78,0.67
2025-10-30,organic_social,desktop,95,33,64.4,79.0,4.0,51,0,0.0,0.0
2025-10-30,organic_social,tablet,32,14,55.5,200.0,3.2,22,0,0.0,0.0
2025-10-31,organic_search,mobile,571,279,51.0,84.0,2.0,304,13,1221.88,2.28
2025-10-31,organic_search,desktop,435,250,42.5,159.0,3.8,250,10,910.93,2.3
2025-10-31,organic_search,tablet,130,74,42.4,205.0,1.9,99,2,350.54,1.54
2025-10-31,paid_search,mobile,582,342,41.1,59.0,5.2,444,20,4073.62,3.44
2025-10-31,paid_search,desktop,254,164,35.2,111.0,1.5,186,8,1599.04,3.15
2025-10-31,paid_search,tablet,96,56,41.0,117.0,3.2,74,2,389.25,2.08
2025-10-31,paid_social,mobile,390,170,56.4,117.0,4.2,251,8,1414.28,2.05
2025-10-31,paid_social,desktop,342,163,52.3,127.0,4.7,184,4,434.56,1.17
2025-10-31,paid_social,tablet,80,38,52.2,118.0,1.5,63,1,156.12,1.25
2025-10-31,direct,mobile,488,361,26.0,63.0,4.5,274,12,1384.45,2.46
2025-10-31,direct,desktop,322,222,31.0,77.0,1.9,181,11,1052.66,3.42
2025-10-31,direct,tablet,57,40,28.4,113.0,3.2,38,2,201.02,3.51
2025-10-31,email,mobile,231,171,25.9,217.0,1.5,180,7,1174.86,3.03
2025-10-31,email,desktop,197,141,28.4,145.0,2.0,142,7,1479.56,3.55
2025-10-31,email,tablet,55,39,28.2,250.0,5.0,41,2,336.19,3.64
2025-10-31,referral,mobile,236,105,55.2,215.0,4.2,133,4,328.71,1.69
2025-10-31,referral,desktop,140,72,48.0,48.0,5.0,109,2,318.47,1.43
2025-10-31,referral,tablet,41,23,43.3,197.0,1.5,27,0,0.0,0.0
2025-10-31,organic_social,mobile,153,70,53.9,114.0,2.3,78,1,210.39,0.65
2025-10-31,organic_social,desktop,63,27,55.6,82.0,4.0,40,0,0.0,0.0
2025-10-31,organic_social,tablet,29,9,67.6,48.0,3.9,17,0,0.0,0.0
2025-11-01,organic_search,mobile,749,423,43.4,167.0,5.0,577,14,1133.84,1.87
2025-11-01,organic_search,desktop,553,290,47.5,179.0,2.4,308,13,1998.09,2.35
2025-11-01,organic_search,tablet,92,50,44.7,198.0,1.9,49,1,144.44,1.09
2025-11-01,paid_search,mobile,465,310,33.2,144.0,4.3,249,13,2148.1,2.8
2025-11-01,paid_search,desktop,316,198,37.1,61.0,1.7,171,9,806.55,2.85
2025-11-01,paid_search,tablet,70,44,35.7,55.0,3.1,54,2,313.64,2.86
2025-11-01,paid_social,mobile,569,272,52.0,72.0,1.5,390,10,1778.05,1.76
2025-11-01,paid_social,desktop,359,160,55.2,155.0,4.8,237,7,1264.62,1.95
2025-11-01,paid_social,tablet,66,28,56.1,125.0,4.1,47,1,127.71,1.52
2025-11-01,direct,mobile,332,240,27.6,207.0,1.8,198,12,1615.82,3.61
2025-11-01,direct,desktop,241,170,29.4,81.0,3.6,155,9,743.3,3.73
2025-11-01,direct,tablet,95,70,26.0,253.0,5.5,55,2,377.8,2.11
2025-11-01,email,mobile,290,207,28.4,124.0,4.4,193,15,1447.42,5.17
2025-11-01,email,desktop,182,137,24.5,101.0,4.3,135,9,801.26,4.95
2025-11-01,email,tablet,64,48,23.5,106.0,3.4,37,2,232.35,3.12
2025-11-01,referral,mobile,150,85,43.3,206.0,3.6,92,2,388.9,1.33
2025-11-01,referral,desktop,105,59,43.1,117.0,2.9,76,2,266.88,1.9
2025-11-01,referral,tablet,38,16,56.6,144.0,4.7,27,0,0.0,0.0
2025-11-01,organic_social,mobile,177,79,54.8,68.0,4.2,137,2,422.81,1.13
2025-11-01,organic_social,desktop,80,32,59.0,123.0,2.2,52,1,159.3,1.25
2025-11-01,organic_social,tablet,23,9,59.5,46.0,3.3,18,0,0.0,0.0
2025-11-02,organic_search,mobile,665,400,39.7,217.0,4.9,464,11,1508.56,1.65
2025-11-02,organic_search,desktop,556,337,39.2,210.0,1.7,375,12,2291.62,2.16
2025-11-02,organic_search,tablet,137,80,41.2,116.0,1.8,91,2,165.8,1.46
2025-11-02,paid_search,mobile,467,298,36.2,219.0,3.9,255,13,2734.98,2.78
2025-11-02,paid_search,desktop,261,166,36.4,54.0,2.1,164,8,1451.99,3.07
2025-11-02,paid_search,tablet,91,56,37.5,218.0,1.7,53,2,324.6,2.2
2025-11-02,paid_social,mobile,425,188,55.7,200.0,2.0,256,9,1753.09,2.12
2025-11-02,paid_social,desktop,272,120,55.8,97.0,3.6,176,5,690.77,1.84
2025-11-02,paid_social,tablet,107,56,47.6,204.0,4.5,58,2,353.97,1.87
2025-11-02,direct,mobile,447,308,30.9,73.0,3.9,303,17,3695.44,3.8
2025-11-02,direct,desktop,184,126,31.4,203.0,1.5,135,6,1129.31,3.26
2025-11-02,direct,tablet,92,63,31.2,233.0,5.2,53,3,327.42,3.26
2025-11-02,email,mobile,249,182,26.6,112.0,1.5,185,9,1966.77,3.61
2025-11-02,email,desktop,127,90,28.6,202.0,4.3,78,5,707.51,3.94
2025-11-02,email,tablet,41,29,27.6,127.0,3.8,32,2,438.56,4.88
2025-11-02,referral,mobile,182,83,54.4,170.0,3.9,112,4,423.86,2.2
2025-11-02,referral,desktop,157,69,55.5,82.0,2.3,115,4,628.04,2.55
2025-11-02,referral,tablet,32,17,45.7,61.0,3.5,21,0,0.0,0.0
2025-11-02,organic_social,mobile,131,53,59.0,125.0,4.8,104,1,121.42,0.76
2025-11-02,organic_social,desktop,65,21,67.3,97.0,4.4,41,0,0.0,0.0
2025-11-02,organic_social,tablet,17,5,67.8,109.0,1.3,9,0,0.0,0.0
2025-11-03,organic_search,mobile,398,203,49.0,213.0,3.8,310,10,1205.08,2.51
2025-11-03,organic_search,desktop,279,139,49.9,192.0,4.4,210,8,1644.79,2.87
2025-11-03,organic_search,tablet,116,64,44.0,98.0,4.7,92,2,180.19,1.72
2025-11-03,paid_search,mobile,393,245,37.6,142.0,4.1,228,11,1728.42,2.8
2025-11-03,paid_search,desktop,247,155,36.9,155.0,3.6,141,7,1342.27,2.83
2025-11-03,paid_search,tablet,71,45,36.2,84.0,4.0,48,2,170.59,2.82
2025-11-03,paid_social,mobile,419,219,47.5,189.0,2.0,308,9,1893.02,2.15
2025-11-03,paid_social,desktop,210,106,49.3,198.0,4.5,107,2,173.2,0.95
2025-11-03,paid_social,tablet,76,37,50.9,127.0,2.0,38,1,158.68,1.32
2025-11-03,direct,mobile,276,195,29.1,129.0,5.3,214,9,1234.34,3.26
2025-11-03,direct,desktop,184,121,34.0,116.0,2.1,130,4,327.13,2.17
2025-11-03,direct,tablet,60,39,34.3,103.0,1.6,34,2,270.53,3.33
2025-11-03,email,mobile,166,120,27.5,186.0,1.6,84,6,1054.3,3.61
2025-11-03,email,desktop,126,90,28.2,61.0,2.9,65,5,999.82,3.97
2025-11-03,email,tablet,33,25,23.4,224.0,1.5,21,1,194.54,3.03
2025-11-03,referral,mobile,109,48,55.5,214.0,2.3,61,2,187.21,1.83
2025-11-03,referral,desktop,95,47,49.8,97.0,2.6,67,1,183.23,1.05
2025-11-03,referral,tablet,27,14,46.8,102.0,4.6,16,0,0.0,0.0
2025-11-03,organic_social,mobile,132,43,67.3,125.0,4.1,100,1,172.83,0.76
2025-11-03,organic_social,desktop,70,27,61.0,143.0,1.5,49,0,0.0,0.0
2025-11-03,organic_social,tablet,15,6,53.5,172.0,3.5,9,0,0.0,0.0
2025-11-04,organic_search,mobile,458,262,42.8,90.0,4.9,333,11,1406.72,2.4
2025-11-04,organic_search,desktop,355,197,44.2,73.0,5.0,277,10,1025.43,2.82
2025-11-04,organic_search,tablet,103,57,44.5,190.0,3.8,79,3,550.71,2.91
2025-11-04,paid_search,mobile,365,236,35.3,61.0,5.2,281,12,1549.01,3.29
2025-11-04,paid_search,desktop,185,106,42.2,79.0,2.1,108,5,753.55,2.7
2025-11-04,paid_search,tablet,77,47,37.8,117.0,2.1,48,2,385.69,2.6
2025-11-04,paid_social,mobile,417,199,52.1,62.0,2.4,298,6,577.26,1.44
2025-11-04,paid_social,desktop,241,95,60.4,66.0,4.6,122,4,677.11,1.66
2025-11-04,paid_social,tablet,86,34,60.0,117.0,4.2,67,1,217.97,1.16
2025-11-04,direct,mobile,308,212,31.1,88.0,2.6,163,11,1778.52,3.57
2025-11-04,direct,desktop,189,137,27.2,140.0,1.8,135,5,480.79,2.65
2025-11-04,direct,tablet,69,49,28.3,135.0,4.7,50,2,324.91,2.9
2025-11-04,email,mobile,260,186,28.3,63.0,2.2,153,12,2493.09,4.62
2025-11-04,email,desktop,154,120,21.6,241.0,1.6,105,7,1217.1,4.55
2025-11-04,email,tablet,28,21,21.7,94.0,5.1,16,1,111.13,3.57
2025-11-04,referral,mobile,174,82,52.6,161.0,4.0,112,2,305.48,1.15
2025-11-04,referral,desktop,83,35,56.7,187.0,1.9,53,1,176.89,1.2
2025-11-04,referral,tablet,27,13,51.1,164.0,3.6,19,0,0.0,0.0
2025-11-04,organic_social,mobile,85,36,57.1,78.0,4.5,46,1,88.08,1.18
2025-11-04,organic_social,desktop,52,18,64.0,177.0,3.8,39,0,0.0,0.0
2025-11-04,organic_social,tablet,18,7,56.2,108.0,2.8,12,0,0.0,0.0
2025-11-05,organic_search,mobile,853,417,51.1,117.0,1.8,569,23,1955.81,2.7
2025-11-05,organic_search,desktop,410,212,48.2,74.0,1.7,296,10,1056.01,2.44
2025-11-05,organic_search,tablet,112,62,44.2,55.0,2.7,59,2,344.52,1.79
2025-11-05,paid_search,mobile,401,267,33.2,143.0,2.3,278,12,2125.98,2.99
2025-11-05,paid_search,desktop,287,181,36.6,228.0,2.0,196,11,2157.22,3.83
2025-11-05,paid_search,tablet,88,51,41.6,107.0,1.6,63,2,366.2,2.27
2025-11-05,paid_social,mobile,525,204,61.0,194.0,3.6,345,7,1510.25,1.33
2025-11-05,paid_social,desktop,295,152,48.3,111.0,2.0,170,6,643.91,2.03
2025-11-05,paid_social,tablet,84,35,58.2,181.0,4.2,45,1,88.16,1.19
2025-11-05,direct,mobile,356,262,26.3,235.0,5.0,191,12,2587.46,3.37
2025-11-05,direct,desktop,325,241,25.7,157.0,4.4,225,13,1585.14,4.0
2025-11-05,direct,tablet,67,44,32.9,124.0,1.8,40,2,396.24,2.99
2025-11-05,email,mobile,274,212,22.3,54.0,3.7,147,11,1898.49,4.01
2025-11-05,email,desktop,137,104,24.1,208.0,2.8,106,4,640.38,2.92
2025-11-05,email,tablet,56,39,28.7,208.0,3.0,28,2,289.03,3.57
2025-11-05,referral,mobile,159,86,45.6,150.0,1.7,91,3,538.88,1.89
2025-11-05,referral,desktop,95,53,43.7,189.0,2.9,53,1,152.77,1.05
2025-11-05,referral,tablet,33,17,47.4,48.0,1.4,19,0,0.0,0.0
2025-11-05,organic_social,mobile,160,64,59.8,49.0,4.8,106,1,166.39,0.62
2025-11-05,organic_social,desktop,104,42,58.7,103.0,1.9,80,1,103.57,0.96
2025-11-05,organic_social,tablet,22,9,58.2,140.0,3.4,11,0,0.0,0.0
2025-11-06,organic_search,mobile,761,399,47.4,205.0,3.0,431,23,2753.42,3.02
2025-11-06,organic_search,desktop,479,293,38.7,126.0,1.9,307,14,1248.15,2.92
2025-11-06,organic_search,tablet,159,95,40.2,228.0,2.4,108,3,323.12,1.89
2025-11-06,paid_search,mobile,480,285,40.5,111.0,2.6,352,16,3429.55,3.33
2025-11-06,paid_search,desktop,278,165,40.6,180.0,2.0,167,10,2001.74,3.6
2025-11-06,paid_search,tablet,73,43,40.9,235.0,2.6,56,2,304.16,2.74
2025-11-06,paid_social,mobile,400,149,62.5,60.0,2.7,315,6,1157.25,1.5
2025-11-06,paid_social,desktop,279,112,59.6,143.0,3.3,179,4,658.98,1.43
2025-11-06,paid_social,tablet,73,38,47.0,188.0,4.9,40,1,178.84,1.37
2025-11-06,direct,mobile,509,368,27.6,80.0,1.6,306,18,2093.57,3.54
2025-11-06,direct,desktop,336,236,29.8,92.0,1.6,247,8,1395.61,2.38
2025-11-06,direct,tablet,72,47,34.3,245.0,4.9,42,2,240.8,2.78
2025-11-06,email,mobile,240,179,25.0,98.0,1.6,158,10,1610.1,4.17
2025-11-06,email,desktop,186,133,28.4,115.0,1.6,93,8,815.07,4.3
2025-11-06,email,tablet,49,36,26.2,90.0,5.1,37,2,337.39,4.08
2025-11-06,referral,mobile,181,89,50.3,104.0,5.0,139,3,424.94,1.66
2025-11-06,referral,desktop,110,53,51.7,195.0,3.0,57,1,184.35,0.91
2025-11-06,referral,tablet,36,20,43.3,211.0,2.8,20,0,0.0,0.0
2025-11-06,organic_social,mobile,173,56,67.2,188.0,2.8,132,1,200.86,0.58
2025-11-06,organic_social,desktop,84,40,52.0,139.0,1.8,53,1,211.04,1.19
2025-11-06,organic_social,tablet,19,7,61.5,50.0,4.3,14,0,0.0,0.0
2025-11-07,organic_search,mobile,599,306,48.8,89.0,4.7,471,14,2161.03,2.34
2025-11-07,organic_search,desktop,478,285,40.3,134.0,4.0,249,12,1468.14,2.51
2025-11-07,organic_search,tablet,102,52,48.4,94.0,4.8,76,1,164.26,0.98
2025-11-07,paid_search,mobile,688,458,33.4,224.0,2.9,541,28,2802.51,4.07
2025-11-07,paid_search,desktop,245,146,40.2,183.0,4.0,194,10,1771.41,4.08
2025-11-07,paid_search,tablet,113,70,38.0,80.0,1.6,82,3,566.34,2.65
2025-11-07,paid_social,mobile,456,226,50.3,64.0,2.9,231,9,1813.22,1.97
2025-11-07,paid_social,desktop,376,199,46.9,153.0,4.4,203,6,1238.3,1.6
2025-11-07,paid_social,tablet,69,32,52.6,56.0,5.0,40,1,102.87,1.45
2025-11-07,direct,mobile,443,303,31.4,91.0,1.7,274,11,1751.49,2.48
2025-11-07,direct,desktop,308,202,34.2,238.0,3.1,167,10,2042.48,3.25
2025-11-07,direct,tablet,66,46,29.0,184.0,3.6,37,2,340.51,3.03
2025-11-07,email,mobile,252,190,24.4,104.0,2.6,165,11,1097.86,4.37
2025-11-07,email,desktop,202,146,27.6,102.0,5.0,104,9,1662.69,4.46
2025-11-07,email,tablet,51,39,21.9,190.0,1.5,28,2,173.24,3.92
2025-11-07,referral,mobile,221,117,47.0,143.0,4.9,137,5,468.69,2.26
2025-11-07,referral,desktop,109,46,57.0,201.0,1.3,73,2,355.67,1.83
2025-11-07,referral,tablet,39,19,48.8,103.0,2.5,20,0,0.0,0.0
2025-11-07,organic_social,mobile,175,84,51.6,70.0,3.1,102,2,309.2,1.14
2025-11-07,organic_social,desktop,103,35,65.8,52.0,2.5,64,1,140.83,0.97
2025-11-07,organic_social,tablet,24,9,59.2,116.0,2.6,13,0,0.0,0.0
2025-11-08,organic_search,mobile,748,450,39.8,64.0,1.6,393,13,2154.95,1.74
2025-11-08,organic_search,desktop,552,333,39.7,210.0,3.7,301,16,3019.56,2.9
2025-11-08,organic_search,tablet,145,78,45.9,74.0,2.4,115,3,495.68,2.07
2025-11-08,paid_search,mobile,673,428,36.4,118.0,3.6,461,27,2423.26,4.01
2025-11-08,paid_search,desktop,414,245,40.7,162.0,1.3,283,14,3029.74,3.38
2025-11-08,paid_search,tablet,115,65,42.8,71.0,4.9,90,3,261.68,2.61
2025-11-08,paid_social,mobile,415,174,57.9,51.0,4.8,266,7,1152.28,1.69
2025-11-08,paid_social,desktop,366,163,55.3,99.0,3.1,269,7,1180.2,1.91
2025-11-08,paid_social,tablet,77,31,59.7,188.0,3.2,59,1,81.16,1.3
2025-11-08,direct,mobile,291,194,33.3,170.0,3.8,218,11,1898.05,3.78
2025-11-08,direct,desktop,340,239,29.7,131.0,2.1,171,12,1265.13,3.53
2025-11-08,direct,tablet,85,60,28.3,217.0,3.1,63,3,446.34,3.53
2025-11-08,email,mobile,333,250,24.8,131.0,3.4,241,17,2062.72,5.11
2025-11-08,email,desktop,164,128,21.9,190.0,2.1,126,4,808.73,2.44
2025-11-08,email,tablet,56,40,27.0,178.0,4.4,33,2,370.85,3.57
2025-11-08,referral,mobile,196,111,43.0,171.0,4.6,130,3,599.69,1.53
2025-11-08,referral,desktop,117,52,54.7,150.0,1.4,70,1,176.13,0.85
2025-11-08,referral,tablet,35,19,43.0,98.0,5.1,22,0,0.0,0.0
2025-11-08,organic_social,mobile,174,60,65.5,89.0,2.5,102,1,211.14,0.57
2025-11-08,organic_social,desktop,84,40,52.3,129.0,1.5,58,1,91.47,1.19
2025-11-08,organic_social,tablet,24,11,51.0,208.0,3.6,17,0,0.0,0.0
2025-11-09,organic_search,mobile,540,324,40.0,67.0,3.2,282,10,2121.12,1.85
2025-11-09,organic_search,desktop,505,285,43.4,128.0,1.8,301,13,1170.4,2.57
2025-11-09,organic_search,tablet,101,55,44.8,215.0,4.3,73,3,406.87,2.97
2025-11-09,paid_search,mobile,642,382,40.4,120.0,2.4,481,16,3157.91,2.49
2025-11-09,paid_search,desktop,374,242,35.2,54.0,3.5,294,14,2176.13,3.74
2025-11-09,paid_search,tablet,79,50,35.7,65.0,3.2,58,2,221.69,2.53
2025-11-09,paid_social,mobile,417,173,58.5,139.0,3.2,236,7,768.02,1.68
2025-11-09,paid_social,desktop,223,103,53.5,167.0,3.9,173,3,358.79,1.35
2025-11-09,paid_social,tablet,64,24,61.8,206.0,1.5,47,1,172.33,1.56
2025-11-09,direct,mobile,435,317,27.0,104.0,3.8,279,17,2213.58,3.91
2025-11-09,direct,desktop,208,141,32.1,109.0,3.1,119,6,893.29,2.88
2025-11-09,direct,tablet,74,54,26.9,127.0,4.8,47,2,219.71,2.7
2025-11-09,email,mobile,262,195,25.5,221.0,2.4,197,12,1458.95,4.58
2025-11-09,email,desktop,210,156,25.7,222.0,1.7,154,8,1103.97,3.81
2025-11-09,email,tablet,38,27,27.4,208.0,2.2,27,1,151.88,2.63
2025-11-09,referral,mobile,215,119,44.2,64.0,3.9,159,4,749.04,1.86
2025-11-09,referral,desktop,111,57,48.2,220.0,4.0,57,1,106.18,0.9
2025-11-09,referral,tablet,43,23,44.2,138.0,3.4,22,1,143.25,2.33
2025-11-09,organic_social,mobile,151,56,62.8,120.0,3.8,90,1,204.29,0.66
2025-11-09,organic_social,desktop,109,35,67.8,77.0,3.5,57,1,183.03,0.92
2025-11-09,organic_social,tablet,30,10,64.0,71.0,2.9,19,0,0.0,0.0
2025-11-10,organic_search,mobile,617,335,45.7,165.0,4.2,396,15,2697.3,2.43
2025-11-10,organic_search,desktop,372,180,51.4,146.0,1.9,204,7,611.26,1.88
2025-11-10,organic_search,tablet,103,57,43.9,93.0,3.0,52,1,158.63,0.97
2025-11-10,paid_search,mobile,304,199,34.5,118.0,1.9,237,11,2096.57,3.62
2025-11-10,paid_search,desktop,307,202,34.2,229.0,5.1,161,8,680.85,2.61
2025-11-10,paid_search,tablet,59,38,34.6,101.0,2.9,30,1,211.68,1.69
2025-11-10,paid_social,mobile,399,194,51.1,52.0,2.0,260,6,1300.78,1.5
2025-11-10,paid_social,desktop,245,101,58.5,91.0,4.3,148,3,405.5,1.22
2025-11-10,paid_social,tablet,57,24,56.9,91.0,4.3,45,0,0.0,0.0
2025-11-10,direct,mobile,220,160,27.2,144.0,2.0,141,8,732.77,3.64
2025-11-10,direct,desktop,139,101,26.9,127.0,2.0,103,4,430.82,2.88
2025-11-10,direct,tablet,56,40,28.3,156.0,3.6,44,1,114.16,1.79
2025-11-10,email,mobile,222,165,25.2,156.0,5.1,159,6,942.02,2.7
2025-11-10,email,desktop,129,99,23.0,128.0,4.3,76,6,721.03,4.65
2025-11-10,email,tablet,32,24,24.6,84.0,2.4,25,1,211.86,3.12
2025-11-10,referral,mobile,154,88,42.6,151.0,2.7,85,3,358.49,1.95
2025-11-10,referral,desktop,97,52,45.7,165.0,4.9,61,1,192.38,1.03
2025-11-10,referral,tablet,26,14,43.5,113.0,2.9,14,0,0.0,0.0
2025-11-10,organic_social,mobile,125,53,57.1,137.0,3.0,83,1,134.65,0.8
2025-11-10,organic_social,desktop,80,38,51.5,113.0,3.5,54,1,132.62,1.25
2025-11-10,organic_social,tablet,14,5,62.4,121.0,3.7,10,0,0.0,0.0
2025-11-11,organic_search,mobile,583,319,45.3,228.0,4.5,366,11,1922.33,1.89
2025-11-11,organic_search,desktop,320,156,51.1,70.0,1.6,187,5,815.05,1.56
2025-11-11,organic_search,tablet,78,47,38.9,180.0,4.4,40,2,393.86,2.56
2025-11-11,paid_search,mobile,356,217,39.0,52.0,2.3,221,14,2505.5,3.93
2025-11-11,paid_search,desktop,281,168,39.9,194.0,4.0,158,9,809.23,3.2
2025-11-11,paid_search,tablet,74,47,35.2,53.0,3.1,37,2,220.46,2.7
2025-11-11,paid_social,mobile,269,134,49.9,137.0,3.9,138,5,1059.97,1.86
2025-11-11,paid_social,desktop,277,127,54.1,64.0,3.0,183,4,769.51,1.44
2025-11-11,paid_social,tablet,72,29,58.4,209.0,1.3,44,1,198.67,1.39
2025-11-11,direct,mobile,292,197,32.3,65.0,5.1,226,8,656.88,2.74
2025-11-11,direct,desktop,168,111,33.9,99.0,1.8,92,7,1235.24,4.17
2025-11-11,direct,tablet,46,30,32.8,204.0,3.1,25,1,174.92,2.17
2025-11-11,email,mobile,203,157,22.3,253.0,4.8,141,10,1928.84,4.93
2025-11-11,email,desktop,121,90,25.0,228.0,4.3,95,4,697.19,3.31
2025-11-11,email,tablet,48,35,26.5,61.0,4.9,33,2,251.65,4.17
2025-11-11,referral,mobile,184,105,42.5,131.0,3.1,93,4,470.23,2.17
2025-11-11,referral,desktop,111,62,43.8,98.0,3.8,86,2,319.88,1.8
2025-11-11,referral,tablet,30,16,45.0,183.0,2.1,21,0,0.0,0.0
2025-11-11,organic_social,mobile,80,28,64.7,125.0,2.1,56,0,0.0,0.0
2025-11-11,organic_social,desktop,57,26,52.7,54.0,4.8,31,0,0.0,0.0
2025-11-11,organic_social,tablet,21,10,51.4,144.0,2.3,13,0,0.0,0.0
2025-11-12,organic_search,mobile,485,240,50.5,222.0,4.8,338,14,1168.94,2.89
2025-11-12,organic_search,desktop,409,203,50.2,172.0,4.4,304,12,1667.79,2.93
2025-11-12,organic_search,tablet,160,81,49.1,100.0,2.2,94,4,770.27,2.5
2025-11-12,paid_search,mobile,564,343,39.0,160.0,2.4,291,16,2359.23,2.84
2025-11-12,paid_search,desktop,267,162,39.3,146.0,1.5,209,10,1423.91,3.75
2025-11-12,paid_search,tablet,121,75,37.9,138.0,4.1,72,4,564.7,3.31
2025-11-12,paid_social,mobile,608,302,50.3,107.0,3.8,394,13,2727.17,2.14
2025-11-12,paid_social,desktop,330,166,49.6,64.0,4.3,254,6,908.68,1.82
2025-11-12,paid_social,tablet,63,25,60.1,117.0,2.8,35,1,87.06,1.59
2025-11-12,direct,mobile,377,263,30.0,171.0,2.4,206,13,1305.53,3.45
2025-11-12,direct,desktop,235,161,31.2,226.0,2.2,150,10,1954.37,4.26
2025-11-12,direct,tablet,72,50,29.6,119.0,3.3,43,2,396.14,2.78
2025-11-12,email,mobile,249,184,25.9,246.0,3.2,138,13,2650.53,5.22
2025-11-12,email,desktop,123,96,21.6,193.0,3.7,97,5,654.23,4.07
2025-11-12,email,tablet,56,39,28.6,156.0,3.4,36,2,252.86,3.57
2025-11-12,referral,mobile,233,109,53.2,75.0,2.9,180,3,486.47,1.29
2025-11-12,referral,desktop,91,39,56.9,125.0,4.6,50,1,104.58,1.1
2025-11-12,referral,tablet,24,12,48.8,56.0,3.3,13,0,0.0,0.0
2025-11-12,organic_social,mobile,131,41,68.4,97.0,3.7,99,2,435.9,1.53
2025-11-12,organic_social,desktop,87,35,59.5,140.0,2.9,62,1,150.4,1.15
2025-11-12,organic_social,tablet,30,12,59.2,137.0,3.0,23,0,0.0,0.0
2025-11-13,organic_search,mobile,559,298,46.7,106.0,3.0,430,9,1285.67,1.61
2025-11-13,organic_search,desktop,483,260,46.1,226.0,4.7,344,10,2179.34,2.07
2025-11-13,organic_search,tablet,131,78,40.0,156.0,1.7,96,4,619.0,3.05
2025-11-13,paid_search,mobile,623,403,35.2,220.0,3.5,472,16,2655.25,2.57
2025-11-13,paid_search,desktop,312,191,38.6,68.0,2.1,239,9,1126.96,2.88
2025-11-13,paid_search,tablet,100,57,42.1,138.0,3.1,76,3,368.07,3.0
2025-11-13,paid_social,mobile,582,267,54.0,98.0,2.8,313,10,1978.14,1.72
2025-11-13,paid_social,desktop,360,134,62.8,174.0,4.1,260,5,1058.53,1.39
2025-11-13,paid_social,tablet,114,54,52.3,63.0,1.7,57,2,432.65,1.75
2025-11-13,direct,mobile,508,375,26.2,176.0,3.9,400,18,3173.29,3.54
2025-11-13,direct,desktop,254,175,31.1,112.0,4.4,150,9,1067.58,3.54
2025-11-13,direct,tablet,69,45,34.4,217.0,2.2,39,1,123.79,1.45
2025-11-13,email,mobile,241,179,25.6,131.0,3.5,138,7,1418.19,2.9
2025-11-13,email,desktop,139,99,28.5,72.0,3.2,92,7,830.79,5.04
2025-11-13,email,tablet,57,40,28.1,69.0,3.5,37,2,332.53,3.51
2025-11-13,referral,mobile,228,125,44.9,124.0,3.9,123,5,800.65,2.19
2025-11-13,referral,desktop,129,60,53.3,155.0,2.9,84,3,427.6,2.33
2025-11-13,referral,tablet,38,17,52.9,59.0,4.1,20,0,0.0,0.0
2025-11-13,organic_social,mobile,175,60,65.7,126.0,2.0,94,2,387.9,1.14
2025-11-13,organic_social,desktop,117,49,58.0,191.0,3.3,81,1,128.63,0.85
2025-11-13,organic_social,tablet,23,11,51.4,223.0,4.6,12,0,0.0,0.0
2025-11-14,organic_search,mobile,982,499,49.2,213.0,4.2,646,29,5607.31,2.95
2025-11-14,organic_search,desktop,336,194,42.0,125.0,1.7,266,8,989.63,2.38
2025-11-14,organic_search,tablet,105,63,39.2,149.0,2.7,81,2,334.03,1.9
2025-11-14,paid_search,mobile,548,351,35.8,143.0,2.4,295,22,4485.43,4.01
2025-11-14,paid_search,desktop,454,269,40.6,220.0,1.5,282,11,2020.24,2.42
2025-11-14,paid_search,tablet,103,60,41.5,120.0,4.7,81,2,202.39,1.94
2025-11-14,paid_social,mobile,559,283,49.4,112.0,4.1,289,12,1232.58,2.15
2025-11-14,paid_social,desktop,343,159,53.5,200.0,1.6,228,7,1095.24,2.04
2025-11-14,paid_social,tablet,110,55,49.2,168.0,3.3,77,2,406.16,1.82
2025-11-14,direct,mobile,395,290,26.5,141.0,2.2,220,14,2065.77,3.54
2025-11-14,direct,desktop,372,246,33.8,115.0,4.8,210,11,972.3,2.96
2025-11-14,direct,tablet,106,77,27.3,79.0,2.2,71,3,656.76,2.83
2025-11-14,email,mobile,355,260,26.5,216.0,2.0,203,15,2104.04,4.23
2025-11-14,email,desktop,225,172,23.4,216.0,4.1,156,7,1386.11,3.11
2025-11-14,email,tablet,60,43,26.7,106.0,3.1,39,2,402.31,3.33
2025-11-14,referral,mobile,250,127,49.0,226.0,4.3,147,5,996.59,2.0
2025-11-14,referral,desktop,103,48,52.9,172.0,1.5,82,2,296.9,1.94
2025-11-14,referral,tablet,38,18,51.0,185.0,1.5,29,0,0.0,0.0
2025-11-14,organic_social,mobile,137,51,62.3,176.0,2.4,83,1,148.41,0.73
2025-11-14,organic_social,desktop,104,49,52.2,163.0,3.3,70,1,189.41,0.96
2025-11-14,organic_social,tablet,23,7,68.0,52.0,1.8,13,0,0.0,0.0
2025-11-15,organic_search,mobile,852,464,45.5,157.0,1.8,447,15,2255.99,1.76
2025-11-15,organic_search,desktop,457,234,48.7,198.0,2.3,244,9,882.24,1.97
2025-11-15,organic_search,tablet,171,96,43.4,179.0,4.9,101,4,862.27,2.34
2025-11-15,paid_search,mobile,643,401,37.6,183.0,2.1,348,26,3846.27,4.04
2025-11-15,paid_search,desktop,292,178,38.8,62.0,4.5,223,11,2225.65,3.77
2025-11-15,paid_search,tablet,130,87,32.6,196.0,3.2,91,4,527.89,3.08
2025-11-15,paid_social,mobile,470,238,49.2,216.0,4.4,267,10,1806.31,2.13
2025-11-15,paid_social,desktop,388,170,56.0,178.0,1.7,260,6,1207.48,1.55
2025-11-15,paid_social,tablet,114,57,49.4,201.0,3.4,67,2,329.31,1.75
2025-11-15,direct,mobile,545,384,29.5,63.0,2.8,327,20,3211.95,3.67
2025-11-15,direct,desktop,209,153,26.4,157.0,3.4,145,7,875.65,3.35
2025-11-15,direct,tablet,99,71,27.5,205.0,3.0,57,3,474.02,3.03
2025-11-15,email,mobile,334,246,26.2,68.0,3.8,198,16,2394.46,4.79
2025-11-15,email,desktop,250,185,25.6,257.0,3.4,149,10,1866.78,4.0
2025-11-15,email,tablet,54,39,26.5,181.0,5.3,32,2,368.61,3.7
2025-11-15,referral,mobile,148,81,44.7,87.0,2.4,75,2,202.58,1.35
2025-11-15,referral,desktop,117,64,44.7,83.0,1.6,64,1,161.38,0.85
2025-11-15,referral,tablet,46,22,50.4,137.0,4.1,31,0,0.0,0.0
2025-11-15,organic_social,mobile,154,65,57.5,75.0,4.3,99,1,199.99,0.65
2025-11-15,organic_social,desktop,123,54,55.7,47.0,2.6,73,1,102.48,0.81
2025-11-15,organic_social,tablet,29,13,53.9,197.0,1.9,21,0,0.0,0.0
2025-11-16,organic_search,mobile,613,376,38.5,152.0,2.6,424,11,2136.03,1.79
2025-11-16,organic_search,desktop,445,225,49.3,47.0,3.3,273,12,1744.65,2.7
2025-11-16,organic_search,tablet,145,86,40.4,236.0,4.6,80,3,326.61,2.07
2025-11-16,paid_search,mobile,621,388,37.5,106.0,2.8,321,23,4221.94,3.7
2025-11-16,paid_search,desktop,400,236,41.0,74.0,4.8,202,12,2548.79,3.0
2025-11-16,paid_search,tablet,137,87,35.8,196.0,3.5,84,3,655.49,2.19
2025-11-16,paid_social,mobile,464,201,56.6,122.0,3.6,360,8,1207.25,1.72
2025-11-16,paid_social,desktop,440,173,60.5,138.0,4.8,292,6,688.18,1.36
2025-11-16,paid_social,tablet,75,29,61.0,147.0,2.1,47,1,113.43,1.33
2025-11-16,direct,mobile,382,264,30.9,63.0,3.9,259,11,1138.85,2.88
2025-11-16,direct,desktop,235,175,25.5,162.0,5.1,132,6,736.51,2.55
2025-11-16,direct,tablet,68,45,33.1,120.0,4.8,43,2,353.59,2.94
2025-11-16,email,mobile,375,284,24.3,197.0,2.0,288,18,1580.32,4.8
2025-11-16,email,desktop,246,187,23.7,183.0,2.9,183,10,1359.66,4.07
2025-11-16,email,tablet,39,28,26.8,60.0,4.7,27,1,214.8,2.56
2025-11-16,referral,mobile,257,142,44.4,101.0,3.7,203,4,368.17,1.56
2025-11-16,referral,desktop,114,59,47.6,172.0,1.8,87,2,168.58,1.75
2025-11-16,referral,tablet,36,15,55.6,108.0,4.3,24,0,0.0,0.0
2025-11-16,organic_social,mobile,121,39,67.1,132.0,1.4,88,1,205.7,0.83
2025-11-16,organic_social,desktop,68,32,52.8,120.0,2.8,42,0,0.0,0.0
2025-11-16,organic_social,tablet,21,7,63.6,200.0,4.6,15,0,0.0,0.0
2025-11-17,organic_search,mobile,698,366,47.5,129.0,2.4,356,20,2295.18,2.87
2025-11-17,organic_search,desktop,304,177,41.7,89.0,1.4,188,8,1023.8,2.63
2025-11-17,organic_search,tablet,119,63,46.7,55.0,3.0,74,3,481.01,2.52
2025-11-17,paid_search,mobile,548,329,39.8,208.0,1.5,392,15,2672.64,2.74
2025-11-17,paid_search,desktop,339,215,36.4,101.0,2.9,261,13,2554.58,3.83
2025-11-17,paid_search,tablet,98,57,41.5,59.0,3.0,75,4,361.67,4.08
2025-11-17,paid_social,mobile,416,157,62.2,95.0,3.7,261,5,916.05,1.2
2025-11-17,paid_social,desktop,229,89,60.9,67.0,1.9,150,3,335.87,1.31
2025-11-17,paid_social,tablet,54,28,48.0,171.0,4.7,35,0,0.0,0.0
2025-11-17,direct,mobile,282,189,32.7,190.0,2.1,145,7,1220.12,2.48
2025-11-17,direct,desktop,175,117,32.6,155.0,1.6,97,7,816.71,4.0
2025-11-17,direct,tablet,64,46,27.6,100.0,4.6,40,1,204.53,1.56
2025-11-17,email,mobile,254,193,23.9,79.0,5.1,153,11,1891.12,4.33
2025-11-17,email,desktop,169,126,25.4,70.0,2.5,95,5,648.7,2.96
2025-11-17,email,tablet,35,25,27.3,125.0,3.4,19,1,168.48,2.86
2025-11-17,referral,mobile,202,96,52.5,72.0,4.7,129,3,445.98,1.49
2025-11-17,referral,desktop,75,41,44.8,179.0,3.0,50,1,107.52,1.33
2025-11-17,referral,tablet,30,12,56.7,197.0,5.0,22,0,0.0,0.0
2025-11-17,organic_social,mobile,82,35,56.9,103.0,1.9,46,0,0.0,0.0
2025-11-17,organic_social,desktop,66,25,61.7,204.0,1.4,52,0,0.0,0.0
2025-11-17,organic_social,tablet,17,5,67.1,160.0,3.6,12,0,0.0,0.0
2025-11-18,organic_search,mobile,586,335,42.8,101.0,5.1,368,13,1293.65,2.22
2025-11-18,organic_search,desktop,407,234,42.4,196.0,2.9,321,11,1614.3,2.7
2025-11-18,organic_search,tablet,83,45,45.1,143.0,2.0,44,1,116.85,1.2
2025-11-18,paid_search,mobile,548,348,36.5,195.0,2.4,290,19,2795.5,3.47
2025-11-18,paid_search,desktop,292,176,39.5,217.0,4.2,233,11,2070.73,3.77
2025-11-18,paid_search,tablet,94,56,39.7,102.0,1.4,53,2,229.14,2.13
2025-11-18,paid_social,mobile,355,184,48.2,79.0,2.2,281,4,601.55,1.13
2025-11-18,paid_social,desktop,205,107,47.6,138.0,4.5,133,4,471.57,1.95
2025-11-18,paid_social,tablet,91,38,57.7,80.0,1.9,68,1,185.92,1.1
2025-11-18,direct,mobile,422,308,26.9,58.0,3.4,287,15,1555.85,3.55
2025-11-18,direct,desktop,212,143,32.5,163.0,3.5,134,6,1253.16,2.83
2025-11-18,direct,tablet,51,36,28.0,81.0,3.5,25,1,183.87,1.96
2025-11-18,email,mobile,183,133,27.3,162.0,2.9,137,6,717.63,3.28
2025-11-18,email,desktop,140,101,27.7,58.0,5.0,109,4,772.75,2.86
2025-11-18,email,tablet,50,36,27.9,77.0,1.8,29,2,425.09,4.0
2025-11-18,referral,mobile,163,89,45.0,217.0,2.4,88,4,465.9,2.45
2025-11-18,referral,desktop,115,65,43.3,90.0,4.5,89,2,421.67,1.74
2025-11-18,referral,tablet,25,11,54.2,125.0,2.2,16,0,0.0,0.0
2025-11-18,organic_social,mobile,96,33,65.4,46.0,2.1,63,1,90.24,1.04
2025-11-18,organic_social,desktop,78,31,60.1,138.0,3.7,59,1,175.36,1.28
2025-11-18,organic_social,tablet,14,4,66.0,179.0,3.4,7,0,0.0,0.0
2025-11-19,organic_search,mobile,615,302,50.9,80.0,3.4,486,14,1654.71,2.28
2025-11-19,organic_search,desktop,375,219,41.5,238.0,2.9,237,9,991.25,2.4
2025-11-19,organic_search,tablet,114,58,49.0,77.0,1.8,76,2,341.56,1.75
2025-11-19,paid_search,mobile,488,301,38.2,53.0,3.9,281,20,2836.93,4.1
2025-11-19,paid_search,desktop,486,316,35.0,243.0,2.4,356,19,1568.61,3.91
2025-11-19,paid_search,tablet,107,67,36.5,168.0,5.1,78,4,847.43,3.74
2025-11-19,paid_social,mobile,499,191,61.5,127.0,3.9,344,8,1699.72,1.6
2025-11-19,paid_social,desktop,395,198,49.7,159.0,2.1,265,8,1561.04,2.03
2025-11-19,paid_social,tablet,95,50,47.0,211.0,3.6,56,2,375.37,2.11
2025-11-19,direct,mobile,437,292,33.0,70.0,1.8,282,12,1214.49,2.75
2025-11-19,direct,desktop,329,218,33.5,127.0,2.6,167,11,1644.17,3.34
2025-11-19,direct,tablet,93,68,26.1,258.0,1.5,53,3,539.78,3.23
2025-11-19,email,mobile,226,162,28.2,84.0,2.7,156,9,1924.17,3.98
2025-11-19,email,desktop,166,119,28.2,124.0,2.2,122,6,995.59,3.61
2025-11-19,email,tablet,64,46,27.4,118.0,2.9,37,2,399.19,3.12
2025-11-19,referral,mobile,202,115,42.9,208.0,4.0,116,3,347.21,1.49
2025-11-19,referral,desktop,123,52,56.9,210.0,3.7,76,2,355.81,1.63
2025-11-19,referral,tablet,35,19,44.2,125.0,3.9,22,0,0.0,0.0
2025-11-19,organic_social,mobile,171,80,52.8,52.0,3.8,113,1,206.52,0.58
2025-11-19,organic_social,desktop,70,32,53.4,109.0,3.8,50,0,0.0,0.0
2025-11-19,organic_social,tablet,25,8,66.9,148.0,2.2,16,0,0.0,0.0
2025-11-20,organic_search,mobile,700,378,45.9,139.0,1.9,387,18,1820.24,2.57
2025-11-20,organic_search,desktop,551,272,50.6,148.0,4.6,429,13,2416.48,2.36
2025-11-20,organic_search,tablet,165,81,50.7,150.0,4.3,86,3,361.45,1.82
2025-11-20,paid_search,mobile,539,344,36.0,177.0,2.1,354,21,3870.32,3.9
2025-11-20,paid_search,desktop,271,177,34.7,158.0,4.7,171,10,1717.04,3.69
2025-11-20,paid_search,tablet,95,55,41.9,173.0,3.8,49,2,399.64,2.11
2025-11-20,paid_social,mobile,537,252,52.9,151.0,2.8,398,12,980.94,2.23
2025-11-20,paid_social,desktop,415,189,54.4,170.0,4.4,253,5,543.11,1.2
2025-11-20,paid_social,tablet,91,45,49.5,172.0,3.6,67,1,96.84,1.1
2025-11-20,direct,mobile,480,348,27.4,216.0,2.1,253,17,3513.66,3.54
2025-11-20,direct,desktop,368,249,32.2,144.0,4.9,198,15,3090.62,4.08
2025-11-20,direct,tablet,74,52,28.6,201.0,3.3,50,1,106.22,1.35
2025-11-20,email,mobile,323,249,22.8,54.0,2.5,210,17,1692.94,5.26
2025-11-20,email,desktop,154,112,27.1,199.0,4.9,102,5,1068.06,3.25
2025-11-20,email,tablet,56,40,28.6,65.0,5.4,38,1,161.32,1.79
2025-11-20,referral,mobile,158,84,46.8,96.0,3.2,125,3,274.23,1.9
2025-11-20,referral,desktop,111,50,54.4,180.0,3.1,71,2,162.59,1.8
2025-11-20,referral,tablet,42,20,52.3,147.0,4.6,32,0,0.0,0.0
2025-11-20,organic_social,mobile,142,63,55.2,72.0,2.4,105,1,200.09,0.7
2025-11-20,organic_social,desktop,112,46,58.8,200.0,4.8,87,1,113.41,0.89
2025-11-20,organic_social,tablet,29,13,52.3,114.0,1.4,22,0,0.0,0.0
2025-11-21,organic_search,mobile,918,526,42.6,205.0,3.7,592,29,2871.26,3.16
2025-11-21,organic_search,desktop,615,331,46.1,52.0,2.1,489,18,2025.16,2.93
2025-11-21,organic_search,tablet,142,71,49.6,66.0,3.1,111,3,304.87,2.11
2025-11-21,paid_search,mobile,471,291,38.0,128.0,3.5,250,17,1547.91,3.61
2025-11-21,paid_search,desktop,421,249,40.7,49.0,4.5,272,14,1265.34,3.33
2025-11-21,paid_search,tablet,114,65,42.6,132.0,3.2,80,3,346.5,2.63
2025-11-21,paid_social,mobile,496,195,60.6,169.0,1.5,380,9,1407.6,1.81
2025-11-21,paid_social,desktop,282,134,52.2,104.0,2.1,155,3,437.86,1.06
2025-11-21,paid_social,tablet,77,40,47.8,61.0,5.0,47,1,80.56,1.3
2025-11-21,direct,mobile,567,402,29.1,85.0,3.3,304,23,4091.78,4.06
2025-11-21,direct,desktop,272,195,28.0,240.0,1.6,196,10,1842.72,3.68
2025-11-21,direct,tablet,64,42,33.3,76.0,3.3,41,2,412.61,3.12
2025-11-21,email,mobile,346,247,28.5,60.0,3.1,261,10,1710.48,2.89
2025-11-21,email,desktop,199,144,27.6,216.0,4.4,143,9,1861.0,4.52
2025-11-21,email,tablet,57,41,27.6,207.0,4.4,30,2,178.45,3.51
2025-11-21,referral,mobile,179,96,46.2,68.0,3.0,90,3,474.42,1.68
2025-11-21,referral,desktop,107,60,43.5,226.0,3.8,78,2,177.47,1.87
2025-11-21,referral,tablet,36,15,56.7,64.0,3.0,23,0,0.0,0.0
2025-11-21,organic_social,mobile,154,49,67.9,153.0,2.4,113,2,290.24,1.3
2025-11-21,organic_social,desktop,118,37,68.0,66.0,3.6,68,1,120.52,0.85
2025-11-21,organic_social,tablet,26,9,65.1,113.0,1.4,18,0,0.0,0.0
2025-11-22,organic_search,mobile,851,498,41.4,176.0,1.9,658,24,2696.79,2.82
2025-11-22,organic_search,desktop,451,241,46.4,225.0,2.5,253,9,1793.88,2.0
2025-11-22,organic_search,tablet,140,68,51.2,201.0,3.9,77,4,870.9,2.86
2025-11-22,paid_search,mobile,743,451,39.2,234.0,1.4,538,23,3451.68,3.1
2025-11-22,paid_search,desktop,445,296,33.4,193.0,3.1,264,18,2688.77,4.04
2025-11-22,paid_search,tablet,114,65,42.5,107.0,2.2,78,3,514.28,2.63
2025-11-22,paid_social,mobile,428,196,54.1,137.0,1.6,285,6,1072.82,1.4
2025-11-22,paid_social,desktop,367,177,51.5,64.0,5.0,207,5,1012.39,1.36
2025-11-22,paid_social,tablet,83,38,53.2,176.0,4.3,54,1,205.43,1.2
2025-11-22,direct,mobile,564,413,26.6,171.0,4.8,310,20,3900.25,3.55
2025-11-22,direct,desktop,208,144,30.5,125.0,4.3,162,8,1262.57,3.85
2025-11-22,direct,tablet,85,62,27.0,93.0,3.2,59,3,555.29,3.53
2025-11-22,email,mobile,226,174,22.8,73.0,4.5,127,10,1238.2,4.42
2025-11-22,email,desktop,146,108,25.9,99.0,3.8,100,7,1027.49,4.79
2025-11-22,email,tablet,69,49,28.5,229.0,4.0,52,2,366.05,2.9
2025-11-22,referral,mobile,214,103,51.5,47.0,4.1,132,3,400.42,1.4
2025-11-22,referral,desktop,166,92,44.1,229.0,5.1,116,2,265.0,1.2
2025-11-22,referral,tablet,32,16,49.7,166.0,4.8,22,0,0.0,0.0
2025-11-22,organic_social,mobile,132,51,61.1,202.0,3.1,86,1,159.37,0.76
2025-11-22,organic_social,desktop,83,37,55.1,142.0,3.2,64,0,0.0,0.0
2025-11-22,organic_social,tablet,29,12,57.5,98.0,2.5,20,0,0.0,0.0
2025-11-23,organic_search,mobile,661,406,38.5,176.0,3.4,418,15,3157.35,2.27
2025-11-23,organic_search,desktop,581,349,39.9,176.0,2.6,430,12,1913.12,2.07
2025-11-23,organic_search,tablet,122,74,38.7,112.0,2.6,78,3,657.96,2.46
2025-11-23,paid_search,mobile,488,296,39.2,184.0,2.1,390,14,1909.48,2.87
2025-11-23,paid_search,desktop,395,259,34.3,96.0,4.3,282,9,1669.59,2.28
2025-11-23,paid_search,tablet,142,94,33.3,89.0,4.5,93,4,710.31,2.82
2025-11-23,paid_social,mobile,503,237,52.7,214.0,3.7,284,8,1507.87,1.59
2025-11-23,paid_social,desktop,267,138,48.1,120.0,1.9,169,4,817.29,1.5
2025-11-23,paid_social,tablet,116,46,59.6,148.0,3.1,66,1,147.36,0.86
2025-11-23,direct,mobile,528,372,29.4,231.0,2.6,375,16,1910.77,3.03
2025-11-23,direct,desktop,254,183,27.7,223.0,2.5,154,8,1695.55,3.15
2025-11-23,direct,tablet,87,61,29.3,228.0,2.4,61,3,470.34,3.45
2025-11-23,email,mobile,286,222,22.0,122.0,4.0,177,11,1403.43,3.85
2025-11-23,email,desktop,147,113,22.8,61.0,2.1,102,6,914.17,4.08
2025-11-23,email,tablet,50,38,23.8,65.0,2.6,26,1,134.27,2.0
2025-11-23,referral,mobile,254,138,45.5,162.0,5.0,174,3,596.59,1.18
2025-11-23,referral,desktop,148,77,47.9,75.0,1.9,102,3,484.56,2.03
2025-11-23,referral,tablet,33,16,50.7,199.0,3.9,21,0,0.0,0.0
2025-11-23,organic_social,mobile,150,63,58.0,100.0,3.8,107,1,106.37,0.67
2025-11-23,organic_social,desktop,118,51,56.5,45.0,3.8,86,1,195.37,0.85
2025-11-23,organic_social,tablet,19,7,59.9,167.0,4.3,11,0,0.0,0.0
2025-11-24,organic_search,mobile,553,267,51.7,54.0,3.5,338,16,1379.9,2.89
2025-11-24,organic_search,desktop,303,174,42.6,116.0,3.1,166,9,1125.18,2.97
2025-11-24,organic_search,tablet,96,50,47.0,91.0,4.3,74,2,334.42,2.08
2025-11-24,paid_search,mobile,438,248,43.3,143.0,2.2,342,15,2694.44,3.42
2025-11-24,paid_search,desktop,370,214,41.9,64.0,3.3,218,11,1143.67,2.97
2025-11-24,paid_search,tablet,100,61,38.5,136.0,4.3,79,4,726.17,4.0
2025-11-24,paid_social,mobile,423,203,51.9,217.0,3.1,301,7,1167.94,1.65
2025-11-24,paid_social,desktop,209,89,57.0,152.0,2.1,133,4,557.07,1.91
2025-11-24,paid_social,tablet,88,43,50.0,101.0,3.1,67,1,177.5,1.14
2025-11-24,direct,mobile,273,184,32.5,86.0,3.4,154,9,778.73,3.3
2025-11-24,direct,desktop,197,134,31.7,153.0,3.8,108,8,1133.68,4.06
2025-11-24,direct,tablet,65,43,32.8,222.0,4.9,47,2,213.51,3.08
2025-11-24,email,mobile,270,203,24.6,107.0,1.5,149,14,2526.96,5.19
2025-11-24,email,desktop,165,119,27.7,128.0,3.8,124,5,857.95,3.03
2025-11-24,email,tablet,39,30,22.7,217.0,1.6,21,1,219.78,2.56
2025-11-24,referral,mobile,176,90,48.8,74.0,3.0,115,3,477.31,1.7
2025-11-24,referral,desktop,97,48,49.7,109.0,4.1,55,2,435.84,2.06
2025-11-24,referral,tablet,37,18,48.7,74.0,1.9,28,0,0.0,0.0
2025-11-24,organic_social,mobile,117,36,68.5,74.0,1.6,85,1,146.37,0.85
2025-11-24,organic_social,desktop,67,23,65.2,183.0,4.2,49,0,0.0,0.0
2025-11-24,organic_social,tablet,22,7,66.7,151.0,4.2,15,0,0.0,0.0
2025-11-25,organic_search,mobile,402,214,46.6,182.0,1.7,241,8,1506.66,1.99
2025-11-25,organic_search,desktop,447,246,44.8,80.0,1.6,234,11,1193.93,2.46
2025-11-25,organic_search,tablet,83,51,38.4,128.0,3.7,62,2,281.76,2.41
2025-11-25,paid_search,mobile,498,325,34.7,219.0,4.3,388,18,1792.81,3.61
2025-11-25,paid_search,desktop,353,222,37.0,136.0,4.1,194,13,2513.85,3.68
2025-11-25,paid_search,tablet,84,56,32.9,176.0,2.9,44,2,335.87,2.38
2025-11-25,paid_social,mobile,442,229,48.1,125.0,5.1,323,6,1154.76,1.36
2025-11-25,paid_social,desktop,245,126,48.6,171.0,1.7,191,4,396.51,1.63
2025-11-25,paid_social,tablet,69,36,47.3,169.0,4.6,35,1,129.2,1.45
2025-11-25,direct,mobile,241,176,26.8,252.0,3.6,182,7,1073.64,2.9
2025-11-25,direct,desktop,177,117,33.5,224.0,4.8,92,6,1277.89,3.39
2025-11-25,direct,tablet,68,48,28.3,230.0,1.7,52,2,286.89,2.94
2025-11-25,email,mobile,275,210,23.3,208.0,2.1,161,10,871.02,3.64
2025-11-25,email,desktop,135,102,24.3,64.0,3.9,79,6,895.79,4.44
2025-11-25,email,tablet,37,28,22.8,240.0,5.1,28,1,115.87,2.7
2025-11-25,referral,mobile,114,50,56.0,150.0,1.9,62,2,341.6,1.75
2025-11-25,referral,desktop,83,44,46.5,112.0,3.6,45,1,143.7,1.2
2025-11-25,referral,tablet,36,16,55.1,185.0,2.6,22,0,0.0,0.0
2025-11-25,organic_social,mobile,147,52,64.6,171.0,2.2,76,1,159.13,0.68
2025-11-25,organic_social,desktop,64,21,66.9,47.0,2.1,47,0,0.0,0.0
2025-11-25,organic_social,tablet,23,10,53.0,88.0,1.9,12,0,0.0,0.0
2025-11-26,organic_search,mobile,719,358,50.1,71.0,1.5,448,16,2738.42,2.23
2025-11-26,organic_search,desktop,384,227,40.9,201.0,3.5,238,8,708.89,2.08
2025-11-26,organic_search,tablet,123,75,38.3,190.0,2.0,63,3,559.99,2.44
2025-11-26,paid_search,mobile,446,274,38.4,150.0,2.7,313,15,3296.22,3.36
2025-11-26,paid_search,desktop,418,281,32.6,67.0,4.6,322,10,1769.29,2.39
2025-11-26,paid_search,tablet,90,55,38.1,168.0,1.4,69,2,305.86,2.22
2025-11-26,paid_social,mobile,501,250,49.9,182.0,3.0,380,6,1313.87,1.2
2025-11-26,paid_social,desktop,337,141,58.1,83.0,4.7,170,7,1252.12,2.08
2025-11-26,paid_social,tablet,123,45,62.6,179.0,1.3,91,1,87.84,0.81
2025-11-26,direct,mobile,413,306,25.7,84.0,3.7,209,15,1786.8,3.63
2025-11-26,direct,desktop,270,186,31.1,63.0,4.5,166,10,1523.44,3.7
2025-11-26,direct,tablet,66,47,27.9,70.0,3.9,45,2,215.38,3.03
2025-11-26,email,mobile,292,218,25.0,234.0,5.0,190,14,1783.59,4.79
2025-11-26,email,desktop,136,97,28.2,190.0,1.8,98,4,615.23,2.94
2025-11-26,email,tablet,58,42,26.3,115.0,2.0,38,1,118.06,1.72
2025-11-26,referral,mobile,157,84,46.3,82.0,1.8,107,3,339.58,1.91
2025-11-26,referral,desktop,131,71,45.8,59.0,4.2,101,2,436.87,1.53
2025-11-26,referral,tablet,37,18,49.7,79.0,4.0,24,0,0.0,0.0
2025-11-26,organic_social,mobile,193,87,54.8,44.0,2.3,153,2,439.96,1.04
2025-11-26,organic_social,desktop,119,56,52.7,88.0,2.7,68,1,167.84,0.84
2025-11-26,organic_social,tablet,24,10,57.1,137.0,2.2,16,0,0.0,0.0
2025-11-27,organic_search,mobile,907,480,47.0,216.0,3.7,647,26,3715.22,2.87
2025-11-27,organic_search,desktop,368,195,46.7,174.0,3.9,238,6,617.54,1.63
2025-11-27,organic_search,tablet,150,76,49.3,206.0,3.4,90,4,818.12,2.67
2025-11-27,paid_search,mobile,423,241,42.9,94.0,2.6,237,11,2162.68,2.6
2025-11-27,paid_search,desktop,448,281,37.3,159.0,4.5,337,18,3480.52,4.02
2025-11-27,paid_search,tablet,137,91,33.2,233.0,2.1,75,5,528.74,3.65
2025-11-27,paid_social,mobile,542,211,60.9,169.0,4.3,345,7,618.7,1.29
2025-11-27,paid_social,desktop,377,192,48.9,100.0,1.4,219,7,570.59,1.86
2025-11-27,paid_social,tablet,70,26,62.3,193.0,4.5,39,1,108.8,1.43
2025-11-27,direct,mobile,500,364,27.2,230.0,4.8,275,19,1689.37,3.8
2025-11-27,direct,desktop,278,200,27.8,114.0,5.2,213,7,573.06,2.52
2025-11-27,direct,tablet,79,56,28.1,106.0,4.8,48,2,357.78,2.53
2025-11-27,email,mobile,223,173,22.2,138.0,5.6,126,10,1879.09,4.48
2025-11-27,email,desktop,157,117,25.2,173.0,5.1,100,6,832.22,3.82
2025-11-27,email,tablet,71,50,28.4,201.0,4.9,53,3,535.9,4.23
2025-11-27,referral,mobile,239,108,54.7,200.0,1.6,175,4,598.8,1.67
2025-11-27,referral,desktop,148,81,44.7,182.0,4.0,80,2,363.9,1.35
2025-11-27,referral,tablet,44,24,44.5,157.0,4.3,22,1,101.71,2.27
2025-11-27,organic_social,mobile,171,76,55.0,77.0,3.5,136,1,90.39,0.58
2025-11-27,organic_social,desktop,100,38,61.9,163.0,1.5,71,1,85.26,1.0
2025-11-27,organic_social,tablet,33,14,55.0,140.0,2.9,21,0,0.0,0.0
2025-11-28,organic_search,mobile,894,477,46.6,51.0,1.9,584,23,3145.86,2.57
2025-11-28,organic_search,desktop,523,310,40.7,176.0,3.4,328,14,2146.16,2.68
2025-11-28,organic_search,tablet,122,72,40.5,152.0,5.2,91,2,399.81,1.64
2025-11-28,paid_search,mobile,465,268,42.2,216.0,2.7,322,17,3710.66,3.66
2025-11-28,paid_search,desktop,416,236,43.0,157.0,1.3,226,10,1417.71,2.4
2025-11-28,paid_search,tablet,119,74,37.7,196.0,3.3,69,3,319.51,2.52
2025-11-28,paid_social,mobile,492,200,59.3,129.0,1.5,352,8,1080.03,1.63
2025-11-28,paid_social,desktop,261,100,61.4,109.0,4.8,178,4,847.26,1.53
2025-11-28,paid_social,tablet,76,33,56.0,159.0,1.8,41,1,141.61,1.32
2025-11-28,direct,mobile,525,378,27.9,164.0,3.0,413,22,3651.92,4.19
2025-11-28,direct,desktop,310,228,26.2,205.0,2.4,156,10,971.94,3.23
2025-11-28,direct,tablet,106,74,29.7,107.0,4.3,53,2,287.37,1.89
2025-11-28,email,mobile,236,179,23.9,127.0,3.1,152,9,1334.63,3.81
2025-11-28,email,desktop,242,181,25.2,84.0,4.5,190,9,780.28,3.72
2025-11-28,email,tablet,51,36,28.5,177.0,1.5,26,1,213.3,1.96
2025-11-28,referral,mobile,272,143,47.1,143.0,2.2,197,3,272.83,1.1
2025-11-28,referral,desktop,165,85,47.9,132.0,2.3,120,3,544.49,1.82
2025-11-28,referral,tablet,28,15,43.7,103.0,2.5,14,0,0.0,0.0
2025-11-28,organic_social,mobile,144,58,59.7,98.0,4.8,92,2,420.17,1.39
2025-11-28,organic_social,desktop,115,56,51.1,115.0,3.0,66,1,139.46,0.87
2025-11-28,organic_social,tablet,28,9,64.3,79.0,4.4,21,0,0.0,0.0
2025-11-29,organic_search,mobile,852,506,40.5,67.0,3.6,584,27,4955.56,3.17
2025-11-29,organic_search,desktop,507,276,45.5,219.0,4.3,339,9,967.2,1.78
2025-11-29,organic_search,tablet,144,83,42.3,223.0,3.9,83,3,294.46,2.08
2025-11-29,paid_search,mobile,682,395,42.0,89.0,1.7,423,24,2856.84,3.52
2025-11-29,paid_search,desktop,483,316,34.6,217.0,3.9,287,15,1220.89,3.11
2025-11-29,paid_search,tablet,85,51,39.5,139.0,1.9,64,2,435.41,2.35
2025-11-29,paid_social,mobile,673,346,48.4,143.0,3.6,517,14,1632.23,2.08
2025-11-29,paid_social,desktop,275,145,47.1,223.0,1.7,171,5,840.77,1.82
2025-11-29,paid_social,tablet,111,48,55.9,68.0,3.5,76,2,184.83,1.8
2025-11-29,direct,mobile,444,301,32.2,88.0,3.8,329,13,1538.55,2.93
2025-11-29,direct,desktop,207,151,26.9,61.0,3.5,126,8,664.72,3.86
2025-11-29,direct,tablet,95,65,31.4,68.0,1.7,75,2,254.65,2.11
2025-11-29,email,mobile,218,168,22.6,256.0,3.0,121,8,1302.49,3.67
2025-11-29,email,desktop,191,139,27.0,200.0,3.5,134,6,622.07,3.14
2025-11-29,email,tablet,50,36,27.4,131.0,3.7,33,2,344.04,4.0
2025-11-29,referral,mobile,249,139,44.0,142.0,4.9,184,4,483.85,1.61
2025-11-29,referral,desktop,162,84,47.7,203.0,5.0,98,2,355.11,1.23
2025-11-29,referral,tablet,41,19,53.0,119.0,4.2,26,1,183.17,2.44
2025-11-29,organic_social,mobile,195,82,57.6,94.0,3.9,101,1,179.44,0.51
2025-11-29,organic_social,desktop,124,42,65.3,63.0,1.7,64,1,169.98,0.81
2025-11-29,organic_social,tablet,31,11,63.8,105.0,4.5,21,0,0.0,0.0
2025-11-30,organic_search,mobile,550,272,50.4,212.0,2.8,414,16,2977.43,2.91
2025-11-30,organic_search,desktop,606,309,48.9,107.0,4.7,335,17,2208.0,2.81
2025-11-30,organic_search,tablet,99,52,46.9,229.0,2.1,58,2,364.34,2.02
2025-11-30,paid_search,mobile,639,384,39.9,90.0,4.8,455,26,3884.44,4.07
2025-11-30,paid_search,desktop,412,238,42.2,216.0,1.6,276,9,1293.04,2.18
2025-11-30,paid_search,tablet,97,59,38.8,147.0,1.6,55,2,311.54,2.06
2025-11-30,paid_social,mobile,424,192,54.6,142.0,1.3,322,6,915.31,1.42
2025-11-30,paid_social,desktop,273,107,60.6,172.0,3.6,190,5,560.04,1.83
2025-11-30,paid_social,tablet,87,40,53.4,108.0,4.4,68,1,131.82,1.15
2025-11-30,direct,mobile,448,298,33.3,182.0,1.6,310,18,2669.27,4.02
2025-11-30,direct,desktop,244,161,33.9,230.0,4.4,152,9,1501.88,3.69
2025-11-30,direct,tablet,96,63,33.9,159.0,4.6,76,4,459.89,4.17
2025-11-30,email,mobile,227,165,27.0,208.0,3.2,176,9,1781.5,3.96
2025-11-30,email,desktop,177,134,24.2,216.0,4.7,126,8,936.27,4.52
2025-11-30,email,tablet,50,37,24.8,130.0,2.1,29,2,195.89,4.0
2025-11-30,referral,mobile,262,148,43.3,173.0,5.1,167,5,704.6,1.91
2025-11-30,referral,desktop,135,75,44.3,55.0,3.4,101,3,403.23,2.22
2025-11-30,referral,tablet,40,19,51.5,117.0,1.8,21,0,0.0,0.0
2025-11-30,organic_social,mobile,166,68,58.8,115.0,4.2,90,1,92.07,0.6
2025-11-30,organic_social,desktop,73,29,59.5,127.0,4.5,45,0,0.0,0.0
2025-11-30,organic_social,tablet,19,9,51.2,172.0,3.4,13,0,0.0,0.0
2025-12-01,organic_search,mobile,453,261,42.3,105.0,5.0,309,13,1059.51,2.87
2025-12-01,organic_search,desktop,411,231,43.6,127.0,1.9,316,7,1228.64,1.7
2025-12-01,organic_search,tablet,87,49,43.0,162.0,2.1,52,1,134.88,1.15
2025-12-01,paid_search,mobile,321,211,34.1,150.0,3.4,222,12,2027.38,3.74
2025-12-01,paid_search,desktop,238,160,32.7,153.0,4.9,127,7,1450.94,2.94
2025-12-01,paid_search,tablet,71,42,39.6,69.0,3.4,54,1,101.04,1.41
2025-12-01,paid_social,mobile,286,149,47.7,209.0,3.4,148,5,657.93,1.75
2025-12-01,paid_social,desktop,182,83,54.0,119.0,3.5,140,3,442.17,1.65
2025-12-01,paid_social,tablet,85,37,55.5,207.0,1.8,58,1,217.6,1.18
2025-12-01,direct,mobile,301,218,27.3,57.0,3.3,198,13,1196.44,4.32
2025-12-01,direct,desktop,165,108,34.0,122.0,2.4,92,4,724.14,2.42
2025-12-01,direct,tablet,49,34,30.3,98.0,3.1,25,1,187.87,2.04
2025-12-01,email,mobile,222,164,25.9,115.0,2.8,122,6,1209.42,2.7
2025-12-01,email,desktop,177,134,23.8,120.0,3.3,141,6,1084.57,3.39
2025-12-01,email,tablet,41,30,24.7,132.0,4.3,31,2,171.94,4.88
2025-12-01,referral,mobile,172,85,50.4,129.0,4.9,127,3,441.13,1.74
2025-12-01,referral,desktop,90,50,43.4,192.0,2.2,62,1,182.06,1.11
2025-12-01,referral,tablet,31,17,44.2,140.0,1.5,19,0,0.0,0.0
2025-12-01,organic_social,mobile,137,57,57.7,183.0,3.4,80,2,380.33,1.46
2025-12-01,organic_social,desktop,67,25,62.1,101.0,2.2,46,0,0.0,0.0
2025-12-01,organic_social,tablet,15,6,57.7,155.0,1.7,9,0,0.0,0.0
2025-12-02,organic_search,mobile,665,400,39.7,88.0,5.0,442,17,3163.89,2.56
2025-12-02,organic_search,desktop,389,221,43.0,220.0,3.2,265,11,1801.92,2.83
2025-12-02,organic_search,tablet,107,57,46.1,158.0,2.9,67,3,284.07,2.8
2025-12-02,paid_search,mobile,435,289,33.6,137.0,2.9,235,9,854.7,2.07
2025-12-02,paid_search,desktop,327,194,40.4,206.0,4.5,249,13,2583.83,3.98
2025-12-02,paid_search,tablet,83,55,33.2,69.0,4.7,44,2,397.02,2.41
2025-12-02,paid_social,mobile,292,121,58.3,155.0,2.2,226,5,1014.69,1.71
2025-12-02,paid_social,desktop,322,121,62.3,81.0,3.4,186,6,1210.46,1.86
2025-12-02,paid_social,tablet,66,26,60.4,173.0,2.3,50,1,209.67,1.52
2025-12-02,direct,mobile,253,186,26.2,246.0,4.1,196,7,1348.94,2.77
2025-12-02,direct,desktop,229,151,33.9,92.0,2.3,131,7,1512.8,3.06
2025-12-02,direct,tablet,49,34,30.1,113.0,5.1,36,1,189.01,2.04
2025-12-02,email,mobile,260,185,28.6,100.0,1.5,164,7,1528.44,2.69
2025-12-02,email,desktop,160,122,23.5,53.0,5.1,97,6,678.94,3.75
2025-12-02,email,tablet,32,24,24.1,170.0,2.3,22,0,0.0,0.0
2025-12-02,referral,mobile,154,86,43.6,152.0,2.3,78,3,506.05,1.95
2025-12-02,referral,desktop,96,45,52.4,105.0,2.6,57,1,208.4,1.04
2025-12-02,referral,tablet,35,15,56.7,88.0,4.0,20,0,0.0,0.0
2025-12-02,organic_social,mobile,105,48,53.6,163.0,2.7,73,1,192.93,0.95
2025-12-02,organic_social,desktop,77,30,60.7,48.0,4.7,58,0,0.0,0.0
2025-12-02,organic_social,tablet,17,7,54.5,47.0,4.6,12,0,0.0,0.0
2025-12-03,organic_search,mobile,769,384,49.9,146.0,3.1,544,19,1755.87,2.47
2025-12-03,organic_search,desktop,436,248,43.1,217.0,2.9,316,13,2712.72,2.98
2025-12-03,organic_search,tablet,173,84,51.3,133.0,4.6,113,3,330.11,1.73
2025-12-03,paid_search,mobile,710,442,37.7,209.0,4.5,402,26,3048.46,3.66
2025-12-03,paid_search,desktop,471,312,33.6,215.0,2.3,246,17,3383.29,3.61
2025-12-03,paid_search,tablet,78,52,32.6,225.0,2.0,54,2,216.06,2.56
2025-12-03,paid_social,mobile,681,254,62.7,128.0,1.9,462,14,1520.66,2.06
2025-12-03,paid_social,desktop,292,139,52.2,107.0,2.6,197,5,485.52,1.71
2025-12-03,paid_social,tablet,103,48,53.2,186.0,3.4,63,2,340.01,1.94
2025-12-03,direct,mobile,421,305,27.4,74.0,4.8,314,17,3365.92,4.04
2025-12-03,direct,desktop,306,207,32.2,207.0,5.3,188,13,1923.86,4.25
2025-12-03,direct,tablet,79,54,31.4,174.0,4.5,39,2,232.96,2.53
2025-12-03,email,mobile,248,176,28.7,183.0,3.5,126,12,2632.11,4.84
2025-12-03,email,desktop,174,131,24.4,100.0,3.2,117,5,676.48,2.87
2025-12-03,email,tablet,60,44,25.3,226.0,3.9,45,1,208.45,1.67
2025-12-03,referral,mobile,258,139,45.9,148.0,4.1,137,4,359.54,1.55
2025-12-03,referral,desktop,132,59,54.7,136.0,2.6,83,2,317.66,1.52
2025-12-03,referral,tablet,33,15,52.6,92.0,5.0,17,0,0.0,0.0
2025-12-03,organic_social,mobile,168,66,60.3,176.0,3.5,86,1,88.32,0.6
2025-12-03,organic_social,desktop,84,37,55.7,181.0,2.1,53,1,113.79,1.19
2025-12-03,organic_social,tablet,26,12,52.3,70.0,4.6,15,0,0.0,0.0
2025-12-04,organic_search,mobile,914,492,46.1,121.0,4.1,646,16,2808.85,1.75
2025-12-04,organic_search,desktop,550,288,47.6,131.0,4.7,302,9,1935.94,1.64
2025-12-04,organic_search,tablet,125,60,51.4,96.0,4.0,71,3,574.97,2.4
2025-12-04,paid_search,mobile,667,378,43.3,122.0,1.7,523,19,2819.01,2.85
2025-12-04,paid_search,desktop,358,203,43.3,161.0,1.7,200,12,1331.67,3.35
2025-12-04,paid_search,tablet,84,56,33.0,202.0,2.7,63,2,235.47,2.38
2025-12-04,paid_social,mobile,525,249,52.5,217.0,2.3,365,6,1093.52,1.14
2025-12-04,paid_social,desktop,382,175,54.0,210.0,3.2,226,6,523.85,1.57
2025-12-04,paid_social,tablet,121,61,49.0,178.0,3.6,81,2,192.83,1.65
2025-12-04,direct,mobile,470,331,29.4,231.0,3.1,281,20,1703.38,4.26
2025-12-04,direct,desktop,305,221,27.4,129.0,2.7,206,10,1677.97,3.28
2025-12-04,direct,tablet,88,63,28.3,75.0,5.2,45,3,594.2,3.41
2025-12-04,email,mobile,306,220,28.0,60.0,3.4,210,10,1775.39,3.27
2025-12-04,email,desktop,197,152,22.6,92.0,2.9,148,5,713.82,2.54
2025-12-04,email,tablet,56,43,21.9,62.0,4.4,42,2,286.0,3.57
2025-12-04,referral,mobile,243,104,57.2,59.0,4.9,137,3,477.12,1.23
2025-12-04,referral,desktop,170,86,49.4,87.0,4.4,130,3,640.93,1.76
2025-12-04,referral,tablet,39,18,52.6,72.0,3.9,21,0,0.0,0.0
2025-12-04,organic_social,mobile,122,48,60.0,130.0,2.4,63,1,170.92,0.82
2025-12-04,organic_social,desktop,101,40,59.8,85.0,1.4,50,0,0.0,0.0
2025-12-04,organic_social,tablet,28,9,67.7,90.0,2.3,21,0,0.0,0.0
2025-12-05,organic_search,mobile,892,434,51.3,206.0,1.4,668,22,1802.77,2.47
2025-12-05,organic_search,desktop,486,236,51.3,47.0,3.6,252,10,1517.73,2.06
2025-12-05,organic_search,tablet,101,52,48.1,118.0,3.1,60,2,433.8,1.98
2025-12-05,paid_search,mobile,524,302,42.3,55.0,2.4,391,20,2184.4,3.82
2025-12-05,paid_search,desktop,384,225,41.3,159.0,2.0,264,14,2725.91,3.65
2025-12-05,paid_search,tablet,97,57,41.0,64.0,4.5,57,2,340.94,2.06
2025-12-05,paid_social,mobile,698,318,54.3,216.0,2.8,488,10,975.87,1.43
2025-12-05,paid_social,desktop,309,153,50.5,131.0,4.0,180,5,677.0,1.62
2025-12-05,paid_social,tablet,78,34,55.6,146.0,2.1,45,1,174.62,1.28
2025-12-05,direct,mobile,368,244,33.5,54.0,2.9,283,11,2282.48,2.99
2025-12-05,direct,desktop,326,241,26.0,82.0,3.2,248,11,1076.27,3.37
2025-12-05,direct,tablet,75,51,31.7,74.0,1.9,52,2,272.92,2.67
2025-12-05,email,mobile,213,156,26.6,234.0,4.4,159,10,1155.48,4.69
2025-12-05,email,desktop,225,177,21.3,266.0,3.8,153,10,1429.14,4.44
2025-12-05,email,tablet,71,54,23.3,157.0,4.0,39,3,263.28,4.23
2025-12-05,referral,mobile,208,105,49.3,168.0,1.6,113,3,495.47,1.44
2025-12-05,referral,desktop,171,97,43.1,199.0,5.0,129,2,387.52,1.17
2025-12-05,referral,tablet,31,14,52.7,136.0,3.0,20,0,0.0,0.0
2025-12-05,organic_social,mobile,108,38,63.9,90.0,3.0,70,1,99.18,0.93
2025-12-05,organic_social,desktop,105,50,52.2,116.0,3.2,79,1,114.24,0.95
2025-12-05,organic_social,tablet,33,12,60.6,207.0,1.7,17,0,0.0,0.0
2025-12-06,organic_search,mobile,662,399,39.7,57.0,3.6,496,11,1383.29,1.66
2025-12-06,organic_search,desktop,389,208,46.4,145.0,1.5,303,8,1233.13,2.06
2025-12-06,organic_search,tablet,110,59,46.0,116.0,4.1,80,2,385.2,1.82
2025-12-06,paid_search,mobile,483,289,40.0,238.0,4.1,323,14,2991.8,2.9
2025-12-06,paid_search,desktop,342,221,35.3,157.0,4.6,257,10,1549.43,2.92
2025-12-06,paid_search,tablet,100,61,38.1,78.0,4.3,77,3,606.18,3.0
2025-12-06,paid_social,mobile,463,209,54.8,190.0,4.7,332,5,975.69,1.08
2025-12-06,paid_social,desktop,313,157,49.7,65.0,3.1,175,5,559.27,1.6
2025-12-06,paid_social,tablet,73,32,55.9,74.0,2.8,51,1,151.12,1.37
2025-12-06,direct,mobile,513,354,30.9,63.0,4.5,315,21,3494.73,4.09
2025-12-06,direct,desktop,240,178,25.8,231.0,2.7,156,7,1159.1,2.92
2025-12-06,direct,tablet,65,45,29.6,151.0,5.3,44,1,100.43,1.54
2025-12-06,email,mobile,342,263,22.9,145.0,2.7,187,13,2629.51,3.8
2025-12-06,email,desktop,201,157,21.8,62.0,1.8,126,6,649.86,2.99
2025-12-06,email,tablet,38,28,24.7,223.0,1.4,27,2,287.47,5.26
2025-12-06,referral,mobile,206,109,46.9,189.0,1.9,151,2,324.41,0.97
2025-12-06,referral,desktop,164,75,53.8,183.0,4.5,107,3,519.52,1.83
2025-12-06,referral,tablet,46,20,54.3,197.0,2.7,36,0,0.0,0.0
2025-12-06,organic_social,mobile,165,79,51.8,110.0,2.7,99,1,190.84,0.61
2025-12-06,organic_social,desktop,86,39,54.5,151.0,2.3,63,0,0.0,0.0
2025-12-06,organic_social,tablet,29,11,59.6,167.0,2.1,19,0,0.0,0.0
2025-12-07,organic_search,mobile,912,498,45.3,105.0,5.1,647,22,3755.48,2.41
2025-12-07,organic_search,desktop,433,230,46.8,220.0,1.9,257,13,2573.26,3.0
2025-12-07,organic_search,tablet,174,92,47.0,182.0,3.3,120,5,578.39,2.87
2025-12-07,paid_search,mobile,629,373,40.6,145.0,4.6,318,16,3465.3,2.54
2025-12-07,paid_search,desktop,304,194,36.1,202.0,1.9,192,10,1232.34,3.29
2025-12-07,paid_search,tablet,98,65,33.4,225.0,2.4,77,3,608.74,3.06
2025-12-07,paid_social,mobile,642,316,50.7,71.0,4.6,499,14,1494.82,2.18
2025-12-07,paid_social,desktop,336,142,57.5,186.0,2.0,237,5,935.56,1.49
2025-12-07,paid_social,tablet,121,49,59.4,182.0,3.1,60,2,224.45,1.65
2025-12-07,direct,mobile,499,336,32.5,68.0,2.1,388,20,4212.34,4.01
2025-12-07,direct,desktop,332,234,29.3,115.0,4.8,221,9,1774.94,2.71
2025-12-07,direct,tablet,84,58,30.9,170.0,3.1,53,2,190.8,2.38
2025-12-07,email,mobile,320,248,22.3,134.0,1.8,175,11,1322.51,3.44
2025-12-07,email,desktop,164,120,26.5,67.0,3.4,102,7,568.98,4.27
2025-12-07,email,tablet,48,35,25.0,67.0,1.7,26,1,98.92,2.08
2025-12-07,referral,mobile,248,112,54.5,109.0,1.7,140,6,1035.45,2.42
2025-12-07,referral,desktop,129,69,46.2,117.0,1.9,77,2,424.35,1.55
2025-12-07,referral,tablet,27,13,51.8,143.0,4.6,15,0,0.0,0.0
2025-12-07,organic_social,mobile,120,53,55.7,51.0,1.6,93,1,202.55,0.83
2025-12-07,organic_social,desktop,90,36,59.9,162.0,2.6,66,1,189.54,1.11
2025-12-07,organic_social,tablet,31,10,66.8,57.0,3.2,17,0,0.0,0.0
2025-12-08,organic_search,mobile,412,207,49.5,69.0,2.2,289,12,1576.3,2.91
2025-12-08,organic_search,desktop,401,209,47.7,226.0,2.6,310,12,2445.0,2.99
2025-12-08,organic_search,tablet,111,66,39.9,62.0,2.3,79,2,266.12,1.8
2025-12-08,paid_search,mobile,412,248,39.7,232.0,2.7,314,16,2602.41,3.88
2025-12-08,paid_search,desktop,369,228,38.2,131.0,4.0,233,10,1291.32,2.71
2025-12-08,paid_search,tablet,95,56,40.2,193.0,3.8,52,2,385.63,2.11
2025-12-08,paid_social,mobile,409,187,54.2,168.0,2.6,275,5,1094.05,1.22
2025-12-08,paid_social,desktop,320,168,47.4,49.0,3.5,211,4,850.82,1.25
2025-12-08,paid_social,tablet,95,43,53.8,103.0,2.3,51,2,163.27,2.11
2025-12-08,direct,mobile,441,289,34.2,69.0,1.8,314,12,1839.03,2.72
2025-12-08,direct,desktop,264,182,30.9,226.0,3.6,165,7,1369.26,2.65
2025-12-08,direct,tablet,58,39,31.4,209.0,2.8,36,2,414.16,3.45
2025-12-08,email,mobile,257,189,26.4,256.0,2.3,199,13,2481.85,5.06
2025-12-08,email,desktop,185,133,28.0,208.0,2.9,117,6,1270.79,3.24
2025-12-08,email,tablet,30,22,24.3,172.0,5.3,20,1,180.71,3.33
2025-12-08,referral,mobile,185,83,54.7,72.0,2.1,120,2,389.82,1.08
2025-12-08,referral,desktop,99,42,56.8,184.0,2.3,73,1,138.89,1.01
2025-12-08,referral,tablet,24,12,48.6,215.0,2.7,12,0,0.0,0.0
2025-12-08,organic_social,mobile,131,58,55.5,212.0,2.8,100,1,160.66,0.76
2025-12-08,organic_social,desktop,81,37,53.6,216.0,3.0,53,1,169.26,1.23
2025-12-08,organic_social,tablet,23,8,61.9,169.0,1.3,12,0,0.0,0.0
2025-12-09,organic_search,mobile,686,337,50.8,149.0,2.3,458,19,1938.31,2.77
2025-12-09,organic_search,desktop,297,177,40.1,59.0,1.5,165,6,1230.04,2.02
2025-12-09,organic_search,tablet,107,64,39.5,152.0,4.4,70,2,361.6,1.87
2025-12-09,paid_search,mobile,342,205,39.9,239.0,2.4,255,9,1375.17,2.63
2025-12-09,paid_search,desktop,299,171,42.7,105.0,5.0,224,11,1980.13,3.68
2025-12-09,paid_search,tablet,105,59,43.4,142.0,1.8,67,3,281.1,2.86
2025-12-09,paid_social,mobile,420,183,56.3,122.0,3.9,223,5,999.45,1.19
2025-12-09,paid_social,desktop,298,136,54.0,172.0,3.6,212,6,1257.53,2.01
2025-12-09,paid_social,tablet,84,37,55.0,154.0,2.8,66,1,157.64,1.19
2025-12-09,direct,mobile,343,248,27.4,78.0,5.2,239,10,1006.91,2.92
2025-12-09,direct,desktop,151,101,32.8,141.0,2.8,90,5,476.64,3.31
2025-12-09,direct,tablet,60,41,31.3,197.0,5.4,47,2,238.93,3.33
2025-12-09,email,mobile,294,220,24.9,192.0,5.4,179,8,1455.9,2.72
2025-12-09,email,desktop,187,146,21.7,185.0,2.3,113,7,1285.34,3.74
2025-12-09,email,tablet,32,22,28.7,132.0,2.4,20,1,201.41,3.12
2025-12-09,referral,mobile,184,80,56.2,71.0,2.4,125,3,293.72,1.63
2025-12-09,referral,desktop,115,59,48.0,135.0,4.7,59,2,288.92,1.74
2025-12-09,referral,tablet,30,14,50.9,168.0,3.4,20,0,0.0,0.0
2025-12-09,organic_social,mobile,109,45,58.2,186.0,4.5,56,1,139.63,0.92
2025-12-09,organic_social,desktop,53,23,56.2,47.0,4.2,36,0,0.0,0.0
2025-12-09,organic_social,tablet,17,7,56.9,195.0,3.3,10,0,0.0,0.0
2025-12-10,organic_search,mobile,738,399,45.9,132.0,4.9,459,18,1597.61,2.44
2025-12-10,organic_search,desktop,539,260,51.7,92.0,2.1,359,13,1919.88,2.41
2025-12-10,organic_search,tablet,152,85,44.0,154.0,1.6,80,2,316.85,1.32
2025-12-10,paid_search,mobile,534,325,39.1,77.0,2.7,383,13,1666.57,2.43
2025-12-10,paid_search,desktop,355,207,41.6,166.0,2.3,238,14,1722.15,3.94
2025-12-10,paid_search,tablet,84,51,39.2,94.0,4.5,46,2,270.22,2.38
2025-12-10,paid_social,mobile,695,356,48.7,67.0,2.5,441,11,2063.06,1.58
2025-12-10,paid_social,desktop,401,161,59.7,45.0,3.9,221,8,983.21,2.0
2025-12-10,paid_social,tablet,92,36,60.0,152.0,2.6,46,1,202.29,1.09
2025-12-10,direct,mobile,321,231,27.8,123.0,4.9,251,12,2159.74,3.74
2025-12-10,direct,desktop,253,180,28.7,184.0,5.1,158,8,951.23,3.16
2025-12-10,direct,tablet,66,48,27.3,150.0,4.5,43,2,365.58,3.03
2025-12-10,email,mobile,267,207,22.3,251.0,1.7,207,11,2167.43,4.12
2025-12-10,email,desktop,155,115,25.8,163.0,3.0,80,6,1068.77,3.87
2025-12-10,email,tablet,39,30,23.0,142.0,3.6,26,1,166.51,2.56
2025-12-10,referral,mobile,157,82,47.3,62.0,2.4,88,3,548.04,1.91
2025-12-10,referral,desktop,125,53,57.2,177.0,3.4,94,2,204.24,1.6
2025-12-10,referral,tablet,38,16,55.9,186.0,1.7,20,0,0.0,0.0
2025-12-10,organic_social,mobile,120,38,67.6,49.0,1.6,66,1,124.97,0.83
2025-12-10,organic_social,desktop,78,37,52.5,141.0,3.4,45,0,0.0,0.0
2025-12-10,organic_social,tablet,20,7,62.0,195.0,1.4,11,0,0.0,0.0
2025-12-11,organic_search,mobile,788,485,38.4,160.0,4.0,452,14,1891.99,1.78
2025-12-11,organic_search,desktop,516,292,43.2,94.0,2.7,343,13,2258.55,2.52
2025-12-11,organic_search,tablet,115,56,50.9,175.0,2.2,57,3,503.93,2.61
2025-12-11,paid_search,mobile,658,373,43.3,208.0,3.6,450,23,2400.55,3.5
2025-12-11,paid_search,desktop,388,230,40.7,159.0,4.7,296,15,1986.94,3.87
2025-12-11,paid_search,tablet,131,80,38.7,88.0,2.2,81,5,518.93,3.82
2025-12-11,paid_social,mobile,599,277,53.7,187.0,4.2,358,13,1477.95,2.17
2025-12-11,paid_social,desktop,340,138,59.3,198.0,3.5,211,7,1228.83,2.06
2025-12-11,paid_social,tablet,106,45,56.8,158.0,4.2,83,1,122.89,0.94
2025-12-11,direct,mobile,453,306,32.3,127.0,4.3,359,18,3138.6,3.97
2025-12-11,direct,desktop,307,208,32.1,57.0,4.7,173,9,1545.14,2.93
2025-12-11,direct,tablet,60,43,27.1,59.0,3.5,40,2,171.85,3.33
2025-12-11,email,mobile,269,211,21.4,157.0,3.3,179,11,2294.76,4.09
2025-12-11,email,desktop,153,111,27.3,63.0,4.7,93,4,351.52,2.61
2025-12-11,email,tablet,59,46,21.8,100.0,4.4,30,2,253.74,3.39
2025-12-11,referral,mobile,209,108,48.2,208.0,4.1,130,4,677.83,1.91
2025-12-11,referral,desktop,109,55,49.3,54.0,3.4,73,1,95.87,0.92
2025-12-11,referral,tablet,42,18,55.8,153.0,3.0,30,1,127.71,2.38
2025-12-11,organic_social,mobile,170,77,54.5,65.0,2.2,102,1,95.98,0.59
2025-12-11,organic_social,desktop,103,36,64.4,137.0,4.0,76,0,0.0,0.0
2025-12-11,organic_social,tablet,25,10,59.0,56.0,2.9,19,0,0.0,0.0
2025-12-12,organic_search,mobile,698,402,42.3,195.0,3.4,535,20,4170.76,2.87
2025-12-12,organic_search,desktop,507,292,42.2,73.0,2.6,353,15,2579.41,2.96
2025-12-12,organic_search,tablet,165,79,51.6,66.0,3.9,87,3,578.25,1.82
2025-12-12,paid_search,mobile,626,386,38.3,188.0,4.8,339,24,3724.02,3.83
2025-12-12,paid_search,desktop,296,196,33.7,58.0,2.4,148,8,1076.51,2.7
2025-12-12,paid_search,tablet,89,56,36.8,88.0,4.1,53,3,658.87,3.37
2025-12-12,paid_social,mobile,658,314,52.3,221.0,2.6,368,10,1549.13,1.52
2025-12-12,paid_social,desktop,387,149,61.5,47.0,1.5,285,8,1625.75,2.07
2025-12-12,paid_social,tablet,93,42,54.2,208.0,4.0,55,1,103.61,1.08
2025-12-12,direct,mobile,478,333,30.3,143.0,3.9,276,16,3436.09,3.35
2025-12-12,direct,desktop,265,183,30.7,215.0,4.7,142,11,2377.72,4.15
2025-12-12,direct,tablet,102,67,34.0,129.0,4.4,55,2,302.14,1.96
2025-12-12,email,mobile,344,249,27.6,77.0,4.7,174,11,1235.23,3.2
2025-12-12,email,desktop,238,177,25.3,85.0,2.5,124,8,808.92,3.36
2025-12-12,email,tablet,64,49,23.3,177.0,1.5,36,1,191.59,1.56
2025-12-12,referral,mobile,189,82,56.6,177.0,3.2,100,3,530.21,1.59
2025-12-12,referral,desktop,169,85,49.2,205.0,4.1,107,2,375.12,1.18
2025-12-12,referral,tablet,49,27,44.0,72.0,3.1,33,0,0.0,0.0
2025-12-12,organic_social,mobile,133,64,51.5,200.0,1.7,81,1,158.5,0.75
2025-12-12,organic_social,desktop,80,37,52.8,86.0,4.7,56,0,0.0,0.0
2025-12-12,organic_social,tablet,20,9,55.0,169.0,1.8,11,0,0.0,0.0
2025-12-13,organic_search,mobile,839,445,46.9,113.0,1.7,490,25,3169.27,2.98
2025-12-13,organic_search,desktop,581,347,40.1,90.0,1.9,291,13,2574.77,2.24
2025-12-13,organic_search,tablet,171,85,50.0,220.0,2.4,119,3,570.73,1.75
2025-12-13,paid_search,mobile,498,303,39.0,177.0,4.2,383,14,2327.33,2.81
2025-12-13,paid_search,desktop,294,189,35.4,135.0,2.7,234,7,987.47,2.38
2025-12-13,paid_search,tablet,127,84,33.3,83.0,3.2,92,3,601.62,2.36
2025-12-13,paid_social,mobile,409,162,60.2,202.0,3.1,315,5,724.41,1.22
2025-12-13,paid_social,desktop,433,199,53.8,105.0,4.6,285,9,832.97,2.08
2025-12-13,paid_social,tablet,111,58,47.5,170.0,5.0,78,2,397.96,1.8
2025-12-13,direct,mobile,403,291,27.8,131.0,3.2,274,15,1401.37,3.72
2025-12-13,direct,desktop,242,160,33.8,184.0,2.6,139,10,1636.44,4.13
2025-12-13,direct,tablet,71,50,29.2,110.0,2.7,40,3,369.61,4.23
2025-12-13,email,mobile,343,259,24.3,190.0,3.1,173,14,2521.94,4.08
2025-12-13,email,desktop,237,184,22.1,231.0,5.2,121,12,2217.94,5.06
2025-12-13,email,tablet,52,40,21.7,177.0,4.0,34,1,99.71,1.92
2025-12-13,referral,mobile,176,94,46.2,126.0,4.0,130,3,305.41,1.7
2025-12-13,referral,desktop,96,54,43.2,112.0,4.4,62,2,288.17,2.08
2025-12-13,referral,tablet,40,20,47.5,174.0,2.6,31,0,0.0,0.0
2025-12-13,organic_social,mobile,110,45,58.7,119.0,3.9,67,1,205.97,0.91
2025-12-13,organic_social,desktop,95,35,62.6,99.0,2.0,54,1,188.49,1.05
2025-12-13,organic_social,tablet,34,12,64.6,43.0,1.9,20,0,0.0,0.0
2025-12-14,organic_search,mobile,624,380,39.0,85.0,3.3,495,19,3884.72,3.04
2025-12-14,organic_search,desktop,507,276,45.6,68.0,4.7,290,12,1173.34,2.37
2025-12-14,organic_search,tablet,118,70,40.1,152.0,1.5,75,2,335.45,1.69
2025-12-14,paid_search,mobile,575,372,35.3,188.0,2.1,399,20,4231.46,3.48
2025-12-14,paid_search,desktop,304,186,38.5,220.0,2.8,216,12,2592.13,3.95
2025-12-14,paid_search,tablet,88,50,42.9,120.0,2.9,53,2,319.23,2.27
2025-12-14,paid_social,mobile,536,209,60.9,61.0,2.9,268,11,1399.45,2.05
2025-12-14,paid_social,desktop,398,211,46.8,207.0,5.2,216,5,505.24,1.26
2025-12-14,paid_social,tablet,103,40,60.4,91.0,2.4,59,1,115.68,0.97
2025-12-14,direct,mobile,335,221,33.8,203.0,4.4,238,14,2790.56,4.18
2025-12-14,direct,desktop,349,258,26.0,188.0,4.9,205,14,2821.95,4.01
2025-12-14,direct,tablet,75,51,31.0,252.0,4.6,40,2,213.54,2.67
2025-12-14,email,mobile,232,175,24.2,152.0,3.2,157,12,2598.11,5.17
2025-12-14,email,desktop,211,161,23.2,128.0,1.6,159,7,1360.43,3.32
2025-12-14,email,tablet,62,45,26.7,237.0,2.9,35,2,275.92,3.23
2025-12-14,referral,mobile,216,109,49.5,114.0,4.3,133,3,360.51,1.39
2025-12-14,referral,desktop,170,78,53.6,78.0,4.3,94,4,818.72,2.35
2025-12-14,referral,tablet,39,20,47.1,222.0,3.9,22,0,0.0,0.0
2025-12-14,organic_social,mobile,127,58,53.8,201.0,1.3,82,1,147.15,0.79
2025-12-14,organic_social,desktop,95,29,68.7,131.0,3.7,73,1,155.48,1.05
2025-12-14,organic_social,tablet,20,9,52.2,106.0,1.5,13,0,0.0,0.0
2025-12-15,organic_search,mobile,683,416,39.0,58.0,2.5,432,17,3696.12,2.49
2025-12-15,organic_search,desktop,290,157,45.7,48.0,3.7,221,8,1050.0,2.76
2025-12-15,organic_search,tablet,121,64,47.0,135.0,2.8,61,3,375.45,2.48
2025-12-15,paid_search,mobile,384,238,38.0,229.0,3.7,288,13,1075.08,3.39
2025-12-15,paid_search,desktop,234,141,39.5,182.0,3.9,133,5,716.89,2.14
2025-12-15,paid_search,tablet,63,40,36.4,213.0,3.4,47,2,185.09,3.17
2025-12-15,paid_social,mobile,444,165,62.8,122.0,1.8,233,7,1271.16,1.58
2025-12-15,paid_social,desktop,218,95,56.3,202.0,3.0,141,4,399.36,1.83
2025-12-15,paid_social,tablet,53,19,62.7,145.0,3.6,33,0,0.0,0.0
2025-12-15,direct,mobile,415,296,28.5,80.0,5.3,246,11,944.35,2.65
2025-12-15,direct,desktop,236,155,34.2,67.0,4.2,127,10,1506.16,4.24
2025-12-15,direct,tablet,48,31,33.4,242.0,3.2,33,1,210.24,2.08
2025-12-15,email,mobile,247,192,22.1,236.0,5.3,152,11,1050.46,4.45
2025-12-15,email,desktop,161,118,26.5,236.0,2.2,117,4,411.38,2.48
2025-12-15,email,tablet,43,31,26.6,128.0,5.5,27,1,192.62,2.33
2025-12-15,referral,mobile,141,78,44.6,69.0,4.7,93,2,406.84,1.42
2025-12-15,referral,desktop,110,49,54.6,180.0,2.8,57,2,297.9,1.82
2025-12-15,referral,tablet,31,17,43.0,105.0,2.7,19,0,0.0,0.0
2025-12-15,organic_social,mobile,112,46,58.6,152.0,2.8,66,1,125.36,0.89
2025-12-15,organic_social,desktop,89,40,54.3,64.0,2.3,53,0,0.0,0.0
2025-12-15,organic_social,tablet,17,6,64.2,88.0,4.3,12,0,0.0,0.0
2025-12-16,organic_search,mobile,491,263,46.3,151.0,5.1,298,14,1263.31,2.85
2025-12-16,organic_search,desktop,410,209,49.0,184.0,4.9,233,11,2342.38,2.68
2025-12-16,organic_search,tablet,108,61,43.4,81.0,1.8,62,3,303.62,2.78
2025-12-16,paid_search,mobile,368,216,41.1,87.0,4.5,281,12,1583.88,3.26
2025-12-16,paid_search,desktop,349,199,42.8,128.0,2.4,175,13,2191.62,3.72
2025-12-16,paid_search,tablet,98,61,37.3,115.0,1.4,63,3,375.18,3.06
2025-12-16,paid_social,mobile,405,171,57.6,201.0,2.9,272,8,1028.95,1.98
2025-12-16,paid_social,desktop,274,106,61.2,159.0,4.5,204,5,647.55,1.82
2025-12-16,paid_social,tablet,54,28,47.8,155.0,3.0,36,1,217.38,1.85
2025-12-16,direct,mobile,331,240,27.4,176.0,4.8,170,10,1218.62,3.02
2025-12-16,direct,desktop,219,152,30.3,131.0,3.9,152,9,1750.57,4.11
2025-12-16,direct,tablet,68,45,33.7,178.0,2.3,36,2,221.43,2.94
2025-12-16,email,mobile,241,184,23.4,84.0,1.6,126,10,1948.69,4.15
2025-12-16,email,desktop,184,143,21.9,69.0,3.7,130,9,1948.83,4.89
2025-12-16,email,tablet,29,21,25.1,167.0,4.4,15,1,151.14,3.45
2025-12-16,referral,mobile,205,109,46.7,172.0,4.9,156,5,879.94,2.44
2025-12-16,referral,desktop,84,39,53.0,47.0,3.3,44,1,148.94,1.19
2025-12-16,referral,tablet,24,13,42.7,199.0,1.5,17,0,0.0,0.0
2025-12-16,organic_social,mobile,128,44,65.0,146.0,2.0,86,1,89.31,0.78
2025-12-16,organic_social,desktop,79,37,52.9,187.0,4.8,51,0,0.0,0.0
2025-12-16,organic_social,tablet,21,9,52.4,169.0,4.9,15,0,0.0,0.0
2025-12-17,organic_search,mobile,705,372,47.2,97.0,1.6,487,22,1885.57,3.12
2025-12-17,organic_search,desktop,580,329,43.2,153.0,1.8,322,13,1575.18,2.24
2025-12-17,organic_search,tablet,102,61,40.2,141.0,4.1,56,3,315.66,2.94
2025-12-17,paid_search,mobile,586,382,34.7,166.0,4.9,431,23,1958.39,3.92
2025-12-17,paid_search,desktop,323,198,38.4,123.0,1.6,177,7,833.42,2.17
2025-12-17,paid_search,tablet,132,82,37.6,179.0,4.4,96,5,509.5,3.79
2025-12-17,paid_social,mobile,629,317,49.5,148.0,2.7,317,10,2048.04,1.59
2025-12-17,paid_social,desktop,368,141,61.5,77.0,3.3,237,5,1096.52,1.36
2025-12-17,paid_social,tablet,115,51,54.8,143.0,1.4,72,1,214.32,0.87
2025-12-17,direct,mobile,454,336,25.8,76.0,2.8,295,17,2510.1,3.74
2025-12-17,direct,desktop,353,248,29.7,183.0,3.9,253,15,2789.1,4.25
2025-12-17,direct,tablet,79,55,29.3,193.0,2.5,44,2,316.28,2.53
2025-12-17,email,mobile,245,191,21.7,86.0,4.8,151,12,2487.26,4.9
2025-12-17,email,desktop,201,150,25.3,107.0,3.0,122,9,1484.25,4.48
2025-12-17,email,tablet,69,54,21.6,211.0,2.7,36,3,427.4,4.35
2025-12-17,referral,mobile,250,139,44.1,174.0,2.3,175,5,774.54,2.0
2025-12-17,referral,desktop,166,90,45.2,86.0,4.5,94,3,483.01,1.81
2025-12-17,referral,tablet,47,24,47.9,136.0,4.5,28,1,182.2,2.13
2025-12-17,organic_social,mobile,183,70,61.3,178.0,2.2,130,1,143.12,0.55
2025-12-17,organic_social,desktop,93,40,56.6,173.0,3.0,55,1,147.19,1.08
2025-12-17,organic_social,tablet,34,15,53.4,64.0,1.6,24,0,0.0,0.0
2025-12-18,organic_search,mobile,648,350,45.9,188.0,4.0,499,16,3225.24,2.47
2025-12-18,organic_search,desktop,505,256,49.2,114.0,4.4,331,15,2886.62,2.97
2025-12-18,organic_search,tablet,124,73,41.0,98.0,3.7,71,3,367.9,2.42
2025-12-18,paid_search,mobile,539,321,40.3,201.0,2.7,344,19,3992.44,3.53
2025-12-18,paid_search,desktop,400,252,36.8,175.0,3.8,311,16,1355.49,4.0
2025-12-18,paid_search,tablet,136,77,42.8,140.0,2.0,101,5,629.12,3.68
2025-12-18,paid_social,mobile,568,237,58.1,55.0,3.9,346,7,617.66,1.23
2025-12-18,paid_social,desktop,397,177,55.3,204.0,3.7,270,5,480.16,1.26
2025-12-18,paid_social,tablet,105,49,52.7,207.0,3.0,65,1,202.94,0.95
2025-12-18,direct,mobile,377,280,25.6,251.0,1.6,226,14,2100.82,3.71
2025-12-18,direct,desktop,372,256,31.1,64.0,5.1,230,11,1185.79,2.96
2025-12-18,direct,tablet,104,74,28.7,119.0,3.1,81,4,773.42,3.85
2025-12-18,email,mobile,346,251,27.3,230.0,4.6,232,15,1326.89,4.34
2025-12-18,email,desktop,215,165,23.0,196.0,3.4,143,11,1209.73,5.12
2025-12-18,email,tablet,45,34,22.6,79.0,2.9,30,1,84.14,2.22
2025-12-18,referral,mobile,192,108,43.6,57.0,2.7,122,4,408.51,2.08
2025-12-18,referral,desktop,166,89,46.2,68.0,3.8,120,3,355.85,1.81
2025-12-18,referral,tablet,39,20,47.5,147.0,3.9,24,1,84.68,2.56
2025-12-18,organic_social,mobile,117,53,54.2,74.0,1.5,64,1,206.69,0.85
2025-12-18,organic_social,desktop,118,55,52.8,189.0,3.3,65,1,178.95,0.85
2025-12-18,organic_social,tablet,32,13,57.7,137.0,2.5,18,0,0.0,0.0
2025-12-19,organic_search,mobile,860,430,50.0,209.0,3.3,521,26,3684.27,3.02
2025-12-19,organic_search,desktop,556,322,42.0,141.0,1.8,437,13,2491.5,2.34
2025-12-19,organic_search,tablet,97,56,41.6,176.0,3.7,72,2,396.79,2.06
2025-12-19,paid_search,mobile,694,392,43.5,48.0,2.6,519,21,2475.47,3.03
2025-12-19,paid_search,desktop,277,165,40.2,129.0,5.0,165,6,879.78,2.17
2025-12-19,paid_search,tablet,112,67,39.4,103.0,1.8,59,3,344.12,2.68
2025-12-19,paid_social,mobile,574,296,48.4,71.0,1.8,424,8,830.95,1.39
2025-12-19,paid_social,desktop,292,144,50.4,70.0,1.5,233,4,712.32,1.37
2025-12-19,paid_social,tablet,103,42,58.3,179.0,3.8,61,2,160.7,1.94
2025-12-19,direct,mobile,332,230,30.5,241.0,1.6,215,10,852.41,3.01
2025-12-19,direct,desktop,326,227,30.2,170.0,3.9,258,14,2305.07,4.29
2025-12-19,direct,tablet,73,48,33.0,165.0,3.9,46,1,171.99,1.37
2025-12-19,email,mobile,339,250,26.2,95.0,4.5,224,17,3534.72,5.01
2025-12-19,email,desktop,168,129,22.7,156.0,2.7,102,5,682.85,2.98
2025-12-19,email,tablet,68,52,22.7,125.0,2.5,53,2,367.97,2.94
2025-12-19,referral,mobile,195,99,48.8,195.0,3.0,120,4,540.63,2.05
2025-12-19,referral,desktop,140,60,56.4,102.0,2.0,96,2,246.84,1.43
2025-12-19,referral,tablet,27,12,52.8,193.0,1.6,19,0,0.0,0.0
2025-12-19,organic_social,mobile,174,74,57.1,166.0,3.8,102,2,281.32,1.15
2025-12-19,organic_social,desktop,68,23,65.0,142.0,4.4,34,0,0.0,0.0
2025-12-19,organic_social,tablet,28,10,62.4,51.0,2.1,19,0,0.0,0.0
2025-12-20,organic_search,mobile,682,397,41.8,88.0,4.5,414,15,3018.97,2.2
2025-12-20,organic_search,desktop,530,316,40.2,210.0,4.1,405,10,984.6,1.89
2025-12-20,organic_search,tablet,147,78,46.9,52.0,3.2,95,3,264.66,2.04
2025-12-20,paid_search,mobile,504,307,39.0,158.0,2.4,288,19,3602.27,3.77
2025-12-20,paid_search,desktop,461,292,36.5,121.0,4.2,341,15,3059.59,3.25
2025-12-20,paid_search,tablet,86,57,33.2,131.0,3.3,61,3,618.84,3.49
2025-12-20,paid_social,mobile,444,235,47.0,171.0,3.5,296,9,1546.83,2.03
2025-12-20,paid_social,desktop,445,190,57.1,90.0,2.0,337,6,704.72,1.35
2025-12-20,paid_social,tablet,100,45,54.6,122.0,2.1,62,2,171.33,2.0
2025-12-20,direct,mobile,361,264,26.8,249.0,1.9,230,10,974.96,2.77
2025-12-20,direct,desktop,337,225,33.1,113.0,3.9,228,15,2367.81,4.45
2025-12-20,direct,tablet,86,61,28.7,176.0,3.2,48,3,473.07,3.49
2025-12-20,email,mobile,252,186,26.0,143.0,5.0,158,7,1474.25,2.78
2025-12-20,email,desktop,148,115,22.0,146.0,1.5,94,4,482.26,2.7
2025-12-20,email,tablet,42,31,25.3,161.0,2.1,28,1,151.08,2.38
2025-12-20,referral,mobile,272,116,57.1,119.0,1.8,196,4,727.93,1.47
2025-12-20,referral,desktop,122,56,53.9,193.0,1.5,74,2,209.0,1.64
2025-12-20,referral,tablet,42,18,55.8,96.0,2.2,29,0,0.0,0.0
2025-12-20,organic_social,mobile,127,47,62.2,141.0,4.6,89,1,192.78,0.79
2025-12-20,organic_social,desktop,81,25,67.9,157.0,3.1,44,0,0.0,0.0
2025-12-20,organic_social,tablet,21,9,54.0,171.0,1.7,12,0,0.0,0.0
2025-12-21,organic_search,mobile,782,429,45.1,173.0,3.6,489,18,1681.34,2.3
2025-12-21,organic_search,desktop,604,311,48.5,191.0,3.0,387,13,1136.09,2.15
2025-12-21,organic_search,tablet,144,76,47.2,78.0,1.4,72,3,358.17,2.08
2025-12-21,paid_search,mobile,746,420,43.6,122.0,1.7,513,21,2306.29,2.82
2025-12-21,paid_search,desktop,321,205,35.9,76.0,1.7,223,12,1916.08,3.74
2025-12-21,paid_search,tablet,87,56,34.5,157.0,3.2,65,2,414.96,2.3
2025-12-21,paid_social,mobile,477,251,47.3,57.0,1.7,254,8,787.72,1.68
2025-12-21,paid_social,desktop,378,164,56.4,43.0,1.8,254,6,684.19,1.59
2025-12-21,paid_social,tablet,102,41,58.9,141.0,2.2,64,1,191.32,0.98
2025-12-21,direct,mobile,535,375,29.9,163.0,4.8,347,21,2877.88,3.93
2025-12-21,direct,desktop,299,211,29.3,55.0,1.9,213,8,1730.28,2.68
2025-12-21,direct,tablet,94,68,26.9,218.0,1.4,48,3,611.65,3.19
2025-12-21,email,mobile,296,225,23.9,252.0,2.9,167,9,962.91,3.04
2025-12-21,email,desktop,153,113,25.7,129.0,2.2,110,6,766.55,3.92
2025-12-21,email,tablet,63,49,21.5,72.0,5.4,40,2,177.21,3.17
2025-12-21,referral,mobile,173,74,57.0,207.0,4.7,136,3,527.79,1.73
2025-12-21,referral,desktop,162,76,53.0,106.0,4.7,93,2,211.18,1.23
2025-12-21,referral,tablet,31,15,51.1,161.0,2.6,19,0,0.0,0.0
2025-12-21,organic_social,mobile,148,69,53.2,177.0,4.2,93,1,100.79,0.68
2025-12-21,organic_social,desktop,68,33,51.2,75.0,1.6,48,1,112.04,1.47
2025-12-21,organic_social,tablet,31,9,68.3,168.0,4.7,20,0,0.0,0.0
2025-12-22,organic_search,mobile,452,264,41.4,230.0,3.3,309,13,2799.07,2.88
2025-12-22,organic_search,desktop,397,222,44.0,72.0,1.8,265,12,2335.92,3.02
2025-12-22,organic_search,tablet,105,64,38.5,135.0,4.0,74,2,425.49,1.9
2025-12-22,paid_search,mobile,325,209,35.5,243.0,4.9,189,13,1968.61,4.0
2025-12-22,paid_search,desktop,248,157,36.3,148.0,4.5,167,7,1439.04,2.82
2025-12-22,paid_search,tablet,69,43,37.1,156.0,1.6,46,2,437.85,2.9
2025-12-22,paid_social,mobile,424,192,54.7,79.0,1.6,260,6,688.26,1.42
2025-12-22,paid_social,desktop,294,128,56.3,112.0,3.9,214,3,590.39,1.02
2025-12-22,paid_social,tablet,73,29,59.8,157.0,1.8,41,1,191.5,1.37
2025-12-22,direct,mobile,324,230,28.9,158.0,5.1,191,10,1448.24,3.09
2025-12-22,direct,desktop,158,113,28.3,91.0,3.0,113,6,800.67,3.8
2025-12-22,direct,tablet,46,31,31.8,140.0,3.0,31,1,217.19,2.17
2025-12-22,email,mobile,178,135,23.7,107.0,3.5,124,7,627.68,3.93
2025-12-22,email,desktop,128,94,25.9,140.0,1.5,100,4,563.34,3.12
2025-12-22,email,tablet,47,34,25.7,200.0,2.0,31,1,195.56,2.13
2025-12-22,referral,mobile,136,63,53.4,206.0,4.7,101,2,231.04,1.47
2025-12-22,referral,desktop,76,35,53.8,72.0,3.9,46,1,94.64,1.32
2025-12-22,referral,tablet,34,15,53.7,148.0,4.5,19,0,0.0,0.0
2025-12-22,organic_social,mobile,141,45,67.9,87.0,2.9,98,1,126.71,0.71
2025-12-22,organic_social,desktop,72,28,60.5,71.0,3.9,42,0,0.0,0.0
2025-12-22,organic_social,tablet,20,9,51.1,67.0,2.0,10,0,0.0,0.0
2025-12-23,organic_search,mobile,423,229,45.7,130.0,3.2,248,8,888.04,1.89
2025-12-23,organic_search,desktop,465,280,39.8,104.0,4.6,257,9,1260.76,1.94
2025-12-23,organic_search,tablet,116,69,39.9,65.0,4.9,69,2,367.18,1.72
2025-12-23,paid_search,mobile,408,265,35.0,58.0,5.0,318,15,2543.84,3.68
2025-12-23,paid_search,desktop,297,190,35.9,222.0,2.2,161,7,816.02,2.36
2025-12-23,paid_search,tablet,73,46,35.7,89.0,1.9,47,2,267.55,2.74
2025-12-23,paid_social,mobile,518,240,53.6,102.0,3.6,393,6,709.83,1.16
2025-12-23,paid_social,desktop,332,163,50.6,146.0,2.6,178,7,653.17,2.11
2025-12-23,paid_social,tablet,60,29,51.2,50.0,4.3,39,1,218.68,1.67
2025-12-23,direct,mobile,261,188,27.6,102.0,4.0,151,8,1451.21,3.07
2025-12-23,direct,desktop,258,185,28.3,165.0,4.6,136,10,1250.37,3.88
2025-12-23,direct,tablet,49,32,34.1,152.0,1.8,31,1,205.61,2.04
2025-12-23,email,mobile,235,182,22.4,75.0,3.8,176,11,1059.55,4.68
2025-12-23,email,desktop,154,120,21.6,110.0,4.3,95,6,1086.48,3.9
2025-12-23,email,tablet,52,39,24.9,208.0,2.7,30,2,257.59,3.85
2025-12-23,referral,mobile,127,60,52.1,54.0,3.8,89,2,260.99,1.57
2025-12-23,referral,desktop,90,42,52.4,172.0,4.5,56,2,257.37,2.22
2025-12-23,referral,tablet,22,12,43.1,80.0,1.4,13,0,0.0,0.0
2025-12-23,organic_social,mobile,108,34,68.5,190.0,1.5,80,1,106.12,0.93
2025-12-23,organic_social,desktop,86,38,55.0,154.0,4.4,64,0,0.0,0.0
2025-12-23,organic_social,tablet,20,9,52.2,102.0,1.7,12,0,0.0,0.0
2025-12-24,organic_search,mobile,571,321,43.7,121.0,2.1,449,10,1244.47,1.75
2025-12-24,organic_search,desktop,420,224,46.5,172.0,4.3,230,9,1722.64,2.14
2025-12-24,organic_search,tablet,125,73,41.0,234.0,4.9,97,3,525.21,2.4
2025-12-24,paid_search,mobile,633,417,34.0,132.0,3.6,335,25,5056.24,3.95
2025-12-24,paid_search,desktop,355,207,41.5,101.0,4.4,268,14,2070.19,3.94
2025-12-24,paid_search,tablet,118,73,37.8,49.0,5.2,84,4,698.66,3.39
2025-12-24,paid_social,mobile,538,285,47.0,192.0,1.7,389,7,1508.64,1.3
2025-12-24,paid_social,desktop,278,130,53.2,53.0,1.8,203,5,1032.86,1.8
2025-12-24,paid_social,tablet,128,51,59.6,100.0,1.8,70,2,308.4,1.56
2025-12-24,direct,mobile,438,288,34.2,98.0,2.9,315,16,3220.3,3.65
2025-12-24,direct,desktop,213,153,28.0,142.0,4.9,143,7,1245.59,3.29
2025-12-24,direct,tablet,89,64,27.9,67.0,5.3,59,2,171.34,2.25
2025-12-24,email,mobile,233,178,23.6,67.0,3.3,121,10,2001.74,4.29
2025-12-24,email,desktop,188,137,26.7,108.0,5.5,100,9,1065.83,4.79
2025-12-24,email,tablet,59,43,26.8,138.0,1.9,39,2,346.5,3.39
2025-12-24,referral,mobile,223,106,52.3,214.0,2.1,128,5,707.32,2.24
2025-12-24,referral,desktop,104,58,43.6,121.0,3.5,64,2,337.67,1.92
2025-12-24,referral,tablet,27,14,45.1,207.0,2.0,15,0,0.0,0.0
2025-12-24,organic_social,mobile,170,54,68.2,97.0,1.8,110,1,124.83,0.59
2025-12-24,organic_social,desktop,98,45,53.8,150.0,3.9,57,0,0.0,0.0
2025-12-24,organic_social,tablet,31,10,67.4,139.0,1.9,17,0,0.0,0.0
2025-12-25,organic_search,mobile,797,467,41.3,57.0,4.9,562,13,1513.09,1.63
2025-12-25,organic_search,desktop,345,210,38.9,200.0,4.3,188,6,1149.27,1.74
2025-12-25,organic_search,tablet,177,89,49.7,114.0,3.5,106,4,700.84,2.26
2025-12-25,paid_search,mobile,682,435,36.1,99.0,4.6,361,27,5818.16,3.96
2025-12-25,paid_search,desktop,328,212,35.3,108.0,3.1,202,11,2294.39,3.35
2025-12-25,paid_search,tablet,102,62,38.9,204.0,3.7,59,3,407.13,2.94
2025-12-25,paid_social,mobile,502,187,62.7,82.0,3.2,263,9,1350.92,1.79
2025-12-25,paid_social,desktop,325,126,61.0,48.0,1.7,234,5,989.31,1.54
2025-12-25,paid_social,tablet,113,48,57.4,167.0,2.3,77,2,307.81,1.77
2025-12-25,direct,mobile,528,360,31.8,108.0,2.5,391,21,2865.09,3.98
2025-12-25,direct,desktop,350,254,27.4,55.0,2.8,239,11,2297.52,3.14
2025-12-25,direct,tablet,65,44,31.7,66.0,4.9,44,1,211.99,1.54
2025-12-25,email,mobile,324,254,21.4,150.0,3.4,190,16,3182.71,4.94
2025-12-25,email,desktop,172,129,24.8,224.0,3.0,136,5,454.57,2.91
2025-12-25,email,tablet,41,29,28.3,106.0,5.3,24,1,123.11,2.44
2025-12-25,referral,mobile,215,92,56.8,80.0,2.1,152,3,316.61,1.4
2025-12-25,referral,desktop,108,61,43.1,150.0,2.7,55,2,429.77,1.85
2025-12-25,referral,tablet,40,21,47.4,50.0,4.0,28,0,0.0,0.0
2025-12-25,organic_social,mobile,159,57,64.1,41.0,2.7,117,1,97.23,0.63
2025-12-25,organic_social,desktop,101,46,53.7,206.0,4.5,69,1,172.85,0.99
2025-12-25,organic_social,tablet,22,7,66.6,131.0,4.3,16,0,0.0,0.0
2025-12-26,organic_search,mobile,810,392,51.5,49.0,3.0,607,17,2845.47,2.1
2025-12-26,organic_search,desktop,404,208,48.4,208.0,3.0,227,11,1857.38,2.72
2025-12-26,organic_search,tablet,150,73,51.1,199.0,1.3,78,4,812.05,2.67
2025-12-26,paid_search,mobile,623,361,42.1,114.0,2.9,371,18,3680.01,2.89
2025-12-26,paid_search,desktop,371,231,37.5,124.0,3.7,186,11,1319.99,2.96
2025-12-26,paid_search,tablet,113,76,32.5,143.0,4.6,79,3,398.97,2.65
2025-12-26,paid_social,mobile,685,336,50.8,77.0,3.8,477,11,1222.18,1.61
2025-12-26,paid_social,desktop,344,174,49.2,148.0,3.0,180,6,907.71,1.74
2025-12-26,paid_social,tablet,93,44,52.0,164.0,5.0,64,1,172.77,1.08
2025-12-26,direct,mobile,398,277,30.3,181.0,4.7,274,15,2061.9,3.77
2025-12-26,direct,desktop,231,165,28.4,222.0,1.9,183,10,1306.52,4.33
2025-12-26,direct,tablet,68,44,34.2,85.0,4.0,52,1,160.73,1.47
2025-12-26,email,mobile,265,200,24.3,180.0,4.0,205,8,1284.77,3.02
2025-12-26,email,desktop,145,109,24.8,123.0,5.3,83,5,570.42,3.45
2025-12-26,email,tablet,41,31,24.3,148.0,4.8,30,1,120.7,2.44
2025-12-26,referral,mobile,209,93,55.1,71.0,4.7,151,3,351.99,1.44
2025-12-26,referral,desktop,156,73,52.8,198.0,3.1,112,2,219.21,1.28
2025-12-26,referral,tablet,31,17,43.5,88.0,2.9,20,0,0.0,0.0
2025-12-26,organic_social,mobile,162,52,67.7,63.0,1.7,87,2,307.47,1.23
2025-12-26,organic_social,desktop,124,42,65.6,92.0,2.3,62,1,122.57,0.81
2025-12-26,organic_social,tablet,26,8,66.4,144.0,4.0,14,0,0.0,0.0
2025-12-27,organic_search,mobile,941,494,47.5,105.0,2.3,544,23,4414.15,2.44
2025-12-27,organic_search,desktop,389,194,50.1,204.0,1.8,199,9,1821.35,2.31
2025-12-27,organic_search,tablet,176,103,41.1,228.0,1.7,130,4,392.88,2.27
2025-12-27,paid_search,mobile,736,420,42.8,143.0,3.4,421,22,3491.85,2.99
2025-12-27,paid_search,desktop,402,260,35.3,50.0,4.8,254,13,2539.48,3.23
2025-12-27,paid_search,tablet,117,75,35.2,242.0,4.5,89,4,664.43,3.42
2025-12-27,paid_social,mobile,465,198,57.4,210.0,2.0,335,7,1361.23,1.51
2025-12-27,paid_social,desktop,397,188,52.5,74.0,4.6,297,5,623.34,1.26
2025-12-27,paid_social,tablet,114,46,59.3,179.0,4.6,74,1,206.98,0.88
2025-12-27,direct,mobile,394,270,31.3,129.0,3.5,210,15,2683.3,3.81
2025-12-27,direct,desktop,306,215,29.7,122.0,4.0,227,8,1191.9,2.61
2025-12-27,direct,tablet,78,52,33.0,136.0,2.9,44,2,338.01,2.56
2025-12-27,email,mobile,255,192,24.7,173.0,4.4,149,12,1886.44,4.71
2025-12-27,email,desktop,178,128,27.6,162.0,3.7,129,5,759.44,2.81
2025-12-27,email,tablet,53,38,27.6,251.0,2.7,29,2,255.07,3.77
2025-12-27,referral,mobile,218,94,56.8,130.0,5.0,156,5,705.32,2.29
2025-12-27,referral,desktop,102,49,51.6,182.0,2.8,55,2,214.05,1.96
2025-12-27,referral,tablet,46,22,52.1,139.0,3.6,30,0,0.0,0.0
2025-12-27,organic_social,mobile,141,65,53.4,195.0,3.6,72,1,175.75,0.71
2025-12-27,organic_social,desktop,91,42,52.9,211.0,1.9,68,1,108.47,1.1
2025-12-27,organic_social,tablet,29,12,56.6,68.0,4.4,21,0,0.0,0.0
2025-12-28,organic_search,mobile,874,507,41.9,67.0,2.5,504,25,2276.62,2.86
2025-12-28,organic_search,desktop,474,256,45.9,48.0,2.2,287,10,1774.09,2.11
2025-12-28,organic_search,tablet,128,72,43.2,191.0,1.3,77,2,422.61,1.56
2025-12-28,paid_search,mobile,584,380,34.8,221.0,4.3,354,23,4188.91,3.94
2025-12-28,paid_search,desktop,379,253,33.0,200.0,4.5,220,11,2114.23,2.9
2025-12-28,paid_search,tablet,83,51,37.5,67.0,1.5,60,2,334.83,2.41
2025-12-28,paid_social,mobile,590,292,50.4,131.0,1.8,467,12,1543.91,2.03
2025-12-28,paid_social,desktop,393,193,50.7,121.0,1.9,246,8,1067.84,2.04
2025-12-28,paid_social,tablet,127,58,53.9,153.0,2.3,76,2,433.99,1.57
2025-12-28,direct,mobile,382,252,34.0,66.0,4.5,284,16,2704.93,4.19
2025-12-28,direct,desktop,332,242,27.0,144.0,2.4,229,10,1937.56,3.01
2025-12-28,direct,tablet,87,60,30.2,167.0,4.9,65,2,376.92,2.3
2025-12-28,email,mobile,382,279,26.8,208.0,1.9,268,12,1573.92,3.14
2025-12-28,email,desktop,172,132,23.0,200.0,3.1,116,7,648.2,4.07
2025-12-28,email,tablet,41,30,24.5,166.0,2.2,27,2,358.73,4.88
2025-12-28,referral,mobile,234,114,50.9,115.0,4.9,180,5,663.0,2.14
2025-12-28,referral,desktop,108,58,46.2,61.0,4.8,79,2,316.24,1.85
2025-12-28,referral,tablet,45,21,52.9,102.0,5.0,24,0,0.0,0.0
2025-12-28,organic_social,mobile,156,54,64.9,67.0,2.0,110,1,153.76,0.64
2025-12-28,organic_social,desktop,109,42,61.0,163.0,3.9,69,1,132.14,0.92
2025-12-28,organic_social,tablet,32,12,60.5,157.0,3.6,24,0,0.0,0.0
2025-12-29,organic_search,mobile,444,262,40.8,74.0,1.9,317,10,1286.01,2.25
2025-12-29,organic_search,desktop,414,205,50.3,70.0,1.7,208,9,1291.49,2.17
2025-12-29,organic_search,tablet,82,47,42.0,151.0,1.4,53,2,333.97,2.44
2025-12-29,paid_search,mobile,440,259,41.1,183.0,2.8,298,17,2939.48,3.86
2025-12-29,paid_search,desktop,296,167,43.4,214.0,3.4,162,10,1187.36,3.38
2025-12-29,paid_search,tablet,99,61,38.3,143.0,2.4,58,2,269.46,2.02
2025-12-29,paid_social,mobile,317,131,58.5,78.0,2.9,233,4,478.2,1.26
2025-12-29,paid_social,desktop,228,88,61.2,180.0,2.3,131,5,685.37,2.19
2025-12-29,paid_social,tablet,90,37,57.9,170.0,2.4,47,1,83.59,1.11
2025-12-29,direct,mobile,297,209,29.4,119.0,3.4,219,8,707.29,2.69
2025-12-29,direct,desktop,253,184,26.9,62.0,3.4,164,8,1610.26,3.16
2025-12-29,direct,tablet,74,51,30.0,167.0,3.3,43,1,176.58,1.35
2025-12-29,email,mobile,169,121,28.1,246.0,2.1,100,8,1692.61,4.73
2025-12-29,email,desktop,142,107,24.3,78.0,3.3,92,7,848.78,4.93
2025-12-29,email,tablet,38,27,27.2,153.0,5.1,28,1,122.8,2.63
2025-12-29,referral,mobile,173,82,52.3,153.0,3.5,116,3,336.24,1.73
2025-12-29,referral,desktop,119,67,43.2,197.0,2.2,72,2,175.0,1.68
2025-12-29,referral,tablet,25,10,56.6,50.0,2.1,13,0,0.0,0.0
2025-12-29,organic_social,mobile,133,49,63.1,119.0,2.5,98,1,154.54,0.75
2025-12-29,organic_social,desktop,50,19,60.3,161.0,2.2,31,0,0.0,0.0
2025-12-29,organic_social,tablet,18,6,62.0,110.0,3.8,13,0,0.0,0.0
2025-12-30,organic_search,mobile,572,286,50.0,204.0,1.7,317,11,933.13,1.92
2025-12-30,organic_search,desktop,278,165,40.6,99.0,4.1,204,8,1589.68,2.88
2025-12-30,organic_search,tablet,81,47,41.3,128.0,4.4,64,1,169.13,1.23
2025-12-30,paid_search,mobile,553,320,42.0,235.0,3.5,402,14,2892.73,2.53
2025-12-30,paid_search,desktop,305,171,43.6,76.0,4.6,171,10,1463.68,3.28
2025-12-30,paid_search,tablet,91,59,35.1,84.0,4.2,61,3,259.36,3.3
2025-12-30,paid_social,mobile,422,218,48.3,151.0,5.0,280,9,1519.39,2.13
2025-12-30,paid_social,desktop,307,152,50.3,158.0,1.6,158,4,689.77,1.3
2025-12-30,paid_social,tablet,61,27,55.6,87.0,3.5,32,1,134.45,1.64
2025-12-30,direct,mobile,273,192,29.6,225.0,5.4,203,12,1508.32,4.4
2025-12-30,direct,desktop,209,140,32.8,148.0,3.2,150,5,1004.9,2.39
2025-12-30,direct,tablet,77,55,27.8,177.0,2.3,38,2,342.2,2.6
2025-12-30,email,mobile,181,141,21.5,209.0,2.5,102,5,572.0,2.76
2025-12-30,email,desktop,156,116,25.5,127.0,1.4,98,6,1022.59,3.85
2025-12-30,email,tablet,37,26,27.0,199.0,2.8,25,1,189.36,2.7
2025-12-30,referral,mobile,161,87,45.7,72.0,2.9,116,4,426.24,2.48
2025-12-30,referral,desktop,84,37,55.5,137.0,2.1,47,1,106.62,1.19
2025-12-30,referral,tablet,22,10,51.3,49.0,4.8,13,0,0.0,0.0
2025-12-30,organic_social,mobile,118,47,60.0,65.0,2.5,81,1,123.66,0.85
2025-12-30,organic_social,desktop,76,25,66.4,169.0,4.1,54,0,0.0,0.0
2025-12-30,organic_social,tablet,16,5,67.2,63.0,1.8,8,0,0.0,0.0
2025-12-31,organic_search,mobile,771,436,43.4,108.0,4.0,570,15,2623.8,1.95
2025-12-31,organic_search,desktop,517,318,38.4,118.0,4.7,383,11,919.37,2.13
2025-12-31,organic_search,tablet,109,57,47.4,193.0,2.2,86,3,603.05,2.75
2025-12-31,paid_search,mobile,684,408,40.2,134.0,3.0,365,27,3459.37,3.95
2025-12-31,paid_search,desktop,336,200,40.3,187.0,4.2,260,7,1012.97,2.08
2025-12-31,paid_search,tablet,113,73,34.7,211.0,2.2,56,4,603.22,3.54
2025-12-31,paid_social,mobile,472,237,49.8,112.0,1.6,266,9,1352.45,1.91
2025-12-31,paid_social,desktop,435,216,50.2,97.0,4.3,259,8,1559.51,1.84
2025-12-31,paid_social,tablet,103,50,51.4,189.0,3.1,79,1,109.53,0.97
2025-12-31,direct,mobile,489,327,33.0,194.0,3.6,247,20,3073.68,4.09
2025-12-31,direct,desktop,326,213,34.4,235.0,2.2,168,13,1135.81,3.99
2025-12-31,direct,tablet,58,41,29.3,69.0,2.8,32,1,104.99,1.72
2025-12-31,email,mobile,327,248,24.1,126.0,2.1,192,13,2435.11,3.98
2025-12-31,email,desktop,213,165,22.1,191.0,2.9,148,9,1635.65,4.23
2025-12-31,email,tablet,65,49,23.6,242.0,2.5,35,2,427.99,3.08
2025-12-31,referral,mobile,201,100,50.1,192.0,4.8,104,3,250.29,1.49
2025-12-31,referral,desktop,162,82,49.1,202.0,1.7,85,2,268.16,1.23
2025-12-31,referral,tablet,49,26,46.9,90.0,2.4,30,1,158.61,2.04
2025-12-31,organic_social,mobile,119,43,63.8,191.0,4.5,82,1,204.49,0.84
2025-12-31,organic_social,desktop,94,44,52.5,77.0,4.5,71,1,92.47,1.06
2025-12-31,organic_social,tablet,26,9,64.0,148.0,4.3,16,0,0.0,0.0
2026-01-01,organic_search,mobile,547,264,51.7,158.0,4.9,420,15,1549.52,2.74
2026-01-01,organic_search,desktop,608,366,39.7,83.0,4.1,430,18,3686.12,2.96
2026-01-01,organic_search,tablet,153,82,46.0,92.0,4.8,86,3,285.17,1.96
2026-01-01,paid_search,mobile,580,363,37.3,142.0,4.6,300,23,2210.41,3.97
2026-01-01,paid_search,desktop,441,293,33.4,128.0,1.5,331,13,1327.49,2.95
2026-01-01,paid_search,tablet,85,55,34.4,233.0,3.0,56,2,165.45,2.35
2026-01-01,paid_social,mobile,665,290,56.3,201.0,4.3,370,8,1539.51,1.2
2026-01-01,paid_social,desktop,342,165,51.7,116.0,3.5,172,6,1183.25,1.75
2026-01-01,paid_social,tablet,90,38,57.0,73.0,4.6,60,2,237.9,2.22
2026-01-01,direct,mobile,588,424,27.8,171.0,1.7,362,16,2076.82,2.72
2026-01-01,direct,desktop,213,146,31.4,71.0,5.0,108,6,1295.35,2.82
2026-01-01,direct,tablet,90,59,34.0,181.0,2.5,64,3,252.86,3.33
2026-01-01,email,mobile,293,217,25.9,115.0,3.2,223,8,953.92,2.73
2026-01-01,email,desktop,177,130,26.5,148.0,2.4,91,6,648.83,3.39
2026-01-01,email,tablet,45,35,21.9,202.0,2.0,23,1,183.4,2.22
2026-01-01,referral,mobile,151,70,53.5,55.0,4.3,88,2,280.29,1.32
2026-01-01,referral,desktop,128,65,49.1,105.0,1.6,85,3,589.96,2.34
2026-01-01,referral,tablet,33,17,47.1,117.0,3.8,18,0,0.0,0.0
2026-01-01,organic_social,mobile,166,79,52.1,147.0,2.6,110,2,408.27,1.2
2026-01-01,organic_social,desktop,86,37,56.2,197.0,1.9,59,0,0.0,0.0
2026-01-01,organic_social,tablet,29,13,55.1,182.0,1.3,15,0,0.0,0.0
2026-01-02,organic_search,mobile,699,386,44.7,215.0,2.5,535,17,3237.18,2.43
2026-01-02,organic_search,desktop,413,251,39.2,105.0,2.0,218,10,1732.59,2.42
2026-01-02,organic_search,tablet,132,74,43.8,54.0,4.0,81,2,221.85,1.52
2026-01-02,paid_search,mobile,501,309,38.2,168.0,5.0,307,19,2138.34,3.79
2026-01-02,paid_search,desktop,488,329,32.4,151.0,5.3,264,12,1855.49,2.46
2026-01-02,paid_search,tablet,142,82,42.0,70.0,4.9,87,3,394.36,2.11
2026-01-02,paid_social,mobile,393,171,56.3,124.0,1.5,254,6,802.86,1.53
2026-01-02,paid_social,desktop,302,125,58.5,169.0,1.7,163,4,848.74,1.32
2026-01-02,paid_social,tablet,90,47,47.2,106.0,2.1,54,1,180.62,1.11
2026-01-02,direct,mobile,585,388,33.6,115.0,1.4,331,17,1541.88,2.91
2026-01-02,direct,desktop,310,228,26.3,201.0,3.6,223,8,1123.23,2.58
2026-01-02,direct,tablet,62,45,27.0,222.0,4.4,31,2,428.71,3.23
2026-01-02,email,mobile,392,302,22.8,168.0,5.6,265,15,2520.21,3.83
2026-01-02,email,desktop,160,119,25.5,61.0,2.5,106,6,1039.02,3.75
2026-01-02,email,tablet,64,46,27.5,173.0,3.8,49,3,398.88,4.69
2026-01-02,referral,mobile,255,130,48.9,227.0,4.1,132,5,1041.0,1.96
2026-01-02,referral,desktop,166,83,49.7,190.0,4.7,117,3,361.85,1.81
2026-01-02,referral,tablet,28,11,57.3,166.0,2.5,21,0,0.0,0.0
2026-01-02,organic_social,mobile,133,41,68.6,60.0,2.0,81,2,172.09,1.5
2026-01-02,organic_social,desktop,105,44,57.6,138.0,3.6,65,1,146.66,0.95
2026-01-02,organic_social,tablet,29,13,52.6,80.0,1.4,21,0,0.0,0.0
2026-01-03,organic_search,mobile,584,347,40.6,96.0,2.1,461,11,2389.86,1.88
2026-01-03,organic_search,desktop,517,271,47.5,145.0,5.1,365,15,2347.14,2.9
2026-01-03,organic_search,tablet,154,93,39.4,189.0,4.3,113,2,302.15,1.3
2026-01-03,paid_search,mobile,682,452,33.6,124.0,3.0,454,26,4870.96,3.81
2026-01-03,paid_search,desktop,498,294,40.8,144.0,3.5,255,19,2067.05,3.82
2026-01-03,paid_search,tablet,84,54,34.7,146.0,4.5,55,3,565.57,3.57
2026-01-03,paid_social,mobile,682,331,51.5,123.0,2.4,538,9,781.78,1.32
2026-01-03,paid_social,desktop,425,196,53.8,82.0,2.7,314,5,465.8,1.18
2026-01-03,paid_social,tablet,119,43,63.2,148.0,3.0,64,2,425.46,1.68
2026-01-03,direct,mobile,567,376,33.5,214.0,1.4,405,24,5157.96,4.23
2026-01-03,direct,desktop,274,180,34.0,71.0,3.2,174,11,2116.83,4.01
2026-01-03,direct,tablet,82,55,32.7,222.0,4.7,57,2,210.24,2.44
2026-01-03,email,mobile,223,163,26.7,227.0,1.5,153,7,948.92,3.14
2026-01-03,email,desktop,198,150,24.1,230.0,1.9,156,6,619.16,3.03
2026-01-03,email,tablet,44,32,26.7,242.0,1.5,32,1,132.41,2.27
2026-01-03,referral,mobile,242,108,55.0,161.0,3.4,163,5,720.12,2.07
2026-01-03,referral,desktop,96,41,56.9,163.0,2.0,51,1,138.01,1.04
2026-01-03,referral,tablet,47,22,51.2,78.0,3.8,35,0,0.0,0.0
2026-01-03,organic_social,mobile,162,79,51.1,139.0,2.4,111,2,318.97,1.23
2026-01-03,organic_social,desktop,68,26,60.3,86.0,4.3,39,0,0.0,0.0
2026-01-03,organic_social,tablet,27,10,61.2,201.0,1.9,20,0,0.0,0.0
2026-01-04,organic_search,mobile,783,401,48.8,150.0,2.9,530,20,2454.83,2.55
2026-01-04,organic_search,desktop,500,262,47.4,194.0,3.9,288,14,2193.47,2.8
2026-01-04,organic_search,tablet,173,105,39.2,134.0,3.2,126,4,662.9,2.31
2026-01-04,paid_search,mobile,685,431,37.0,191.0,4.1,400,18,1595.7,2.63
2026-01-04,paid_search,desktop,489,294,39.7,172.0,5.3,362,17,2700.73,3.48
2026-01-04,paid_search,tablet,104,68,34.5,153.0,5.1,69,3,609.22,2.88
2026-01-04,paid_social,mobile,451,208,53.8,165.0,4.4,253,7,730.71,1.55
2026-01-04,paid_social,desktop,402,204,49.2,118.0,1.3,299,6,1101.16,1.49
2026-01-04,paid_social,tablet,82,32,60.9,189.0,2.5,57,1,115.67,1.22
2026-01-04,direct,mobile,414,288,30.4,184.0,2.9,255,16,3337.39,3.86
2026-01-04,direct,desktop,229,158,30.6,104.0,1.4,150,9,884.01,3.93
2026-01-04,direct,tablet,60,41,30.7,159.0,3.3,34,1,192.38,1.67
2026-01-04,email,mobile,379,271,28.4,214.0,4.4,213,18,2211.8,4.75
2026-01-04,email,desktop,144,111,22.7,222.0,2.7,103,7,713.29,4.86
2026-01-04,email,tablet,68,49,27.2,80.0,4.6,35,2,161.36,2.94
2026-01-04,referral,mobile,271,116,57.1,171.0,2.0,195,4,339.15,1.48
2026-01-04,referral,desktop,121,62,48.1,222.0,1.5,94,2,205.89,1.65
2026-01-04,referral,tablet,33,15,52.5,128.0,1.4,18,0,0.0,0.0
2026-01-04,organic_social,mobile,118,41,64.6,41.0,2.0,82,1,148.44,0.85
2026-01-04,organic_social,desktop,68,26,61.5,173.0,4.4,42,0,0.0,0.0
2026-01-04,organic_social,tablet,29,11,60.6,174.0,2.5,19,0,0.0,0.0
2026-01-05,organic_search,mobile,552,315,42.9,124.0,4.1,369,12,1687.96,2.17
2026-01-05,organic_search,desktop,363,215,40.6,183.0,3.0,238,8,1181.74,2.2
2026-01-05,organic_search,tablet,96,46,51.5,197.0,2.7,57,2,172.1,2.08
2026-01-05,paid_search,mobile,343,196,42.6,193.0,1.7,174,13,2741.32,3.79
2026-01-05,paid_search,desktop,359,220,38.6,77.0,2.0,248,9,829.51,2.51
2026-01-05,paid_search,tablet,70,44,35.8,128.0,1.5,48,2,381.28,2.86
2026-01-05,paid_social,mobile,453,216,52.3,182.0,2.1,296,5,800.17,1.1
2026-01-05,paid_social,desktop,290,126,56.5,193.0,2.4,158,6,822.82,2.07
2026-01-05,paid_social,tablet,86,45,46.9,191.0,1.8,50,1,90.31,1.16
2026-01-05,direct,mobile,360,263,26.8,202.0,1.9,236,9,1893.79,2.5
2026-01-05,direct,desktop,260,191,26.3,123.0,5.5,160,10,1979.98,3.85
2026-01-05,direct,tablet,76,50,33.6,186.0,1.7,38,3,240.35,3.95
2026-01-05,email,mobile,183,137,25.1,165.0,2.5,108,7,941.7,3.83
2026-01-05,email,desktop,119,89,24.6,232.0,3.4,66,5,758.15,4.2
2026-01-05,email,tablet,41,31,24.0,217.0,2.8,20,1,93.76,2.44
2026-01-05,referral,mobile,165,77,52.8,129.0,3.2,84,2,265.0,1.21
2026-01-05,referral,desktop,109,61,43.9,187.0,2.7,81,1,151.02,0.92
2026-01-05,referral,tablet,33,16,48.6,95.0,4.4,19,0,0.0,0.0
2026-01-05,organic_social,mobile,126,46,63.0,195.0,2.8,63,1,110.44,0.79
2026-01-05,organic_social,desktop,84,27,67.8,43.0,2.4,64,1,130.79,1.19
2026-01-05,organic_social,tablet,24,10,57.8,156.0,3.6,13,0,0.0,0.0
2026-01-06,organic_search,mobile,677,414,38.7,241.0,3.7,461,21,4330.84,3.1
2026-01-06,organic_search,desktop,335,201,39.8,118.0,4.8,167,9,1339.44,2.69
2026-01-06,organic_search,tablet,101,53,47.1,76.0,4.6,73,1,181.87,0.99
2026-01-06,paid_search,mobile,355,217,38.8,154.0,1.5,243,13,1093.35,3.66
2026-01-06,paid_search,desktop,354,223,36.8,138.0,2.5,282,10,2168.17,2.82
2026-01-06,paid_search,tablet,91,55,38.9,56.0,2.1,46,3,572.09,3.3
2026-01-06,paid_social,mobile,359,146,59.3,94.0,4.9,189,6,1065.04,1.67
2026-01-06,paid_social,desktop,271,117,56.7,88.0,2.9,178,5,407.94,1.85
2026-01-06,paid_social,tablet,54,21,60.2,97.0,3.1,27,0,0.0,0.0
2026-01-06,direct,mobile,410,295,28.0,107.0,3.8,311,12,1683.3,2.93
2026-01-06,direct,desktop,208,152,26.5,252.0,5.0,158,8,1225.24,3.85
2026-01-06,direct,tablet,47,32,30.2,158.0,5.4,36,1,190.34,2.13
2026-01-06,email,mobile,216,166,23.0,191.0,4.4,116,8,956.51,3.7
2026-01-06,email,desktop,125,89,28.3,61.0,3.1,98,5,888.21,4.0
2026-01-06,email,tablet,48,34,27.1,256.0,3.2,36,2,217.39,4.17
2026-01-06,referral,mobile,140,66,52.3,65.0,3.9,70,2,428.39,1.43
2026-01-06,referral,desktop,101,53,47.3,127.0,2.5,64,1,179.95,0.99
2026-01-06,referral,tablet,25,12,48.8,122.0,3.1,17,0,0.0,0.0
2026-01-06,organic_social,mobile,87,39,54.5,146.0,3.9,68,0,0.0,0.0
2026-01-06,organic_social,desktop,54,19,63.1,182.0,3.1,40,0,0.0,0.0
2026-01-06,organic_social,tablet,15,5,62.5,61.0,2.5,11,0,0.0,0.0
2026-01-07,organic_search,mobile,587,320,45.4,141.0,3.7,342,17,3231.29,2.9
2026-01-07,organic_search,desktop,606,371,38.7,199.0,3.2,458,13,1759.74,2.15
2026-01-07,organic_search,tablet,119,70,40.6,113.0,2.3,81,2,208.49,1.68
2026-01-07,paid_search,mobile,428,265,38.1,63.0,4.2,260,12,1518.05,2.8
2026-01-07,paid_search,desktop,486,276,43.1,122.0,2.4,342,16,2067.72,3.29
2026-01-07,paid_search,tablet,112,70,37.1,178.0,3.4,76,3,291.04,2.68
2026-01-07,paid_social,mobile,471,193,59.0,156.0,1.7,243,8,750.54,1.7
2026-01-07,paid_social,desktop,397,180,54.5,200.0,1.6,239,5,758.98,1.26
2026-01-07,paid_social,tablet,118,57,50.9,199.0,2.5,88,1,142.09,0.85
2026-01-07,direct,mobile,348,246,29.2,233.0,2.7,264,12,1623.63,3.45
2026-01-07,direct,desktop,346,233,32.5,163.0,2.0,218,10,1310.11,2.89
2026-01-07,direct,tablet,58,42,27.5,129.0,5.2,42,2,162.94,3.45
2026-01-07,email,mobile,238,181,23.6,222.0,2.1,145,11,1727.62,4.62
2026-01-07,email,desktop,222,167,24.3,190.0,2.1,161,10,1073.98,4.5
2026-01-07,email,tablet,56,42,24.5,93.0,1.9,30,1,173.11,1.79
2026-01-07,referral,mobile,171,80,52.8,126.0,2.8,111,3,436.23,1.75
2026-01-07,referral,desktop,107,56,46.8,230.0,4.0,55,1,197.13,0.93
2026-01-07,referral,tablet,37,21,42.6,127.0,3.0,20,0,0.0,0.0
2026-01-07,organic_social,mobile,181,63,64.8,42.0,4.6,140,2,312.95,1.1
2026-01-07,organic_social,desktop,98,32,67.3,150.0,3.0,73,1,152.4,1.02
2026-01-07,organic_social,tablet,28,12,54.0,134.0,3.1,19,0,0.0,0.0
2026-01-08,organic_search,mobile,830,483,41.8,92.0,3.1,490,23,4592.43,2.77
2026-01-08,organic_search,desktop,388,234,39.5,169.0,3.1,252,11,1228.47,2.84
2026-01-08,organic_search,tablet,140,74,46.6,104.0,1.7,99,4,418.99,2.86
2026-01-08,paid_search,mobile,537,314,41.4,67.0,3.7,381,19,1634.68,3.54
2026-01-08,paid_search,desktop,355,232,34.6,83.0,2.6,229,9,1023.07,2.54
2026-01-08,paid_search,tablet,121,69,42.2,196.0,4.9,68,4,685.17,3.31
2026-01-08,paid_social,mobile,584,307,47.4,113.0,3.7,387,13,2601.3,2.23
2026-01-08,paid_social,desktop,418,189,54.6,64.0,4.3,229,5,736.17,1.2
2026-01-08,paid_social,tablet,91,46,48.5,214.0,3.4,62,1,214.87,1.1
2026-01-08,direct,mobile,413,299,27.4,144.0,1.7,252,12,1093.15,2.91
2026-01-08,direct,desktop,349,247,29.0,116.0,1.7,254,11,1691.51,3.15
2026-01-08,direct,tablet,69,50,26.8,56.0,3.8,41,1,175.24,1.45
2026-01-08,email,mobile,303,217,28.1,236.0,2.4,162,8,1351.42,2.64
2026-01-08,email,desktop,179,128,28.4,107.0,4.3,104,7,1488.09,3.91
2026-01-08,email,tablet,55,39,28.0,125.0,1.6,31,1,121.44,1.82
2026-01-08,referral,mobile,156,82,46.9,89.0,2.8,96,2,170.82,1.28
2026-01-08,referral,desktop,122,60,50.2,63.0,3.9,95,3,432.33,2.46
2026-01-08,referral,tablet,31,16,45.4,196.0,2.8,22,0,0.0,0.0
2026-01-08,organic_social,mobile,162,76,53.0,53.0,2.9,120,1,180.27,0.62
2026-01-08,organic_social,desktop,124,45,63.6,137.0,4.6,70,1,119.31,0.81
2026-01-08,organic_social,tablet,23,9,60.2,96.0,2.8,13,0,0.0,0.0
2026-01-09,organic_search,mobile,862,490,43.1,52.0,3.4,532,20,2621.05,2.32
2026-01-09,organic_search,desktop,374,200,46.4,92.0,3.4,218,10,1516.52,2.67
2026-01-09,organic_search,tablet,108,65,39.6,104.0,3.9,78,2,423.38,1.85
2026-01-09,paid_search,mobile,628,388,38.1,223.0,3.7,340,18,1956.69,2.87
2026-01-09,paid_search,desktop,441,293,33.4,145.0,3.5,287,14,1240.41,3.17
2026-01-09,paid_search,tablet,105,68,35.1,80.0,2.9,75,2,335.4,1.9
2026-01-09,paid_social,mobile,579,224,61.2,77.0,1.4,303,11,2327.14,1.9
2026-01-09,paid_social,desktop,284,148,47.6,94.0,4.4,169,4,797.66,1.41
2026-01-09,paid_social,tablet,95,37,60.8,102.0,4.2,49,1,97.21,1.05
2026-01-09,direct,mobile,518,351,32.1,100.0,2.5,377,17,1408.25,3.28
2026-01-09,direct,desktop,295,210,28.5,256.0,1.7,220,11,1041.59,3.73
2026-01-09,direct,tablet,79,52,33.5,169.0,3.2,46,2,314.22,2.53
2026-01-09,email,mobile,358,276,22.8,230.0,1.4,275,12,1653.1,3.35
2026-01-09,email,desktop,197,153,22.0,149.0,1.5,138,6,540.05,3.05
2026-01-09,email,tablet,42,32,22.8,61.0,1.8,33,1,112.82,2.38
2026-01-09,referral,mobile,159,72,54.3,194.0,3.0,93,3,362.92,1.89
2026-01-09,referral,desktop,158,74,52.9,161.0,2.2,108,2,252.28,1.27
2026-01-09,referral,tablet,33,17,45.6,168.0,3.6,20,0,0.0,0.0
2026-01-09,organic_social,mobile,173,57,66.5,154.0,2.8,89,1,169.28,0.58
2026-01-09,organic_social,desktop,92,30,66.7,159.0,4.3,71,0,0.0,0.0
2026-01-09,organic_social,tablet,32,12,61.7,43.0,2.5,22,0,0.0,0.0
2026-01-10,organic_search,mobile,826,509,38.4,119.0,5.3,514,21,1701.58,2.54
2026-01-10,organic_search,desktop,594,365,38.5,154.0,5.3,351,16,2303.43,2.69
2026-01-10,organic_search,tablet,167,82,50.6,186.0,4.8,107,3,259.95,1.8
2026-01-10,paid_search,mobile,741,483,34.8,154.0,2.6,426,27,4818.83,3.64
2026-01-10,paid_search,desktop,435,266,38.8,82.0,2.2,340,16,3117.81,3.68
2026-01-10,paid_search,tablet,101,62,38.5,179.0,2.8,60,3,476.95,2.97
2026-01-10,paid_social,mobile,657,282,56.9,71.0,4.2,505,14,2822.64,2.13
2026-01-10,paid_social,desktop,333,149,55.1,136.0,2.7,248,5,505.46,1.5
2026-01-10,paid_social,tablet,98,36,62.5,108.0,3.5,52,2,225.17,2.04
2026-01-10,direct,mobile,456,304,33.3,149.0,5.0,324,12,1101.95,2.63
2026-01-10,direct,desktop,301,219,27.1,251.0,1.9,180,12,2092.93,3.99
2026-01-10,direct,tablet,81,55,31.3,125.0,1.8,50,2,268.92,2.47
2026-01-10,email,mobile,257,196,23.4,113.0,2.2,171,7,595.39,2.72
2026-01-10,email,desktop,193,139,27.7,240.0,3.9,145,5,881.11,2.59
2026-01-10,email,tablet,57,41,27.1,71.0,5.1,38,1,103.27,1.75
2026-01-10,referral,mobile,191,94,50.5,92.0,2.2,109,2,354.04,1.05
2026-01-10,referral,desktop,119,56,52.5,98.0,4.1,94,2,326.51,1.68
2026-01-10,referral,tablet,41,20,50.5,85.0,3.1,24,0,0.0,0.0
2026-01-10,organic_social,mobile,195,73,62.1,78.0,4.6,126,2,366.43,1.03
2026-01-10,organic_social,desktop,96,43,55.1,174.0,4.2,57,0,0.0,0.0
2026-01-10,organic_social,tablet,29,12,57.9,44.0,3.2,19,0,0.0,0.0
2026-01-11,organic_search,mobile,690,424,38.5,50.0,2.6,455,18,3221.79,2.61
2026-01-11,organic_search,desktop,618,335,45.7,52.0,2.6,389,18,2546.01,2.91
2026-01-11,organic_search,tablet,138,80,41.8,76.0,4.1,82,3,404.1,2.17
2026-01-11,paid_search,mobile,537,358,33.2,199.0,4.2,294,21,3644.13,3.91
2026-01-11,paid_search,desktop,299,170,43.1,220.0,3.5,182,6,1222.78,2.01
2026-01-11,paid_search,tablet,116,71,38.5,164.0,3.4,63,4,516.5,3.45
2026-01-11,paid_social,mobile,666,331,50.2,197.0,4.5,361,12,1557.35,1.8
2026-01-11,paid_social,desktop,440,223,49.1,119.0,3.4,351,7,1244.35,1.59
2026-01-11,paid_social,tablet,84,34,59.3,59.0,2.2,61,1,212.61,1.19
2026-01-11,direct,mobile,540,367,31.9,96.0,4.5,414,14,1767.69,2.59
2026-01-11,direct,desktop,308,225,26.9,88.0,3.9,161,13,1833.24,4.22
2026-01-11,direct,tablet,87,57,34.2,222.0,2.0,60,3,599.89,3.45
2026-01-11,email,mobile,308,241,21.6,186.0,2.1,182,10,1038.17,3.25
2026-01-11,email,desktop,147,115,21.7,161.0,1.6,80,8,1083.66,5.44
2026-01-11,email,tablet,58,43,24.3,156.0,5.2,39,2,246.83,3.45
2026-01-11,referral,mobile,238,103,56.4,190.0,3.8,161,5,853.07,2.1
2026-01-11,referral,desktop,113,64,42.9,146.0,1.6,71,2,389.48,1.77
2026-01-11,referral,tablet,40,21,46.1,62.0,1.3,28,0,0.0,0.0
2026-01-11,organic_social,mobile,147,70,51.7,103.0,1.9,90,1,81.85,0.68
2026-01-11,organic_social,desktop,68,21,68.5,119.0,1.4,51,0,0.0,0.0
2026-01-11,organic_social,tablet,26,12,53.6,151.0,4.9,14,0,0.0,0.0
2026-01-12,organic_search,mobile,469,228,51.3,221.0,3.8,277,9,1009.88,1.92
2026-01-12,organic_search,desktop,305,168,44.7,60.0,3.4,176,6,487.68,1.97
2026-01-12,organic_search,tablet,130,68,47.6,103.0,4.2,83,4,770.85,3.08
2026-01-12,paid_search,mobile,457,281,38.3,201.0,2.0,277,16,2089.08,3.5
2026-01-12,paid_search,desktop,319,185,41.9,127.0,2.3,218,12,1524.96,3.76
2026-01-12,paid_search,tablet,76,43,42.9,173.0,3.2,38,2,349.61,2.63
2026-01-12,paid_social,mobile,357,148,58.4,195.0,3.4,187,6,538.36,1.68
2026-01-12,paid_social,desktop,189,97,48.3,173.0,1.9,109,4,478.01,2.12
2026-01-12,paid_social,tablet,52,20,60.9,77.0,1.8,30,1,132.9,1.92
2026-01-12,direct,mobile,316,214,32.0,130.0,3.4,211,12,1823.22,3.8
2026-01-12,direct,desktop,231,158,31.4,148.0,2.7,156,8,875.56,3.46
2026-01-12,direct,tablet,61,44,27.3,117.0,4.6,44,2,165.44,3.28
2026-01-12,email,mobile,288,214,25.7,229.0,3.9,208,11,1906.92,3.82
2026-01-12,email,desktop,128,97,23.7,157.0,4.2,85,3,353.13,2.34
2026-01-12,email,tablet,46,34,24.7,179.0,2.8,31,1,145.46,2.17
2026-01-12,referral,mobile,149,72,51.5,79.0,1.8,81,2,205.57,1.34
2026-01-12,referral,desktop,108,47,55.7,137.0,3.0,58,2,364.08,1.85
2026-01-12,referral,tablet,23,9,56.6,149.0,2.1,16,0,0.0,0.0
2026-01-12,organic_social,mobile,85,37,55.8,170.0,4.8,48,1,148.02,1.18
2026-01-12,organic_social,desktop,52,22,56.9,131.0,2.9,31,0,0.0,0.0
2026-01-12,organic_social,tablet,17,7,57.1,195.0,2.2,8,0,0.0,0.0
2026-01-13,organic_search,mobile,515,300,41.6,83.0,2.5,336,12,2578.53,2.33
2026-01-13,organic_search,desktop,313,189,39.6,98.0,4.4,192,8,1166.84,2.56
2026-01-13,organic_search,tablet,83,42,48.4,54.0,1.8,47,1,207.22,1.2
2026-01-13,paid_search,mobile,455,272,40.1,207.0,3.1,315,18,2818.36,3.96
2026-01-13,paid_search,desktop,193,112,41.7,89.0,2.9,109,6,1008.23,3.11
2026-01-13,paid_search,tablet,84,47,43.6,110.0,3.3,59,2,194.7,2.38
2026-01-13,paid_social,mobile,370,136,63.0,89.0,4.1,282,7,743.01,1.89
2026-01-13,paid_social,desktop,240,109,54.2,167.0,1.4,163,3,343.44,1.25
2026-01-13,paid_social,tablet,56,27,50.4,161.0,1.8,33,0,0.0,0.0
2026-01-13,direct,mobile,246,171,30.3,62.0,3.7,175,7,1422.39,2.85
2026-01-13,direct,desktop,243,175,27.7,171.0,4.9,154,9,1614.19,3.7
2026-01-13,direct,tablet,63,45,27.2,204.0,2.6,39,2,332.25,3.17
2026-01-13,email,mobile,166,118,28.4,102.0,3.6,88,8,809.61,4.82
2026-01-13,email,desktop,137,105,23.2,88.0,3.6,97,6,546.06,4.38
2026-01-13,email,tablet,39,29,23.6,256.0,2.1,26,1,118.4,2.56
2026-01-13,referral,mobile,140,73,47.7,124.0,4.8,76,2,193.39,1.43
2026-01-13,referral,desktop,95,43,54.2,173.0,4.1,63,2,208.47,2.11
2026-01-13,referral,tablet,25,14,43.4,115.0,2.4,13,0,0.0,0.0
2026-01-13,organic_social,mobile,129,58,54.3,159.0,3.7,99,1,85.44,0.78
2026-01-13,organic_social,desktop,69,33,51.5,87.0,4.1,49,1,93.79,1.45
2026-01-13,organic_social,tablet,21,8,58.6,89.0,2.0,11,0,0.0,0.0
2026-01-14,organic_search,mobile,640,317,50.4,82.0,3.5,444,20,4098.86,3.12
2026-01-14,organic_search,desktop,427,230,46.0,71.0,4.5,220,8,1646.89,1.87
2026-01-14,organic_search,tablet,117,69,40.9,217.0,4.4,68,2,348.74,1.71
2026-01-14,paid_search,mobile,585,376,35.7,83.0,4.0,316,14,1348.51,2.39
2026-01-14,paid_search,desktop,365,247,32.3,165.0,2.8,240,13,1510.08,3.56
2026-01-14,paid_search,tablet,81,49,39.4,133.0,3.2,50,3,483.05,3.7
2026-01-14,paid_social,mobile,416,195,53.0,100.0,2.7,285,7,1235.07,1.68
2026-01-14,paid_social,desktop,369,145,60.6,152.0,1.3,246,7,1008.92,1.9
2026-01-14,paid_social,tablet,79,35,55.3,86.0,4.0,48,1,105.36,1.27
2026-01-14,direct,mobile,468,317,32.3,70.0,3.3,367,11,2326.54,2.35
2026-01-14,direct,desktop,208,151,27.2,226.0,5.1,135,6,1177.43,2.88
2026-01-14,direct,tablet,93,67,27.9,111.0,4.5,67,3,419.89,3.23
2026-01-14,email,mobile,316,234,25.7,94.0,2.4,248,11,1914.65,3.48
2026-01-14,email,desktop,179,131,26.6,158.0,3.6,94,7,561.66,3.91
2026-01-14,email,tablet,41,31,22.2,215.0,3.2,20,2,168.45,4.88
2026-01-14,referral,mobile,186,79,57.2,201.0,1.5,135,3,354.6,1.61
2026-01-14,referral,desktop,103,48,53.1,164.0,2.7,82,1,86.74,0.97
2026-01-14,referral,tablet,36,20,43.3,60.0,3.4,18,0,0.0,0.0
2026-01-14,organic_social,mobile,155,72,53.5,44.0,3.2,122,1,119.58,0.65
2026-01-14,organic_social,desktop,97,30,68.1,95.0,3.9,77,0,0.0,0.0
2026-01-14,organic_social,tablet,30,11,61.5,73.0,4.2,21,0,0.0,0.0
2026-01-15,organic_search,mobile,509,311,38.8,233.0,1.8,347,10,1714.72,1.96
2026-01-15,organic_search,desktop,462,274,40.5,112.0,1.9,290,9,1399.48,1.95
2026-01-15,organic_search,tablet,94,50,46.1,147.0,1.6,53,1,182.04,1.06
2026-01-15,paid_search,mobile,526,332,36.8,223.0,3.5,312,20,3357.72,3.8
2026-01-15,paid_search,desktop,251,163,34.7,155.0,3.9,129,6,556.53,2.39
2026-01-15,paid_search,tablet,90,60,32.6,189.0,3.9,68,3,449.64,3.33
2026-01-15,paid_social,mobile,607,267,56.0,77.0,3.6,416,10,2187.54,1.65
2026-01-15,paid_social,desktop,401,207,48.3,69.0,2.0,233,9,1682.8,2.24
2026-01-15,paid_social,tablet,99,40,59.1,65.0,1.4,57,2,342.71,2.02
2026-01-15,direct,mobile,437,311,28.7,96.0,4.1,327,18,3509.22,4.12
2026-01-15,direct,desktop,325,229,29.3,112.0,2.8,176,14,2571.88,4.31
2026-01-15,direct,tablet,69,49,28.8,138.0,1.9,49,2,245.91,2.9
2026-01-15,email,mobile,199,145,26.9,257.0,5.5,100,6,1304.06,3.02
2026-01-15,email,desktop,145,108,25.4,81.0,4.9,102,6,1165.2,4.14
2026-01-15,email,tablet,43,33,21.3,132.0,5.0,30,2,215.5,4.65
2026-01-15,referral,mobile,150,64,57.2,150.0,3.4,101,2,326.53,1.33
2026-01-15,referral,desktop,103,44,56.9,189.0,1.8,78,2,199.29,1.94
2026-01-15,referral,tablet,36,20,43.2,71.0,3.6,21,0,0.0,0.0
2026-01-15,organic_social,mobile,162,56,65.3,155.0,1.5,84,2,218.12,1.23
2026-01-15,organic_social,desktop,82,31,61.8,54.0,1.9,56,0,0.0,0.0
2026-01-15,organic_social,tablet,27,8,67.3,154.0,3.6,15,0,0.0,0.0
2026-01-16,organic_search,mobile,798,471,41.0,172.0,3.3,574,18,2057.94,2.26
2026-01-16,organic_search,desktop,334,194,41.7,186.0,2.4,227,8,703.55,2.4
2026-01-16,organic_search,tablet,155,90,41.7,82.0,4.2,80,4,674.75,2.58
2026-01-16,paid_search,mobile,556,368,33.7,211.0,3.3,291,19,2329.03,3.42
2026-01-16,paid_search,desktop,370,249,32.4,247.0,2.3,260,10,1176.47,2.7
2026-01-16,paid_search,tablet,85,56,33.2,69.0,4.7,56,2,419.32,2.35
2026-01-16,paid_social,mobile,474,174,63.2,139.0,1.8,321,10,1134.11,2.11
2026-01-16,paid_social,desktop,244,104,57.1,64.0,4.2,146,5,807.19,2.05
2026-01-16,paid_social,tablet,68,28,57.6,202.0,3.8,46,1,147.59,1.47
2026-01-16,direct,mobile,376,269,28.3,186.0,3.8,224,11,2355.56,2.93
2026-01-16,direct,desktop,239,172,28.0,172.0,4.4,153,6,1252.77,2.51
2026-01-16,direct,tablet,55,38,29.7,121.0,2.0,31,1,212.47,1.82
2026-01-16,email,mobile,342,264,22.8,73.0,3.4,240,11,1830.66,3.22
2026-01-16,email,desktop,137,99,27.1,104.0,3.2,88,5,898.17,3.65
2026-01-16,email,tablet,43,31,27.2,245.0,4.8,31,1,172.84,2.33
2026-01-16,referral,mobile,151,69,53.9,166.0,1.5,92,2,188.94,1.32
2026-01-16,referral,desktop,148,69,52.8,177.0,3.0,107,2,407.1,1.35
2026-01-16,referral,tablet,43,23,44.7,78.0,1.9,29,0,0.0,0.0
2026-01-16,organic_social,mobile,140,49,64.6,186.0,4.5,97,1,165.18,0.71
2026-01-16,organic_social,desktop,62,24,60.5,209.0,1.7,39,0,0.0,0.0
2026-01-16,organic_social,tablet,30,14,53.1,130.0,2.0,19,0,0.0,0.0
2026-01-17,organic_search,mobile,651,367,43.6,60.0,5.0,337,12,2068.46,1.84
2026-01-17,organic_search,desktop,414,239,42.1,131.0,4.3,307,10,834.87,2.42
2026-01-17,organic_search,tablet,157,94,39.7,173.0,4.6,106,4,544.77,2.55
2026-01-17,paid_search,mobile,460,294,36.0,167.0,1.9,277,18,3132.25,3.91
2026-01-17,paid_search,desktop,312,210,32.6,71.0,3.4,197,12,1517.14,3.85
2026-01-17,paid_search,tablet,121,70,41.4,119.0,3.6,84,4,842.08,3.31
2026-01-17,paid_social,mobile,486,239,50.8,182.0,2.6,243,10,2061.02,2.06
2026-01-17,paid_social,desktop,313,139,55.4,180.0,3.2,177,5,467.54,1.6
2026-01-17,paid_social,tablet,114,55,51.7,116.0,3.7,66,1,136.2,0.88
2026-01-17,direct,mobile,512,355,30.7,207.0,2.4,306,22,4585.54,4.3
2026-01-17,direct,desktop,219,154,29.6,229.0,3.0,155,7,891.81,3.2
2026-01-17,direct,tablet,90,65,26.9,211.0,3.7,58,3,307.05,3.33
2026-01-17,email,mobile,279,211,24.3,57.0,5.2,160,8,1259.0,2.87
2026-01-17,email,desktop,190,141,25.5,147.0,4.5,117,8,1003.22,4.21
2026-01-17,email,tablet,43,33,21.5,115.0,5.0,22,1,177.24,2.33
2026-01-17,referral,mobile,177,82,53.6,174.0,3.9,138,4,531.59,2.26
2026-01-17,referral,desktop,122,59,51.3,157.0,3.4,77,1,117.32,0.82
2026-01-17,referral,tablet,39,20,46.2,137.0,1.7,25,0,0.0,0.0
2026-01-17,organic_social,mobile,164,66,59.7,102.0,4.4,101,1,99.31,0.61
2026-01-17,organic_social,desktop,70,23,67.0,123.0,3.2,41,1,213.56,1.43
2026-01-17,organic_social,tablet,22,8,60.3,157.0,1.4,12,0,0.0,0.0
2026-01-18,organic_search,mobile,605,372,38.4,58.0,4.8,322,19,2264.02,3.14
2026-01-18,organic_search,desktop,425,241,43.2,98.0,2.7,307,7,591.93,1.65
2026-01-18,organic_search,tablet,141,78,44.5,168.0,2.7,107,2,395.8,1.42
2026-01-18,paid_search,mobile,654,442,32.3,236.0,4.5,355,25,3852.93,3.82
2026-01-18,paid_search,desktop,316,202,35.9,103.0,4.4,219,11,1709.32,3.48
2026-01-18,paid_search,tablet,117,69,40.8,85.0,4.4,88,3,309.74,2.56
2026-01-18,paid_social,mobile,495,182,63.0,151.0,3.9,309,7,1277.05,1.41
2026-01-18,paid_social,desktop,266,123,53.4,164.0,5.0,186,3,286.96,1.13
2026-01-18,paid_social,tablet,70,31,55.4,178.0,2.0,41,1,182.99,1.43
2026-01-18,direct,mobile,423,314,25.5,127.0,4.5,271,12,2567.81,2.84
2026-01-18,direct,desktop,341,226,33.6,160.0,2.6,223,10,1923.7,2.93
2026-01-18,direct,tablet,67,48,27.1,117.0,3.9,36,2,278.97,2.99
2026-01-18,email,mobile,353,272,22.8,55.0,2.3,234,15,2043.77,4.25
2026-01-18,email,desktop,159,115,27.5,245.0,2.4,82,7,713.5,4.4
2026-01-18,email,tablet,49,36,24.5,115.0,5.2,36,2,180.23,4.08
2026-01-18,referral,mobile,151,80,46.8,72.0,3.6,95,3,600.34,1.99
2026-01-18,referral,desktop,121,55,54.4,110.0,2.5,86,2,316.0,1.65
2026-01-18,referral,tablet,43,24,42.9,101.0,1.7,23,0,0.0,0.0
2026-01-18,organic_social,mobile,154,69,54.9,73.0,4.3,101,1,82.21,0.65
2026-01-18,organic_social,desktop,66,31,52.5,180.0,2.9,35,0,0.0,0.0
2026-01-18,organic_social,tablet,25,11,52.8,168.0,5.0,19,0,0.0,0.0
2026-01-19,organic_search,mobile,641,373,41.7,178.0,3.9,377,15,1686.08,2.34
2026-01-19,organic_search,desktop,310,175,43.4,221.0,1.9,184,8,661.01,2.58
2026-01-19,organic_search,tablet,68,37,44.2,114.0,2.8,40,1,189.81,1.47
2026-01-19,paid_search,mobile,343,204,40.4,186.0,3.3,184,13,1780.05,3.79
2026-01-19,paid_search,desktop,264,170,35.3,183.0,3.3,192,9,1285.99,3.41
2026-01-19,paid_search,tablet,97,56,42.1,155.0,3.8,69,3,343.05,3.09
2026-01-19,paid_social,mobile,303,135,55.3,137.0,4.7,221,5,583.9,1.65
2026-01-19,paid_social,desktop,244,100,58.8,188.0,4.1,182,5,906.07,2.05
2026-01-19,paid_social,tablet,68,30,55.1,165.0,2.4,38,1,149.05,1.47
2026-01-19,direct,mobile,380,282,25.7,190.0,4.5,258,16,3185.15,4.21
2026-01-19,direct,desktop,205,140,31.3,216.0,3.3,117,5,984.14,2.44
2026-01-19,direct,tablet,50,35,29.3,82.0,4.2,33,1,165.13,2.0
2026-01-19,email,mobile,247,187,24.2,53.0,3.2,195,12,2056.97,4.86
2026-01-19,email,desktop,167,124,25.5,120.0,3.0,104,7,791.98,4.19
2026-01-19,email,tablet,42,32,21.8,177.0,3.0,30,1,152.88,2.38
2026-01-19,referral,mobile,115,49,57.4,110.0,4.4,65,2,252.85,1.74
2026-01-19,referral,desktop,89,47,46.5,60.0,5.0,48,1,131.41,1.12
2026-01-19,referral,tablet,33,16,49.4,115.0,3.9,23,0,0.0,0.0
2026-01-19,organic_social,mobile,85,38,54.6,106.0,3.6,56,1,143.3,1.18
2026-01-19,organic_social,desktop,81,37,53.9,63.0,2.3,42,0,0.0,0.0
2026-01-19,organic_social,tablet,19,6,66.3,61.0,2.0,13,0,0.0,0.0
2026-01-20,organic_search,mobile,645,396,38.5,164.0,3.0,513,17,3036.93,2.64
2026-01-20,organic_search,desktop,283,156,44.5,114.0,2.8,142,7,560.06,2.47
2026-01-20,organic_search,tablet,67,32,51.6,69.0,3.2,48,1,113.07,1.49
2026-01-20,paid_search,mobile,307,187,39.0,100.0,4.8,195,8,1189.43,2.61
2026-01-20,paid_search,desktop,209,122,41.3,185.0,3.7,114,7,1035.21,3.35
2026-01-20,paid_search,tablet,97,57,41.1,225.0,3.6,65,3,589.08,3.09
2026-01-20,paid_social,mobile,265,122,53.6,107.0,2.6,161,4,451.16,1.51
2026-01-20,paid_social,desktop,300,130,56.4,189.0,3.6,226,4,490.64,1.33
2026-01-20,paid_social,tablet,73,27,61.8,71.0,3.7,44,1,197.95,1.37
2026-01-20,direct,mobile,314,213,32.1,58.0,3.0,246,11,2004.2,3.5
2026-01-20,direct,desktop,227,159,29.8,111.0,5.1,147,8,670.21,3.52
2026-01-20,direct,tablet,71,51,27.9,52.0,1.9,41,2,165.48,2.82
2026-01-20,email,mobile,149,114,22.8,78.0,2.7,101,7,1457.13,4.7
2026-01-20,email,desktop,143,112,21.5,148.0,1.8,94,7,978.6,4.9
2026-01-20,email,tablet,39,29,24.7,91.0,3.0,26,2,190.45,5.13
2026-01-20,referral,mobile,137,61,55.3,198.0,3.0,95,2,227.15,1.46
2026-01-20,referral,desktop,85,44,48.1,196.0,3.3,43,1,204.22,1.18
2026-01-20,referral,tablet,21,11,45.4,127.0,2.1,12,0,0.0,0.0
2026-01-20,organic_social,mobile,90,40,55.1,178.0,4.9,66,0,0.0,0.0
2026-01-20,organic_social,desktop,60,21,64.6,105.0,1.3,47,0,0.0,0.0
2026-01-20,organic_social,tablet,18,5,68.8,136.0,2.7,13,0,0.0,0.0
2026-01-21,organic_search,mobile,704,356,49.4,155.0,4.2,361,17,2356.15,2.41
2026-01-21,organic_search,desktop,412,245,40.5,222.0,3.3,299,13,2809.12,3.16
2026-01-21,organic_search,tablet,156,77,50.0,209.0,4.4,96,3,302.54,1.92
2026-01-21,paid_search,mobile,538,303,43.6,78.0,1.6,363,18,1867.0,3.35
2026-01-21,paid_search,desktop,250,145,41.6,192.0,1.7,164,7,895.6,2.8
2026-01-21,paid_search,tablet,92,61,33.4,183.0,1.9,71,2,336.09,2.17
2026-01-21,paid_social,mobile,400,169,57.7,182.0,1.5,295,6,1070.29,1.5
2026-01-21,paid_social,desktop,243,108,55.3,70.0,3.8,143,3,368.98,1.23
2026-01-21,paid_social,tablet,90,47,47.0,57.0,3.3,64,1,174.81,1.11
2026-01-21,direct,mobile,323,239,25.9,141.0,1.7,256,9,1163.09,2.79
2026-01-21,direct,desktop,292,214,26.7,130.0,1.7,183,12,1497.44,4.11
2026-01-21,direct,tablet,56,38,31.6,182.0,4.2,38,1,121.48,1.79
2026-01-21,email,mobile,322,238,26.0,237.0,5.4,176,17,2707.61,5.28
2026-01-21,email,desktop,193,142,26.2,134.0,1.6,140,9,1144.64,4.66
2026-01-21,email,tablet,42,30,28.2,220.0,4.7,23,1,126.57,2.38
2026-01-21,referral,mobile,197,112,42.7,110.0,1.8,132,3,531.65,1.52
2026-01-21,referral,desktop,156,80,48.7,167.0,1.6,108,3,620.33,1.92
2026-01-21,referral,tablet,36,17,51.2,202.0,3.8,19,0,0.0,0.0
2026-01-21,organic_social,mobile,160,73,53.8,104.0,3.4,119,2,330.18,1.25
2026-01-21,organic_social,desktop,88,35,59.6,130.0,1.7,62,0,0.0,0.0
2026-01-21,organic_social,tablet,30,10,65.2,114.0,1.7,21,0,0.0,0.0
2026-01-22,organic_search,mobile,533,320,39.9,94.0,5.1,313,13,1478.66,2.44
2026-01-22,organic_search,desktop,547,320,41.4,81.0,2.4,342,16,1735.76,2.93
2026-01-22,organic_search,tablet,103,55,46.6,168.0,3.1,54,2,310.89,1.94
2026-01-22,paid_search,mobile,501,309,38.2,72.0,2.7,376,12,1787.84,2.4
2026-01-22,paid_search,desktop,254,170,32.7,174.0,4.1,169,7,1456.28,2.76
2026-01-22,paid_search,tablet,116,73,36.9,116.0,3.0,64,4,843.15,3.45
2026-01-22,paid_social,mobile,381,155,59.1,71.0,4.0,226,7,1261.54,1.84
2026-01-22,paid_social,desktop,337,132,60.7,125.0,2.2,224,6,623.92,1.78
2026-01-22,paid_social,tablet,67,24,63.0,98.0,3.3,47,1,133.43,1.49
2026-01-22,direct,mobile,346,240,30.5,88.0,2.9,255,14,2708.23,4.05
2026-01-22,direct,desktop,232,156,32.4,190.0,4.8,179,9,950.26,3.88
2026-01-22,direct,tablet,63,41,34.5,193.0,4.2,43,2,230.42,3.17
2026-01-22,email,mobile,216,169,21.5,74.0,5.3,168,10,1288.74,4.63
2026-01-22,email,desktop,189,145,23.1,55.0,5.2,105,10,1137.48,5.29
2026-01-22,email,tablet,53,40,23.0,133.0,2.7,26,2,272.86,3.77
2026-01-22,referral,mobile,159,67,57.4,48.0,3.2,81,2,180.13,1.26
2026-01-22,referral,desktop,125,65,47.4,196.0,4.0,98,3,390.76,2.4
2026-01-22,referral,tablet,33,14,56.8,127.0,4.0,25,0,0.0,0.0
2026-01-22,organic_social,mobile,129,41,68.0,183.0,2.0,72,1,187.85,0.78
2026-01-22,organic_social,desktop,97,36,62.4,161.0,1.8,64,1,155.8,1.03
2026-01-22,organic_social,tablet,17,6,63.3,63.0,2.9,10,0,0.0,0.0
2026-01-23,organic_search,mobile,663,383,42.2,113.0,2.9,415,12,2510.43,1.81
2026-01-23,organic_search,desktop,339,200,40.9,154.0,2.2,212,5,748.13,1.47
2026-01-23,organic_search,tablet,139,80,41.8,161.0,3.3,105,3,535.72,2.16
2026-01-23,paid_search,mobile,408,251,38.3,104.0,3.3,245,14,1661.25,3.43
2026-01-23,paid_search,desktop,334,199,40.2,66.0,3.3,260,9,754.64,2.69
2026-01-23,paid_search,tablet,87,58,32.6,225.0,3.2,45,3,564.18,3.45
2026-01-23,paid_social,mobile,390,145,62.6,50.0,1.5,216,8,1319.52,2.05
2026-01-23,paid_social,desktop,345,128,62.8,167.0,2.2,232,6,1183.93,1.74
2026-01-23,paid_social,tablet,101,48,52.1,187.0,2.4,59,1,98.12,0.99
2026-01-23,direct,mobile,469,316,32.6,235.0,3.8,285,18,2278.23,3.84
2026-01-23,direct,desktop,238,175,26.2,118.0,2.5,119,6,1028.96,2.52
2026-01-23,direct,tablet,90,64,27.9,150.0,3.6,46,2,438.31,2.22
2026-01-23,email,mobile,276,208,24.4,236.0,4.5,139,14,2144.85,5.07
2026-01-23,email,desktop,224,175,21.8,144.0,2.3,145,6,740.5,2.68
2026-01-23,email,tablet,64,47,25.4,75.0,3.3,40,2,415.33,3.12
2026-01-23,referral,mobile,218,103,52.7,179.0,1.9,172,4,676.47,1.83
2026-01-23,referral,desktop,125,58,53.3,147.0,1.6,95,2,405.12,1.6
2026-01-23,referral,tablet,26,12,50.3,67.0,4.6,15,0,0.0,0.0
2026-01-23,organic_social,mobile,125,45,63.3,147.0,3.8,85,1,194.72,0.8
2026-01-23,organic_social,desktop,104,44,57.2,146.0,2.1,56,1,107.53,0.96
2026-01-23,organic_social,tablet,31,13,57.8,102.0,1.8,23,0,0.0,0.0
2026-01-24,organic_search,mobile,849,503,40.7,225.0,3.9,493,22,3493.67,2.59
2026-01-24,organic_search,desktop,494,269,45.4,225.0,4.5,357,11,1815.81,2.23
2026-01-24,organic_search,tablet,93,55,39.9,172.0,2.5,50,2,168.88,2.15
2026-01-24,paid_search,mobile,400,261,34.7,56.0,1.6,270,14,2001.02,3.5
2026-01-24,paid_search,desktop,420,255,39.1,125.0,4.9,229,12,1693.25,2.86
2026-01-24,paid_search,tablet,92,59,35.8,151.0,5.3,53,3,530.68,3.26
2026-01-24,paid_social,mobile,351,145,58.7,179.0,3.6,249,5,1079.46,1.42
2026-01-24,paid_social,desktop,371,155,58.0,96.0,3.9,186,5,754.44,1.35
2026-01-24,paid_social,tablet,83,42,49.4,136.0,2.2,41,1,180.7,1.2
2026-01-24,direct,mobile,475,332,30.0,59.0,3.1,300,12,1926.1,2.53
2026-01-24,direct,desktop,319,209,34.4,223.0,3.1,190,8,1426.32,2.51
2026-01-24,direct,tablet,53,36,30.6,52.0,5.3,40,1,90.4,1.89
2026-01-24,email,mobile,351,251,28.3,226.0,5.3,237,15,2472.93,4.27
2026-01-24,email,desktop,135,104,22.2,184.0,5.4,67,6,547.85,4.44
2026-01-24,email,tablet,40,28,28.3,103.0,4.9,25,1,120.16,2.5
2026-01-24,referral,mobile,208,109,47.1,108.0,2.8,131,4,765.77,1.92
2026-01-24,referral,desktop,129,68,47.1,111.0,1.3,74,2,313.4,1.55
2026-01-24,referral,tablet,41,21,46.8,205.0,2.7,24,0,0.0,0.0
2026-01-24,organic_social,mobile,115,50,56.4,212.0,2.7,68,1,185.08,0.87
2026-01-24,organic_social,desktop,94,38,58.7,178.0,1.5,54,0,0.0,0.0
2026-01-24,organic_social,tablet,32,14,56.1,161.0,3.0,25,0,0.0,0.0
2026-01-25,organic_search,mobile,878,466,46.8,66.0,3.5,666,25,5082.33,2.85
2026-01-25,organic_search,desktop,545,262,51.7,157.0,5.0,368,15,1639.24,2.75
2026-01-25,organic_search,tablet,116,67,41.9,87.0,3.8,79,2,366.09,1.72
2026-01-25,paid_search,mobile,472,292,38.0,162.0,4.0,240,18,3444.14,3.81
2026-01-25,paid_search,desktop,263,166,36.6,177.0,3.8,185,7,851.92,2.66
2026-01-25,paid_search,tablet,83,56,32.3,142.0,1.5,46,3,564.48,3.61
2026-01-25,paid_social,mobile,362,164,54.6,54.0,3.9,191,5,776.99,1.38
2026-01-25,paid_social,desktop,278,118,57.4,76.0,1.4,194,3,650.99,1.08
2026-01-25,paid_social,tablet,83,30,62.7,139.0,3.2,53,1,129.71,1.2
2026-01-25,direct,mobile,383,256,33.0,165.0,4.9,223,10,1502.01,2.61
2026-01-25,direct,desktop,226,151,32.8,155.0,4.4,123,6,525.26,2.65
2026-01-25,direct,tablet,86,61,28.7,116.0,2.2,66,3,276.55,3.49
2026-01-25,email,mobile,238,182,23.2,178.0,5.3,165,11,2341.6,4.62
2026-01-25,email,desktop,143,104,26.8,220.0,2.4,85,5,616.17,3.5
2026-01-25,email,tablet,64,49,22.5,121.0,2.0,42,2,270.49,3.12
2026-01-25,referral,mobile,200,94,52.8,139.0,1.5,125,4,551.12,2.0
2026-01-25,referral,desktop,95,54,42.5,121.0,2.8,53,1,83.46,1.05
2026-01-25,referral,tablet,34,19,43.7,48.0,3.6,24,0,0.0,0.0
2026-01-25,organic_social,mobile,117,42,63.5,75.0,3.0,65,1,188.57,0.85
2026-01-25,organic_social,desktop,106,39,62.6,48.0,4.8,79,0,0.0,0.0
2026-01-25,organic_social,tablet,22,9,57.9,102.0,2.0,12,0,0.0,0.0
2026-01-26,organic_search,mobile,607,366,39.6,155.0,1.6,309,14,1895.74,2.31
2026-01-26,organic_search,desktop,366,200,45.3,144.0,2.7,195,7,937.41,1.91
2026-01-26,organic_search,tablet,74,43,41.6,178.0,4.8,39,1,182.02,1.35
2026-01-26,paid_search,mobile,441,262,40.5,110.0,1.9,349,15,1947.08,3.4
2026-01-26,paid_search,desktop,201,120,40.1,225.0,3.9,108,7,1442.16,3.48
2026-01-26,paid_search,tablet,75,47,37.3,209.0,3.0,54,2,288.39,2.67
2026-01-26,paid_social,mobile,471,194,58.7,185.0,2.3,375,9,1615.74,1.91
2026-01-26,paid_social,desktop,278,113,59.3,85.0,1.6,215,3,379.91,1.08
2026-01-26,paid_social,tablet,71,27,61.5,195.0,3.6,46,1,207.5,1.41
2026-01-26,direct,mobile,257,170,33.7,183.0,3.8,136,10,1269.71,3.89
2026-01-26,direct,desktop,247,183,25.6,225.0,3.7,134,10,1516.0,4.05
2026-01-26,direct,tablet,55,36,33.4,133.0,4.6,39,1,96.77,1.82
2026-01-26,email,mobile,267,192,27.9,200.0,2.2,196,9,1712.81,3.37
2026-01-26,email,desktop,110,82,24.7,116.0,4.1,81,4,572.7,3.64
2026-01-26,email,tablet,26,19,24.3,260.0,4.2,16,0,0.0,0.0
2026-01-26,referral,mobile,138,61,55.1,203.0,4.6,72,2,369.72,1.45
2026-01-26,referral,desktop,91,43,52.0,207.0,4.7,68,1,120.63,1.1
2026-01-26,referral,tablet,33,15,53.6,189.0,4.7,23,0,0.0,0.0
2026-01-26,organic_social,mobile,108,35,67.1,181.0,2.4,58,1,207.85,0.93
2026-01-26,organic_social,desktop,73,23,67.8,178.0,2.8,57,1,208.8,1.37
2026-01-26,organic_social,tablet,20,6,65.9,59.0,1.8,14,0,0.0,0.0
2026-01-27,organic_search,mobile,652,356,45.4,201.0,2.0,334,16,3390.53,2.45
2026-01-27,organic_search,desktop,416,226,45.5,183.0,4.8,332,11,1697.58,2.64
2026-01-27,organic_search,tablet,86,47,45.3,113.0,5.1,61,2,281.99,2.33
2026-01-27,paid_search,mobile,414,242,41.4,183.0,4.1,231,11,1787.39,2.66
2026-01-27,paid_search,desktop,340,200,40.9,113.0,3.2,213,12,1944.29,3.53
2026-01-27,paid_search,tablet,57,32,42.8,126.0,3.0,29,1,86.04,1.75
2026-01-27,paid_social,mobile,303,157,48.0,210.0,4.3,230,4,384.11,1.32
2026-01-27,paid_social,desktop,185,78,57.8,53.0,2.7,112,4,853.86,2.16
2026-01-27,paid_social,tablet,54,27,49.3,177.0,3.5,39,0,0.0,0.0
2026-01-27,direct,mobile,347,233,32.7,204.0,4.7,268,15,2416.94,4.32
2026-01-27,direct,desktop,202,133,33.8,119.0,5.3,114,7,1239.2,3.47
2026-01-27,direct,tablet,48,34,27.8,255.0,3.9,32,1,187.53,2.08
2026-01-27,email,mobile,209,150,28.0,99.0,4.9,115,7,746.08,3.35
2026-01-27,email,desktop,131,100,23.7,234.0,2.7,70,4,640.42,3.05
2026-01-27,email,tablet,40,29,26.8,53.0,1.7,31,1,96.45,2.5
2026-01-27,referral,mobile,151,78,48.1,185.0,4.4,76,2,355.71,1.32
2026-01-27,referral,desktop,106,58,44.9,92.0,4.3,73,2,202.3,1.89
2026-01-27,referral,tablet,18,9,45.0,161.0,2.0,10,0,0.0,0.0
2026-01-27,organic_social,mobile,100,47,52.5,114.0,4.2,68,1,191.06,1.0
2026-01-27,organic_social,desktop,61,20,67.1,167.0,4.5,35,0,0.0,0.0
2026-01-27,organic_social,tablet,15,6,59.1,89.0,1.4,10,0,0.0,0.0
2026-01-28,organic_search,mobile,769,388,49.5,61.0,3.4,494,19,3888.49,2.47
2026-01-28,organic_search,desktop,541,267,50.5,113.0,2.0,391,17,2198.34,3.14
2026-01-28,organic_search,tablet,149,74,49.8,84.0,3.6,90,4,634.76,2.68
2026-01-28,paid_search,mobile,495,295,40.3,75.0,4.8,260,13,2031.84,2.63
2026-01-28,paid_search,desktop,440,247,43.7,53.0,1.9,340,11,1022.83,2.5
2026-01-28,paid_search,tablet,113,75,33.4,236.0,4.2,69,4,686.78,3.54
2026-01-28,paid_social,mobile,366,193,47.0,152.0,5.0,282,7,1052.68,1.91
2026-01-28,paid_social,desktop,287,137,52.0,206.0,4.8,163,4,846.74,1.39
2026-01-28,paid_social,tablet,88,41,52.6,193.0,2.4,53,1,93.5,1.14
2026-01-28,direct,mobile,438,289,33.8,69.0,3.9,253,17,2890.15,3.88
2026-01-28,direct,desktop,284,203,28.4,166.0,2.5,172,7,1387.71,2.46
2026-01-28,direct,tablet,80,54,31.6,72.0,2.0,45,2,307.22,2.5
2026-01-28,email,mobile,280,211,24.4,257.0,4.0,150,12,1250.38,4.29
2026-01-28,email,desktop,161,114,28.6,222.0,4.0,89,8,718.52,4.97
2026-01-28,email,tablet,59,43,26.0,211.0,1.4,34,1,198.71,1.69
2026-01-28,referral,mobile,165,83,49.4,172.0,1.4,117,2,391.76,1.21
2026-01-28,referral,desktop,155,77,49.9,164.0,2.9,96,2,406.51,1.29
2026-01-28,referral,tablet,30,16,44.1,224.0,2.0,18,0,0.0,0.0
2026-01-28,organic_social,mobile,120,51,57.2,205.0,1.4,79,1,210.12,0.83
2026-01-28,organic_social,desktop,95,42,55.4,171.0,2.6,63,0,0.0,0.0
2026-01-28,organic_social,tablet,22,7,65.7,111.0,2.7,11,0,0.0,0.0
2026-01-29,organic_search,mobile,823,448,45.5,161.0,1.4,604,24,3457.75,2.92
2026-01-29,organic_search,desktop,322,186,41.9,59.0,4.1,199,7,806.7,2.17
2026-01-29,organic_search,tablet,142,83,41.5,130.0,5.1,88,3,388.95,2.11
2026-01-29,paid_search,mobile,554,314,43.2,85.0,3.1,296,12,1495.32,2.17
2026-01-29,paid_search,desktop,341,219,35.6,141.0,4.1,232,13,1330.98,3.81
2026-01-29,paid_search,tablet,89,57,35.3,117.0,3.7,70,2,179.6,2.25
2026-01-29,paid_social,mobile,534,200,62.4,118.0,3.5,324,6,1129.44,1.12
2026-01-29,paid_social,desktop,276,130,52.5,142.0,2.8,202,5,832.32,1.81
2026-01-29,paid_social,tablet,106,43,58.7,197.0,3.0,69,1,131.62,0.94
2026-01-29,direct,mobile,491,324,33.9,64.0,3.4,348,21,2430.01,4.28
2026-01-29,direct,desktop,304,208,31.5,52.0,4.6,159,8,1014.52,2.63
2026-01-29,direct,tablet,79,56,28.6,203.0,2.7,56,2,241.88,2.53
2026-01-29,email,mobile,255,193,24.3,177.0,5.2,155,11,1550.06,4.31
2026-01-29,email,desktop,197,142,27.8,76.0,4.6,120,6,948.75,3.05
2026-01-29,email,tablet,50,37,25.2,160.0,4.5,39,2,434.28,4.0
2026-01-29,referral,mobile,222,99,55.0,162.0,4.6,115,3,319.26,1.35
2026-01-29,referral,desktop,145,79,45.3,78.0,3.8,108,2,396.3,1.38
2026-01-29,referral,tablet,37,21,42.9,81.0,2.8,27,0,0.0,0.0
2026-01-29,organic_social,mobile,104,41,59.8,94.0,2.3,82,1,147.54,0.96
2026-01-29,organic_social,desktop,66,27,58.4,186.0,3.5,42,0,0.0,0.0
2026-01-29,organic_social,tablet,31,13,57.7,49.0,1.5,16,0,0.0,0.0
2026-01-30,organic_search,mobile,576,324,43.7,71.0,1.4,384,17,2289.6,2.95
2026-01-30,organic_search,desktop,366,208,43.1,230.0,5.1,261,7,957.38,1.91
2026-01-30,organic_search,tablet,105,52,49.8,203.0,2.9,60,1,152.06,0.95
2026-01-30,paid_search,mobile,591,344,41.6,71.0,2.4,320,20,2307.54,3.38
2026-01-30,paid_search,desktop,446,283,36.5,185.0,5.0,355,18,2892.5,4.04
2026-01-30,paid_search,tablet,126,78,37.4,172.0,3.4,63,4,537.51,3.17
2026-01-30,paid_social,mobile,603,285,52.6,130.0,3.1,415,10,1282.67,1.66
2026-01-30,paid_social,desktop,291,144,50.5,147.0,4.0,208,4,500.07,1.37
2026-01-30,paid_social,tablet,111,55,50.1,138.0,3.7,84,2,334.81,1.8
2026-01-30,direct,mobile,311,221,28.9,54.0,3.7,220,10,1532.53,3.22
2026-01-30,direct,desktop,245,162,33.7,91.0,5.3,156,9,1514.14,3.67
2026-01-30,direct,tablet,54,39,26.2,87.0,4.2,32,1,85.78,1.85
2026-01-30,email,mobile,260,186,28.4,122.0,5.3,164,11,1329.38,4.23
2026-01-30,email,desktop,168,128,23.3,225.0,2.4,131,6,1116.99,3.57
2026-01-30,email,tablet,44,32,26.6,231.0,4.0,29,1,84.16,2.27
2026-01-30,referral,mobile,198,94,52.5,98.0,2.9,101,2,372.1,1.01
2026-01-30,referral,desktop,95,43,54.6,109.0,4.5,61,1,181.83,1.05
2026-01-30,referral,tablet,31,14,54.3,170.0,5.0,18,0,0.0,0.0
2026-01-30,organic_social,mobile,140,61,56.3,112.0,2.0,95,1,88.73,0.71
2026-01-30,organic_social,desktop,63,29,53.3,116.0,3.3,35,0,0.0,0.0
2026-01-30,organic_social,tablet,19,9,52.6,110.0,2.3,12,0,0.0,0.0
2026-01-31,organic_search,mobile,516,254,50.6,214.0,3.4,335,13,2734.67,2.52
2026-01-31,organic_search,desktop,385,195,49.3,187.0,2.0,213,12,1256.57,3.12
2026-01-31,organic_search,tablet,107,56,47.6,142.0,4.4,64,1,124.77,0.93
2026-01-31,paid_search,mobile,549,332,39.5,118.0,4.3,384,14,2942.61,2.55
2026-01-31,paid_search,desktop,379,238,37.0,159.0,2.6,253,14,2656.3,3.69
2026-01-31,paid_search,tablet,75,46,38.5,188.0,2.3,38,2,417.93,2.67
2026-01-31,paid_social,mobile,431,201,53.3,147.0,4.8,260,5,1062.21,1.16
2026-01-31,paid_social,desktop,356,151,57.3,112.0,2.0,213,5,591.52,1.4
2026-01-31,paid_social,tablet,93,45,50.8,129.0,4.0,54,1,205.45,1.08
2026-01-31,direct,mobile,436,298,31.7,221.0,4.2,334,13,1836.45,2.98
2026-01-31,direct,desktop,212,145,31.6,62.0,4.4,138,5,568.68,2.36
2026-01-31,direct,tablet,75,53,29.2,198.0,4.3,59,1,186.7,1.33
2026-01-31,email,mobile,330,253,23.3,230.0,2.1,241,10,1429.55,3.03
2026-01-31,email,desktop,221,171,22.3,266.0,5.1,135,10,1100.86,4.52
2026-01-31,email,tablet,36,28,21.6,235.0,3.4,20,1,214.06,2.78
2026-01-31,referral,mobile,142,73,48.3,132.0,3.1,80,3,443.75,2.11
2026-01-31,referral,desktop,145,66,53.8,182.0,4.9,78,2,211.45,1.38
2026-01-31,referral,tablet,27,13,51.4,152.0,1.4,17,0,0.0,0.0
2026-01-31,organic_social,mobile,105,44,57.8,102.0,2.9,69,1,131.55,0.95
2026-01-31,organic_social,desktop,61,20,65.7,63.0,2.8,48,0,0.0,0.0
2026-01-31,organic_social,tablet,20,7,60.2,54.0,4.2,13,0,0.0,0.0
2026-02-01,organic_search,mobile,839,431,48.5,117.0,3.2,434,16,3225.69,1.91
2026-02-01,organic_search,desktop,365,211,42.2,116.0,5.0,208,10,1465.06,2.74
2026-02-01,organic_search,tablet,123,71,41.7,154.0,1.3,66,2,408.15,1.63
2026-02-01,paid_search,mobile,675,452,33.0,247.0,3.9,536,26,2828.03,3.85
2026-02-01,paid_search,desktop,353,207,41.2,68.0,2.6,217,9,916.42,2.55
2026-02-01,paid_search,tablet,89,50,43.3,85.0,4.2,62,2,216.41,2.25
2026-02-01,paid_social,mobile,399,210,47.2,184.0,4.8,307,5,570.28,1.25
2026-02-01,paid_social,desktop,302,119,60.3,196.0,3.2,192,6,540.56,1.99
2026-02-01,paid_social,tablet,94,47,49.7,149.0,1.5,49,1,141.01,1.06
2026-02-01,direct,mobile,521,371,28.7,133.0,4.9,314,13,1310.47,2.5
2026-02-01,direct,desktop,299,214,28.1,203.0,4.6,190,10,1144.64,3.34
2026-02-01,direct,tablet,84,60,28.4,61.0,3.3,43,2,405.23,2.38
2026-02-01,email,mobile,263,196,25.2,217.0,1.6,149,12,1473.98,4.56
2026-02-01,email,desktop,186,146,21.3,234.0,4.6,145,8,1445.21,4.3
2026-02-01,email,tablet,50,36,26.8,245.0,3.3,28,2,337.66,4.0
2026-02-01,referral,mobile,165,85,47.9,216.0,4.7,105,3,473.78,1.82
2026-02-01,referral,desktop,114,48,57.1,83.0,4.6,66,2,437.54,1.75
2026-02-01,referral,tablet,38,16,57.5,85.0,3.3,24,0,0.0,0.0
2026-02-01,organic_social,mobile,127,60,52.1,155.0,1.6,88,1,216.74,0.79
2026-02-01,organic_social,desktop,113,40,64.5,189.0,4.0,88,1,217.0,0.88
2026-02-01,organic_social,tablet,29,9,68.6,55.0,2.1,15,0,0.0,0.0
2026-02-02,organic_search,mobile,535,282,47.2,174.0,1.5,383,10,809.84,1.87
2026-02-02,organic_search,desktop,243,118,51.3,156.0,4.0,188,5,447.26,2.06
2026-02-02,organic_search,tablet,112,64,42.1,93.0,4.1,79,2,245.54,1.79
2026-02-02,paid_search,mobile,427,285,33.1,213.0,4.6,251,17,2192.6,3.98
2026-02-02,paid_search,desktop,222,136,38.4,225.0,4.4,112,6,1252.7,2.7
2026-02-02,paid_search,tablet,90,54,39.8,167.0,2.3,60,2,269.3,2.22
2026-02-02,paid_social,mobile,404,170,57.9,114.0,4.6,267,6,538.72,1.49
2026-02-02,paid_social,desktop,170,80,52.9,77.0,3.4,115,3,357.69,1.76
2026-02-02,paid_social,tablet,65,33,48.3,117.0,1.3,44,1,185.81,1.54
2026-02-02,direct,mobile,398,279,29.9,100.0,2.8,313,15,2307.49,3.77
2026-02-02,direct,desktop,208,151,27.2,156.0,1.8,155,5,437.29,2.4
2026-02-02,direct,tablet,50,35,29.0,256.0,5.1,28,1,154.9,2.0
2026-02-02,email,mobile,255,189,25.6,191.0,3.0,149,12,1834.62,4.71
2026-02-02,email,desktop,131,98,24.8,203.0,2.6,73,5,952.27,3.82
2026-02-02,email,tablet,26,18,28.6,205.0,2.2,18,0,0.0,0.0
2026-02-02,referral,mobile,110,61,44.0,80.0,3.1,75,1,124.84,0.91
2026-02-02,referral,desktop,115,54,53.0,145.0,2.4,83,2,311.03,1.74
2026-02-02,referral,tablet,28,14,49.8,81.0,2.0,15,0,0.0,0.0
2026-02-02,organic_social,mobile,133,59,55.4,166.0,1.4,91,1,84.86,0.75
2026-02-02,organic_social,desktop,56,26,52.2,83.0,3.9,41,0,0.0,0.0
2026-02-02,organic_social,tablet,18,7,58.5,82.0,4.9,12,0,0.0,0.0
2026-02-03,organic_search,mobile,600,334,44.2,201.0,1.5,308,17,2986.45,2.83
2026-02-03,organic_search,desktop,341,193,43.4,94.0,3.0,261,10,1032.06,2.93
2026-02-03,organic_search,tablet,73,37,48.7,145.0,3.4,40,2,370.03,2.74
2026-02-03,paid_search,mobile,397,244,38.3,78.0,2.3,260,12,1147.5,3.02
2026-02-03,paid_search,desktop,209,134,35.5,115.0,4.1,113,6,1042.28,2.87
2026-02-03,paid_search,tablet,65,40,37.1,239.0,4.0,32,1,105.75,1.54
2026-02-03,paid_social,mobile,301,127,57.6,179.0,1.7,208,4,605.25,1.33
2026-02-03,paid_social,desktop,234,115,50.5,221.0,1.8,169,3,251.89,1.28
2026-02-03,paid_social,tablet,65,29,54.5,142.0,4.3,48,1,207.65,1.54
2026-02-03,direct,mobile,337,231,31.2,180.0,3.5,195,14,1220.3,4.15
2026-02-03,direct,desktop,230,165,28.2,170.0,4.7,132,9,1869.73,3.91
2026-02-03,direct,tablet,44,30,30.6,77.0,5.2,23,1,139.38,2.27
2026-02-03,email,mobile,180,135,24.8,68.0,1.6,120,8,1343.34,4.44
2026-02-03,email,desktop,92,68,25.5,90.0,4.6,59,3,319.82,3.26
2026-02-03,email,tablet,31,24,21.7,180.0,1.8,18,1,154.04,3.23
2026-02-03,referral,mobile,130,68,47.4,162.0,4.7,65,3,392.3,2.31
2026-02-03,referral,desktop,105,50,52.3,214.0,3.0,54,2,287.28,1.9
2026-02-03,referral,tablet,30,17,42.9,180.0,1.7,19,0,0.0,0.0
2026-02-03,organic_social,mobile,79,30,61.3,66.0,3.8,55,0,0.0,0.0
2026-02-03,organic_social,desktop,57,26,54.3,88.0,4.9,34,0,0.0,0.0
2026-02-03,organic_social,tablet,20,6,66.9,134.0,2.0,15,0,0.0,0.0
2026-02-04,organic_search,mobile,884,545,38.3,136.0,4.5,693,27,5510.86,3.05
2026-02-04,organic_search,desktop,387,214,44.6,211.0,2.0,302,7,846.47,1.81
2026-02-04,organic_search,tablet,129,67,47.8,134.0,2.5,84,3,338.35,2.33
2026-02-04,paid_search,mobile,418,239,42.8,169.0,2.3,333,11,1856.85,2.63
2026-02-04,paid_search,desktop,346,204,40.9,68.0,2.7,250,7,785.55,2.02
2026-02-04,paid_search,tablet,78,49,37.0,58.0,3.4,42,2,223.51,2.56
2026-02-04,paid_social,mobile,438,207,52.7,60.0,3.9,257,6,881.62,1.37
2026-02-04,paid_social,desktop,317,162,48.6,168.0,3.0,225,4,515.77,1.26
2026-02-04,paid_social,tablet,98,40,58.5,44.0,1.4,55,2,235.46,2.04
2026-02-04,direct,mobile,316,227,28.1,84.0,3.7,243,11,2060.12,3.48
2026-02-04,direct,desktop,300,219,26.9,104.0,3.6,164,11,1616.89,3.67
2026-02-04,direct,tablet,66,47,28.7,137.0,4.8,49,2,185.63,3.03
2026-02-04,email,mobile,261,205,21.3,237.0,4.9,191,11,1797.56,4.21
2026-02-04,email,desktop,212,162,23.1,166.0,5.1,163,9,1896.73,4.25
2026-02-04,email,tablet,37,26,28.1,207.0,1.7,22,1,136.3,2.7
2026-02-04,referral,mobile,161,75,53.1,141.0,4.5,121,3,562.35,1.86
2026-02-04,referral,desktop,122,54,55.3,196.0,1.5,71,3,243.56,2.46
2026-02-04,referral,tablet,36,19,46.2,136.0,4.5,26,0,0.0,0.0
2026-02-04,organic_social,mobile,123,58,52.2,209.0,1.4,76,1,189.96,0.81
2026-02-04,organic_social,desktop,97,39,59.2,190.0,4.7,77,0,0.0,0.0
2026-02-04,organic_social,tablet,23,10,54.7,175.0,2.6,13,0,0.0,0.0
2026-02-05,organic_search,mobile,802,447,44.3,111.0,4.3,509,22,4446.7,2.74
2026-02-05,organic_search,desktop,468,236,49.4,82.0,2.9,272,10,1973.9,2.14
2026-02-05,organic_search,tablet,88,54,38.4,150.0,2.6,55,1,170.46,1.14
2026-02-05,paid_search,mobile,608,349,42.4,125.0,2.6,407,16,3251.57,2.63
2026-02-05,paid_search,desktop,319,205,35.6,79.0,3.1,187,12,1640.74,3.76
2026-02-05,paid_search,tablet,100,60,39.6,138.0,3.5,54,2,380.58,2.0
2026-02-05,paid_social,mobile,476,214,54.9,108.0,1.9,283,6,628.16,1.26
2026-02-05,paid_social,desktop,386,165,57.1,83.0,4.9,218,7,1387.75,1.81
2026-02-05,paid_social,tablet,89,33,62.7,108.0,2.1,64,1,103.39,1.12
2026-02-05,direct,mobile,516,344,33.2,197.0,4.4,343,14,2983.96,2.71
2026-02-05,direct,desktop,242,174,27.8,116.0,5.0,131,8,1541.53,3.31
2026-02-05,direct,tablet,54,37,30.0,79.0,1.9,28,2,393.99,3.7
2026-02-05,email,mobile,322,245,23.7,188.0,5.3,184,12,2514.24,3.73
2026-02-05,email,desktop,200,156,22.0,60.0,1.8,156,9,1263.23,4.5
2026-02-05,email,tablet,58,42,27.3,57.0,2.6,37,1,184.88,1.72
2026-02-05,referral,mobile,180,99,44.6,174.0,4.4,105,4,350.01,2.22
2026-02-05,referral,desktop,115,64,43.8,52.0,2.3,89,2,257.32,1.74
2026-02-05,referral,tablet,38,21,42.7,233.0,5.0,26,0,0.0,0.0
2026-02-05,organic_social,mobile,97,44,53.6,85.0,1.7,59,1,164.24,1.03
2026-02-05,organic_social,desktop,107,42,60.7,72.0,2.8,77,1,92.46,0.93
2026-02-05,organic_social,tablet,24,9,59.5,155.0,3.9,18,0,0.0,0.0
2026-02-06,organic_search,mobile,852,458,46.2,226.0,4.8,436,22,2965.7,2.58
2026-02-06,organic_search,desktop,403,227,43.7,131.0,4.3,311,8,1133.64,1.99
2026-02-06,organic_search,tablet,127,74,41.7,114.0,3.4,99,3,314.73,2.36
2026-02-06,paid_search,mobile,539,364,32.4,84.0,2.7,410,13,1765.79,2.41
2026-02-06,paid_search,desktop,389,235,39.5,240.0,2.6,272,11,2067.81,2.83
2026-02-06,paid_search,tablet,82,54,33.4,70.0,3.3,58,3,325.59,3.66
2026-02-06,paid_social,mobile,346,161,53.3,115.0,1.8,246,6,894.29,1.73
2026-02-06,paid_social,desktop,340,179,47.3,69.0,4.2,196,6,1112.33,1.76
2026-02-06,paid_social,tablet,99,41,57.8,89.0,3.0,50,1,111.18,1.01
2026-02-06,direct,mobile,391,266,31.7,138.0,3.3,221,9,1651.03,2.3
2026-02-06,direct,desktop,248,173,30.1,180.0,5.4,126,11,1834.02,4.44
2026-02-06,direct,tablet,91,61,32.6,154.0,1.5,57,2,283.79,2.2
2026-02-06,email,mobile,337,264,21.5,54.0,5.2,240,16,3158.35,4.75
2026-02-06,email,desktop,221,158,28.2,152.0,4.3,149,7,1067.27,3.17
2026-02-06,email,tablet,63,47,25.0,177.0,3.1,38,2,437.79,3.17
2026-02-06,referral,mobile,216,95,55.8,55.0,2.3,167,3,396.48,1.39
2026-02-06,referral,desktop,133,58,56.2,153.0,3.9,100,2,436.41,1.5
2026-02-06,referral,tablet,31,16,46.9,196.0,2.8,15,0,0.0,0.0
2026-02-06,organic_social,mobile,171,61,64.0,121.0,4.0,128,2,405.73,1.17
2026-02-06,organic_social,desktop,63,21,65.6,68.0,2.0,46,0,0.0,0.0
2026-02-06,organic_social,tablet,30,9,68.3,184.0,2.0,17,0,0.0,0.0
2026-02-07,organic_search,mobile,705,380,46.0,215.0,3.6,518,14,2137.43,1.99
2026-02-07,organic_search,desktop,509,287,43.5,127.0,4.4,406,14,2744.09,2.75
2026-02-07,organic_search,tablet,134,78,41.6,143.0,4.8,93,4,387.18,2.99
2026-02-07,paid_search,mobile,705,445,36.8,177.0,2.6,409,22,2882.58,3.12
2026-02-07,paid_search,desktop,400,226,43.4,223.0,4.3,247,10,2022.7,2.5
2026-02-07,paid_search,tablet,73,49,32.6,111.0,3.2,41,2,380.69,2.74
2026-02-07,paid_social,mobile,587,235,59.9,68.0,2.9,437,12,2381.69,2.04
2026-02-07,paid_social,desktop,401,160,60.0,169.0,1.7,289,8,661.81,2.0
2026-02-07,paid_social,tablet,66,31,51.6,184.0,1.6,49,1,107.11,1.52
2026-02-07,direct,mobile,429,318,25.7,187.0,4.2,329,12,1770.51,2.8
2026-02-07,direct,desktop,252,187,25.6,228.0,2.0,153,7,651.15,2.78
2026-02-07,direct,tablet,59,41,30.1,151.0,3.4,46,1,186.94,1.69
2026-02-07,email,mobile,245,185,24.1,228.0,3.7,122,10,1277.69,4.08
2026-02-07,email,desktop,156,117,25.0,193.0,4.9,88,7,1285.82,4.49
2026-02-07,email,tablet,48,35,25.3,157.0,2.0,36,2,433.36,4.17
2026-02-07,referral,mobile,137,69,49.3,112.0,3.9,97,2,201.16,1.46
2026-02-07,referral,desktop,142,69,51.1,153.0,3.4,98,2,163.44,1.41
2026-02-07,referral,tablet,44,23,46.1,191.0,1.4,25,0,0.0,0.0
2026-02-07,organic_social,mobile,117,39,66.3,79.0,2.4,83,1,137.88,0.85
2026-02-07,organic_social,desktop,105,49,52.7,192.0,1.3,70,0,0.0,0.0
2026-02-07,organic_social,tablet,29,13,53.0,51.0,3.1,20,0,0.0,0.0
2026-02-08,organic_search,mobile,861,495,42.4,226.0,2.0,461,18,3009.83,2.09
2026-02-08,organic_search,desktop,527,315,40.1,120.0,3.9,388,12,2272.75,2.28
2026-02-08,organic_search,tablet,127,74,41.0,203.0,2.6,70,2,435.42,1.57
2026-02-08,paid_search,mobile,477,278,41.7,172.0,4.7,379,16,2826.6,3.35
2026-02-08,paid_search,desktop,377,229,39.2,60.0,4.0,272,9,1881.12,2.39
2026-02-08,paid_search,tablet,89,59,33.5,169.0,1.5,45,2,227.15,2.25
2026-02-08,paid_social,mobile,516,263,49.0,50.0,1.9,398,8,1619.98,1.55
2026-02-08,paid_social,desktop,292,137,52.8,181.0,2.3,159,5,707.65,1.71
2026-02-08,paid_social,tablet,92,41,54.5,203.0,4.2,51,1,132.87,1.09
2026-02-08,direct,mobile,398,269,32.3,194.0,1.9,246,14,2950.13,3.52
2026-02-08,direct,desktop,318,225,29.1,55.0,1.7,184,11,2135.3,3.46
2026-02-08,direct,tablet,86,61,28.0,217.0,3.9,48,2,256.34,2.33
2026-02-08,email,mobile,338,265,21.3,152.0,2.6,262,13,2489.73,3.85
2026-02-08,email,desktop,192,143,25.3,125.0,2.8,112,10,2072.66,5.21
2026-02-08,email,tablet,43,33,22.3,149.0,3.4,30,1,121.97,2.33
2026-02-08,referral,mobile,230,98,57.0,134.0,4.7,167,4,798.15,1.74
2026-02-08,referral,desktop,136,69,48.8,151.0,1.6,85,2,385.93,1.47
2026-02-08,referral,tablet,27,15,42.9,200.0,3.1,18,0,0.0,0.0
2026-02-08,organic_social,mobile,177,65,62.8,194.0,2.4,100,1,190.12,0.56
2026-02-08,organic_social,desktop,75,34,54.0,108.0,4.6,45,0,0.0,0.0
2026-02-08,organic_social,tablet,31,14,53.4,179.0,3.9,19,0,0.0,0.0
2026-02-09,organic_search,mobile,422,247,41.4,229.0,2.8,293,12,2541.07,2.84
2026-02-09,organic_search,desktop,290,145,49.8,180.0,2.2,147,7,1403.68,2.41
2026-02-09,organic_search,tablet,120,66,44.4,79.0,3.3,75,2,387.29,1.67
2026-02-09,paid_search,mobile,320,192,40.0,155.0,1.4,197,12,2520.3,3.75
2026-02-09,paid_search,desktop,270,152,43.3,221.0,3.0,212,8,1034.48,2.96
2026-02-09,paid_search,tablet,66,39,40.8,105.0,5.2,47,2,408.36,3.03
2026-02-09,paid_social,mobile,293,119,59.3,71.0,1.7,190,6,633.01,2.05
2026-02-09,paid_social,desktop,266,125,53.0,168.0,1.6,177,3,391.07,1.13
2026-02-09,paid_social,tablet,71,30,57.5,213.0,4.4,37,1,209.83,1.41
2026-02-09,direct,mobile,266,193,27.3,91.0,2.9,162,6,1232.83,2.26
2026-02-09,direct,desktop,229,161,29.5,159.0,1.8,156,7,819.94,3.06
2026-02-09,direct,tablet,67,44,33.8,95.0,3.4,39,2,390.15,2.99
2026-02-09,email,mobile,268,203,24.1,150.0,1.9,197,9,1692.84,3.36
2026-02-09,email,desktop,129,93,27.2,201.0,4.9,81,6,959.01,4.65
2026-02-09,email,tablet,47,36,22.6,161.0,3.4,24,2,225.32,4.26
2026-02-09,referral,mobile,117,52,54.9,187.0,4.8,77,2,161.8,1.71
2026-02-09,referral,desktop,97,54,44.2,149.0,5.1,61,2,219.37,2.06
2026-02-09,referral,tablet,19,10,45.7,155.0,3.0,11,0,0.0,0.0
2026-02-09,organic_social,mobile,82,29,63.6,126.0,1.8,42,1,126.24,1.22
2026-02-09,organic_social,desktop,52,24,52.7,221.0,5.0,32,0,0.0,0.0
2026-02-09,organic_social,tablet,15,6,59.8,146.0,3.8,8,0,0.0,0.0
2026-02-10,organic_search,mobile,478,282,40.8,82.0,4.9,375,15,1608.63,3.14
2026-02-10,organic_search,desktop,369,178,51.7,78.0,2.7,217,6,1084.33,1.63
2026-02-10,organic_search,tablet,114,68,39.8,192.0,3.5,84,2,371.81,1.75
2026-02-10,paid_search,mobile,309,209,32.4,150.0,2.9,176,7,1361.93,2.27
2026-02-10,paid_search,desktop,204,124,38.9,62.0,4.2,128,7,608.97,3.43
2026-02-10,paid_search,tablet,66,41,37.8,116.0,2.6,40,1,83.64,1.52
2026-02-10,paid_social,mobile,372,148,60.0,109.0,1.3,258,8,839.12,2.15
2026-02-10,paid_social,desktop,214,98,53.9,172.0,1.9,107,2,396.08,0.93
2026-02-10,paid_social,tablet,51,23,54.9,155.0,4.3,33,1,180.76,1.96
2026-02-10,direct,mobile,340,227,33.0,175.0,5.1,216,12,1977.01,3.53
2026-02-10,direct,desktop,148,98,33.3,89.0,1.6,97,3,259.38,2.03
2026-02-10,direct,tablet,68,49,27.7,112.0,4.9,47,1,115.28,1.47
2026-02-10,email,mobile,162,124,23.4,197.0,5.1,123,7,612.2,4.32
2026-02-10,email,desktop,96,69,27.3,172.0,3.1,68,4,600.19,4.17
2026-02-10,email,tablet,33,24,26.9,144.0,1.5,20,1,97.95,3.03
2026-02-10,referral,mobile,138,64,53.4,114.0,3.3,79,2,408.29,1.45
2026-02-10,referral,desktop,72,34,52.4,152.0,3.1,42,1,166.43,1.39
2026-02-10,referral,tablet,21,11,45.2,150.0,4.4,13,0,0.0,0.0
2026-02-10,organic_social,mobile,101,32,68.1,179.0,2.0,68,1,84.16,0.99
2026-02-10,organic_social,desktop,82,29,64.4,115.0,1.4,57,1,139.29,1.22
2026-02-10,organic_social,tablet,21,8,60.5,57.0,1.7,15,0,0.0,0.0
2026-02-11,organic_search,mobile,558,339,39.2,79.0,4.4,328,16,2843.35,2.87
2026-02-11,organic_search,desktop,313,191,38.7,125.0,2.8,230,6,1168.23,1.92
2026-02-11,organic_search,tablet,135,67,50.2,198.0,4.9,79,2,206.54,1.48
2026-02-11,paid_search,mobile,397,268,32.4,101.0,2.9,242,9,1550.26,2.27
2026-02-11,paid_search,desktop,297,194,34.4,141.0,3.0,174,9,806.18,3.03
2026-02-11,paid_search,tablet,74,44,39.8,150.0,3.3,42,2,367.81,2.7
2026-02-11,paid_social,mobile,464,206,55.6,205.0,4.9,345,6,1071.19,1.29
2026-02-11,paid_social,desktop,373,188,49.5,52.0,1.6,257,6,1119.7,1.61
2026-02-11,paid_social,tablet,86,36,58.0,184.0,4.1,54,1,91.35,1.16
2026-02-11,direct,mobile,506,366,27.5,70.0,4.1,342,16,1823.65,3.16
2026-02-11,direct,desktop,253,168,33.2,186.0,1.5,147,8,1144.28,3.16
2026-02-11,direct,tablet,90,65,26.7,219.0,1.7,64,3,506.53,3.33
2026-02-11,email,mobile,320,251,21.4,56.0,4.1,183,15,2224.47,4.69
2026-02-11,email,desktop,223,159,28.6,157.0,4.0,153,6,592.79,2.69
2026-02-11,email,tablet,56,43,22.6,83.0,4.8,41,2,310.66,3.57
2026-02-11,referral,mobile,213,111,47.5,156.0,1.5,120,4,322.95,1.88
2026-02-11,referral,desktop,111,53,52.2,132.0,4.1,68,1,98.28,0.9
2026-02-11,referral,tablet,42,18,56.6,138.0,3.4,21,0,0.0,0.0
2026-02-11,organic_social,mobile,140,55,60.5,107.0,4.7,105,1,111.39,0.71
2026-02-11,organic_social,desktop,85,35,58.5,144.0,4.5,47,1,135.73,1.18
2026-02-11,organic_social,tablet,28,8,69.0,149.0,2.8,15,0,0.0,0.0
2026-02-12,organic_search,mobile,694,345,50.3,147.0,2.0,521,17,3597.61,2.45
2026-02-12,organic_search,desktop,406,217,46.4,78.0,3.7,241,9,1255.44,2.22
2026-02-12,organic_search,tablet,113,66,40.9,230.0,3.1,81,2,389.98,1.77
2026-02-12,paid_search,mobile,685,443,35.2,226.0,2.6,450,17,1939.07,2.48
2026-02-12,paid_search,desktop,447,278,37.7,69.0,4.2,281,13,2718.79,2.91
2026-02-12,paid_search,tablet,117,72,37.7,79.0,2.9,63,4,561.25,3.42
2026-02-12,paid_social,mobile,363,178,50.7,169.0,3.7,269,6,589.32,1.65
2026-02-12,paid_social,desktop,266,125,53.0,112.0,2.6,172,5,684.52,1.88
2026-02-12,paid_social,tablet,85,37,55.8,177.0,3.8,56,1,147.96,1.18
2026-02-12,direct,mobile,471,323,31.2,234.0,4.6,289,12,2212.77,2.55
2026-02-12,direct,desktop,325,239,26.4,127.0,1.6,235,10,806.94,3.08
2026-02-12,direct,tablet,64,44,30.5,101.0,3.6,36,2,246.39,3.12
2026-02-12,email,mobile,218,159,26.8,242.0,1.9,113,8,1141.41,3.67
2026-02-12,email,desktop,167,123,25.9,137.0,3.4,130,6,487.16,3.59
2026-02-12,email,tablet,37,27,26.4,189.0,3.0,25,1,202.29,2.7
2026-02-12,referral,mobile,186,86,53.3,110.0,1.4,100,4,708.38,2.15
2026-02-12,referral,desktop,119,57,51.3,96.0,1.5,72,1,144.82,0.84
2026-02-12,referral,tablet,37,16,54.1,60.0,3.5,19,0,0.0,0.0
2026-02-12,organic_social,mobile,131,48,62.9,152.0,4.5,74,1,167.01,0.76
2026-02-12,organic_social,desktop,104,44,57.2,130.0,4.5,73,1,215.12,0.96
2026-02-12,organic_social,tablet,23,11,51.8,138.0,4.0,15,0,0.0,0.0
2026-02-13,organic_search,mobile,758,396,47.7,207.0,2.4,569,22,3761.27,2.9
2026-02-13,organic_search,desktop,472,252,46.5,157.0,2.0,243,9,1783.52,1.91
2026-02-13,organic_search,tablet,123,71,42.1,90.0,5.1,82,2,181.58,1.63
2026-02-13,paid_search,mobile,561,347,38.1,86.0,3.3,399,20,3492.81,3.57
2026-02-13,paid_search,desktop,339,208,38.5,197.0,4.4,221,8,653.51,2.36
2026-02-13,paid_search,tablet,118,69,41.2,138.0,1.4,59,3,446.11,2.54
2026-02-13,paid_social,mobile,595,220,62.9,141.0,3.5,345,12,1080.21,2.02
2026-02-13,paid_social,desktop,312,165,47.0,86.0,5.1,218,5,588.72,1.6
2026-02-13,paid_social,tablet,111,56,49.2,96.0,4.7,80,1,209.76,0.9
2026-02-13,direct,mobile,298,217,26.9,172.0,4.3,209,10,2083.88,3.36
2026-02-13,direct,desktop,201,134,33.0,142.0,3.3,148,8,998.52,3.98
2026-02-13,direct,tablet,95,63,33.2,96.0,4.1,59,3,382.0,3.16
2026-02-13,email,mobile,215,168,21.6,124.0,2.3,139,9,1820.5,4.19
2026-02-13,email,desktop,201,157,21.5,149.0,5.0,125,10,2187.45,4.98
2026-02-13,email,tablet,38,28,25.0,220.0,1.8,22,1,106.79,2.63
2026-02-13,referral,mobile,176,77,56.1,92.0,1.5,126,3,263.77,1.7
2026-02-13,referral,desktop,100,54,45.8,142.0,2.3,73,1,176.4,1.0
2026-02-13,referral,tablet,36,19,45.2,109.0,1.6,20,0,0.0,0.0
2026-02-13,organic_social,mobile,102,48,52.3,105.0,1.7,52,1,151.9,0.98
2026-02-13,organic_social,desktop,71,25,63.6,190.0,4.0,35,0,0.0,0.0
2026-02-13,organic_social,tablet,19,6,64.3,100.0,1.9,13,0,0.0,0.0
2026-02-14,organic_search,mobile,651,369,43.3,168.0,3.5,387,15,2956.33,2.3
2026-02-14,organic_search,desktop,391,189,51.6,173.0,4.1,240,9,1011.86,2.3
2026-02-14,organic_search,tablet,146,73,50.0,188.0,2.8,77,4,360.52,2.74
2026-02-14,paid_search,mobile,679,421,37.9,112.0,3.6,534,26,4258.9,3.83
2026-02-14,paid_search,desktop,375,219,41.6,77.0,5.2,287,14,1886.99,3.73
2026-02-14,paid_search,tablet,105,59,43.1,166.0,4.5,62,3,501.27,2.86
2026-02-14,paid_social,mobile,438,230,47.3,86.0,3.1,331,9,1051.76,2.05
2026-02-14,paid_social,desktop,333,131,60.7,162.0,2.3,260,4,426.04,1.2
2026-02-14,paid_social,tablet,103,42,58.3,132.0,1.9,69,1,176.82,0.97
2026-02-14,direct,mobile,314,220,29.9,127.0,2.9,205,8,651.89,2.55
2026-02-14,direct,desktop,335,247,26.2,125.0,3.7,248,9,1287.72,2.69
2026-02-14,direct,tablet,71,50,28.3,71.0,3.4,43,2,380.63,2.82
2026-02-14,email,mobile,296,221,25.3,81.0,4.2,191,11,1042.74,3.72
2026-02-14,email,desktop,205,147,28.2,57.0,3.6,118,9,1869.25,4.39
2026-02-14,email,tablet,40,30,23.4,218.0,3.5,23,2,336.37,5.0
2026-02-14,referral,mobile,188,102,45.7,58.0,5.2,102,4,752.93,2.13
2026-02-14,referral,desktop,134,69,48.2,101.0,1.7,93,2,360.0,1.49
2026-02-14,referral,tablet,25,13,45.9,209.0,2.6,14,0,0.0,0.0
2026-02-14,organic_social,mobile,104,50,51.8,152.0,1.3,71,1,200.32,0.96
2026-02-14,organic_social,desktop,63,26,58.5,146.0,3.7,34,0,0.0,0.0
2026-02-14,organic_social,tablet,18,7,57.7,101.0,3.1,9,0,0.0,0.0
2026-02-15,organic_search,mobile,882,453,48.6,153.0,3.0,569,25,5080.48,2.83
2026-02-15,organic_search,desktop,357,202,43.4,81.0,4.7,248,10,1503.07,2.8
2026-02-15,organic_search,tablet,132,64,51.3,177.0,4.7,100,4,402.05,3.03
2026-02-15,paid_search,mobile,678,396,41.5,78.0,1.6,506,28,3309.08,4.13
2026-02-15,paid_search,desktop,340,220,35.2,88.0,2.9,191,12,961.42,3.53
2026-02-15,paid_search,tablet,90,59,34.2,64.0,4.3,46,2,298.97,2.22
2026-02-15,paid_social,mobile,574,299,47.8,100.0,2.5,328,13,1698.04,2.26
2026-02-15,paid_social,desktop,253,100,60.4,179.0,4.4,196,4,375.91,1.58
2026-02-15,paid_social,tablet,65,29,54.6,152.0,3.0,47,1,197.97,1.54
2026-02-15,direct,mobile,403,289,28.1,152.0,2.2,303,14,2122.03,3.47
2026-02-15,direct,desktop,192,142,26.0,237.0,4.7,112,5,478.47,2.6
2026-02-15,direct,tablet,64,45,29.1,237.0,1.6,50,2,252.61,3.12
2026-02-15,email,mobile,286,204,28.3,194.0,5.4,185,13,1315.98,4.55
2026-02-15,email,desktop,214,152,28.7,108.0,5.2,147,8,1102.01,3.74
2026-02-15,email,tablet,57,44,22.7,210.0,4.2,40,2,338.36,3.51
2026-02-15,referral,mobile,205,111,45.4,69.0,2.2,129,4,820.94,1.95
2026-02-15,referral,desktop,91,47,48.2,225.0,2.0,51,1,195.05,1.1
2026-02-15,referral,tablet,43,18,55.9,138.0,3.4,27,1,197.71,2.33
2026-02-15,organic_social,mobile,97,38,59.9,77.0,1.9,48,1,95.23,1.03
2026-02-15,organic_social,desktop,68,27,59.2,113.0,4.4,52,0,0.0,0.0
2026-02-15,organic_social,tablet,18,6,62.9,46.0,4.1,12,0,0.0,0.0
2026-02-16,organic_search,mobile,382,218,42.8,180.0,4.7,253,9,786.89,2.36
2026-02-16,organic_search,desktop,363,193,46.7,201.0,4.3,218,6,749.26,1.65
2026-02-16,organic_search,tablet,94,46,50.8,94.0,1.7,72,3,577.9,3.19
2026-02-16,paid_search,mobile,452,262,41.8,213.0,1.6,352,10,1588.28,2.21
2026-02-16,paid_search,desktop,287,182,36.5,174.0,4.2,154,10,1800.05,3.48
2026-02-16,paid_search,tablet,76,48,35.9,168.0,5.4,57,1,178.73,1.32
2026-02-16,paid_social,mobile,350,141,59.6,110.0,3.5,259,5,729.25,1.43
2026-02-16,paid_social,desktop,230,89,61.0,131.0,4.4,166,4,471.3,1.74
2026-02-16,paid_social,tablet,80,39,51.0,216.0,3.0,61,1,136.8,1.25
2026-02-16,direct,mobile,339,224,33.9,180.0,2.4,256,12,1358.85,3.54
2026-02-16,direct,desktop,147,106,27.7,85.0,5.5,93,6,830.76,4.08
2026-02-16,direct,tablet,55,39,28.7,109.0,3.7,42,1,113.87,1.82
2026-02-16,email,mobile,161,115,28.6,59.0,4.9,122,6,969.73,3.73
2026-02-16,email,desktop,151,117,22.3,143.0,2.9,79,5,1068.82,3.31
2026-02-16,email,tablet,28,21,24.5,244.0,3.1,21,1,195.47,3.57
2026-02-16,referral,mobile,148,63,57.1,75.0,4.7,79,3,539.52,2.03
2026-02-16,referral,desktop,109,54,49.9,188.0,1.5,66,2,403.96,1.83
2026-02-16,referral,tablet,33,17,47.8,220.0,4.9,21,0,0.0,0.0
2026-02-16,organic_social,mobile,86,37,56.4,106.0,4.5,50,0,0.0,0.0
2026-02-16,organic_social,desktop,84,31,62.9,101.0,3.1,55,0,0.0,0.0
2026-02-16,organic_social,tablet,21,8,59.0,97.0,4.0,14,0,0.0,0.0
2026-02-17,organic_search,mobile,399,202,49.2,204.0,4.5,237,10,1617.54,2.51
2026-02-17,organic_search,desktop,336,168,49.9,115.0,2.3,219,6,756.0,1.79
2026-02-17,organic_search,tablet,110,60,44.7,85.0,3.0,55,1,199.54,0.91
2026-02-17,paid_search,mobile,397,251,36.6,182.0,5.0,254,11,2323.39,2.77
2026-02-17,paid_search,desktop,265,150,43.1,169.0,2.1,208,8,674.83,3.02
2026-02-17,paid_search,tablet,55,31,42.5,76.0,2.6,29,1,116.11,1.82
2026-02-17,paid_social,mobile,343,165,51.9,166.0,3.1,259,7,1159.03,2.04
2026-02-17,paid_social,desktop,215,100,53.4,124.0,4.7,162,2,439.73,0.93
2026-02-17,paid_social,tablet,57,25,55.0,60.0,4.4,30,1,198.3,1.75
2026-02-17,direct,mobile,299,199,33.3,60.0,2.1,198,8,691.76,2.68
2026-02-17,direct,desktop,243,165,31.9,128.0,3.5,148,10,1145.25,4.12
2026-02-17,direct,tablet,64,42,34.2,244.0,2.6,43,2,423.25,3.12
2026-02-17,email,mobile,239,177,25.9,163.0,2.8,135,10,1315.62,4.18
2026-02-17,email,desktop,121,91,24.2,187.0,1.8,79,3,445.19,2.48
2026-02-17,email,tablet,28,20,27.7,130.0,4.1,18,1,114.04,3.57
2026-02-17,referral,mobile,153,74,51.4,161.0,1.9,97,3,631.45,1.96
2026-02-17,referral,desktop,74,41,44.5,192.0,3.3,46,1,101.74,1.35
2026-02-17,referral,tablet,32,14,56.0,148.0,3.1,18,0,0.0,0.0
2026-02-17,organic_social,mobile,121,40,66.9,51.0,2.9,70,1,118.63,0.83
2026-02-17,organic_social,desktop,59,25,56.9,190.0,1.6,44,0,0.0,0.0
2026-02-17,organic_social,tablet,13,4,66.0,91.0,3.3,8,0,0.0,0.0
2026-02-18,organic_search,mobile,495,255,48.4,154.0,2.0,328,12,1312.79,2.42
2026-02-18,organic_search,desktop,419,228,45.5,165.0,2.5,252,10,858.14,2.39
2026-02-18,organic_search,tablet,145,85,40.7,232.0,2.2,110,3,268.57,2.07
2026-02-18,paid_search,mobile,583,366,37.2,165.0,2.7,446,19,3029.5,3.26
2026-02-18,paid_search,desktop,408,230,43.4,107.0,3.1,211,15,1961.72,3.68
2026-02-18,paid_search,tablet,93,62,32.7,179.0,5.3,51,2,247.88,2.15
2026-02-18,paid_social,mobile,375,142,62.0,45.0,2.4,244,6,994.24,1.6
2026-02-18,paid_social,desktop,269,107,60.0,159.0,1.8,176,5,1068.74,1.86
2026-02-18,paid_social,tablet,71,27,61.0,187.0,2.2,45,1,141.23,1.41
2026-02-18,direct,mobile,483,356,26.1,208.0,2.0,380,14,1336.76,2.9
2026-02-18,direct,desktop,243,169,30.3,100.0,3.3,191,7,1386.6,2.88
2026-02-18,direct,tablet,73,51,30.0,195.0,1.5,52,3,614.68,4.11
2026-02-18,email,mobile,315,239,23.9,122.0,2.9,239,14,1649.95,4.44
2026-02-18,email,desktop,220,161,26.7,105.0,2.0,143,7,1247.59,3.18
2026-02-18,email,tablet,62,47,24.0,232.0,1.6,40,2,370.0,3.23
2026-02-18,referral,mobile,238,126,46.9,177.0,5.1,159,3,396.05,1.26
2026-02-18,referral,desktop,154,66,56.5,169.0,4.7,116,3,426.88,1.95
2026-02-18,referral,tablet,36,15,55.7,92.0,4.4,26,0,0.0,0.0
2026-02-18,organic_social,mobile,127,50,60.5,79.0,3.7,70,1,133.69,0.79
2026-02-18,organic_social,desktop,66,21,66.8,43.0,1.9,48,0,0.0,0.0
2026-02-18,organic_social,tablet,29,11,59.7,179.0,4.0,21,0,0.0,0.0
2026-02-19,organic_search,mobile,529,289,45.3,230.0,3.4,396,12,1053.97,2.27
2026-02-19,organic_search,desktop,418,240,42.6,82.0,1.5,316,10,1003.16,2.39
2026-02-19,organic_search,tablet,128,61,51.6,139.0,3.2,66,3,472.36,2.34
2026-02-19,paid_search,mobile,402,249,37.9,152.0,3.8,238,15,2564.35,3.73
2026-02-19,paid_search,desktop,318,188,40.7,147.0,4.2,188,8,831.62,2.52
2026-02-19,paid_search,tablet,94,57,38.6,214.0,2.9,63,3,502.86,3.19
2026-02-19,paid_social,mobile,539,205,61.8,153.0,1.4,430,11,1105.2,2.04
2026-02-19,paid_social,desktop,297,125,57.8,161.0,2.5,180,4,757.83,1.35
2026-02-19,paid_social,tablet,99,46,52.8,91.0,4.1,52,2,250.93,2.02
2026-02-19,direct,mobile,428,294,31.1,135.0,2.5,301,13,2770.86,3.04
2026-02-19,direct,desktop,297,209,29.3,102.0,2.3,199,8,1347.64,2.69
2026-02-19,direct,tablet,96,65,31.7,126.0,5.0,71,3,539.49,3.12
2026-02-19,email,mobile,306,228,25.3,117.0,5.2,183,11,1572.37,3.59
2026-02-19,email,desktop,220,165,24.6,256.0,5.1,156,11,1267.24,5.0
2026-02-19,email,tablet,62,45,25.9,71.0,1.7,39,1,115.19,1.61
2026-02-19,referral,mobile,247,127,48.4,77.0,4.7,142,6,1228.39,2.43
2026-02-19,referral,desktop,89,49,44.3,51.0,4.0,46,1,167.33,1.12
2026-02-19,referral,tablet,38,21,43.4,227.0,1.5,28,0,0.0,0.0
2026-02-19,organic_social,mobile,145,46,67.8,53.0,2.3,92,1,175.97,0.69
2026-02-19,organic_social,desktop,83,29,65.0,54.0,1.2,48,0,0.0,0.0
2026-02-19,organic_social,tablet,31,11,63.5,160.0,3.7,21,0,0.0,0.0
2026-02-20,organic_search,mobile,841,449,46.5,90.0,3.7,429,19,3476.92,2.26
2026-02-20,organic_search,desktop,418,253,39.4,107.0,2.4,248,13,1312.85,3.11
2026-02-20,organic_search,tablet,120,69,41.8,233.0,2.4,70,2,234.68,1.67
2026-02-20,paid_search,mobile,507,306,39.5,238.0,2.7,393,20,3246.97,3.94
2026-02-20,paid_search,desktop,326,197,39.5,92.0,1.5,204,7,564.05,2.15
2026-02-20,paid_search,tablet,96,54,43.2,105.0,1.5,51,2,286.76,2.08
2026-02-20,paid_social,mobile,607,283,53.3,205.0,3.9,365,12,1713.85,1.98
2026-02-20,paid_social,desktop,383,198,48.2,179.0,3.6,267,5,788.39,1.31
2026-02-20,paid_social,tablet,77,29,61.2,110.0,2.9,43,1,134.37,1.3
2026-02-20,direct,mobile,323,218,32.5,150.0,5.4,212,12,1212.52,3.72
2026-02-20,direct,desktop,327,219,33.0,162.0,4.0,192,8,1093.15,2.45
2026-02-20,direct,tablet,52,37,28.3,130.0,4.8,32,1,129.08,1.92
2026-02-20,email,mobile,352,272,22.5,72.0,2.4,233,11,1207.88,3.12
2026-02-20,email,desktop,149,108,27.4,70.0,2.5,79,5,682.68,3.36
2026-02-20,email,tablet,41,30,26.2,108.0,5.0,25,1,82.68,2.44
2026-02-20,referral,mobile,199,100,49.7,173.0,3.6,136,5,595.15,2.51
2026-02-20,referral,desktop,145,79,45.0,170.0,2.1,100,3,283.41,2.07
2026-02-20,referral,tablet,26,12,53.1,141.0,2.1,17,0,0.0,0.0
2026-02-20,organic_social,mobile,109,33,68.9,184.0,2.3,61,1,151.49,0.92
2026-02-20,organic_social,desktop,94,30,67.3,177.0,2.3,71,1,83.05,1.06
2026-02-20,organic_social,tablet,32,11,62.7,157.0,1.4,22,0,0.0,0.0
2026-02-21,organic_search,mobile,608,375,38.3,151.0,2.3,470,16,2583.53,2.63
2026-02-21,organic_search,desktop,314,189,39.7,73.0,5.2,250,7,941.02,2.23
2026-02-21,organic_search,tablet,145,83,42.4,49.0,1.9,84,3,614.58,2.07
2026-02-21,paid_search,mobile,714,479,32.8,71.0,1.9,417,24,4640.12,3.36
2026-02-21,paid_search,desktop,368,238,35.1,198.0,3.0,206,11,1170.5,2.99
2026-02-21,paid_search,tablet,117,76,35.0,111.0,2.0,67,3,255.34,2.56
2026-02-21,paid_social,mobile,639,301,52.9,97.0,4.1,489,9,1964.45,1.41
2026-02-21,paid_social,desktop,287,122,57.4,196.0,4.2,164,3,405.27,1.05
2026-02-21,paid_social,tablet,64,27,57.0,123.0,2.7,36,0,0.0,0.0
2026-02-21,direct,mobile,424,284,32.9,162.0,2.7,277,14,1310.38,3.3
2026-02-21,direct,desktop,197,145,26.2,137.0,5.3,109,7,1038.85,3.55
2026-02-21,direct,tablet,93,62,33.0,75.0,2.9,61,3,429.76,3.23
2026-02-21,email,mobile,250,179,28.1,243.0,1.7,159,7,855.73,2.8
2026-02-21,email,desktop,201,153,23.8,261.0,4.1,118,10,1008.69,4.98
2026-02-21,email,tablet,37,27,25.4,249.0,2.7,24,1,141.9,2.7
2026-02-21,referral,mobile,142,71,49.4,132.0,4.6,111,3,553.92,2.11
2026-02-21,referral,desktop,117,61,47.8,53.0,2.7,75,2,439.45,1.71
2026-02-21,referral,tablet,45,20,54.9,80.0,3.5,23,0,0.0,0.0
2026-02-21,organic_social,mobile,131,46,64.8,94.0,1.5,100,1,182.02,0.76
2026-02-21,organic_social,desktop,83,29,64.3,128.0,3.2,63,1,174.37,1.2
2026-02-21,organic_social,tablet,25,8,65.6,50.0,2.6,13,0,0.0,0.0
2026-02-22,organic_search,mobile,603,362,39.9,160.0,5.0,330,15,1228.01,2.49
2026-02-22,organic_search,desktop,478,278,41.8,137.0,1.6,316,9,1775.44,1.88
2026-02-22,organic_search,tablet,160,81,49.1,191.0,3.0,102,4,852.48,2.5
2026-02-22,paid_search,mobile,690,463,32.8,91.0,2.1,448,19,2687.31,2.75
2026-02-22,paid_search,desktop,368,229,37.5,193.0,2.0,191,11,1966.89,2.99
2026-02-22,paid_search,tablet,73,43,40.7,183.0,3.7,37,1,216.56,1.37
2026-02-22,paid_social,mobile,355,162,54.3,66.0,2.3,245,5,602.61,1.41
2026-02-22,paid_social,desktop,295,141,51.9,206.0,1.6,220,6,758.9,2.03
2026-02-22,paid_social,tablet,90,40,55.2,186.0,1.5,53,1,172.88,1.11
2026-02-22,direct,mobile,403,265,34.2,205.0,5.1,298,10,1352.92,2.48
2026-02-22,direct,desktop,337,235,30.2,135.0,1.7,174,13,2643.85,3.86
2026-02-22,direct,tablet,94,70,25.5,136.0,2.2,50,2,398.17,2.13
2026-02-22,email,mobile,198,146,26.1,69.0,4.9,106,7,571.74,3.54
2026-02-22,email,desktop,174,132,23.9,188.0,5.1,118,6,584.89,3.45
2026-02-22,email,tablet,46,35,23.5,161.0,2.9,31,1,131.29,2.17
2026-02-22,referral,mobile,146,77,46.6,170.0,2.6,92,3,558.39,2.05
2026-02-22,referral,desktop,99,42,57.0,141.0,3.0,75,2,423.68,2.02
2026-02-22,referral,tablet,33,17,46.5,188.0,3.0,22,0,0.0,0.0
2026-02-22,organic_social,mobile,144,55,61.5,144.0,2.2,77,2,175.63,1.39
2026-02-22,organic_social,desktop,64,21,65.9,190.0,4.3,36,0,0.0,0.0
2026-02-22,organic_social,tablet,27,11,56.4,165.0,4.4,15,0,0.0,0.0
2026-02-23,organic_search,mobile,447,263,41.0,187.0,5.1,345,9,853.55,2.01
2026-02-23,organic_search,desktop,258,151,41.1,179.0,4.3,187,5,539.72,1.94
2026-02-23,organic_search,tablet,98,57,41.7,216.0,2.4,58,1,148.32,1.02
2026-02-23,paid_search,mobile,466,297,36.2,226.0,4.4,241,18,3621.29,3.86
2026-02-23,paid_search,desktop,267,166,37.7,195.0,3.5,193,8,1373.64,3.0
2026-02-23,paid_search,tablet,63,38,39.6,145.0,5.2,44,2,253.7,3.17
2026-02-23,paid_social,mobile,358,148,58.4,128.0,2.9,281,5,622.18,1.4
2026-02-23,paid_social,desktop,304,145,52.1,209.0,1.8,208,4,433.08,1.32
2026-02-23,paid_social,tablet,48,21,55.1,132.0,3.1,32,0,0.0,0.0
2026-02-23,direct,mobile,346,237,31.3,245.0,4.1,193,14,1344.04,4.05
2026-02-23,direct,desktop,186,133,28.3,230.0,4.9,115,7,1535.63,3.76
2026-02-23,direct,tablet,54,39,27.3,226.0,1.6,42,1,168.05,1.85
2026-02-23,email,mobile,174,134,22.8,174.0,2.5,137,6,1015.22,3.45
2026-02-23,email,desktop,138,100,27.4,100.0,4.0,82,7,952.21,5.07
2026-02-23,email,tablet,34,26,22.3,189.0,3.0,26,1,189.22,2.94
2026-02-23,referral,mobile,132,63,51.8,214.0,4.0,67,2,199.4,1.52
2026-02-23,referral,desktop,99,56,43.2,116.0,2.8,67,2,175.38,2.02
2026-02-23,referral,tablet,21,9,52.9,181.0,3.5,16,0,0.0,0.0
2026-02-23,organic_social,mobile,104,45,56.7,198.0,1.7,82,0,0.0,0.0
2026-02-23,organic_social,desktop,71,31,55.4,49.0,4.8,41,1,218.57,1.41
2026-02-23,organic_social,tablet,21,9,56.1,168.0,4.3,15,0,0.0,0.0
2026-02-24,organic_search,mobile,657,392,40.2,137.0,4.8,330,17,3610.78,2.59
2026-02-24,organic_search,desktop,415,253,38.9,210.0,1.7,323,7,913.62,1.69
2026-02-24,organic_search,tablet,78,47,38.9,236.0,2.3,58,2,392.2,2.56
2026-02-24,paid_search,mobile,323,191,40.8,203.0,1.8,219,7,940.31,2.17
2026-02-24,paid_search,desktop,314,205,34.7,129.0,4.4,234,11,1351.64,3.5
2026-02-24,paid_search,tablet,66,43,34.8,67.0,3.6,45,2,321.29,3.03
2026-02-24,paid_social,mobile,281,111,60.2,129.0,3.0,165,5,820.71,1.78
2026-02-24,paid_social,desktop,217,90,58.5,179.0,3.2,128,4,659.7,1.84
2026-02-24,paid_social,tablet,71,28,59.6,102.0,4.4,44,1,149.08,1.41
2026-02-24,direct,mobile,395,278,29.4,122.0,2.5,315,17,1593.86,4.3
2026-02-24,direct,desktop,239,162,32.1,90.0,2.7,122,10,2081.91,4.18
2026-02-24,direct,tablet,49,33,31.9,84.0,1.5,28,1,142.27,2.04
2026-02-24,email,mobile,154,109,28.7,128.0,3.9,101,5,968.47,3.25
2026-02-24,email,desktop,96,69,28.1,79.0,1.8,72,5,608.63,5.21
2026-02-24,email,tablet,39,29,24.1,110.0,1.5,24,1,156.49,2.56
2026-02-24,referral,mobile,176,80,54.5,52.0,3.0,89,4,692.02,2.27
2026-02-24,referral,desktop,117,55,52.7,110.0,1.8,84,1,214.75,0.85
2026-02-24,referral,tablet,20,10,45.8,86.0,4.5,13,0,0.0,0.0
2026-02-24,organic_social,mobile,96,30,68.5,64.0,2.0,51,0,0.0,0.0
2026-02-24,organic_social,desktop,82,33,59.5,141.0,2.9,65,1,87.87,1.22
2026-02-24,organic_social,tablet,22,7,67.7,73.0,3.7,17,0,0.0,0.0
2026-02-25,organic_search,mobile,733,450,38.5,71.0,2.9,465,16,2615.45,2.18
2026-02-25,organic_search,desktop,537,290,46.0,117.0,3.5,294,13,1704.8,2.42
2026-02-25,organic_search,tablet,122,66,45.1,107.0,3.4,61,3,489.83,2.46
2026-02-25,paid_search,mobile,611,397,34.9,81.0,2.6,442,23,4169.32,3.76
2026-02-25,paid_search,desktop,393,241,38.4,241.0,2.9,258,11,1684.48,2.8
2026-02-25,paid_search,tablet,118,79,32.6,160.0,3.5,91,4,794.74,3.39
2026-02-25,paid_social,mobile,555,225,59.4,116.0,1.6,346,8,651.02,1.44
2026-02-25,paid_social,desktop,339,146,56.7,85.0,3.8,188,6,598.91,1.77
2026-02-25,paid_social,tablet,74,31,57.9,191.0,4.3,50,1,120.87,1.35
2026-02-25,direct,mobile,493,323,34.3,125.0,4.3,259,21,2055.43,4.26
2026-02-25,direct,desktop,205,145,29.1,132.0,4.3,108,5,708.74,2.44
2026-02-25,direct,tablet,72,47,34.2,244.0,1.7,41,3,540.15,4.17
2026-02-25,email,mobile,215,156,27.0,105.0,1.9,142,10,1697.67,4.65
2026-02-25,email,desktop,138,106,22.5,248.0,2.3,103,5,467.99,3.62
2026-02-25,email,tablet,52,40,22.4,106.0,2.4,28,2,305.5,3.85
2026-02-25,referral,mobile,199,95,51.8,57.0,1.4,149,4,791.34,2.01
2026-02-25,referral,desktop,94,52,44.7,171.0,2.0,70,1,136.94,1.06
2026-02-25,referral,tablet,29,14,49.0,98.0,3.3,18,0,0.0,0.0
2026-02-25,organic_social,mobile,129,59,54.3,121.0,3.3,89,1,157.79,0.78
2026-02-25,organic_social,desktop,106,47,55.1,173.0,4.3,71,1,194.2,0.94
2026-02-25,organic_social,tablet,17,6,63.5,163.0,1.6,11,0,0.0,0.0
2026-02-26,organic_search,mobile,504,273,45.6,81.0,3.9,379,15,1995.56,2.98
2026-02-26,organic_search,desktop,385,207,46.0,59.0,4.5,289,10,1346.49,2.6
2026-02-26,organic_search,tablet,95,51,46.2,202.0,2.7,64,2,185.99,2.11
2026-02-26,paid_search,mobile,509,313,38.3,127.0,1.8,306,17,3045.51,3.34
2026-02-26,paid_search,desktop,420,256,39.0,206.0,4.8,300,13,2259.56,3.1
2026-02-26,paid_search,tablet,75,48,34.8,226.0,3.5,39,3,543.84,4.0
2026-02-26,paid_social,mobile,388,145,62.6,202.0,3.0,195,6,805.49,1.55
2026-02-26,paid_social,desktop,323,133,58.8,130.0,2.1,170,5,853.33,1.55
2026-02-26,paid_social,tablet,63,26,58.1,63.0,3.3,36,1,151.65,1.59
2026-02-26,direct,mobile,490,338,30.9,98.0,4.6,316,12,1321.06,2.45
2026-02-26,direct,desktop,285,199,29.9,219.0,4.8,224,9,1757.55,3.16
2026-02-26,direct,tablet,67,45,31.9,157.0,2.9,33,2,409.95,2.99
2026-02-26,email,mobile,303,228,24.7,161.0,2.8,221,9,1200.56,2.97
2026-02-26,email,desktop,199,154,22.1,214.0,3.4,118,8,1154.79,4.02
2026-02-26,email,tablet,49,36,24.8,140.0,1.6,33,1,130.05,2.04
2026-02-26,referral,mobile,159,83,47.6,147.0,2.1,88,2,368.03,1.26
2026-02-26,referral,desktop,102,43,56.9,213.0,3.1,53,2,420.23,1.96
2026-02-26,referral,tablet,41,19,51.7,162.0,3.0,27,0,0.0,0.0
2026-02-26,organic_social,mobile,173,80,53.5,121.0,2.0,98,2,162.35,1.16
2026-02-26,organic_social,desktop,73,25,64.7,41.0,4.2,36,0,0.0,0.0
2026-02-26,organic_social,tablet,29,10,64.1,43.0,2.0,16,0,0.0,0.0
2026-02-27,organic_search,mobile,885,478,46.0,82.0,4.5,622,15,1470.57,1.69
2026-02-27,organic_search,desktop,433,219,49.2,85.0,4.8,340,10,1942.31,2.31
2026-02-27,organic_search,tablet,135,71,46.8,79.0,2.0,93,3,421.76,2.22
2026-02-27,paid_search,mobile,539,351,34.9,186.0,2.1,390,13,2785.68,2.41
2026-02-27,paid_search,desktop,280,170,39.0,177.0,3.5,207,9,856.45,3.21
2026-02-27,paid_search,tablet,124,73,40.4,108.0,4.7,79,3,377.46,2.42
2026-02-27,paid_social,mobile,631,267,57.6,144.0,4.3,409,12,2470.14,1.9
2026-02-27,paid_social,desktop,333,163,51.0,217.0,2.7,209,7,832.44,2.1
2026-02-27,paid_social,tablet,89,41,53.1,74.0,4.4,62,1,171.0,1.12
2026-02-27,direct,mobile,472,311,34.0,110.0,3.8,244,19,3161.28,4.03
2026-02-27,direct,desktop,281,198,29.4,178.0,4.6,149,10,1195.31,3.56
2026-02-27,direct,tablet,82,53,34.2,139.0,2.3,42,3,300.67,3.66
2026-02-27,email,mobile,322,233,27.5,68.0,3.7,248,14,1298.76,4.35
2026-02-27,email,desktop,140,103,26.0,140.0,3.3,76,5,579.95,3.57
2026-02-27,email,tablet,40,29,26.3,229.0,1.9,31,1,189.27,2.5
2026-02-27,referral,mobile,247,140,43.3,64.0,2.4,158,3,638.19,1.21
2026-02-27,referral,desktop,97,49,48.7,73.0,4.9,69,2,408.42,2.06
2026-02-27,referral,tablet,44,24,45.2,230.0,3.1,30,0,0.0,0.0
2026-02-27,organic_social,mobile,140,46,67.1,137.0,3.2,72,2,429.25,1.43
2026-02-27,organic_social,desktop,77,32,57.5,134.0,2.2,60,0,0.0,0.0
2026-02-27,organic_social,tablet,20,9,54.1,63.0,4.7,10,0,0.0,0.0
2026-02-28,organic_search,mobile,552,329,40.4,129.0,4.5,330,11,2036.76,1.99
2026-02-28,organic_search,desktop,429,236,44.9,112.0,4.6,266,10,1357.52,2.33
2026-02-28,organic_search,tablet,97,57,40.9,177.0,1.7,63,2,438.16,2.06
2026-02-28,paid_search,mobile,586,358,38.8,52.0,4.3,339,14,2425.59,2.39
2026-02-28,paid_search,desktop,447,283,36.6,173.0,3.6,271,10,2186.76,2.24
2026-02-28,paid_search,tablet,97,60,37.4,232.0,2.0,62,2,256.42,2.06
2026-02-28,paid_social,mobile,615,249,59.4,48.0,2.0,479,14,2651.63,2.28
2026-02-28,paid_social,desktop,400,176,55.8,199.0,3.0,276,6,1004.31,1.5
2026-02-28,paid_social,tablet,75,33,55.8,143.0,3.9,42,1,82.39,1.33
2026-02-28,direct,mobile,338,231,31.7,105.0,4.2,188,12,2340.29,3.55
2026-02-28,direct,desktop,222,155,30.1,91.0,3.9,133,9,1088.57,4.05
2026-02-28,direct,tablet,70,48,30.8,169.0,1.9,46,1,123.39,1.43
2026-02-28,email,mobile,310,232,25.0,59.0,1.7,202,13,1320.69,4.19
2026-02-28,email,desktop,169,122,27.3,121.0,3.7,118,6,1263.1,3.55
2026-02-28,email,tablet,58,42,26.2,52.0,2.8,37,1,176.19,1.72
2026-02-28,referral,mobile,182,97,46.4,168.0,1.8,101,4,876.14,2.2
2026-02-28,referral,desktop,86,44,48.0,119.0,4.9,56,2,225.81,2.33
2026-02-28,referral,tablet,44,24,43.2,53.0,2.3,22,0,0.0,0.0
2026-02-28,organic_social,mobile,109,49,54.6,209.0,2.7,72,1,88.29,0.92
2026-02-28,organic_social,desktop,63,30,51.1,169.0,3.5,40,0,0.0,0.0
2026-02-28,organic_social,tablet,21,7,66.1,64.0,3.6,11,0,0.0,0.0
2026-03-01,organic_search,mobile,697,389,44.1,132.0,1.4,453,14,2648.43,2.01
2026-03-01,organic_search,desktop,360,174,51.7,134.0,2.8,243,9,841.98,2.5
2026-03-01,organic_search,tablet,136,75,44.4,54.0,1.5,102,3,360.81,2.21
2026-03-01,paid_search,mobile,497,283,43.1,73.0,4.7,388,15,2970.22,3.02
2026-03-01,paid_search,desktop,445,286,35.7,106.0,2.7,317,16,1419.89,3.6
2026-03-01,paid_search,tablet,89,59,33.1,205.0,3.4,52,2,243.99,2.25
2026-03-01,paid_social,mobile,362,179,50.3,52.0,1.4,280,5,644.06,1.38
2026-03-01,paid_social,desktop,389,161,58.5,68.0,2.3,252,7,636.81,1.8
2026-03-01,paid_social,tablet,108,39,63.0,189.0,3.7,56,2,202.83,1.85
2026-03-01,direct,mobile,373,250,32.7,147.0,5.4,186,15,2771.68,4.02
2026-03-01,direct,desktop,200,140,29.6,139.0,2.4,133,7,586.56,3.5
2026-03-01,direct,tablet,66,45,31.4,161.0,4.4,42,1,186.4,1.52
2026-03-01,email,mobile,255,196,23.0,154.0,3.6,167,13,1834.84,5.1
2026-03-01,email,desktop,184,143,22.3,86.0,2.1,111,9,1153.89,4.89
2026-03-01,email,tablet,42,30,27.5,220.0,1.4,22,2,359.33,4.76
2026-03-01,referral,mobile,228,115,49.6,106.0,2.5,174,5,994.64,2.19
2026-03-01,referral,desktop,117,59,49.2,111.0,2.9,74,2,374.69,1.71
2026-03-01,referral,tablet,42,21,48.8,154.0,3.7,25,1,157.53,2.38
2026-03-01,organic_social,mobile,146,66,54.2,107.0,2.7,112,1,199.31,0.68
2026-03-01,organic_social,desktop,79,29,62.7,130.0,3.4,49,1,219.75,1.27
2026-03-01,organic_social,tablet,28,10,63.9,143.0,1.3,19,0,0.0,0.0
2026-03-02,organic_search,mobile,612,330,46.0,113.0,1.7,364,13,1956.37,2.12
2026-03-02,organic_search,desktop,325,185,42.9,70.0,2.9,165,5,464.68,1.54
2026-03-02,organic_search,tablet,92,56,39.1,122.0,4.4,70,2,438.23,2.17
2026-03-02,paid_search,mobile,498,305,38.7,65.0,5.2,258,15,1882.13,3.01
2026-03-02,paid_search,desktop,213,131,38.1,51.0,4.7,165,5,893.63,2.35
2026-03-02,paid_search,tablet,83,50,39.5,113.0,3.8,46,2,180.41,2.41
2026-03-02,paid_social,mobile,260,115,55.5,183.0,3.9,180,4,449.93,1.54
2026-03-02,paid_social,desktop,302,128,57.6,173.0,3.3,202,6,696.62,1.99
2026-03-02,paid_social,tablet,52,21,58.9,73.0,4.4,35,1,101.06,1.92
2026-03-02,direct,mobile,244,177,27.4,156.0,2.1,184,8,1649.36,3.28
2026-03-02,direct,desktop,187,127,31.8,236.0,4.7,95,5,935.74,2.67
2026-03-02,direct,tablet,59,40,30.7,240.0,1.8,42,2,438.45,3.39
2026-03-02,email,mobile,259,196,24.3,188.0,5.2,186,13,2685.63,5.02
2026-03-02,email,desktop,141,107,23.6,163.0,3.5,108,6,1051.58,4.26
2026-03-02,email,tablet,48,35,26.6,223.0,4.4,29,1,205.47,2.08
2026-03-02,referral,mobile,153,79,48.3,173.0,2.4,99,2,377.54,1.31
2026-03-02,referral,desktop,97,44,54.6,110.0,3.2,62,1,202.09,1.03
2026-03-02,referral,tablet,30,14,52.4,182.0,4.1,16,0,0.0,0.0
2026-03-02,organic_social,mobile,93,35,61.7,85.0,2.4,47,0,0.0,0.0
2026-03-02,organic_social,desktop,55,21,60.2,99.0,3.3,28,0,0.0,0.0
2026-03-02,organic_social,tablet,16,6,57.9,171.0,3.0,10,0,0.0,0.0
2026-03-03,organic_search,mobile,578,317,45.0,159.0,3.6,311,11,1590.51,1.9
2026-03-03,organic_search,desktop,420,238,43.2,92.0,4.9,239,13,2528.8,3.1
2026-03-03,organic_search,tablet,73,40,44.0,108.0,2.5,56,1,86.71,1.37
2026-03-03,paid_search,mobile,393,221,43.6,182.0,2.5,213,9,1389.63,2.29
2026-03-03,paid_search,desktop,280,170,38.9,213.0,5.1,198,8,930.47,2.86
2026-03-03,paid_search,tablet,75,49,33.3,230.0,4.5,53,1,144.51,1.33
2026-03-03,paid_social,mobile,317,161,49.0,88.0,4.2,232,7,743.51,2.21
2026-03-03,paid_social,desktop,262,133,49.1,103.0,3.4,194,3,591.04,1.15
2026-03-03,paid_social,tablet,58,29,49.6,124.0,2.3,35,0,0.0,0.0
2026-03-03,direct,mobile,355,246,30.5,206.0,2.6,197,11,1661.32,3.1
2026-03-03,direct,desktop,202,141,29.8,96.0,1.6,151,7,668.61,3.47
2026-03-03,direct,tablet,52,34,33.5,137.0,3.1,36,2,176.4,3.85
2026-03-03,email,mobile,153,109,28.3,90.0,4.8,86,7,582.38,4.58
2026-03-03,email,desktop,120,88,26.1,109.0,2.1,63,3,523.39,2.5
2026-03-03,email,tablet,29,21,25.4,147.0,5.4,16,1,175.4,3.45
2026-03-03,referral,mobile,172,94,44.9,66.0,2.4,120,2,295.21,1.16
2026-03-03,referral,desktop,89,43,51.0,182.0,3.5,44,1,115.08,1.12
2026-03-03,referral,tablet,27,14,44.5,227.0,3.4,18,0,0.0,0.0
2026-03-03,organic_social,mobile,97,32,66.9,75.0,1.5,77,1,209.87,1.03
2026-03-03,organic_social,desktop,65,24,62.1,181.0,1.8,42,0,0.0,0.0
2026-03-03,organic_social,tablet,22,8,62.9,128.0,1.4,11,0,0.0,0.0
2026-03-04,organic_search,mobile,779,398,48.9,69.0,2.9,435,15,3197.26,1.93
2026-03-04,organic_search,desktop,332,161,51.3,103.0,2.1,262,7,883.7,2.11
2026-03-04,organic_search,tablet,124,67,45.4,98.0,2.4,74,3,411.26,2.42
2026-03-04,paid_search,mobile,575,334,41.8,190.0,5.2,444,15,2426.35,2.61
2026-03-04,paid_search,desktop,380,216,43.1,170.0,3.9,267,15,1293.59,3.95
2026-03-04,paid_search,tablet,126,81,35.6,109.0,2.6,72,3,441.44,2.38
2026-03-04,paid_social,mobile,545,224,58.9,88.0,1.7,347,7,1342.88,1.28
2026-03-04,paid_social,desktop,336,138,58.7,46.0,4.6,241,6,1267.8,1.79
2026-03-04,paid_social,tablet,113,55,50.9,124.0,2.3,83,1,219.55,0.88
2026-03-04,direct,mobile,421,290,31.1,191.0,1.9,304,10,1731.68,2.38
2026-03-04,direct,desktop,194,142,26.3,144.0,2.1,140,7,1486.12,3.61
2026-03-04,direct,tablet,79,51,34.3,102.0,5.0,58,2,375.1,2.53
2026-03-04,email,mobile,267,209,21.6,224.0,4.5,193,12,1735.91,4.49
2026-03-04,email,desktop,140,105,24.5,138.0,5.0,81,5,949.39,3.57
2026-03-04,email,tablet,64,49,21.9,148.0,3.7,46,2,324.87,3.12
2026-03-04,referral,mobile,154,66,56.7,119.0,3.5,110,2,334.27,1.3
2026-03-04,referral,desktop,123,68,44.2,153.0,4.3,94,2,385.36,1.63
2026-03-04,referral,tablet,33,17,47.8,123.0,1.8,17,0,0.0,0.0
2026-03-04,organic_social,mobile,132,55,57.7,173.0,2.0,100,1,83.94,0.76
2026-03-04,organic_social,desktop,76,29,60.9,81.0,2.6,57,0,0.0,0.0
2026-03-04,organic_social,tablet,27,11,57.0,164.0,3.6,16,0,0.0,0.0
2026-03-05,organic_search,mobile,651,368,43.4,234.0,1.3,416,17,1926.43,2.61
2026-03-05,organic_search,desktop,366,208,43.0,87.0,2.7,218,11,1430.12,3.01
2026-03-05,organic_search,tablet,125,62,50.4,99.0,1.4,76,3,597.06,2.4
2026-03-05,paid_search,mobile,618,398,35.4,90.0,4.3,403,17,1581.2,2.75
2026-03-05,paid_search,desktop,259,145,43.7,56.0,3.5,149,8,814.2,3.09
2026-03-05,paid_search,tablet,85,52,37.9,206.0,2.9,53,2,260.75,2.35
2026-03-05,paid_social,mobile,533,220,58.5,128.0,4.5,333,8,1223.07,1.5
2026-03-05,paid_social,desktop,307,134,56.2,156.0,1.8,243,6,480.81,1.95
2026-03-05,paid_social,tablet,82,37,54.7,87.0,2.4,56,1,202.1,1.22
2026-03-05,direct,mobile,290,190,34.4,230.0,1.3,182,10,1968.29,3.45
2026-03-05,direct,desktop,323,220,31.7,248.0,1.8,245,12,1886.49,3.72
2026-03-05,direct,tablet,82,57,30.4,89.0,2.3,47,3,569.32,3.66
2026-03-05,email,mobile,249,185,25.5,168.0,5.4,175,13,1502.57,5.22
2026-03-05,email,desktop,167,130,21.8,198.0,2.1,108,6,750.05,3.59
2026-03-05,email,tablet,46,35,22.3,197.0,3.1,34,2,333.94,4.35
2026-03-05,referral,mobile,241,137,42.9,205.0,4.4,191,4,695.98,1.66
2026-03-05,referral,desktop,141,78,44.4,51.0,2.8,88,2,426.61,1.42
2026-03-05,referral,tablet,29,13,53.5,214.0,2.7,22,0,0.0,0.0
2026-03-05,organic_social,mobile,136,46,66.0,132.0,4.7,89,1,111.42,0.74
2026-03-05,organic_social,desktop,88,33,62.3,48.0,1.9,69,1,134.3,1.14
2026-03-05,organic_social,tablet,21,7,64.4,95.0,2.7,11,0,0.0,0.0
2026-03-06,organic_search,mobile,881,426,51.6,208.0,4.9,635,19,4071.99,2.16
2026-03-06,organic_search,desktop,434,243,43.8,185.0,1.7,218,7,769.89,1.61
2026-03-06,organic_search,tablet,146,82,43.5,205.0,4.5,95,3,354.14,2.05
2026-03-06,paid_search,mobile,578,375,35.1,203.0,4.9,361,14,1771.19,2.42
2026-03-06,paid_search,desktop,433,278,35.7,97.0,3.0,260,12,1494.23,2.77
2026-03-06,paid_search,tablet,82,50,38.3,202.0,3.3,49,2,366.7,2.44
2026-03-06,paid_social,mobile,424,196,53.7,46.0,3.0,306,6,941.22,1.42
2026-03-06,paid_social,desktop,273,106,61.1,165.0,2.7,136,3,571.86,1.1
2026-03-06,paid_social,tablet,68,30,55.8,175.0,1.8,50,1,142.18,1.47
2026-03-06,direct,mobile,353,259,26.6,175.0,3.3,221,12,1808.15,3.4
2026-03-06,direct,desktop,284,193,32.0,124.0,5.0,158,9,1757.08,3.17
2026-03-06,direct,tablet,78,51,33.8,211.0,3.0,50,2,435.94,2.56
2026-03-06,email,mobile,207,156,24.6,87.0,1.5,112,11,2409.32,5.31
2026-03-06,email,desktop,181,130,28.1,257.0,3.6,117,5,641.02,2.76
2026-03-06,email,tablet,37,28,24.0,242.0,5.2,23,1,150.26,2.7
2026-03-06,referral,mobile,137,60,55.5,150.0,3.4,83,2,208.37,1.46
2026-03-06,referral,desktop,90,51,42.9,219.0,1.9,59,2,187.16,2.22
2026-03-06,referral,tablet,40,17,55.4,85.0,2.0,25,0,0.0,0.0
2026-03-06,organic_social,mobile,148,49,66.5,151.0,1.6,110,1,178.15,0.68
2026-03-06,organic_social,desktop,83,39,52.0,179.0,1.7,61,1,207.0,1.2
2026-03-06,organic_social,tablet,18,6,61.4,67.0,4.5,12,0,0.0,0.0
2026-03-07,organic_search,mobile,662,327,50.5,65.0,4.2,359,13,2638.26,1.96
2026-03-07,organic_search,desktop,346,173,49.9,164.0,4.6,216,8,925.15,2.31
2026-03-07,organic_search,tablet,108,62,42.0,221.0,1.4,58,2,357.94,1.85
2026-03-07,paid_search,mobile,579,372,35.6,68.0,3.9,429,17,3566.53,2.94
2026-03-07,paid_search,desktop,270,162,39.7,74.0,1.6,194,10,1089.43,3.7
2026-03-07,paid_search,tablet,94,58,38.0,180.0,3.0,70,2,192.44,2.13
2026-03-07,paid_social,mobile,580,233,59.7,134.0,2.3,387,12,2383.63,2.07
2026-03-07,paid_social,desktop,265,132,49.9,126.0,4.4,178,4,668.83,1.51
2026-03-07,paid_social,tablet,115,58,49.6,135.0,1.5,79,1,89.89,0.87
2026-03-07,direct,mobile,350,236,32.3,238.0,1.6,266,8,1017.2,2.29
2026-03-07,direct,desktop,235,174,25.8,143.0,4.2,150,10,1400.68,4.26
2026-03-07,direct,tablet,87,60,30.6,69.0,3.4,52,2,338.87,2.3
2026-03-07,email,mobile,258,190,26.3,235.0,4.9,200,8,678.56,3.1
2026-03-07,email,desktop,196,141,27.9,195.0,2.8,114,7,706.82,3.57
2026-03-07,email,tablet,52,40,22.3,200.0,3.5,33,2,404.6,3.85
2026-03-07,referral,mobile,171,78,53.9,199.0,1.3,95,4,585.66,2.34
2026-03-07,referral,desktop,89,44,50.5,167.0,3.6,47,1,197.93,1.12
2026-03-07,referral,tablet,30,13,53.4,202.0,4.5,15,0,0.0,0.0
2026-03-07,organic_social,mobile,168,73,56.2,114.0,3.6,126,1,154.29,0.6
2026-03-07,organic_social,desktop,97,43,55.3,67.0,4.0,49,1,177.23,1.03
2026-03-07,organic_social,tablet,26,8,67.6,197.0,4.1,14,0,0.0,0.0
2026-03-08,organic_search,mobile,511,248,51.3,220.0,2.2,397,9,1572.36,1.76
2026-03-08,organic_search,desktop,416,243,41.4,180.0,3.9,283,7,1149.11,1.68
2026-03-08,organic_search,tablet,134,73,45.2,211.0,1.4,106,2,329.57,1.49
2026-03-08,paid_search,mobile,706,456,35.3,216.0,1.6,401,21,3341.34,2.97
2026-03-08,paid_search,desktop,383,256,33.0,70.0,3.0,250,15,3061.28,3.92
2026-03-08,paid_search,tablet,108,66,38.5,210.0,4.5,54,2,196.24,1.85
2026-03-08,paid_social,mobile,350,137,60.8,199.0,4.5,216,5,684.73,1.43
2026-03-08,paid_social,desktop,371,169,54.2,183.0,4.3,270,6,496.28,1.62
2026-03-08,paid_social,tablet,115,60,47.5,67.0,1.4,58,2,400.37,1.74
2026-03-08,direct,mobile,317,212,32.9,129.0,3.7,184,10,1670.1,3.15
2026-03-08,direct,desktop,325,224,31.1,111.0,4.2,202,11,1306.73,3.38
2026-03-08,direct,tablet,77,50,34.4,114.0,1.7,60,2,274.67,2.6
2026-03-08,email,mobile,316,234,25.9,67.0,1.9,166,9,1769.9,2.85
2026-03-08,email,desktop,137,101,26.0,214.0,3.3,94,4,675.54,2.92
2026-03-08,email,tablet,45,32,26.9,179.0,5.4,22,2,255.28,4.44
2026-03-08,referral,mobile,167,91,44.9,105.0,3.0,86,3,314.52,1.8
2026-03-08,referral,desktop,107,57,45.9,231.0,2.0,76,2,439.45,1.87
2026-03-08,referral,tablet,43,21,50.3,153.0,3.0,25,0,0.0,0.0
2026-03-08,organic_social,mobile,108,47,56.3,192.0,2.3,82,1,206.21,0.93
2026-03-08,organic_social,desktop,69,23,66.4,161.0,1.5,40,0,0.0,0.0
2026-03-08,organic_social,tablet,26,9,61.8,75.0,4.1,20,0,0.0,0.0
2026-03-09,organic_search,mobile,562,311,44.5,75.0,1.6,348,16,2302.9,2.85
2026-03-09,organic_search,desktop,369,193,47.6,167.0,5.0,216,9,1271.47,2.44
2026-03-09,organic_search,tablet,97,48,49.7,204.0,5.0,68,2,232.6,2.06
2026-03-09,paid_search,mobile,448,276,38.3,123.0,2.5,354,16,3442.63,3.57
2026-03-09,paid_search,desktop,263,172,34.3,153.0,4.4,200,10,946.53,3.8
2026-03-09,paid_search,tablet,56,33,40.0,97.0,4.0,43,2,334.6,3.57
2026-03-09,paid_social,mobile,466,193,58.5,104.0,1.9,265,7,776.31,1.5
2026-03-09,paid_social,desktop,196,101,48.4,226.0,2.9,135,3,356.73,1.53
2026-03-09,paid_social,tablet,85,34,59.9,184.0,4.5,65,1,211.21,1.18
2026-03-09,direct,mobile,308,225,26.9,173.0,4.6,238,12,2374.75,3.9
2026-03-09,direct,desktop,200,139,30.3,218.0,4.8,119,8,1249.6,4.0
2026-03-09,direct,tablet,73,48,33.1,83.0,2.7,38,2,268.11,2.74
2026-03-09,email,mobile,251,183,27.0,104.0,3.1,162,8,867.27,3.19
2026-03-09,email,desktop,98,76,21.8,200.0,4.3,64,3,504.87,3.06
2026-03-09,email,tablet,47,34,26.9,164.0,2.8,36,1,145.21,2.13
2026-03-09,referral,mobile,145,69,52.2,210.0,1.5,87,2,234.68,1.38
2026-03-09,referral,desktop,91,47,47.5,152.0,3.3,57,1,219.76,1.1
2026-03-09,referral,tablet,30,13,53.3,65.0,3.1,22,0,0.0,0.0
2026-03-09,organic_social,mobile,76,24,67.2,105.0,1.4,39,1,108.84,1.32
2026-03-09,organic_social,desktop,62,26,56.9,177.0,2.4,41,0,0.0,0.0
2026-03-09,organic_social,tablet,22,10,53.9,81.0,1.5,17,0,0.0,0.0
2026-03-10,organic_search,mobile,468,233,50.1,201.0,1.5,339,9,1387.81,1.92
2026-03-10,organic_search,desktop,255,149,41.3,119.0,4.1,146,5,607.05,1.96
2026-03-10,organic_search,tablet,100,53,46.3,92.0,3.8,57,2,182.32,2.0
2026-03-10,paid_search,mobile,341,194,43.0,194.0,1.6,263,13,1767.0,3.81
2026-03-10,paid_search,desktop,238,140,41.0,62.0,3.7,124,8,1091.35,3.36
2026-03-10,paid_search,tablet,95,59,37.2,63.0,4.2,75,2,218.32,2.11
2026-03-10,paid_social,mobile,362,150,58.4,104.0,4.6,263,6,819.92,1.66
2026-03-10,paid_social,desktop,287,148,48.3,77.0,4.7,220,4,436.83,1.39
2026-03-10,paid_social,tablet,70,34,51.0,184.0,2.5,43,1,95.38,1.43
2026-03-10,direct,mobile,365,270,25.8,107.0,5.4,236,12,1648.72,3.29
2026-03-10,direct,desktop,189,129,31.7,112.0,1.5,150,7,817.28,3.7
2026-03-10,direct,tablet,39,27,29.8,65.0,2.6,27,1,192.65,2.56
2026-03-10,email,mobile,265,188,28.7,153.0,1.5,169,8,720.2,3.02
2026-03-10,email,desktop,166,120,27.6,138.0,1.8,101,5,415.48,3.01
2026-03-10,email,tablet,41,31,23.8,244.0,4.8,25,1,91.15,2.44
2026-03-10,referral,mobile,149,74,49.9,135.0,2.9,92,2,224.54,1.34
2026-03-10,referral,desktop,110,62,42.9,216.0,3.8,64,2,381.66,1.82
2026-03-10,referral,tablet,26,13,49.2,100.0,1.4,16,0,0.0,0.0
2026-03-10,organic_social,mobile,78,26,65.9,167.0,1.7,52,0,0.0,0.0
2026-03-10,organic_social,desktop,70,21,68.9,50.0,1.4,43,0,0.0,0.0
2026-03-10,organic_social,tablet,20,7,62.9,172.0,1.9,13,0,0.0,0.0
2026-03-11,organic_search,mobile,802,433,46.0,128.0,4.6,477,22,2196.18,2.74
2026-03-11,organic_search,desktop,542,262,51.6,111.0,3.4,395,10,1006.71,1.85
2026-03-11,organic_search,tablet,92,47,48.8,155.0,1.6,48,1,91.91,1.09
2026-03-11,paid_search,mobile,588,351,40.3,139.0,3.9,431,23,4923.06,3.91
2026-03-11,paid_search,desktop,438,295,32.6,97.0,3.5,308,11,1687.53,2.51
2026-03-11,paid_search,tablet,116,67,41.8,113.0,2.5,68,4,812.59,3.45
2026-03-11,paid_social,mobile,373,157,57.7,174.0,3.0,232,4,483.8,1.07
2026-03-11,paid_social,desktop,369,171,53.4,133.0,1.6,242,6,894.54,1.63
2026-03-11,paid_social,tablet,83,31,61.6,203.0,1.3,58,1,152.3,1.2
2026-03-11,direct,mobile,296,197,33.3,233.0,1.9,156,8,1564.19,2.7
2026-03-11,direct,desktop,315,229,27.1,94.0,4.2,202,8,887.29,2.54
2026-03-11,direct,tablet,86,62,27.6,149.0,3.4,66,2,189.54,2.33
2026-03-11,email,mobile,349,251,27.8,222.0,1.6,234,18,1557.3,5.16
2026-03-11,email,desktop,131,95,27.2,162.0,2.5,85,3,401.23,2.29
2026-03-11,email,tablet,61,45,25.8,134.0,5.0,42,2,434.66,3.28
2026-03-11,referral,mobile,224,118,47.2,161.0,3.9,146,4,795.15,1.79
2026-03-11,referral,desktop,95,43,53.7,115.0,3.8,67,2,298.86,2.11
2026-03-11,referral,tablet,32,16,47.1,115.0,5.0,21,0,0.0,0.0
2026-03-11,organic_social,mobile,97,45,53.0,173.0,4.4,63,0,0.0,0.0
2026-03-11,organic_social,desktop,90,43,51.8,187.0,3.7,61,0,0.0,0.0
2026-03-11,organic_social,tablet,30,11,61.8,160.0,4.3,19,0,0.0,0.0
2026-03-12,organic_search,mobile,815,394,51.6,210.0,3.2,500,15,2734.23,1.84
2026-03-12,organic_search,desktop,451,223,50.5,212.0,4.0,276,13,2132.33,2.88
2026-03-12,organic_search,tablet,105,55,46.8,159.0,1.6,71,3,519.5,2.86
2026-03-12,paid_search,mobile,388,260,32.8,96.0,5.3,302,10,972.94,2.58
2026-03-12,paid_search,desktop,260,173,33.3,202.0,4.1,161,8,1698.72,3.08
2026-03-12,paid_search,tablet,112,68,39.2,191.0,2.3,72,4,834.91,3.57
2026-03-12,paid_social,mobile,561,223,60.2,199.0,3.7,371,8,1266.05,1.43
2026-03-12,paid_social,desktop,352,154,56.0,187.0,3.5,221,5,685.01,1.42
2026-03-12,paid_social,tablet,69,35,48.6,219.0,4.1,35,0,0.0,0.0
2026-03-12,direct,mobile,437,301,31.1,197.0,5.4,341,19,2156.75,4.35
2026-03-12,direct,desktop,239,175,26.8,70.0,5.4,190,6,530.26,2.51
2026-03-12,direct,tablet,57,42,26.2,210.0,1.4,35,2,389.28,3.51
2026-03-12,email,mobile,311,225,27.3,108.0,4.8,206,14,1766.23,4.5
2026-03-12,email,desktop,149,107,27.8,219.0,1.8,115,7,1043.6,4.7
2026-03-12,email,tablet,64,50,21.3,237.0,2.7,50,3,555.83,4.69
2026-03-12,referral,mobile,230,118,48.7,105.0,1.8,179,5,698.24,2.17
2026-03-12,referral,desktop,102,50,50.2,188.0,3.9,59,2,169.49,1.96
2026-03-12,referral,tablet,44,18,57.4,53.0,2.9,22,0,0.0,0.0
2026-03-12,organic_social,mobile,155,52,66.0,173.0,3.0,116,1,93.13,0.65
2026-03-12,organic_social,desktop,82,37,54.1,133.0,4.6,49,0,0.0,0.0
2026-03-12,organic_social,tablet,28,10,62.5,75.0,4.0,15,0,0.0,0.0
2026-03-13,organic_search,mobile,719,427,40.6,132.0,4.5,378,14,1130.15,1.95
2026-03-13,organic_search,desktop,528,265,49.6,194.0,3.8,395,11,2224.78,2.08
2026-03-13,organic_search,tablet,93,53,42.6,189.0,4.8,54,2,378.86,2.15
2026-03-13,paid_search,mobile,541,365,32.5,162.0,3.5,333,22,3025.99,4.07
2026-03-13,paid_search,desktop,293,173,40.8,187.0,4.2,153,8,1393.22,2.73
2026-03-13,paid_search,tablet,128,75,41.0,77.0,4.5,79,4,481.52,3.12
2026-03-13,paid_social,mobile,617,232,62.3,105.0,2.7,422,8,1289.99,1.3
2026-03-13,paid_social,desktop,367,162,55.8,114.0,2.9,257,7,1505.9,1.91
2026-03-13,paid_social,tablet,65,33,48.7,144.0,2.5,43,0,0.0,0.0
2026-03-13,direct,mobile,527,351,33.3,121.0,3.7,371,16,3410.91,3.04
2026-03-13,direct,desktop,279,186,33.1,159.0,5.1,198,10,1324.44,3.58
2026-03-13,direct,tablet,65,48,25.7,158.0,2.4,50,2,201.28,3.08
2026-03-13,email,mobile,213,152,28.6,158.0,4.4,120,6,988.46,2.82
2026-03-13,email,desktop,167,131,21.3,259.0,3.3,118,7,873.08,4.19
2026-03-13,email,tablet,40,29,27.3,213.0,3.0,20,1,87.52,2.5
2026-03-13,referral,mobile,179,98,44.9,49.0,4.3,109,3,655.61,1.68
2026-03-13,referral,desktop,143,72,49.2,180.0,3.2,100,3,470.94,2.1
2026-03-13,referral,tablet,34,18,46.0,119.0,5.1,17,0,0.0,0.0
2026-03-13,organic_social,mobile,156,64,58.5,174.0,1.3,112,1,205.33,0.64
2026-03-13,organic_social,desktop,61,29,51.9,114.0,3.4,44,0,0.0,0.0
2026-03-13,organic_social,tablet,21,6,67.9,111.0,4.4,15,0,0.0,0.0
2026-03-14,organic_search,mobile,623,377,39.4,56.0,3.8,462,11,1599.57,1.77
2026-03-14,organic_search,desktop,533,261,51.0,63.0,5.0,283,9,1824.05,1.69
2026-03-14,organic_search,tablet,162,91,43.8,62.0,3.9,107,4,418.2,2.47
2026-03-14,paid_search,mobile,684,409,40.1,125.0,4.2,525,23,3941.47,3.36
2026-03-14,paid_search,desktop,390,259,33.6,147.0,2.5,260,12,1638.21,3.08
2026-03-14,paid_search,tablet,118,75,36.1,148.0,4.0,88,4,474.66,3.39
2026-03-14,paid_social,mobile,544,210,61.3,103.0,1.3,318,11,1194.05,2.02
2026-03-14,paid_social,desktop,223,93,58.1,67.0,2.4,153,4,758.14,1.79
2026-03-14,paid_social,tablet,109,42,60.8,119.0,1.8,62,1,126.28,0.92
2026-03-14,direct,mobile,293,198,32.2,81.0,2.2,194,13,1181.09,4.44
2026-03-14,direct,desktop,244,180,26.2,144.0,4.2,193,6,764.04,2.46
2026-03-14,direct,tablet,71,49,30.2,173.0,2.9,56,2,276.85,2.82
2026-03-14,email,mobile,229,167,26.9,197.0,2.6,135,7,825.81,3.06
2026-03-14,email,desktop,144,112,21.9,264.0,2.7,94,5,466.66,3.47
2026-03-14,email,tablet,43,33,23.0,88.0,2.2,32,2,261.41,4.65
2026-03-14,referral,mobile,200,95,52.4,77.0,1.7,129,3,482.93,1.5
2026-03-14,referral,desktop,129,67,47.9,158.0,4.3,97,2,391.76,1.55
2026-03-14,referral,tablet,45,21,51.2,178.0,4.6,25,0,0.0,0.0
2026-03-14,organic_social,mobile,145,51,64.1,48.0,4.7,74,2,267.13,1.38
2026-03-14,organic_social,desktop,73,28,60.9,137.0,2.6,44,0,0.0,0.0
2026-03-14,organic_social,tablet,17,5,65.6,169.0,4.5,11,0,0.0,0.0
2026-03-15,organic_search,mobile,886,483,45.5,102.0,4.1,576,16,3445.59,1.81
2026-03-15,organic_search,desktop,352,198,43.5,99.0,5.2,263,8,1485.63,2.27
2026-03-15,organic_search,tablet,134,73,45.3,232.0,4.7,68,3,640.49,2.24
2026-03-15,paid_search,mobile,703,417,40.7,72.0,3.1,503,24,2518.51,3.41
2026-03-15,paid_search,desktop,401,246,38.6,132.0,2.8,235,15,2414.81,3.74
2026-03-15,paid_search,tablet,119,77,34.8,134.0,1.9,63,4,492.64,3.36
2026-03-15,paid_social,mobile,388,159,58.8,186.0,2.0,224,7,1248.12,1.8
2026-03-15,paid_social,desktop,402,206,48.5,145.0,4.8,298,6,1287.86,1.49
2026-03-15,paid_social,tablet,114,46,58.9,109.0,1.8,65,1,186.32,0.88
2026-03-15,direct,mobile,361,265,26.4,93.0,5.4,233,11,2331.25,3.05
2026-03-15,direct,desktop,303,222,26.5,79.0,3.4,213,12,1931.13,3.96
2026-03-15,direct,tablet,71,50,28.4,142.0,4.4,55,2,309.58,2.82
2026-03-15,email,mobile,222,166,25.1,209.0,3.3,117,9,1224.82,4.05
2026-03-15,email,desktop,175,127,26.9,184.0,2.8,99,9,863.62,5.14
2026-03-15,email,tablet,52,39,24.2,144.0,5.4,29,1,205.4,1.92
2026-03-15,referral,mobile,141,80,42.9,168.0,4.5,92,3,591.69,2.13
2026-03-15,referral,desktop,94,42,54.6,64.0,2.3,58,1,176.98,1.06
2026-03-15,referral,tablet,44,21,52.1,132.0,1.9,26,0,0.0,0.0
2026-03-15,organic_social,mobile,116,38,67.1,79.0,1.8,78,1,157.36,0.86
2026-03-15,organic_social,desktop,68,27,59.1,199.0,1.6,42,0,0.0,0.0
2026-03-15,organic_social,tablet,30,13,54.2,202.0,4.6,23,0,0.0,0.0
2026-03-16,organic_search,mobile,545,319,41.4,169.0,2.4,290,16,1666.91,2.94
2026-03-16,organic_search,desktop,407,217,46.6,61.0,2.4,221,12,2536.22,2.95
2026-03-16,organic_search,tablet,102,59,41.3,193.0,1.8,74,2,438.94,1.96
2026-03-16,paid_search,mobile,616,407,33.8,223.0,3.2,439,25,3388.82,4.06
2026-03-16,paid_search,desktop,428,269,36.9,74.0,3.5,262,10,1256.75,2.34
2026-03-16,paid_search,tablet,97,59,38.3,84.0,3.6,53,2,294.88,2.06
2026-03-16,paid_social,mobile,579,304,47.4,51.0,4.5,336,7,1298.8,1.21
2026-03-16,paid_social,desktop,297,152,48.8,164.0,3.7,225,5,601.35,1.68
2026-03-16,paid_social,tablet,91,38,57.5,148.0,3.1,50,2,401.74,2.2
2026-03-16,direct,mobile,326,227,30.1,143.0,5.1,243,8,996.2,2.45
2026-03-16,direct,desktop,264,178,32.5,236.0,1.8,154,10,1113.88,3.79
2026-03-16,direct,tablet,63,46,25.8,125.0,4.9,35,2,265.37,3.17
2026-03-16,email,mobile,210,157,25.0,209.0,5.5,141,6,557.25,2.86
2026-03-16,email,desktop,146,108,25.8,65.0,3.3,88,5,871.71,3.42
2026-03-16,email,tablet,45,33,25.0,218.0,1.4,34,1,153.99,2.22
2026-03-16,referral,mobile,229,97,57.4,160.0,4.8,120,4,394.09,1.75
2026-03-16,referral,desktop,116,62,46.3,56.0,2.3,88,1,205.32,0.86
2026-03-16,referral,tablet,39,18,53.6,70.0,4.7,21,0,0.0,0.0
2026-03-16,organic_social,mobile,124,52,57.7,127.0,2.6,86,1,201.91,0.81
2026-03-16,organic_social,desktop,81,30,61.9,111.0,2.1,59,0,0.0,0.0
2026-03-16,organic_social,tablet,23,9,58.6,182.0,2.2,11,0,0.0,0.0
2026-03-17,organic_search,mobile,698,342,51.0,137.0,4.5,535,21,2975.04,3.01
2026-03-17,organic_search,desktop,426,207,51.4,219.0,4.7,306,11,1598.32,2.58
2026-03-17,organic_search,tablet,96,51,46.8,110.0,2.9,66,2,345.59,2.08
2026-03-17,paid_search,mobile,561,347,38.0,232.0,3.3,444,12,2269.43,2.14
2026-03-17,paid_search,desktop,304,195,35.6,166.0,3.4,218,11,1594.21,3.62
2026-03-17,paid_search,tablet,72,43,39.1,120.0,4.9,53,1,190.29,1.39
2026-03-17,paid_social,mobile,602,267,55.5,177.0,1.7,320,8,760.96,1.33
2026-03-17,paid_social,desktop,243,109,54.8,152.0,1.5,132,4,825.42,1.65
2026-03-17,paid_social,tablet,87,36,58.6,55.0,2.8,50,1,143.39,1.15
2026-03-17,direct,mobile,312,208,33.3,216.0,4.5,207,9,850.37,2.88
2026-03-17,direct,desktop,198,139,29.5,153.0,5.1,154,5,986.99,2.53
2026-03-17,direct,tablet,69,50,26.5,244.0,5.3,37,2,276.08,2.9
2026-03-17,email,mobile,211,152,27.5,253.0,4.7,121,8,1518.08,3.79
2026-03-17,email,desktop,147,105,28.2,240.0,2.7,103,5,961.94,3.4
2026-03-17,email,tablet,34,24,26.5,254.0,4.2,26,1,121.35,2.94
2026-03-17,referral,mobile,235,114,51.2,57.0,3.8,131,3,250.82,1.28
2026-03-17,referral,desktop,139,73,46.9,213.0,1.6,102,3,331.64,2.16
2026-03-17,referral,tablet,32,16,49.0,64.0,3.5,23,0,0.0,0.0
2026-03-17,organic_social,mobile,97,46,52.4,142.0,5.0,50,1,173.8,1.03
2026-03-17,organic_social,desktop,98,34,64.4,159.0,3.6,73,1,105.92,1.02
2026-03-17,organic_social,tablet,26,8,67.1,83.0,2.3,15,0,0.0,0.0
2026-03-18,organic_search,mobile,841,449,46.5,174.0,4.8,576,26,5175.3,3.09
2026-03-18,organic_search,desktop,411,246,39.9,102.0,1.7,281,10,1547.32,2.43
2026-03-18,organic_search,tablet,91,55,39.4,221.0,4.6,50,1,88.26,1.1
2026-03-18,paid_search,mobile,470,314,33.0,71.0,4.2,264,14,1669.77,2.98
2026-03-18,paid_search,desktop,386,258,32.9,66.0,5.4,213,14,2504.18,3.63
2026-03-18,paid_search,tablet,78,49,36.6,170.0,3.1,54,2,198.01,2.56
2026-03-18,paid_social,mobile,495,255,48.4,188.0,3.9,331,8,1641.65,1.62
2026-03-18,paid_social,desktop,371,160,56.8,131.0,2.7,228,4,668.19,1.08
2026-03-18,paid_social,tablet,87,42,51.5,87.0,4.6,63,1,116.66,1.15
2026-03-18,direct,mobile,459,306,33.3,191.0,4.0,259,11,1882.49,2.4
2026-03-18,direct,desktop,263,184,29.9,87.0,3.1,205,10,1145.67,3.8
2026-03-18,direct,tablet,64,42,33.8,210.0,2.2,49,2,183.04,3.12
2026-03-18,email,mobile,273,203,25.5,249.0,4.8,204,12,1177.21,4.4
2026-03-18,email,desktop,143,107,25.1,64.0,4.3,111,6,1243.94,4.2
2026-03-18,email,tablet,34,24,27.5,97.0,3.9,17,1,153.57,2.94
2026-03-18,referral,mobile,194,90,53.3,176.0,2.2,121,3,247.26,1.55
2026-03-18,referral,desktop,139,62,55.2,180.0,4.4,72,3,274.58,2.16
2026-03-18,referral,tablet,37,20,43.8,73.0,2.7,21,0,0.0,0.0
2026-03-18,organic_social,mobile,117,54,53.4,87.0,3.8,65,1,199.93,0.85
2026-03-18,organic_social,desktop,64,22,64.3,102.0,3.7,41,0,0.0,0.0
2026-03-18,organic_social,tablet,21,8,57.6,187.0,1.8,14,0,0.0,0.0
2026-03-19,organic_search,mobile,591,339,42.6,201.0,1.5,401,14,1585.16,2.37
2026-03-19,organic_search,desktop,517,269,48.0,75.0,4.9,380,12,983.53,2.32
2026-03-19,organic_search,tablet,146,84,42.0,213.0,1.9,80,3,268.32,2.05
2026-03-19,paid_search,mobile,522,322,38.3,182.0,3.1,309,20,2100.09,3.83
2026-03-19,paid_search,desktop,281,188,33.0,211.0,5.2,202,10,2003.29,3.56
2026-03-19,paid_search,tablet,67,43,35.0,157.0,4.7,51,2,169.15,2.99
2026-03-19,paid_social,mobile,364,151,58.3,211.0,1.6,288,7,1150.78,1.92
2026-03-19,paid_social,desktop,233,108,53.4,181.0,3.0,161,4,495.19,1.72
2026-03-19,paid_social,tablet,63,24,60.9,141.0,2.9,38,0,0.0,0.0
2026-03-19,direct,mobile,318,212,33.3,117.0,4.1,213,10,2105.97,3.14
2026-03-19,direct,desktop,277,200,27.7,215.0,1.6,159,7,1385.07,2.53
2026-03-19,direct,tablet,80,55,31.1,66.0,3.7,58,3,364.02,3.75
2026-03-19,email,mobile,320,240,25.0,132.0,3.4,202,9,1058.92,2.81
2026-03-19,email,desktop,173,127,26.1,74.0,1.7,107,7,1501.14,4.05
2026-03-19,email,tablet,61,47,22.1,110.0,5.6,40,3,547.33,4.92
2026-03-19,referral,mobile,225,124,44.7,222.0,4.5,151,3,266.29,1.33
2026-03-19,referral,desktop,116,59,48.5,200.0,3.3,75,2,257.44,1.72
2026-03-19,referral,tablet,27,14,47.1,86.0,3.2,21,0,0.0,0.0
2026-03-19,organic_social,mobile,125,47,62.4,187.0,1.9,90,1,99.41,0.8
2026-03-19,organic_social,desktop,65,24,61.8,163.0,4.7,36,0,0.0,0.0
2026-03-19,organic_social,tablet,17,6,60.9,184.0,4.8,12,0,0.0,0.0
2026-03-20,organic_search,mobile,646,348,46.1,110.0,2.9,398,14,2979.22,2.17
2026-03-20,organic_search,desktop,494,281,43.1,124.0,1.4,351,14,2086.28,2.83
2026-03-20,organic_search,tablet,147,89,39.3,179.0,5.1,104,3,322.5,2.04
2026-03-20,paid_search,mobile,635,409,35.6,193.0,3.2,330,20,1963.99,3.15
2026-03-20,paid_search,desktop,401,254,36.6,52.0,5.0,206,14,2193.25,3.49
2026-03-20,paid_search,tablet,98,62,36.6,66.0,4.3,56,3,656.26,3.06
2026-03-20,paid_social,mobile,551,289,47.4,221.0,2.9,408,11,2263.64,2.0
2026-03-20,paid_social,desktop,286,132,53.5,61.0,2.9,171,4,788.48,1.4
2026-03-20,paid_social,tablet,91,38,57.4,101.0,4.1,55,1,208.35,1.1
2026-03-20,direct,mobile,295,204,30.5,112.0,3.6,192,12,1050.92,4.07
2026-03-20,direct,desktop,305,212,30.4,102.0,4.3,221,11,1589.16,3.61
2026-03-20,direct,tablet,65,45,30.5,226.0,5.0,51,2,181.82,3.08
2026-03-20,email,mobile,205,155,24.0,155.0,4.4,105,8,1245.64,3.9
2026-03-20,email,desktop,139,100,27.6,131.0,2.0,71,6,1099.21,4.32
2026-03-20,email,tablet,47,35,23.9,54.0,5.4,31,2,435.86,4.26
2026-03-20,referral,mobile,157,90,42.6,181.0,4.2,101,3,451.31,1.91
2026-03-20,referral,desktop,90,42,52.5,125.0,1.6,49,1,112.12,1.11
2026-03-20,referral,tablet,31,16,45.4,100.0,3.9,18,0,0.0,0.0
2026-03-20,organic_social,mobile,168,54,67.8,124.0,2.8,115,2,240.92,1.19
2026-03-20,organic_social,desktop,93,36,60.4,201.0,4.2,52,0,0.0,0.0
2026-03-20,organic_social,tablet,24,9,59.5,162.0,3.0,12,0,0.0,0.0
2026-03-21,organic_search,mobile,409,212,48.1,167.0,4.7,226,11,2202.38,2.69
2026-03-21,organic_search,desktop,284,149,47.5,75.0,3.7,147,7,744.35,2.46
2026-03-21,organic_search,tablet,120,69,41.9,141.0,2.5,95,2,372.68,1.67
2026-03-21,paid_search,mobile,303,183,39.3,211.0,2.9,212,9,1263.25,2.97
2026-03-21,paid_search,desktop,213,137,35.3,79.0,4.6,153,7,588.67,3.29
2026-03-21,paid_search,tablet,89,56,36.9,234.0,1.6,67,2,219.26,2.25
2026-03-21,paid_social,mobile,434,216,50.2,123.0,2.9,270,7,1328.91,1.61
2026-03-21,paid_social,desktop,190,71,62.1,142.0,3.0,103,3,296.65,1.58
2026-03-21,paid_social,tablet,86,45,47.5,194.0,4.1,57,1,207.33,1.16
2026-03-21,direct,mobile,254,182,28.2,130.0,3.0,147,10,1112.3,3.94
2026-03-21,direct,desktop,191,142,25.5,102.0,1.7,110,6,1261.37,3.14
2026-03-21,direct,tablet,48,34,28.2,63.0,2.5,26,1,105.29,2.08
2026-03-21,email,mobile,217,164,24.4,144.0,3.9,109,6,1264.95,2.76
2026-03-21,email,desktop,166,128,22.6,143.0,5.0,89,7,755.93,4.22
2026-03-21,email,tablet,43,31,26.5,192.0,4.8,29,1,200.23,2.33
2026-03-21,referral,mobile,180,95,46.7,123.0,1.6,107,3,311.58,1.67
2026-03-21,referral,desktop,66,30,54.2,90.0,1.6,48,1,213.46,1.52
2026-03-21,referral,tablet,21,11,45.5,225.0,2.3,12,0,0.0,0.0
2026-03-21,organic_social,mobile,97,34,64.2,175.0,2.7,49,1,146.45,1.03
2026-03-21,organic_social,desktop,52,21,59.1,148.0,3.6,40,0,0.0,0.0
2026-03-21,organic_social,tablet,15,5,65.4,133.0,4.7,8,0,0.0,0.0
2026-03-22,organic_search,mobile,535,263,50.7,190.0,1.3,292,12,1583.27,2.24
2026-03-22,organic_search,desktop,393,200,49.0,138.0,3.7,199,8,929.47,2.04
2026-03-22,organic_search,tablet,80,42,46.7,161.0,2.1,47,1,99.03,1.25
2026-03-22,paid_search,mobile,417,252,39.5,87.0,1.9,278,10,1408.92,2.4
2026-03-22,paid_search,desktop,264,178,32.5,204.0,5.0,195,10,1181.76,3.79
2026-03-22,paid_search,tablet,56,33,40.7,166.0,2.4,39,1,171.91,1.79
2026-03-22,paid_social,mobile,287,130,54.4,130.0,4.2,161,6,1094.53,2.09
2026-03-22,paid_social,desktop,215,114,46.9,64.0,1.9,107,3,277.03,1.4
2026-03-22,paid_social,tablet,74,30,59.3,89.0,2.8,42,1,83.8,1.35
2026-03-22,direct,mobile,223,150,32.7,76.0,4.8,152,7,1001.49,3.14
2026-03-22,direct,desktop,206,146,28.9,179.0,1.6,160,9,1385.8,4.37
2026-03-22,direct,tablet,61,42,30.4,189.0,3.4,33,1,210.68,1.64
2026-03-22,email,mobile,170,129,23.9,195.0,1.9,123,6,586.37,3.53
2026-03-22,email,desktop,150,110,26.5,56.0,4.3,94,4,856.21,2.67
2026-03-22,email,tablet,35,27,22.6,131.0,5.3,19,1,130.61,2.86
2026-03-22,referral,mobile,105,57,45.4,195.0,1.5,56,2,414.73,1.9
2026-03-22,referral,desktop,93,48,47.6,120.0,4.7,66,2,301.92,2.15
2026-03-22,referral,tablet,20,10,47.1,162.0,2.1,13,0,0.0,0.0
2026-03-22,organic_social,mobile,134,45,66.1,75.0,4.4,74,1,171.93,0.75
2026-03-22,organic_social,desktop,54,24,54.2,213.0,1.4,27,0,0.0,0.0
2026-03-22,organic_social,tablet,14,5,64.0,108.0,2.7,10,0,0.0,0.0
2026-03-23,organic_search,mobile,489,271,44.4,179.0,3.8,379,10,1733.1,2.04
2026-03-23,organic_search,desktop,443,268,39.4,186.0,1.5,253,9,832.44,2.03
2026-03-23,organic_search,tablet,101,57,43.3,174.0,5.1,69,2,219.3,1.98
2026-03-23,paid_search,mobile,383,244,36.2,229.0,1.5,302,8,1391.02,2.09
2026-03-23,paid_search,desktop,319,197,38.2,203.0,1.4,202,7,672.58,2.19
2026-03-23,paid_search,tablet,99,57,42.4,116.0,2.9,68,2,336.3,2.02
2026-03-23,paid_social,mobile,374,192,48.4,190.0,2.6,231,6,696.18,1.6
2026-03-23,paid_social,desktop,241,108,54.8,197.0,4.3,127,4,839.3,1.66
2026-03-23,paid_social,tablet,71,35,50.0,157.0,2.8,35,1,201.56,1.41
2026-03-23,direct,mobile,476,344,27.6,71.0,5.4,321,14,2823.62,2.94
2026-03-23,direct,desktop,299,202,32.3,118.0,2.3,203,8,1625.36,2.68
2026-03-23,direct,tablet,69,51,25.6,195.0,3.9,46,2,223.0,2.9
2026-03-23,email,mobile,281,212,24.2,238.0,4.5,189,13,1995.57,4.63
2026-03-23,email,desktop,161,122,23.9,159.0,1.5,126,8,1519.63,4.97
2026-03-23,email,tablet,50,37,24.5,71.0,2.8,38,2,219.65,4.0
2026-03-23,referral,mobile,128,64,49.6,202.0,1.8,64,2,305.36,1.56
2026-03-23,referral,desktop,125,59,52.4,153.0,4.0,96,2,339.17,1.6
2026-03-23,referral,tablet,41,20,50.9,221.0,3.0,25,0,0.0,0.0
2026-03-23,organic_social,mobile,119,58,51.1,134.0,2.8,94,1,126.65,0.84
2026-03-23,organic_social,desktop,90,30,65.6,135.0,3.3,65,0,0.0,0.0
2026-03-23,organic_social,tablet,28,11,58.4,74.0,3.4,15,0,0.0,0.0
2026-03-24,organic_search,mobile,514,308,40.0,79.0,4.1,266,15,1984.56,2.92
2026-03-24,organic_search,desktop,440,263,40.0,230.0,4.4,233,10,891.19,2.27
2026-03-24,organic_search,tablet,128,65,48.8,134.0,4.1,75,3,297.07,2.34
2026-03-24,paid_search,mobile,485,302,37.6,115.0,1.5,306,12,1779.91,2.47
2026-03-24,paid_search,desktop,297,171,42.4,161.0,3.6,149,12,2596.84,4.04
2026-03-24,paid_search,tablet,121,70,41.3,49.0,3.5,67,4,616.38,3.31
2026-03-24,paid_social,mobile,569,236,58.4,78.0,2.8,389,9,1975.79,1.58
2026-03-24,paid_social,desktop,302,146,51.4,61.0,3.7,182,6,1130.18,1.99
2026-03-24,paid_social,tablet,86,44,47.9,171.0,4.6,64,1,136.34,1.16
2026-03-24,direct,mobile,329,238,27.5,151.0,5.1,231,12,1005.78,3.65
2026-03-24,direct,desktop,256,189,25.9,221.0,3.5,158,10,1925.35,3.91
2026-03-24,direct,tablet,61,42,29.6,245.0,4.1,39,1,201.04,1.64
2026-03-24,email,mobile,283,209,26.0,252.0,3.4,202,8,852.59,2.83
2026-03-24,email,desktop,182,142,21.7,229.0,2.7,112,8,922.42,4.4
2026-03-24,email,tablet,45,34,22.7,194.0,3.6,33,1,212.67,2.22
2026-03-24,referral,mobile,204,106,47.7,62.0,4.0,143,5,942.92,2.45
2026-03-24,referral,desktop,139,79,42.9,140.0,2.7,76,2,348.8,1.44
2026-03-24,referral,tablet,32,17,45.1,139.0,1.8,17,0,0.0,0.0
2026-03-24,organic_social,mobile,116,43,62.8,69.0,2.9,85,1,171.08,0.86
2026-03-24,organic_social,desktop,101,40,59.5,167.0,1.6,60,1,217.52,0.99
2026-03-24,organic_social,tablet,22,9,57.6,153.0,2.9,12,0,0.0,0.0
2026-03-25,organic_search,mobile,509,253,50.2,51.0,3.3,363,15,2436.02,2.95
2026-03-25,organic_search,desktop,350,172,50.6,45.0,2.4,230,7,1153.51,2.0
2026-03-25,organic_search,tablet,126,74,40.9,192.0,1.6,63,3,406.56,2.38
2026-03-25,paid_search,mobile,597,396,33.6,239.0,1.5,389,22,2790.1,3.69
2026-03-25,paid_search,desktop,234,134,42.7,65.0,2.1,168,8,1418.0,3.42
2026-03-25,paid_search,tablet,72,44,38.4,120.0,3.5,54,2,248.86,2.78
2026-03-25,paid_social,mobile,411,191,53.3,151.0,2.0,291,7,685.93,1.7
2026-03-25,paid_social,desktop,243,111,54.0,207.0,2.4,188,4,488.31,1.65
2026-03-25,paid_social,tablet,66,26,59.2,88.0,4.0,36,1,157.57,1.52
2026-03-25,direct,mobile,426,310,27.1,56.0,4.6,231,14,1624.09,3.29
2026-03-25,direct,desktop,246,170,30.5,174.0,4.2,186,6,703.26,2.44
2026-03-25,direct,tablet,69,50,26.9,133.0,1.4,46,1,207.58,1.45
2026-03-25,email,mobile,248,188,24.0,198.0,2.9,176,10,1698.58,4.03
2026-03-25,email,desktop,189,135,28.2,80.0,2.9,150,7,1280.9,3.7
2026-03-25,email,tablet,51,39,22.0,167.0,2.7,34,1,159.86,1.96
2026-03-25,referral,mobile,146,83,42.7,132.0,2.3,94,2,217.4,1.37
2026-03-25,referral,desktop,94,49,47.1,150.0,3.2,52,2,316.61,2.13
2026-03-25,referral,tablet,23,10,53.3,73.0,4.4,16,0,0.0,0.0
2026-03-25,organic_social,mobile,112,43,61.2,68.0,3.5,64,0,0.0,0.0
2026-03-25,organic_social,desktop,79,25,67.8,147.0,3.1,52,1,206.87,1.27
2026-03-25,organic_social,tablet,16,5,63.4,89.0,2.0,12,0,0.0,0.0
2026-03-26,organic_search,mobile,701,375,46.4,214.0,5.1,452,13,1195.6,1.85
2026-03-26,organic_search,desktop,438,219,49.8,159.0,2.7,255,8,915.93,1.83
2026-03-26,organic_search,tablet,95,54,42.3,63.0,4.2,51,2,294.03,2.11
2026-03-26,paid_search,mobile,463,304,34.3,167.0,3.8,324,11,1928.84,2.38
2026-03-26,paid_search,desktop,343,221,35.3,188.0,4.0,174,10,1158.84,2.92
2026-03-26,paid_search,tablet,78,46,40.6,178.0,5.2,49,1,219.4,1.28
2026-03-26,paid_social,mobile,358,156,56.3,178.0,2.5,278,6,1044.11,1.68
2026-03-26,paid_social,desktop,251,107,57.4,182.0,3.1,154,4,539.62,1.59
2026-03-26,paid_social,tablet,65,34,47.7,110.0,2.7,35,1,129.6,1.54
2026-03-26,direct,mobile,472,346,26.5,153.0,2.0,374,15,2100.03,3.18
2026-03-26,direct,desktop,181,134,25.8,192.0,2.7,127,5,645.71,2.76
2026-03-26,direct,tablet,90,60,33.1,239.0,3.0,60,3,639.69,3.33
2026-03-26,email,mobile,301,232,22.6,211.0,5.5,235,11,1268.29,3.65
2026-03-26,email,desktop,151,110,27.0,171.0,3.9,83,6,993.05,3.97
2026-03-26,email,tablet,47,36,21.9,95.0,4.2,27,2,435.43,4.26
2026-03-26,referral,mobile,201,108,46.2,69.0,3.4,132,4,503.25,1.99
2026-03-26,referral,desktop,87,48,44.6,62.0,2.9,52,2,309.37,2.3
2026-03-26,referral,tablet,28,12,55.3,101.0,5.0,19,0,0.0,0.0
2026-03-26,organic_social,mobile,148,61,58.2,43.0,4.3,107,2,406.42,1.35
2026-03-26,organic_social,desktop,87,39,54.6,46.0,1.8,54,1,134.59,1.15
2026-03-26,organic_social,tablet,23,9,60.3,124.0,3.6,15,0,0.0,0.0
2026-03-27,organic_search,mobile,751,412,45.1,178.0,3.7,395,18,1575.01,2.4
2026-03-27,organic_search,desktop,511,264,48.2,97.0,3.3,298,10,859.3,1.96
2026-03-27,organic_search,tablet,154,89,42.0,231.0,4.0,79,4,650.99,2.6
2026-03-27,paid_search,mobile,612,384,37.1,233.0,2.1,341,25,3808.48,4.08
2026-03-27,paid_search,desktop,289,177,38.5,94.0,1.4,145,10,1409.48,3.46
2026-03-27,paid_search,tablet,84,51,38.3,84.0,4.8,60,2,282.16,2.38
2026-03-27,paid_social,mobile,388,176,54.6,200.0,2.9,280,7,1110.56,1.8
2026-03-27,paid_social,desktop,299,117,60.7,51.0,2.5,168,6,1129.94,2.01
2026-03-27,paid_social,tablet,71,36,48.1,131.0,2.7,36,1,85.52,1.41
2026-03-27,direct,mobile,359,244,31.9,249.0,3.4,181,10,2187.66,2.79
2026-03-27,direct,desktop,214,147,31.2,156.0,1.6,113,5,1086.07,2.34
2026-03-27,direct,tablet,56,41,25.7,84.0,5.1,36,1,96.44,1.79
2026-03-27,email,mobile,281,201,28.3,242.0,2.0,156,11,2063.67,3.91
2026-03-27,email,desktop,120,93,22.2,56.0,2.3,92,4,371.24,3.33
2026-03-27,email,tablet,56,44,21.3,229.0,2.9,39,1,140.95,1.79
2026-03-27,referral,mobile,171,84,50.5,159.0,3.9,92,3,423.32,1.75
2026-03-27,referral,desktop,127,72,43.3,78.0,4.9,82,3,343.67,2.36
2026-03-27,referral,tablet,28,12,54.8,166.0,2.1,17,0,0.0,0.0
2026-03-27,organic_social,mobile,99,34,65.6,111.0,2.2,53,0,0.0,0.0
2026-03-27,organic_social,desktop,74,25,65.6,131.0,2.9,47,1,206.81,1.35
2026-03-27,organic_social,tablet,27,11,58.6,91.0,2.6,21,0,0.0,0.0
2026-03-28,organic_search,mobile,640,376,41.2,82.0,3.1,389,14,1494.29,2.19
2026-03-28,organic_search,desktop,234,117,49.7,121.0,5.1,185,4,483.34,1.71
2026-03-28,organic_search,tablet,99,55,43.5,202.0,2.0,67,2,289.5,2.02
2026-03-28,paid_search,mobile,468,267,42.8,227.0,2.1,235,19,2675.03,4.06
2026-03-28,paid_search,desktop,224,136,39.0,146.0,4.4,172,6,974.21,2.68
2026-03-28,paid_search,tablet,82,52,36.1,116.0,4.0,46,2,253.26,2.44
2026-03-28,paid_social,mobile,268,117,56.1,208.0,1.5,177,3,253.24,1.12
2026-03-28,paid_social,desktop,293,146,50.0,84.0,4.9,200,5,919.79,1.71
2026-03-28,paid_social,tablet,53,25,52.8,96.0,4.8,35,0,0.0,0.0
2026-03-28,direct,mobile,396,279,29.5,181.0,4.4,214,17,1753.57,4.29
2026-03-28,direct,desktop,222,157,28.8,117.0,4.8,140,8,890.17,3.6
2026-03-28,direct,tablet,54,38,28.1,199.0,4.5,37,1,117.36,1.85
2026-03-28,email,mobile,232,182,21.3,87.0,3.1,149,9,791.96,3.88
2026-03-28,email,desktop,147,112,23.7,123.0,5.4,91,6,1034.51,4.08
2026-03-28,email,tablet,41,30,25.7,104.0,3.2,31,1,104.55,2.44
2026-03-28,referral,mobile,153,67,56.2,177.0,1.9,93,3,523.8,1.96
2026-03-28,referral,desktop,88,46,47.5,135.0,3.6,50,1,205.32,1.14
2026-03-28,referral,tablet,31,14,52.1,107.0,1.7,16,0,0.0,0.0
2026-03-28,organic_social,mobile,131,42,67.2,112.0,2.6,95,1,87.64,0.76
2026-03-28,organic_social,desktop,84,30,63.2,77.0,4.6,55,0,0.0,0.0
2026-03-28,organic_social,tablet,14,6,56.0,122.0,4.8,8,0,0.0,0.0
2026-03-29,organic_search,mobile,529,274,48.1,47.0,3.3,378,13,2112.42,2.46
2026-03-29,organic_search,desktop,373,216,42.0,51.0,2.2,189,11,1606.81,2.95
2026-03-29,organic_search,tablet,70,40,41.8,117.0,2.1,42,1,188.06,1.43
2026-03-29,paid_search,mobile,315,180,42.6,148.0,3.6,225,7,1402.46,2.22
2026-03-29,paid_search,desktop,266,163,38.5,120.0,3.4,183,6,745.83,2.26
2026-03-29,paid_search,tablet,78,51,33.8,171.0,4.5,53,2,303.45,2.56
2026-03-29,paid_social,mobile,326,167,48.5,183.0,3.5,227,6,524.43,1.84
2026-03-29,paid_social,desktop,194,73,62.1,98.0,3.4,125,2,260.83,1.03
2026-03-29,paid_social,tablet,56,24,56.8,94.0,1.6,29,1,154.23,1.79
2026-03-29,direct,mobile,323,212,34.1,188.0,5.0,197,12,1915.53,3.72
2026-03-29,direct,desktop,233,163,29.8,181.0,2.5,142,9,1727.09,3.86
2026-03-29,direct,tablet,42,30,27.1,128.0,4.0,22,1,141.27,2.38
2026-03-29,email,mobile,187,138,25.9,253.0,5.1,104,9,883.16,4.81
2026-03-29,email,desktop,93,67,26.9,221.0,3.4,66,3,294.74,3.23
2026-03-29,email,tablet,39,28,27.1,111.0,2.8,29,1,104.62,2.56
2026-03-29,referral,mobile,160,77,51.7,56.0,3.3,109,2,268.91,1.25
2026-03-29,referral,desktop,107,46,56.6,108.0,3.3,65,1,185.35,0.93
2026-03-29,referral,tablet,25,11,55.9,150.0,2.8,18,0,0.0,0.0
2026-03-29,organic_social,mobile,104,33,68.1,105.0,4.1,81,1,151.27,0.96
2026-03-29,organic_social,desktop,46,22,51.2,196.0,4.4,25,0,0.0,0.0
2026-03-29,organic_social,tablet,20,6,66.6,89.0,2.7,15,0,0.0,0.0
2026-03-30,organic_search,mobile,506,247,51.1,64.0,4.2,272,13,1888.1,2.57
2026-03-30,organic_search,desktop,511,272,46.7,87.0,1.7,406,12,1059.91,2.35
2026-03-30,organic_search,tablet,143,86,39.3,124.0,5.1,99,3,576.82,2.1
2026-03-30,paid_search,mobile,640,396,38.1,192.0,2.2,438,18,2629.38,2.81
2026-03-30,paid_search,desktop,375,226,39.6,147.0,5.2,217,9,1676.77,2.4
2026-03-30,paid_search,tablet,88,55,36.8,57.0,2.2,61,3,414.99,3.41
2026-03-30,paid_social,mobile,578,262,54.7,211.0,3.3,314,11,1824.38,1.9
2026-03-30,paid_social,desktop,368,151,58.9,197.0,1.6,227,7,629.18,1.9
2026-03-30,paid_social,tablet,104,45,56.1,149.0,3.9,53,1,162.37,0.96
2026-03-30,direct,mobile,392,290,25.8,122.0,5.2,252,9,1173.52,2.3
2026-03-30,direct,desktop,215,151,29.6,215.0,1.8,152,5,1038.1,2.33
2026-03-30,direct,tablet,91,63,29.8,233.0,5.2,63,3,363.86,3.3
2026-03-30,email,mobile,318,243,23.5,147.0,3.7,199,9,1393.12,2.83
2026-03-30,email,desktop,203,159,21.6,214.0,2.4,152,9,1104.54,4.43
2026-03-30,email,tablet,54,38,28.7,182.0,2.2,41,2,246.8,3.7
2026-03-30,referral,mobile,134,61,54.3,66.0,4.4,95,2,296.32,1.49
2026-03-30,referral,desktop,89,38,57.0,146.0,4.4,44,1,118.25,1.12
2026-03-30,referral,tablet,42,21,48.6,89.0,3.2,24,0,0.0,0.0
2026-03-30,organic_social,mobile,146,49,66.1,49.0,4.5,81,1,111.91,0.68
2026-03-30,organic_social,desktop,70,26,62.6,174.0,4.3,54,0,0.0,0.0
2026-03-30,organic_social,tablet,27,10,62.4,171.0,3.2,17,0,0.0,0.0
2026-03-31,organic_search,mobile,702,345,50.8,56.0,4.8,536,18,3580.6,2.56
2026-03-31,organic_search,desktop,296,165,43.9,56.0,3.3,190,6,562.73,2.03
2026-03-31,organic_search,tablet,145,71,50.7,165.0,3.1,101,4,579.74,2.76
2026-03-31,paid_search,mobile,531,337,36.5,182.0,3.3,385,17,3254.8,3.2
2026-03-31,paid_search,desktop,428,280,34.4,101.0,1.5,292,12,2077.33,2.8
2026-03-31,paid_search,tablet,97,62,35.7,196.0,4.9,73,2,235.02,2.06
2026-03-31,paid_social,mobile,393,206,47.4,189.0,1.4,303,6,1128.59,1.53
2026-03-31,paid_social,desktop,383,187,51.0,59.0,2.8,257,5,1057.66,1.31
2026-03-31,paid_social,tablet,109,57,47.0,76.0,2.3,63,1,135.52,0.92
2026-03-31,direct,mobile,405,293,27.4,77.0,1.7,238,17,2800.61,4.2
2026-03-31,direct,desktop,200,138,30.7,197.0,1.6,109,8,1189.68,4.0
2026-03-31,direct,tablet,87,60,30.7,62.0,5.1,48,2,353.73,2.3
2026-03-31,email,mobile,209,149,28.7,247.0,4.3,133,10,1360.21,4.78
2026-03-31,email,desktop,194,140,27.7,149.0,4.4,102,9,1485.55,4.64
2026-03-31,email,tablet,46,35,23.7,246.0,4.2,32,2,380.13,4.35
2026-03-31,referral,mobile,219,100,54.3,212.0,4.6,113,4,808.81,1.83
2026-03-31,referral,desktop,147,82,43.9,186.0,3.0,83,3,517.96,2.04
2026-03-31,referral,tablet,25,11,55.1,135.0,4.5,19,0,0.0,0.0
2026-03-31,organic_social,mobile,137,58,57.7,80.0,1.9,107,1,181.74,0.73
2026-03-31,organic_social,desktop,78,32,58.7,57.0,2.1,39,1,82.3,1.28
2026-03-31,organic_social,tablet,16,7,53.0,162.0,4.2,10,0,0.0,0.0
2026-04-01,organic_search,mobile,800,441,44.8,88.0,3.7,501,14,2432.75,1.75
2026-04-01,organic_search,desktop,447,265,40.6,65.0,3.3,353,13,1494.63,2.91
2026-04-01,organic_search,tablet,156,81,47.5,128.0,4.0,111,4,767.48,2.56
2026-04-01,paid_search,mobile,528,330,37.3,238.0,4.7,312,17,2144.91,3.22
2026-04-01,paid_search,desktop,362,243,32.8,177.0,3.0,189,11,884.23,3.04
2026-04-01,paid_search,tablet,100,57,42.1,152.0,3.1,66,2,238.42,2.0
2026-04-01,paid_social,mobile,556,272,51.1,201.0,4.9,436,8,772.87,1.44
2026-04-01,paid_social,desktop,225,93,58.4,79.0,1.8,178,4,325.32,1.78
2026-04-01,paid_social,tablet,67,33,50.0,49.0,4.4,35,1,106.43,1.49
2026-04-01,direct,mobile,386,257,33.3,145.0,5.0,249,17,2304.45,4.4
2026-04-01,direct,desktop,315,206,34.3,244.0,4.1,214,13,1246.56,4.13
2026-04-01,direct,tablet,90,61,31.4,166.0,5.4,53,3,555.85,3.33
2026-04-01,email,mobile,292,216,26.0,159.0,5.0,155,12,2196.22,4.11
2026-04-01,email,desktop,191,138,27.4,128.0,4.9,150,7,848.81,3.66
2026-04-01,email,tablet,63,47,24.5,249.0,1.6,37,2,366.45,3.17
2026-04-01,referral,mobile,149,65,56.3,86.0,3.8,114,2,370.32,1.34
2026-04-01,referral,desktop,118,65,44.3,167.0,4.4,90,2,238.05,1.69
2026-04-01,referral,tablet,29,14,51.1,95.0,2.7,22,0,0.0,0.0
2026-04-01,organic_social,mobile,118,48,58.9,209.0,4.6,86,1,125.07,0.85
2026-04-01,organic_social,desktop,78,36,53.6,171.0,2.4,52,1,173.11,1.28
2026-04-01,organic_social,tablet,21,9,53.4,89.0,3.5,12,0,0.0,0.0
2026-04-02,organic_search,mobile,681,363,46.6,195.0,2.1,416,14,1452.07,2.06
2026-04-02,organic_search,desktop,538,273,49.2,102.0,4.1,343,12,1946.54,2.23
2026-04-02,organic_search,tablet,155,95,38.6,60.0,2.3,113,3,475.12,1.94
2026-04-02,paid_search,mobile,405,255,36.8,223.0,2.7,254,16,3451.54,3.95
2026-04-02,paid_search,desktop,378,243,35.7,102.0,3.0,301,11,1834.19,2.91
2026-04-02,paid_search,tablet,104,63,39.1,105.0,1.6,73,3,369.81,2.88
2026-04-02,paid_social,mobile,392,184,53.0,85.0,1.5,204,6,658.54,1.53
2026-04-02,paid_social,desktop,377,148,60.6,151.0,2.6,213,5,621.08,1.33
2026-04-02,paid_social,tablet,91,47,48.3,158.0,5.0,58,1,124.35,1.1
2026-04-02,direct,mobile,490,352,28.1,182.0,3.1,309,13,2441.18,2.65
2026-04-02,direct,desktop,222,159,28.3,71.0,2.8,133,7,1339.42,3.15
2026-04-02,direct,tablet,71,49,30.8,66.0,2.8,50,2,372.84,2.82
2026-04-02,email,mobile,257,185,27.9,53.0,3.8,150,7,904.69,2.72
2026-04-02,email,desktop,161,115,28.1,175.0,5.1,107,7,773.7,4.35
2026-04-02,email,tablet,58,42,26.1,248.0,3.2,40,3,646.18,5.17
2026-04-02,referral,mobile,156,67,56.9,91.0,3.4,82,2,198.53,1.28
2026-04-02,referral,desktop,146,83,42.5,233.0,5.2,85,3,544.22,2.05
2026-04-02,referral,tablet,28,15,45.0,88.0,5.1,15,0,0.0,0.0
2026-04-02,organic_social,mobile,100,32,67.4,69.0,3.4,65,1,82.19,1.0
2026-04-02,organic_social,desktop,64,30,51.9,71.0,3.3,44,0,0.0,0.0
2026-04-02,organic_social,tablet,22,9,58.2,62.0,4.0,14,0,0.0,0.0
2026-04-03,organic_search,mobile,815,403,50.4,57.0,3.7,626,17,2752.35,2.09
2026-04-03,organic_search,desktop,544,310,42.9,202.0,1.6,371,11,2363.36,2.02
2026-04-03,organic_search,tablet,126,66,47.6,208.0,5.0,67,4,810.32,3.17
2026-04-03,paid_search,mobile,627,382,38.9,71.0,3.9,355,21,2393.98,3.35
2026-04-03,paid_search,desktop,309,175,43.3,180.0,2.5,201,8,1313.23,2.59
2026-04-03,paid_search,tablet,127,74,41.6,52.0,2.0,70,3,535.49,2.36
2026-04-03,paid_social,mobile,586,281,52.0,168.0,4.3,377,11,2260.09,1.88
2026-04-03,paid_social,desktop,230,110,51.8,55.0,2.0,137,3,618.46,1.3
2026-04-03,paid_social,tablet,96,50,47.4,125.0,4.5,60,1,92.76,1.04
2026-04-03,direct,mobile,427,301,29.3,62.0,1.6,267,14,1614.47,3.28
2026-04-03,direct,desktop,264,194,26.4,182.0,2.2,162,10,1251.95,3.79
2026-04-03,direct,tablet,88,62,29.3,190.0,1.6,65,3,337.26,3.41
2026-04-03,email,mobile,206,159,22.5,73.0,3.9,162,10,1066.99,4.85
2026-04-03,email,desktop,208,160,23.0,77.0,2.4,147,7,1255.07,3.37
2026-04-03,email,tablet,53,39,25.6,234.0,5.1,40,2,434.52,3.77
2026-04-03,referral,mobile,235,131,44.2,192.0,3.6,131,5,761.63,2.13
2026-04-03,referral,desktop,116,63,45.7,180.0,4.5,59,2,370.45,1.72
2026-04-03,referral,tablet,26,12,52.5,95.0,4.4,14,0,0.0,0.0
2026-04-03,organic_social,mobile,168,76,54.7,97.0,1.5,128,2,254.29,1.19
2026-04-03,organic_social,desktop,84,36,56.1,177.0,3.2,58,0,0.0,0.0
2026-04-03,organic_social,tablet,29,12,56.0,108.0,2.7,20,0,0.0,0.0
2026-04-04,organic_search,mobile,661,397,39.8,156.0,5.1,446,20,2867.28,3.03
2026-04-04,organic_search,desktop,438,239,45.3,57.0,1.8,322,9,1595.17,2.05
2026-04-04,organic_search,tablet,82,48,41.2,113.0,2.9,64,1,157.85,1.22
2026-04-04,paid_search,mobile,394,261,33.7,168.0,4.9,289,12,1209.26,3.05
2026-04-04,paid_search,desktop,206,116,43.7,213.0,1.4,140,8,656.71,3.88
2026-04-04,paid_search,tablet,81,51,36.5,94.0,2.2,50,3,486.25,3.7
2026-04-04,paid_social,mobile,475,200,57.7,150.0,4.1,347,6,853.06,1.26
2026-04-04,paid_social,desktop,300,133,55.4,78.0,4.0,151,4,839.75,1.33
2026-04-04,paid_social,tablet,87,42,50.6,103.0,2.3,44,2,368.3,2.3
2026-04-04,direct,mobile,345,248,28.1,210.0,1.7,205,10,992.42,2.9
2026-04-04,direct,desktop,179,131,26.3,234.0,3.9,113,6,1281.84,3.35
2026-04-04,direct,tablet,67,45,31.4,99.0,5.1,50,2,284.67,2.99
2026-04-04,email,mobile,194,145,25.2,238.0,4.4,135,10,909.03,5.15
2026-04-04,email,desktop,135,101,24.6,131.0,5.0,80,6,676.99,4.44
2026-04-04,email,tablet,50,37,24.8,55.0,5.5,30,2,344.46,4.0
2026-04-04,referral,mobile,138,76,44.7,120.0,2.1,87,2,295.14,1.45
2026-04-04,referral,desktop,70,34,50.6,152.0,4.5,37,1,184.24,1.43
2026-04-04,referral,tablet,20,8,56.5,204.0,4.1,11,0,0.0,0.0
2026-04-04,organic_social,mobile,86,41,52.1,212.0,3.3,51,1,189.19,1.16
2026-04-04,organic_social,desktop,89,27,68.6,189.0,3.0,49,1,184.52,1.12
2026-04-04,organic_social,tablet,22,10,53.5,192.0,1.5,14,0,0.0,0.0
2026-04-05,organic_search,mobile,535,326,39.0,54.0,4.7,413,11,1362.76,2.06
2026-04-05,organic_search,desktop,443,260,41.3,185.0,3.9,321,13,2385.92,2.93
2026-04-05,organic_search,tablet,73,37,48.5,145.0,1.8,42,1,154.05,1.37
2026-04-05,paid_search,mobile,568,373,34.2,90.0,4.0,352,23,4665.05,4.05
2026-04-05,paid_search,desktop,319,202,36.5,117.0,3.4,211,8,1464.47,2.51
2026-04-05,paid_search,tablet,56,34,38.5,110.0,2.7,43,1,139.27,1.79
2026-04-05,paid_social,mobile,304,153,49.6,147.0,2.3,162,6,1168.44,1.97
2026-04-05,paid_social,desktop,257,98,61.7,207.0,3.2,195,5,755.18,1.95
2026-04-05,paid_social,tablet,82,33,59.4,124.0,2.4,42,1,113.25,1.22
2026-04-05,direct,mobile,353,237,32.7,205.0,4.3,224,13,1504.4,3.68
2026-04-05,direct,desktop,202,136,32.4,148.0,2.1,102,6,753.61,2.97
2026-04-05,direct,tablet,48,33,30.2,237.0,4.4,34,1,99.15,2.08
2026-04-05,email,mobile,255,190,25.4,79.0,2.6,149,13,1049.22,5.1
2026-04-05,email,desktop,145,105,27.1,181.0,5.5,76,6,1260.75,4.14
2026-04-05,email,tablet,51,37,25.5,65.0,1.8,32,2,199.9,3.92
2026-04-05,referral,mobile,194,108,44.2,89.0,2.2,148,3,316.41,1.55
2026-04-05,referral,desktop,95,46,51.0,201.0,3.6,52,1,104.82,1.05
2026-04-05,referral,tablet,30,16,44.6,52.0,4.4,22,0,0.0,0.0
2026-04-05,organic_social,mobile,102,41,59.1,48.0,3.4,54,1,196.4,0.98
2026-04-05,organic_social,desktop,90,27,69.0,142.0,2.3,70,1,163.75,1.11
2026-04-05,organic_social,tablet,25,11,53.7,96.0,3.6,19,0,0.0,0.0
2026-04-06,organic_search,mobile,748,400,46.5,205.0,2.1,444,20,1950.46,2.67
2026-04-06,organic_search,desktop,407,209,48.6,73.0,3.0,277,12,2080.99,2.95
2026-04-06,organic_search,tablet,112,57,49.0,159.0,2.6,66,2,170.69,1.79
2026-04-06,paid_search,mobile,683,419,38.6,169.0,3.8,523,16,3027.17,2.34
2026-04-06,paid_search,desktop,381,251,34.0,68.0,2.8,253,8,1518.52,2.1
2026-04-06,paid_search,tablet,83,51,38.0,126.0,3.8,50,2,222.61,2.41
2026-04-06,paid_social,mobile,588,265,54.9,125.0,3.4,337,8,751.82,1.36
2026-04-06,paid_social,desktop,292,130,55.3,136.0,3.2,146,6,582.46,2.05
2026-04-06,paid_social,tablet,96,41,56.4,54.0,1.9,58,1,137.35,1.04
2026-04-06,direct,mobile,420,286,31.7,244.0,5.3,267,12,1485.81,2.86
2026-04-06,direct,desktop,260,178,31.2,208.0,2.8,146,10,1085.67,3.85
2026-04-06,direct,tablet,80,57,28.4,253.0,2.5,41,2,395.64,2.5
2026-04-06,email,mobile,192,138,28.1,83.0,3.6,107,6,1086.28,3.12
2026-04-06,email,desktop,132,94,28.4,207.0,5.1,75,5,668.26,3.79
2026-04-06,email,tablet,47,35,24.5,238.0,3.5,36,2,403.67,4.26
2026-04-06,referral,mobile,184,84,53.9,87.0,4.9,137,3,616.25,1.63
2026-04-06,referral,desktop,117,64,45.3,172.0,4.0,79,2,236.45,1.71
2026-04-06,referral,tablet,34,18,45.5,183.0,4.5,24,0,0.0,0.0
2026-04-06,organic_social,mobile,146,68,53.1,137.0,4.8,99,1,147.23,0.68
2026-04-06,organic_social,desktop,81,37,54.1,52.0,2.3,53,0,0.0,0.0
2026-04-06,organic_social,tablet,18,5,67.8,120.0,1.5,13,0,0.0,0.0
2026-04-07,organic_search,mobile,730,371,49.1,139.0,3.8,478,22,1944.01,3.01
2026-04-07,organic_search,desktop,372,226,39.1,123.0,2.1,197,9,1159.74,2.42
2026-04-07,organic_search,tablet,152,85,43.9,191.0,2.1,116,4,845.49,2.63
2026-04-07,paid_search,mobile,475,303,36.1,149.0,4.8,270,18,3189.96,3.79
2026-04-07,paid_search,desktop,344,216,37.2,77.0,2.3,228,12,1764.72,3.49
2026-04-07,paid_search,tablet,92,55,39.4,144.0,4.5,63,2,285.62,2.17
2026-04-07,paid_social,mobile,516,274,46.9,168.0,4.1,330,7,1062.17,1.36
2026-04-07,paid_social,desktop,404,195,51.7,134.0,2.3,288,9,952.64,2.23
2026-04-07,paid_social,tablet,65,33,48.0,78.0,4.1,42,0,0.0,0.0
2026-04-07,direct,mobile,482,319,33.7,129.0,2.6,294,20,2642.56,4.15
2026-04-07,direct,desktop,304,220,27.5,210.0,4.3,175,10,1804.84,3.29
2026-04-07,direct,tablet,66,44,32.5,240.0,2.9,39,1,90.92,1.52
2026-04-07,email,mobile,280,211,24.6,181.0,1.4,208,12,2496.01,4.29
2026-04-07,email,desktop,150,111,25.8,126.0,3.4,94,6,1296.42,4.0
2026-04-07,email,tablet,47,35,24.4,113.0,5.3,32,1,198.12,2.13
2026-04-07,referral,mobile,148,78,46.7,77.0,4.2,109,3,395.86,2.03
2026-04-07,referral,desktop,147,68,53.1,65.0,1.4,88,2,382.76,1.36
2026-04-07,referral,tablet,32,13,57.5,87.0,2.9,20,0,0.0,0.0
2026-04-07,organic_social,mobile,166,75,54.3,161.0,1.8,92,2,345.43,1.2
2026-04-07,organic_social,desktop,86,36,57.4,159.0,4.3,44,1,165.29,1.16
2026-04-07,organic_social,tablet,30,9,66.7,169.0,3.6,17,0,0.0,0.0
2026-04-08,organic_search,mobile,687,383,44.2,218.0,4.9,548,12,1175.45,1.75
2026-04-08,organic_search,desktop,532,306,42.3,175.0,4.3,266,10,1233.17,1.88
2026-04-08,organic_search,tablet,102,61,39.4,204.0,2.2,79,2,384.42,1.96
2026-04-08,paid_search,mobile,435,274,36.9,77.0,3.3,300,11,2173.48,2.53
2026-04-08,paid_search,desktop,332,204,38.5,165.0,4.7,192,9,882.05,2.71
2026-04-08,paid_search,tablet,92,56,38.6,102.0,5.3,51,3,619.47,3.26
2026-04-08,paid_social,mobile,542,244,54.9,136.0,2.8,372,6,1190.64,1.11
2026-04-08,paid_social,desktop,345,170,50.4,148.0,3.4,237,4,872.08,1.16
2026-04-08,paid_social,tablet,93,47,48.6,169.0,4.8,59,1,162.7,1.08
2026-04-08,direct,mobile,351,247,29.6,86.0,2.8,185,10,2015.98,2.85
2026-04-08,direct,desktop,193,142,26.4,217.0,3.4,119,4,607.07,2.07
2026-04-08,direct,tablet,71,49,29.7,206.0,5.4,41,3,278.59,4.23
2026-04-08,email,mobile,252,186,26.1,241.0,5.0,145,12,1029.75,4.76
2026-04-08,email,desktop,219,166,23.8,238.0,3.3,171,7,996.68,3.2
2026-04-08,email,tablet,56,40,28.2,157.0,4.5,40,2,259.56,3.57
2026-04-08,referral,mobile,194,91,52.8,110.0,2.3,98,4,339.05,2.06
2026-04-08,referral,desktop,96,52,45.6,210.0,2.0,73,2,193.78,2.08
2026-04-08,referral,tablet,39,22,43.1,115.0,4.6,26,0,0.0,0.0
2026-04-08,organic_social,mobile,170,57,66.0,127.0,4.0,93,2,276.53,1.18
2026-04-08,organic_social,desktop,91,43,52.2,108.0,2.6,68,1,92.46,1.1
2026-04-08,organic_social,tablet,27,11,57.9,195.0,3.6,19,0,0.0,0.0
2026-04-09,organic_search,mobile,794,467,41.2,191.0,4.8,459,20,4264.25,2.52
2026-04-09,organic_search,desktop,481,242,49.6,223.0,1.9,241,11,2386.37,2.29
2026-04-09,organic_search,tablet,91,48,46.5,59.0,4.6,53,2,423.22,2.2
2026-04-09,paid_search,mobile,520,348,32.9,178.0,3.2,362,21,4077.87,4.04
2026-04-09,paid_search,desktop,431,254,40.9,87.0,3.5,329,11,1547.38,2.55
2026-04-09,paid_search,tablet,124,70,43.3,55.0,3.7,85,3,622.46,2.42
2026-04-09,paid_social,mobile,354,139,60.6,134.0,3.6,183,8,650.78,2.26
2026-04-09,paid_social,desktop,365,145,60.1,164.0,2.0,219,5,587.3,1.37
2026-04-09,paid_social,tablet,97,44,53.8,185.0,4.0,49,1,82.56,1.03
2026-04-09,direct,mobile,384,266,30.6,123.0,3.8,203,13,1416.03,3.39
2026-04-09,direct,desktop,294,196,33.2,72.0,2.5,166,8,1238.72,2.72
2026-04-09,direct,tablet,83,61,25.8,104.0,1.7,45,3,321.54,3.61
2026-04-09,email,mobile,341,248,27.2,155.0,2.2,218,16,3168.07,4.69
2026-04-09,email,desktop,128,91,28.6,239.0,2.1,88,4,353.98,3.12
2026-04-09,email,tablet,51,36,28.1,74.0,2.9,27,2,384.53,3.92
2026-04-09,referral,mobile,168,87,47.8,114.0,1.6,104,3,301.53,1.79
2026-04-09,referral,desktop,101,44,55.7,130.0,2.6,72,2,277.98,1.98
2026-04-09,referral,tablet,29,12,56.2,191.0,4.0,23,0,0.0,0.0
2026-04-09,organic_social,mobile,168,61,63.5,153.0,3.7,104,2,189.88,1.19
2026-04-09,organic_social,desktop,102,38,62.1,152.0,3.0,55,1,167.57,0.98
2026-04-09,organic_social,tablet,18,7,60.3,50.0,1.5,13,0,0.0,0.0
2026-04-10,organic_search,mobile,792,389,50.8,154.0,2.1,600,19,3128.61,2.4
2026-04-10,organic_search,desktop,488,293,39.8,224.0,3.4,275,9,1149.42,1.84
2026-04-10,organic_search,tablet,92,50,45.4,78.0,3.4,65,1,219.85,1.09
2026-04-10,paid_search,mobile,652,391,39.9,108.0,4.3,372,23,1880.83,3.53
2026-04-10,paid_search,desktop,364,236,35.1,184.0,2.0,275,11,1077.06,3.02
2026-04-10,paid_search,tablet,115,69,39.9,115.0,4.9,60,3,583.84,2.61
2026-04-10,paid_social,mobile,483,223,53.7,175.0,3.1,260,10,2023.54,2.07
2026-04-10,paid_social,desktop,278,119,57.1,183.0,4.7,174,6,484.89,2.16
2026-04-10,paid_social,tablet,97,43,55.0,60.0,1.9,61,1,183.68,1.03
2026-04-10,direct,mobile,431,315,26.8,96.0,2.7,254,15,2703.89,3.48
2026-04-10,direct,desktop,240,168,29.6,86.0,3.5,156,9,1399.26,3.75
2026-04-10,direct,tablet,60,39,33.8,215.0,4.9,36,1,139.37,1.67
2026-04-10,email,mobile,342,246,27.9,91.0,1.4,204,17,2880.68,4.97
2026-04-10,email,desktop,173,129,25.2,101.0,3.2,102,8,1266.12,4.62
2026-04-10,email,tablet,55,39,27.3,192.0,4.6,32,2,423.54,3.64
2026-04-10,referral,mobile,219,123,43.5,212.0,4.3,174,4,663.09,1.83
2026-04-10,referral,desktop,132,70,46.9,221.0,4.4,79,2,233.2,1.52
2026-04-10,referral,tablet,31,13,56.6,176.0,2.9,17,0,0.0,0.0
2026-04-10,organic_social,mobile,151,61,59.1,99.0,1.6,85,1,98.49,0.66
2026-04-10,organic_social,desktop,103,37,64.0,139.0,4.4,58,1,159.08,0.97
2026-04-10,organic_social,tablet,29,9,65.7,124.0,4.1,21,0,0.0,0.0
2026-04-11,organic_search,mobile,407,238,41.5,78.0,3.6,223,10,1391.02,2.46
2026-04-11,organic_search,desktop,268,140,47.6,46.0,1.6,136,5,547.43,1.87
2026-04-11,organic_search,tablet,129,69,46.4,81.0,3.5,66,3,343.81,2.33
2026-04-11,paid_search,mobile,412,232,43.5,105.0,1.8,318,16,1698.73,3.88
2026-04-11,paid_search,desktop,337,192,42.8,170.0,4.4,229,12,1556.39,3.56
2026-04-11,paid_search,tablet,94,58,37.5,52.0,2.7,65,2,377.18,2.13
2026-04-11,paid_social,mobile,469,206,56.0,64.0,2.5,342,6,894.73,1.28
2026-04-11,paid_social,desktop,274,124,54.6,158.0,2.2,149,5,509.36,1.82
2026-04-11,paid_social,tablet,57,30,47.0,176.0,4.3,44,0,0.0,0.0
2026-04-11,direct,mobile,305,200,34.4,73.0,2.8,200,10,1672.57,3.28
2026-04-11,direct,desktop,240,178,25.7,53.0,5.1,166,10,983.88,4.17
2026-04-11,direct,tablet,64,42,32.9,218.0,4.3,42,1,194.2,1.56
2026-04-11,email,mobile,169,127,24.3,174.0,2.9,92,7,1522.65,4.14
2026-04-11,email,desktop,117,90,22.7,263.0,2.9,84,4,614.46,3.42
2026-04-11,email,tablet,39,30,22.4,146.0,4.0,21,1,110.8,2.56
2026-04-11,referral,mobile,182,81,55.2,196.0,2.9,125,2,282.28,1.1
2026-04-11,referral,desktop,111,60,45.7,59.0,2.7,88,1,169.8,0.9
2026-04-11,referral,tablet,30,14,50.9,208.0,3.4,17,0,0.0,0.0
2026-04-11,organic_social,mobile,103,38,63.0,186.0,3.9,71,1,91.7,0.97
2026-04-11,organic_social,desktop,55,19,65.3,164.0,1.6,38,0,0.0,0.0
2026-04-11,organic_social,tablet,21,8,60.5,106.0,3.7,14,0,0.0,0.0
2026-04-12,organic_search,mobile,409,202,50.5,195.0,2.0,217,9,1064.51,2.2
2026-04-12,organic_search,desktop,296,167,43.3,174.0,4.9,149,8,1009.44,2.7
2026-04-12,organic_search,tablet,128,77,39.8,83.0,3.4,85,4,813.69,3.12
2026-04-12,paid_search,mobile,561,340,39.3,91.0,1.7,375,21,2548.46,3.74
2026-04-12,paid_search,desktop,260,154,40.7,153.0,3.9,164,10,1703.59,3.85
2026-04-12,paid_search,tablet,79,51,34.5,229.0,4.7,59,2,259.27,2.53
2026-04-12,paid_social,mobile,384,183,52.1,47.0,4.2,264,7,1028.69,1.82
2026-04-12,paid_social,desktop,325,127,60.8,72.0,1.6,193,7,1515.51,2.15
2026-04-12,paid_social,tablet,92,37,58.8,184.0,4.0,54,2,217.65,2.17
2026-04-12,direct,mobile,332,247,25.5,227.0,4.5,265,13,2565.61,3.92
2026-04-12,direct,desktop,156,107,31.1,93.0,4.2,106,6,884.42,3.85
2026-04-12,direct,tablet,74,52,29.1,105.0,4.6,43,2,211.46,2.7
2026-04-12,email,mobile,278,202,27.2,211.0,3.2,180,8,1447.96,2.88
2026-04-12,email,desktop,106,78,26.1,91.0,5.0,75,4,469.09,3.77
2026-04-12,email,tablet,46,32,28.4,92.0,5.0,31,2,418.63,4.35
2026-04-12,referral,mobile,161,70,56.5,92.0,3.6,105,3,630.8,1.86
2026-04-12,referral,desktop,119,62,47.3,121.0,3.1,61,2,239.56,1.68
2026-04-12,referral,tablet,27,13,50.8,153.0,2.4,16,0,0.0,0.0
2026-04-12,organic_social,mobile,137,48,64.3,64.0,3.4,82,2,342.58,1.46
2026-04-12,organic_social,desktop,69,21,68.6,79.0,3.0,53,0,0.0,0.0
2026-04-12,organic_social,tablet,19,7,58.3,160.0,1.3,12,0,0.0,0.0
2026-04-13,organic_search,mobile,690,387,43.9,85.0,2.5,392,18,3612.07,2.61
2026-04-13,organic_search,desktop,369,219,40.6,221.0,3.5,233,10,1713.24,2.71
2026-04-13,organic_search,tablet,156,75,51.4,82.0,1.8,83,4,421.03,2.56
2026-04-13,paid_search,mobile,645,418,35.1,247.0,3.1,446,23,3041.14,3.57
2026-04-13,paid_search,desktop,249,161,35.3,162.0,2.8,140,5,930.58,2.01
2026-04-13,paid_search,tablet,114,66,41.7,191.0,3.2,59,3,436.52,2.63
2026-04-13,paid_social,mobile,625,328,47.4,108.0,1.6,369,12,1422.94,1.92
2026-04-13,paid_social,desktop,402,183,54.3,156.0,1.3,306,7,1240.8,1.74
2026-04-13,paid_social,tablet,114,53,53.0,169.0,3.7,87,1,154.31,0.88
2026-04-13,direct,mobile,309,223,27.8,170.0,1.9,193,8,1072.15,2.59
2026-04-13,direct,desktop,261,179,31.3,167.0,4.3,208,11,1251.35,4.21
2026-04-13,direct,tablet,95,64,32.1,222.0,2.5,55,3,346.09,3.16
2026-04-13,email,mobile,224,167,25.0,56.0,2.0,116,7,1069.6,3.12
2026-04-13,email,desktop,155,117,23.9,64.0,2.7,78,5,1065.36,3.23
2026-04-13,email,tablet,42,31,26.1,257.0,3.1,26,2,253.33,4.76
2026-04-13,referral,mobile,208,103,50.2,98.0,2.6,112,3,546.67,1.44
2026-04-13,referral,desktop,138,63,54.3,198.0,3.4,104,2,256.22,1.45
2026-04-13,referral,tablet,36,18,49.7,61.0,1.7,21,0,0.0,0.0
2026-04-13,organic_social,mobile,110,38,64.7,44.0,1.4,78,1,181.35,0.91
2026-04-13,organic_social,desktop,103,35,65.5,71.0,3.5,62,1,124.2,0.97
2026-04-13,organic_social,tablet,30,9,68.5,172.0,3.1,17,0,0.0,0.0
2026-04-14,organic_search,mobile,546,277,49.2,206.0,3.8,365,12,1907.13,2.2
2026-04-14,organic_search,desktop,400,237,40.7,176.0,4.5,236,10,1198.79,2.5
2026-04-14,organic_search,tablet,92,54,40.6,227.0,2.4,47,2,392.58,2.17
2026-04-14,paid_search,mobile,467,305,34.5,202.0,4.5,245,14,2676.07,3.0
2026-04-14,paid_search,desktop,266,178,32.7,218.0,2.0,190,10,1239.64,3.76
2026-04-14,paid_search,tablet,74,47,36.0,228.0,2.6,49,3,567.21,4.05
2026-04-14,paid_social,mobile,558,265,52.5,167.0,1.8,316,8,1005.27,1.43
2026-04-14,paid_social,desktop,298,122,58.8,102.0,1.7,168,6,681.73,2.01
2026-04-14,paid_social,tablet,81,30,62.7,173.0,3.7,56,1,109.76,1.23
2026-04-14,direct,mobile,380,251,33.7,219.0,4.0,231,16,2519.0,4.21
2026-04-14,direct,desktop,239,163,31.8,155.0,1.5,150,9,730.12,3.77
2026-04-14,direct,tablet,97,68,29.6,87.0,4.7,61,2,353.19,2.06
2026-04-14,email,mobile,271,208,23.0,221.0,1.9,179,8,1643.46,2.95
2026-04-14,email,desktop,182,142,21.9,214.0,5.1,104,9,1055.1,4.95
2026-04-14,email,tablet,55,39,28.5,197.0,3.6,41,2,245.48,3.64
2026-04-14,referral,mobile,240,122,48.8,49.0,3.1,161,5,658.42,2.08
2026-04-14,referral,desktop,142,61,57.0,116.0,2.0,93,2,291.75,1.41
2026-04-14,referral,tablet,25,11,55.5,173.0,3.5,15,0,0.0,0.0
2026-04-14,organic_social,mobile,150,70,53.2,65.0,4.0,96,2,310.95,1.33
2026-04-14,organic_social,desktop,100,41,58.8,110.0,4.2,68,1,83.45,1.0
2026-04-14,organic_social,tablet,22,8,60.7,149.0,2.8,17,0,0.0,0.0
2026-04-15,organic_search,mobile,777,427,45.0,73.0,1.7,608,24,3380.82,3.09
2026-04-15,organic_search,desktop,311,166,46.4,224.0,5.1,245,5,921.07,1.61
2026-04-15,organic_search,tablet,130,79,38.8,198.0,1.4,89,4,473.67,3.08
2026-04-15,paid_search,mobile,506,316,37.5,128.0,4.4,343,19,1802.18,3.75
2026-04-15,paid_search,desktop,419,263,37.2,181.0,5.1,298,13,1126.17,3.1
2026-04-15,paid_search,tablet,116,68,41.0,77.0,2.5,70,4,440.07,3.45
2026-04-15,paid_social,mobile,490,180,63.2,108.0,4.8,294,8,649.27,1.63
2026-04-15,paid_social,desktop,358,132,63.1,94.0,4.5,225,4,663.92,1.12
2026-04-15,paid_social,tablet,104,46,55.4,106.0,2.1,82,1,108.42,0.96
2026-04-15,direct,mobile,404,294,27.1,254.0,2.5,312,11,2278.85,2.72
2026-04-15,direct,desktop,326,228,29.8,230.0,4.3,170,13,1078.36,3.99
2026-04-15,direct,tablet,82,58,28.8,196.0,2.1,42,2,428.56,2.44
2026-04-15,email,mobile,253,191,24.3,165.0,5.5,153,9,1451.56,3.56
2026-04-15,email,desktop,161,124,22.8,87.0,4.3,118,5,669.39,3.11
2026-04-15,email,tablet,64,47,25.6,233.0,2.6,32,2,338.7,3.12
2026-04-15,referral,mobile,230,103,55.1,214.0,4.9,143,4,866.71,1.74
2026-04-15,referral,desktop,89,38,56.9,193.0,2.2,63,2,374.69,2.25
2026-04-15,referral,tablet,31,17,44.4,65.0,4.5,19,0,0.0,0.0
2026-04-15,organic_social,mobile,158,68,56.8,173.0,3.6,116,2,390.92,1.27
2026-04-15,organic_social,desktop,83,26,68.6,65.0,3.8,52,0,0.0,0.0
2026-04-15,organic_social,tablet,28,12,53.7,173.0,3.2,19,0,0.0,0.0
2026-04-16,organic_search,mobile,607,293,51.7,94.0,4.9,420,15,1829.34,2.47
2026-04-16,organic_search,desktop,316,185,41.4,184.0,3.3,230,6,1255.22,1.9
2026-04-16,organic_search,tablet,88,48,44.7,183.0,3.2,64,1,205.96,1.14
2026-04-16,paid_search,mobile,710,454,35.9,151.0,4.4,373,26,5430.15,3.66
2026-04-16,paid_search,desktop,350,236,32.5,101.0,4.7,199,8,699.91,2.29
2026-04-16,paid_search,tablet,121,74,38.7,151.0,4.0,67,3,575.94,2.48
2026-04-16,paid_social,mobile,403,178,55.8,211.0,1.4,227,8,949.08,1.99
2026-04-16,paid_social,desktop,228,99,56.3,195.0,4.4,145,4,855.14,1.75
2026-04-16,paid_social,tablet,98,48,50.8,207.0,1.7,51,1,88.65,1.02
2026-04-16,direct,mobile,444,314,29.2,94.0,5.2,253,18,2187.87,4.05
2026-04-16,direct,desktop,326,214,34.3,159.0,3.3,244,14,1686.05,4.29
2026-04-16,direct,tablet,87,59,32.1,151.0,4.6,60,3,337.45,3.45
2026-04-16,email,mobile,258,200,22.1,143.0,3.8,171,11,1326.14,4.26
2026-04-16,email,desktop,216,166,22.9,81.0,3.0,110,10,1266.22,4.63
2026-04-16,email,tablet,40,31,21.4,130.0,5.1,29,1,201.66,2.5
2026-04-16,referral,mobile,219,101,53.6,103.0,3.1,111,3,531.13,1.37
2026-04-16,referral,desktop,116,52,55.0,210.0,3.6,71,1,132.99,0.86
2026-04-16,referral,tablet,35,16,53.3,70.0,3.9,26,0,0.0,0.0
2026-04-16,organic_social,mobile,163,52,67.7,67.0,4.7,89,1,163.68,0.61
2026-04-16,organic_social,desktop,88,27,68.6,62.0,1.3,47,0,0.0,0.0
2026-04-16,organic_social,tablet,20,9,54.7,136.0,4.9,13,0,0.0,0.0
2026-04-17,organic_search,mobile,771,420,45.5,122.0,3.9,591,14,2685.96,1.82
2026-04-17,organic_search,desktop,386,205,46.7,228.0,4.9,258,12,1701.6,3.11
2026-04-17,organic_search,tablet,130,69,46.7,87.0,3.3,69,2,310.77,1.54
2026-04-17,paid_search,mobile,474,303,36.0,55.0,1.6,239,15,2711.0,3.16
2026-04-17,paid_search,desktop,400,249,37.5,64.0,3.5,201,10,1048.98,2.5
2026-04-17,paid_search,tablet,92,59,34.9,108.0,4.6,52,3,635.57,3.26
2026-04-17,paid_social,mobile,565,225,60.1,201.0,3.9,333,7,1336.8,1.24
2026-04-17,paid_social,desktop,236,108,54.0,44.0,4.7,178,4,869.62,1.69
2026-04-17,paid_social,tablet,101,43,57.2,210.0,1.9,55,1,133.25,0.99
2026-04-17,direct,mobile,484,319,34.0,223.0,2.6,259,20,3750.62,4.13
2026-04-17,direct,desktop,227,157,30.8,96.0,4.0,180,6,763.17,2.64
2026-04-17,direct,tablet,87,58,33.1,238.0,1.4,66,3,487.91,3.45
2026-04-17,email,mobile,334,248,25.6,189.0,5.0,202,12,2257.11,3.59
2026-04-17,email,desktop,152,109,28.1,142.0,4.5,95,6,613.07,3.95
2026-04-17,email,tablet,42,30,27.8,111.0,4.4,23,2,364.81,4.76
2026-04-17,referral,mobile,229,118,48.4,157.0,4.3,143,3,561.41,1.31
2026-04-17,referral,desktop,122,66,45.1,138.0,3.9,71,2,251.72,1.64
2026-04-17,referral,tablet,34,17,49.1,168.0,2.6,25,0,0.0,0.0
2026-04-17,organic_social,mobile,121,50,58.0,200.0,3.1,86,1,181.01,0.83
2026-04-17,organic_social,desktop,81,26,67.2,173.0,3.0,60,1,132.94,1.23
2026-04-17,organic_social,tablet,22,10,51.4,57.0,3.6,13,0,0.0,0.0
2026-04-18,organic_search,mobile,578,303,47.5,67.0,4.1,325,16,3291.68,2.77
2026-04-18,organic_search,desktop,433,248,42.5,179.0,2.8,217,10,1805.45,2.31
2026-04-18,organic_search,tablet,73,39,45.3,92.0,1.7,52,2,337.88,2.74
2026-04-18,paid_search,mobile,470,306,34.8,90.0,5.2,370,16,2334.51,3.4
2026-04-18,paid_search,desktop,248,140,43.3,221.0,4.1,165,6,1121.54,2.42
2026-04-18,paid_search,tablet,56,34,37.9,131.0,1.4,43,1,119.88,1.79
2026-04-18,paid_social,mobile,408,177,56.5,96.0,1.8,237,5,644.59,1.23
2026-04-18,paid_social,desktop,264,100,61.9,106.0,4.2,206,5,498.18,1.89
2026-04-18,paid_social,tablet,91,36,59.5,128.0,3.5,54,1,120.27,1.1
2026-04-18,direct,mobile,380,276,27.3,110.0,2.7,280,15,3277.82,3.95
2026-04-18,direct,desktop,271,196,27.3,241.0,5.4,197,7,1084.99,2.58
2026-04-18,direct,tablet,77,52,31.4,222.0,4.9,47,2,438.91,2.6
2026-04-18,email,mobile,235,177,24.6,249.0,3.4,172,7,918.18,2.98
2026-04-18,email,desktop,107,83,21.7,67.0,3.9,65,5,608.8,4.67
2026-04-18,email,tablet,44,32,25.8,78.0,3.1,27,1,97.61,2.27
2026-04-18,referral,mobile,111,60,45.9,63.0,2.0,72,1,190.38,0.9
2026-04-18,referral,desktop,91,45,50.3,117.0,3.8,68,2,364.89,2.2
2026-04-18,referral,tablet,32,15,51.6,70.0,4.4,20,0,0.0,0.0
2026-04-18,organic_social,mobile,138,57,58.0,151.0,4.4,84,1,147.75,0.72
2026-04-18,organic_social,desktop,64,31,51.1,197.0,4.1,49,0,0.0,0.0
2026-04-18,organic_social,tablet,25,9,63.2,70.0,4.0,15,0,0.0,0.0
2026-04-19,organic_search,mobile,678,411,39.2,158.0,2.2,507,19,2474.85,2.8
2026-04-19,organic_search,desktop,277,136,50.9,96.0,4.1,152,7,1029.84,2.53
2026-04-19,organic_search,tablet,121,65,45.5,170.0,2.7,74,2,433.16,1.65
2026-04-19,paid_search,mobile,376,234,37.6,123.0,2.0,278,10,1764.07,2.66
2026-04-19,paid_search,desktop,250,142,43.1,54.0,1.5,134,7,1406.71,2.8
2026-04-19,paid_search,tablet,56,35,36.3,82.0,2.4,30,1,217.6,1.79
2026-04-19,paid_social,mobile,390,167,57.1,46.0,1.4,249,6,913.22,1.54
2026-04-19,paid_social,desktop,219,91,58.1,84.0,1.9,135,4,848.62,1.83
2026-04-19,paid_social,tablet,70,28,59.0,193.0,4.4,41,0,0.0,0.0
2026-04-19,direct,mobile,289,190,34.1,130.0,2.8,199,7,1445.92,2.42
2026-04-19,direct,desktop,173,115,33.5,134.0,2.0,137,5,928.52,2.89
2026-04-19,direct,tablet,56,38,30.5,236.0,4.0,28,1,201.69,1.79
2026-04-19,email,mobile,173,124,27.9,169.0,4.8,107,5,592.22,2.89
2026-04-19,email,desktop,108,79,26.5,127.0,1.5,54,3,265.52,2.78
2026-04-19,email,tablet,44,32,26.0,237.0,2.2,24,2,284.03,4.55
2026-04-19,referral,mobile,185,79,57.0,134.0,3.4,116,4,648.76,2.16
2026-04-19,referral,desktop,75,42,43.1,120.0,2.5,56,1,152.01,1.33
2026-04-19,referral,tablet,34,17,48.7,130.0,2.9,20,0,0.0,0.0
2026-04-19,organic_social,mobile,106,51,51.8,183.0,2.1,61,1,106.49,0.94
2026-04-19,organic_social,desktop,52,23,54.7,72.0,3.8,33,0,0.0,0.0
2026-04-19,organic_social,tablet,16,5,62.8,180.0,2.8,11,0,0.0,0.0
2026-04-20,organic_search,mobile,761,423,44.4,66.0,2.3,423,24,4281.32,3.15
2026-04-20,organic_search,desktop,365,220,39.5,129.0,2.4,277,7,637.0,1.92
2026-04-20,organic_search,tablet,133,69,47.7,227.0,4.0,77,4,690.09,3.01
2026-04-20,paid_search,mobile,682,390,42.7,57.0,2.8,356,25,5305.18,3.67
2026-04-20,paid_search,desktop,307,203,33.8,85.0,3.6,197,7,837.29,2.28
2026-04-20,paid_search,tablet,107,64,40.0,70.0,3.0,53,3,472.79,2.8
2026-04-20,paid_social,mobile,550,265,51.7,147.0,4.4,281,8,1591.03,1.45
2026-04-20,paid_social,desktop,352,149,57.5,63.0,4.0,183,5,798.94,1.42
2026-04-20,paid_social,tablet,99,41,57.7,63.0,3.5,51,2,242.9,2.02
2026-04-20,direct,mobile,471,320,31.9,241.0,3.5,332,13,2823.09,2.76
2026-04-20,direct,desktop,276,197,28.4,176.0,4.6,208,12,1609.08,4.35
2026-04-20,direct,tablet,89,61,30.6,73.0,1.4,60,2,176.01,2.25
2026-04-20,email,mobile,209,157,24.9,186.0,5.2,158,7,1240.81,3.35
2026-04-20,email,desktop,168,129,23.0,229.0,2.3,104,9,1788.06,5.36
2026-04-20,email,tablet,62,47,23.8,194.0,4.9,48,2,163.27,3.23
2026-04-20,referral,mobile,148,71,51.9,154.0,2.5,85,2,184.91,1.35
2026-04-20,referral,desktop,99,50,49.3,142.0,2.0,50,1,197.73,1.01
2026-04-20,referral,tablet,25,13,46.6,181.0,3.9,16,0,0.0,0.0
2026-04-20,organic_social,mobile,167,77,53.6,147.0,2.2,133,1,93.96,0.6
2026-04-20,organic_social,desktop,88,31,64.0,84.0,3.3,63,1,83.56,1.14
2026-04-20,organic_social,tablet,25,9,62.9,154.0,1.2,19,0,0.0,0.0
2026-04-21,organic_search,mobile,592,341,42.3,147.0,3.4,299,11,1626.52,1.86
2026-04-21,organic_search,desktop,446,262,41.1,53.0,4.3,336,10,1431.34,2.24
2026-04-21,organic_search,tablet,137,68,49.7,57.0,1.5,71,3,532.47,2.19
2026-04-21,paid_search,mobile,712,468,34.2,74.0,1.7,512,21,3316.23,2.95
2026-04-21,paid_search,desktop,428,288,32.6,121.0,2.8,225,11,968.81,2.57
2026-04-21,paid_search,tablet,119,67,43.4,194.0,4.2,90,3,385.3,2.52
2026-04-21,paid_social,mobile,424,158,62.7,189.0,3.9,250,5,463.32,1.18
2026-04-21,paid_social,desktop,363,182,49.7,143.0,3.2,261,4,830.23,1.1
2026-04-21,paid_social,tablet,114,54,52.3,67.0,3.7,72,2,257.2,1.75
2026-04-21,direct,mobile,293,198,32.2,128.0,1.9,168,10,1762.14,3.41
2026-04-21,direct,desktop,301,201,33.1,216.0,4.6,236,10,1411.72,3.32
2026-04-21,direct,tablet,53,38,27.8,228.0,3.2,31,1,136.23,1.89
2026-04-21,email,mobile,295,214,27.2,147.0,4.6,206,12,2591.3,4.07
2026-04-21,email,desktop,146,111,23.4,133.0,1.7,76,7,634.26,4.79
2026-04-21,email,tablet,60,47,21.5,199.0,5.5,35,2,417.66,3.33
2026-04-21,referral,mobile,159,73,53.8,143.0,4.6,94,3,519.03,1.89
2026-04-21,referral,desktop,153,84,44.5,154.0,3.4,95,2,234.1,1.31
2026-04-21,referral,tablet,42,19,53.8,50.0,4.3,28,1,171.55,2.38
2026-04-21,organic_social,mobile,144,60,58.1,197.0,2.2,106,1,94.48,0.69
2026-04-21,organic_social,desktop,86,33,61.5,131.0,2.0,64,0,0.0,0.0
2026-04-21,organic_social,tablet,19,9,51.2,57.0,1.4,14,0,0.0,0.0
2026-04-22,organic_search,mobile,486,270,44.4,142.0,2.7,377,11,1571.01,2.26
2026-04-22,organic_search,desktop,487,275,43.5,188.0,1.6,283,10,1246.14,2.05
2026-04-22,organic_search,tablet,100,53,46.3,146.0,3.5,66,2,180.16,2.0
2026-04-22,paid_search,mobile,389,227,41.4,101.0,2.2,228,15,1694.77,3.86
2026-04-22,paid_search,desktop,269,154,42.5,176.0,4.6,145,7,606.2,2.6
2026-04-22,paid_search,tablet,89,51,41.6,202.0,3.9,49,3,389.44,3.37
2026-04-22,paid_social,mobile,407,183,54.9,151.0,1.7,309,7,1196.46,1.72
2026-04-22,paid_social,desktop,383,151,60.4,50.0,4.3,288,7,692.53,1.83
2026-04-22,paid_social,tablet,107,47,56.1,144.0,2.4,69,2,217.26,1.87
2026-04-22,direct,mobile,489,354,27.5,202.0,1.6,279,15,2960.81,3.07
2026-04-22,direct,desktop,235,172,26.7,248.0,3.8,159,7,634.93,2.98
2026-04-22,direct,tablet,88,59,32.3,157.0,2.2,63,2,369.45,2.27
2026-04-22,email,mobile,204,155,23.8,87.0,4.3,144,7,1084.15,3.43
2026-04-22,email,desktop,186,142,23.3,113.0,1.7,138,5,992.6,2.69
2026-04-22,email,tablet,56,42,24.7,53.0,4.7,38,2,296.46,3.57
2026-04-22,referral,mobile,220,94,56.9,213.0,1.8,138,5,472.37,2.27
2026-04-22,referral,desktop,115,51,55.6,100.0,2.4,64,2,378.91,1.74
2026-04-22,referral,tablet,42,22,46.1,149.0,2.3,26,0,0.0,0.0
2026-04-22,organic_social,mobile,103,47,54.2,98.0,3.2,57,1,108.3,0.97
2026-04-22,organic_social,desktop,100,47,52.7,183.0,2.5,69,0,0.0,0.0
2026-04-22,organic_social,tablet,22,10,51.2,152.0,4.9,17,0,0.0,0.0
2026-04-23,organic_search,mobile,781,462,40.7,209.0,2.0,432,20,3114.71,2.56
2026-04-23,organic_search,desktop,492,262,46.5,137.0,1.3,336,13,2389.19,2.64
2026-04-23,organic_search,tablet,112,65,41.7,200.0,4.7,66,2,358.73,1.79
2026-04-23,paid_search,mobile,624,402,35.5,203.0,3.2,483,20,3131.01,3.21
2026-04-23,paid_search,desktop,416,240,42.3,139.0,4.0,215,15,1602.09,3.61
2026-04-23,paid_search,tablet,97,62,35.6,151.0,4.4,72,2,423.16,2.06
2026-04-23,paid_social,mobile,641,288,54.9,53.0,3.9,357,9,868.1,1.4
2026-04-23,paid_social,desktop,257,121,52.9,190.0,3.3,136,4,709.95,1.56
2026-04-23,paid_social,tablet,110,44,60.0,101.0,4.2,76,1,108.77,0.91
2026-04-23,direct,mobile,359,261,27.1,74.0,5.5,187,13,1931.7,3.62
2026-04-23,direct,desktop,281,184,34.2,168.0,4.5,157,10,1444.26,3.56
2026-04-23,direct,tablet,90,65,27.1,63.0,1.9,65,3,544.73,3.33
2026-04-23,email,mobile,251,184,26.6,64.0,2.7,169,13,1125.99,5.18
2026-04-23,email,desktop,184,142,22.4,125.0,2.6,120,7,1376.08,3.8
2026-04-23,email,tablet,41,31,22.7,154.0,4.6,22,1,181.4,2.44
2026-04-23,referral,mobile,169,84,50.1,54.0,2.8,125,4,606.6,2.37
2026-04-23,referral,desktop,143,74,47.8,193.0,3.7,79,2,408.18,1.4
2026-04-23,referral,tablet,43,21,50.6,45.0,4.5,30,0,0.0,0.0
2026-04-23,organic_social,mobile,149,68,53.9,84.0,2.0,102,2,320.91,1.34
2026-04-23,organic_social,desktop,104,36,64.6,146.0,1.9,57,1,187.78,0.96
2026-04-23,organic_social,tablet,32,14,53.2,106.0,3.0,21,0,0.0,0.0
2026-04-24,organic_search,mobile,870,449,48.3,107.0,4.6,571,27,4591.25,3.1
2026-04-24,organic_search,desktop,318,172,45.9,88.0,3.6,242,6,1036.04,1.89
2026-04-24,organic_search,tablet,94,53,43.6,129.0,4.6,60,1,175.06,1.06
2026-04-24,paid_search,mobile,530,319,39.8,93.0,2.7,286,15,2344.59,2.83
2026-04-24,paid_search,desktop,274,169,38.2,123.0,1.5,216,8,1069.84,2.92
2026-04-24,paid_search,tablet,117,77,33.9,73.0,2.7,73,4,554.44,3.42
2026-04-24,paid_social,mobile,610,324,46.9,150.0,1.8,327,11,1489.87,1.8
2026-04-24,paid_social,desktop,322,135,57.9,130.0,2.4,192,7,1510.17,2.17
2026-04-24,paid_social,tablet,75,30,59.0,182.0,2.4,47,1,145.26,1.33
2026-04-24,direct,mobile,534,375,29.6,188.0,2.2,406,20,1864.77,3.75
2026-04-24,direct,desktop,242,175,27.5,178.0,4.3,182,9,1510.45,3.72
2026-04-24,direct,tablet,78,57,26.4,166.0,4.6,41,3,524.03,3.85
2026-04-24,email,mobile,235,180,23.0,108.0,3.0,153,7,1051.49,2.98
2026-04-24,email,desktop,214,159,25.5,163.0,4.5,134,9,1027.62,4.21
2026-04-24,email,tablet,38,27,28.5,179.0,4.5,21,1,162.82,2.63
2026-04-24,referral,mobile,224,126,43.5,161.0,4.6,144,3,514.41,1.34
2026-04-24,referral,desktop,106,52,50.4,162.0,1.5,66,2,399.12,1.89
2026-04-24,referral,tablet,29,15,47.7,197.0,3.3,18,0,0.0,0.0
2026-04-24,organic_social,mobile,107,37,65.3,131.0,3.5,80,1,181.59,0.93
2026-04-24,organic_social,desktop,94,31,66.0,136.0,1.3,53,1,107.1,1.06
2026-04-24,organic_social,tablet,19,7,62.1,145.0,3.7,14,0,0.0,0.0
2026-04-25,organic_search,mobile,588,336,42.7,128.0,5.2,405,16,1459.87,2.72
2026-04-25,organic_search,desktop,368,178,51.6,48.0,3.3,185,8,671.88,2.17
2026-04-25,organic_search,tablet,93,51,45.0,139.0,3.6,56,2,188.98,2.15
2026-04-25,paid_search,mobile,503,338,32.6,218.0,5.0,311,19,1816.0,3.78
2026-04-25,paid_search,desktop,239,139,41.7,82.0,1.9,158,7,714.07,2.93
2026-04-25,paid_search,tablet,74,46,36.9,183.0,4.0,37,2,399.73,2.7
2026-04-25,paid_social,mobile,341,138,59.4,192.0,1.4,236,4,803.38,1.17
2026-04-25,paid_social,desktop,215,83,61.3,186.0,3.9,130,3,247.4,1.4
2026-04-25,paid_social,tablet,72,35,50.9,120.0,4.0,48,1,173.79,1.39
2026-04-25,direct,mobile,264,195,25.8,238.0,5.3,176,9,1853.75,3.41
2026-04-25,direct,desktop,219,147,32.5,158.0,2.3,142,9,1091.0,4.11
2026-04-25,direct,tablet,58,41,28.3,79.0,5.1,30,2,412.51,3.45
2026-04-25,email,mobile,281,218,22.2,236.0,1.7,222,13,1677.06,4.63
2026-04-25,email,desktop,179,130,27.0,188.0,2.1,119,8,655.65,4.47
2026-04-25,email,tablet,45,34,24.1,155.0,1.5,30,1,147.62,2.22
2026-04-25,referral,mobile,147,72,50.4,68.0,1.5,109,3,256.51,2.04
2026-04-25,referral,desktop,112,58,48.0,139.0,1.8,79,2,239.54,1.79
2026-04-25,referral,tablet,28,13,51.1,103.0,1.8,20,0,0.0,0.0
2026-04-25,organic_social,mobile,126,48,61.2,179.0,1.6,76,1,203.56,0.79
2026-04-25,organic_social,desktop,61,21,64.0,145.0,3.8,39,0,0.0,0.0
2026-04-25,organic_social,tablet,15,6,54.5,202.0,4.7,11,0,0.0,0.0
2026-04-26,organic_search,mobile,580,331,42.8,199.0,2.0,340,12,2588.98,2.07
2026-04-26,organic_search,desktop,334,173,48.2,46.0,4.4,227,6,650.52,1.8
2026-04-26,organic_search,tablet,119,60,49.2,127.0,1.6,69,3,525.63,2.52
2026-04-26,paid_search,mobile,379,242,35.9,112.0,2.5,257,10,1047.6,2.64
2026-04-26,paid_search,desktop,323,211,34.6,229.0,5.3,177,7,1486.74,2.17
2026-04-26,paid_search,tablet,95,60,36.2,99.0,4.0,53,2,172.05,2.11
2026-04-26,paid_social,mobile,455,222,51.1,219.0,3.3,351,7,1445.74,1.54
2026-04-26,paid_social,desktop,326,150,53.8,105.0,2.7,223,6,707.41,1.84
2026-04-26,paid_social,tablet,88,36,58.2,121.0,4.7,48,1,89.74,1.14
2026-04-26,direct,mobile,339,235,30.4,94.0,3.5,203,15,3036.59,4.42
2026-04-26,direct,desktop,162,119,25.9,97.0,3.8,109,6,1016.54,3.7
2026-04-26,direct,tablet,52,37,27.0,173.0,3.9,30,1,180.04,1.92
2026-04-26,email,mobile,237,185,21.9,203.0,5.0,186,7,1436.18,2.95
2026-04-26,email,desktop,138,105,23.4,78.0,4.3,72,6,585.86,4.35
2026-04-26,email,tablet,30,22,26.3,204.0,3.6,23,1,87.31,3.33
2026-04-26,referral,mobile,199,99,49.8,170.0,1.5,129,4,436.86,2.01
2026-04-26,referral,desktop,93,47,48.7,166.0,1.6,53,1,187.12,1.08
2026-04-26,referral,tablet,20,8,55.5,126.0,2.5,12,0,0.0,0.0
2026-04-26,organic_social,mobile,84,40,51.7,105.0,2.4,53,0,0.0,0.0
2026-04-26,organic_social,desktop,63,23,63.0,185.0,3.8,33,0,0.0,0.0
2026-04-26,organic_social,tablet,23,8,63.1,187.0,1.5,13,0,0.0,0.0
