date,campaign_id,campaign_name,campaign_type,impressions,clicks,cost,conversions,conversion_value,ctr,avg_cpc,cost_per_conversion,roas
2024-07-16,C001,Brand - Olist,SEARCH,2589,106,76.47,2,213.04,4.13,0.72,38.23,2.79
2024-07-16,C002,Generic - Electronics,SEARCH,2057,82,54.68,1,244.88,4.01,0.67,54.68,4.48
2024-07-16,C003,Generic - Home & Garden,SEARCH,3358,104,51.19,2,338.42,3.1,0.49,25.59,6.61
2024-07-16,C004,Shopping - All Products,SHOPPING,4297,78,27.72,1,142.28,1.83,0.36,27.72,5.13
2024-07-16,C005,Display - Retargeting,DISPLAY,10904,60,8.82,0,0.0,0.56,0.15,8.82,0.0
2024-07-16,C006,YouTube - Brand Awareness,VIDEO,8942,93,7.28,0,0.0,1.04,0.08,7.28,0.0
2024-07-17,C001,Brand - Olist,SEARCH,3089,90,63.13,1,164.18,2.94,0.7,63.13,2.6
2024-07-17,C002,Generic - Electronics,SEARCH,2522,102,53.48,2,336.82,4.07,0.52,26.74,6.3
2024-07-17,C003,Generic - Home & Garden,SEARCH,3598,110,90.24,4,928.48,3.06,0.82,22.56,10.29
2024-07-17,C004,Shopping - All Products,SHOPPING,5928,138,33.12,1,135.31,2.34,0.24,33.12,4.09
2024-07-17,C005,Display - Retargeting,DISPLAY,13064,59,13.22,0,0.0,0.45,0.22,13.22,0.0
2024-07-17,C006,YouTube - Brand Awareness,VIDEO,8237,110,8.69,0,0.0,1.35,0.08,8.69,0.0
2024-07-18,C001,Brand - Olist,SEARCH,2461,97,68.96,3,277.76,3.94,0.71,22.99,4.03
2024-07-18,C002,Generic - Electronics,SEARCH,3202,94,72.94,2,181.61,2.96,0.78,36.47,2.49
2024-07-18,C003,Generic - Home & Garden,SEARCH,3103,101,72.76,3,480.83,3.26,0.72,24.25,6.61
2024-07-18,C004,Shopping - All Products,SHOPPING,4321,93,36.11,2,327.89,2.17,0.39,18.05,9.08
2024-07-18,C005,Display - Retargeting,DISPLAY,14190,68,8.54,0,0.0,0.49,0.13,8.54,0.0
2024-07-18,C006,YouTube - Brand Awareness,VIDEO,9330,112,15.7,0,0.0,1.2,0.14,15.7,0.0
2024-07-19,C001,Brand - Olist,SEARCH,2930,85,45.66,3,652.14,2.91,0.54,15.22,14.28
2024-07-19,C002,Generic - Electronics,SEARCH,3780,151,113.44,5,858.44,4.02,0.75,22.69,7.57
2024-07-19,C003,Generic - Home & Garden,SEARCH,4145,168,92.22,3,457.82,4.05,0.55,30.74,4.96
2024-07-19,C004,Shopping - All Products,SHOPPING,6668,152,33.75,3,353.27,2.29,0.22,11.25,10.47
2024-07-19,C005,Display - Retargeting,DISPLAY,10806,50,11.9,0,0.0,0.47,0.24,11.9,0.0
2024-07-19,C006,YouTube - Brand Awareness,VIDEO,9640,137,19.76,0,0.0,1.43,0.14,19.76,0.0
2024-07-20,C001,Brand - Olist,SEARCH,3048,86,57.65,1,127.37,2.85,0.67,57.65,2.21
2024-07-20,C002,Generic - Electronics,SEARCH,4357,136,64.85,5,605.75,3.14,0.48,12.97,9.34
2024-07-20,C003,Generic - Home & Garden,SEARCH,3861,149,76.81,3,562.48,3.87,0.52,25.6,7.32
2024-07-20,C004,Shopping - All Products,SHOPPING,6048,122,29.33,2,223.42,2.03,0.24,14.66,7.62
2024-07-20,C005,Display - Retargeting,DISPLAY,10142,52,10.69,0,0.0,0.52,0.21,10.69,0.0
2024-07-20,C006,YouTube - Brand Awareness,VIDEO,11414,119,14.79,0,0.0,1.04,0.12,14.79,0.0
2024-07-21,C001,Brand - Olist,SEARCH,3166,93,74.55,2,384.39,2.96,0.8,37.27,5.16
2024-07-21,C002,Generic - Electronics,SEARCH,4166,149,94.93,2,465.05,3.58,0.64,47.47,4.9
2024-07-21,C003,Generic - Home & Garden,SEARCH,4340,159,88.68,5,1162.54,3.69,0.56,17.74,13.11
2024-07-21,C004,Shopping - All Products,SHOPPING,6900,153,55.4,2,465.51,2.22,0.36,27.7,8.4
2024-07-21,C005,Display - Retargeting,DISPLAY,14894,59,7.96,0,0.0,0.4,0.13,7.96,0.0
2024-07-21,C006,YouTube - Brand Awareness,VIDEO,10807,139,16.88,0,0.0,1.29,0.12,16.88,0.0
2024-07-22,C001,Brand - Olist,SEARCH,2506,96,65.96,3,529.84,3.85,0.69,21.99,8.03
2024-07-22,C002,Generic - Electronics,SEARCH,2117,70,36.89,2,293.65,3.31,0.53,18.45,7.96
2024-07-22,C003,Generic - Home & Garden,SEARCH,3458,127,94.94,3,491.18,3.68,0.75,31.65,5.17
2024-07-22,C004,Shopping - All Products,SHOPPING,3660,79,22.31,2,220.22,2.18,0.28,11.15,9.87
2024-07-22,C005,Display - Retargeting,DISPLAY,14159,83,19.47,0,0.0,0.59,0.23,19.47,0.0
2024-07-22,C006,YouTube - Brand Awareness,VIDEO,8038,114,16.45,0,0.0,1.42,0.14,16.45,0.0
2024-07-23,C001,Brand - Olist,SEARCH,3389,109,53.09,4,793.3,3.24,0.49,13.27,14.94
2024-07-23,C002,Generic - Electronics,SEARCH,2917,85,57.18,1,168.12,2.94,0.67,57.18,2.94
2024-07-23,C003,Generic - Home & Garden,SEARCH,3433,131,92.59,3,389.73,3.84,0.71,30.86,4.21
2024-07-23,C004,Shopping - All Products,SHOPPING,5311,119,48.99,2,330.52,2.25,0.41,24.5,6.75
2024-07-23,C005,Display - Retargeting,DISPLAY,13204,69,14.39,0,0.0,0.53,0.21,14.39,0.0
2024-07-23,C006,YouTube - Brand Awareness,VIDEO,7772,78,9.05,0,0.0,1.01,0.12,9.05,0.0
2024-07-24,C001,Brand - Olist,SEARCH,3051,110,47.21,4,564.93,3.63,0.43,11.8,11.97
2024-07-24,C002,Generic - Electronics,SEARCH,2716,95,70.03,3,283.53,3.53,0.74,23.34,4.05
2024-07-24,C003,Generic - Home & Garden,SEARCH,2558,90,57.75,3,737.68,3.54,0.64,19.25,12.77
2024-07-24,C004,Shopping - All Products,SHOPPING,5654,105,41.56,2,186.68,1.86,0.4,20.78,4.49
2024-07-24,C005,Display - Retargeting,DISPLAY,10012,59,13.27,0,0.0,0.59,0.22,13.27,0.0
2024-07-24,C006,YouTube - Brand Awareness,VIDEO,8335,90,10.25,0,0.0,1.08,0.11,10.25,0.0
2024-07-25,C001,Brand - Olist,SEARCH,4455,170,110.06,4,488.46,3.83,0.65,27.52,4.44
2024-07-25,C002,Generic - Electronics,SEARCH,3197,123,51.97,2,173.85,3.86,0.42,25.98,3.35
2024-07-25,C003,Generic - Home & Garden,SEARCH,4246,160,98.24,4,641.96,3.79,0.61,24.56,6.53
2024-07-25,C004,Shopping - All Products,SHOPPING,4501,87,26.83,2,175.4,1.95,0.31,13.41,6.54
2024-07-25,C005,Display - Retargeting,DISPLAY,12946,67,12.34,0,0.0,0.53,0.18,12.34,0.0
2024-07-25,C006,YouTube - Brand Awareness,VIDEO,7794,98,7.39,0,0.0,1.27,0.08,7.39,0.0
2024-07-26,C001,Brand - Olist,SEARCH,3265,120,72.88,4,582.55,3.7,0.61,18.22,7.99
2024-07-26,C002,Generic - Electronics,SEARCH,4468,181,90.15,3,249.29,4.07,0.5,30.05,2.77
2024-07-26,C003,Generic - Home & Garden,SEARCH,2648,99,44.17,3,251.87,3.76,0.45,14.72,5.7
2024-07-26,C004,Shopping - All Products,SHOPPING,6656,121,29.83,3,687.51,1.83,0.25,9.94,23.05
2024-07-26,C005,Display - Retargeting,DISPLAY,15974,89,13.98,0,0.0,0.56,0.16,13.98,0.0
2024-07-26,C006,YouTube - Brand Awareness,VIDEO,13590,157,15.83,0,0.0,1.16,0.1,15.83,0.0
2024-07-27,C001,Brand - Olist,SEARCH,4252,144,105.01,2,466.87,3.4,0.73,52.51,4.45
2024-07-27,C002,Generic - Electronics,SEARCH,3511,138,75.87,3,245.53,3.96,0.55,25.29,3.24
2024-07-27,C003,Generic - Home & Garden,SEARCH,4351,127,69.79,5,887.42,2.93,0.55,13.96,12.72
2024-07-27,C004,Shopping - All Products,SHOPPING,6042,118,33.65,3,623.71,1.96,0.29,11.22,18.54
2024-07-27,C005,Display - Retargeting,DISPLAY,16449,91,12.16,0,0.0,0.56,0.13,12.16,0.0
2024-07-27,C006,YouTube - Brand Awareness,VIDEO,10131,140,13.9,0,0.0,1.39,0.1,13.9,0.0
2024-07-28,C001,Brand - Olist,SEARCH,3748,110,49.67,2,439.43,2.94,0.45,24.84,8.85
2024-07-28,C002,Generic - Electronics,SEARCH,3933,114,51.51,2,286.02,2.91,0.45,25.75,5.55
2024-07-28,C003,Generic - Home & Garden,SEARCH,4156,171,141.45,4,376.78,4.13,0.83,35.36,2.66
2024-07-28,C004,Shopping - All Products,SHOPPING,6531,133,41.77,2,327.49,2.05,0.31,20.89,7.84
2024-07-28,C005,Display - Retargeting,DISPLAY,9895,48,6.21,0,0.0,0.49,0.13,6.21,0.0
2024-07-28,C006,YouTube - Brand Awareness,VIDEO,12050,149,21.49,0,0.0,1.24,0.14,21.49,0.0
2024-07-29,C001,Brand - Olist,SEARCH,2335,96,40.47,1,231.49,4.15,0.42,40.47,5.72
2024-07-29,C002,Generic - Electronics,SEARCH,2846,119,53.22,4,675.71,4.19,0.45,13.3,12.7
2024-07-29,C003,Generic - Home & Garden,SEARCH,3017,113,68.46,3,699.59,3.77,0.61,22.82,10.22
2024-07-29,C004,Shopping - All Products,SHOPPING,3258,59,25.37,1,185.42,1.82,0.43,25.37,7.31
2024-07-29,C005,Display - Retargeting,DISPLAY,9704,42,7.53,0,0.0,0.44,0.18,7.53,0.0
2024-07-29,C006,YouTube - Brand Awareness,VIDEO,10790,154,19.22,0,0.0,1.43,0.12,19.22,0.0
2024-07-30,C001,Brand - Olist,SEARCH,3110,94,74.81,3,610.12,3.03,0.8,24.94,8.16
2024-07-30,C002,Generic - Electronics,SEARCH,2990,101,81.3,1,84.48,3.39,0.8,81.3,1.04
2024-07-30,C003,Generic - Home & Garden,SEARCH,2592,101,83.6,3,434.25,3.93,0.83,27.87,5.19
2024-07-30,C004,Shopping - All Products,SHOPPING,5743,130,52.7,2,252.96,2.27,0.41,26.35,4.8
2024-07-30,C005,Display - Retargeting,DISPLAY,8218,47,10.44,0,0.0,0.57,0.22,10.44,0.0
2024-07-30,C006,YouTube - Brand Awareness,VIDEO,9755,137,18.63,0,0.0,1.41,0.14,18.63,0.0
2024-07-31,C001,Brand - Olist,SEARCH,4453,162,82.9,5,704.44,3.65,0.51,16.58,8.5
2024-07-31,C002,Generic - Electronics,SEARCH,2688,100,63.32,2,449.74,3.74,0.63,31.66,7.1
2024-07-31,C003,Generic - Home & Garden,SEARCH,3609,129,100.83,2,169.79,3.59,0.78,50.41,1.68
2024-07-31,C004,Shopping - All Products,SHOPPING,6457,135,50.73,2,164.95,2.1,0.38,25.36,3.25
2024-07-31,C005,Display - Retargeting,DISPLAY,12744,66,11.26,0,0.0,0.52,0.17,11.26,0.0
2024-07-31,C006,YouTube - Brand Awareness,VIDEO,10588,141,14.47,0,0.0,1.34,0.1,14.47,0.0
2024-08-01,C001,Brand - Olist,SEARCH,2758,113,70.23,3,739.82,4.1,0.62,23.41,10.53
2024-08-01,C002,Generic - Electronics,SEARCH,3484,113,76.88,2,203.82,3.26,0.68,38.44,2.65
2024-08-01,C003,Generic - Home & Garden,SEARCH,2718,81,38.42,1,138.76,3.01,0.47,38.42,3.61
2024-08-01,C004,Shopping - All Products,SHOPPING,6933,137,50.37,2,173.9,1.98,0.37,25.18,3.45
2024-08-01,C005,Display - Retargeting,DISPLAY,11219,51,7.35,0,0.0,0.46,0.14,7.35,0.0
2024-08-01,C006,YouTube - Brand Awareness,VIDEO,8649,98,10.83,0,0.0,1.13,0.11,10.83,0.0
2024-08-02,C001,Brand - Olist,SEARCH,3768,109,85.06,1,127.07,2.91,0.78,85.06,1.49
2024-08-02,C002,Generic - Electronics,SEARCH,4143,159,78.44,4,649.48,3.85,0.49,19.61,8.28
2024-08-02,C003,Generic - Home & Garden,SEARCH,3748,124,75.53,2,245.83,3.32,0.61,37.77,3.25
2024-08-02,C004,Shopping - All Products,SHOPPING,6316,146,48.67,2,312.12,2.32,0.33,24.34,6.41
2024-08-02,C005,Display - Retargeting,DISPLAY,14273,64,9.95,0,0.0,0.45,0.16,9.95,0.0
2024-08-02,C006,YouTube - Brand Awareness,VIDEO,8682,96,7.9,0,0.0,1.12,0.08,7.9,0.0
2024-08-03,C001,Brand - Olist,SEARCH,4107,143,64.74,4,826.9,3.5,0.45,16.18,12.77
2024-08-03,C002,Generic - Electronics,SEARCH,3356,99,52.93,3,531.1,2.98,0.53,17.64,10.03
2024-08-03,C003,Generic - Home & Garden,SEARCH,3197,133,88.95,2,211.97,4.18,0.67,44.48,2.38
2024-08-03,C004,Shopping - All Products,SHOPPING,4746,82,21.45,1,232.45,1.73,0.26,21.45,10.84
2024-08-03,C005,Display - Retargeting,DISPLAY,10473,52,8.98,0,0.0,0.5,0.17,8.98,0.0
2024-08-03,C006,YouTube - Brand Awareness,VIDEO,13457,185,24.71,0,0.0,1.38,0.13,24.71,0.0
2024-08-04,C001,Brand - Olist,SEARCH,4401,157,102.77,5,558.99,3.58,0.65,20.55,5.44
2024-08-04,C002,Generic - Electronics,SEARCH,3129,106,66.56,2,367.61,3.4,0.63,33.28,5.52
2024-08-04,C003,Generic - Home & Garden,SEARCH,3056,110,52.89,3,266.43,3.61,0.48,17.63,5.04
2024-08-04,C004,Shopping - All Products,SHOPPING,5050,86,20.16,1,217.68,1.71,0.23,20.16,10.8
2024-08-04,C005,Display - Retargeting,DISPLAY,11938,64,13.8,0,0.0,0.54,0.22,13.8,0.0
2024-08-04,C006,YouTube - Brand Awareness,VIDEO,9547,134,18.03,0,0.0,1.41,0.13,18.03,0.0
2024-08-05,C001,Brand - Olist,SEARCH,3536,107,47.53,3,669.33,3.05,0.44,15.84,14.08
2024-08-05,C002,Generic - Electronics,SEARCH,2194,85,42.54,1,218.48,3.91,0.5,42.54,5.14
2024-08-05,C003,Generic - Home & Garden,SEARCH,3077,108,61.12,2,437.64,3.53,0.57,30.56,7.16
2024-08-05,C004,Shopping - All Products,SHOPPING,4316,82,26.45,2,330.92,1.9,0.32,13.22,12.51
2024-08-05,C005,Display - Retargeting,DISPLAY,9400,54,9.15,0,0.0,0.58,0.17,9.15,0.0
2024-08-05,C006,YouTube - Brand Awareness,VIDEO,6469,91,10.89,0,0.0,1.41,0.12,10.89,0.0
2024-08-06,C001,Brand - Olist,SEARCH,3001,106,83.61,2,265.99,3.55,0.79,41.8,3.18
2024-08-06,C002,Generic - Electronics,SEARCH,2377,91,39.17,3,687.15,3.84,0.43,13.06,17.54
2024-08-06,C003,Generic - Home & Garden,SEARCH,2534,100,46.26,2,295.08,3.95,0.46,23.13,6.38
2024-08-06,C004,Shopping - All Products,SHOPPING,5279,90,24.39,2,377.99,1.72,0.27,12.2,15.5
2024-08-06,C005,Display - Retargeting,DISPLAY,12503,63,9.66,0,0.0,0.51,0.15,9.66,0.0
2024-08-06,C006,YouTube - Brand Awareness,VIDEO,8820,101,10.85,0,0.0,1.15,0.11,10.85,0.0
2024-08-07,C001,Brand - Olist,SEARCH,3512,128,54.28,5,880.36,3.66,0.42,10.86,16.22
2024-08-07,C002,Generic - Electronics,SEARCH,3912,160,113.77,5,915.71,4.09,0.71,22.75,8.05
2024-08-07,C003,Generic - Home & Garden,SEARCH,3340,127,102.32,3,297.75,3.83,0.81,34.11,2.91
2024-08-07,C004,Shopping - All Products,SHOPPING,7229,164,40.67,4,672.81,2.27,0.25,10.17,16.54
2024-08-07,C005,Display - Retargeting,DISPLAY,14766,70,9.04,0,0.0,0.48,0.13,9.04,0.0
2024-08-07,C006,YouTube - Brand Awareness,VIDEO,9451,108,12.2,0,0.0,1.15,0.11,12.2,0.0
2024-08-08,C001,Brand - Olist,SEARCH,3998,137,69.88,2,219.97,3.43,0.51,34.94,3.15
2024-08-08,C002,Generic - Electronics,SEARCH,3496,118,94.11,3,562.45,3.39,0.8,31.37,5.98
2024-08-08,C003,Generic - Home & Garden,SEARCH,2477,92,45.14,1,150.49,3.73,0.49,45.14,3.33
2024-08-08,C004,Shopping - All Products,SHOPPING,4206,100,33.12,1,207.49,2.4,0.33,33.12,6.26
2024-08-08,C005,Display - Retargeting,DISPLAY,11563,67,9.89,0,0.0,0.58,0.15,9.89,0.0
2024-08-08,C006,YouTube - Brand Awareness,VIDEO,10908,108,14.09,0,0.0,0.99,0.13,14.09,0.0
2024-08-09,C001,Brand - Olist,SEARCH,3291,117,56.3,4,963.36,3.58,0.48,14.07,17.11
2024-08-09,C002,Generic - Electronics,SEARCH,3233,102,69.84,1,106.55,3.18,0.68,69.84,1.53
2024-08-09,C003,Generic - Home & Garden,SEARCH,3953,147,62.88,3,582.67,3.72,0.43,20.96,9.27
2024-08-09,C004,Shopping - All Products,SHOPPING,3986,67,26.59,1,120.49,1.68,0.4,26.59,4.53
2024-08-09,C005,Display - Retargeting,DISPLAY,10635,47,9.92,0,0.0,0.45,0.21,9.92,0.0
2024-08-09,C006,YouTube - Brand Awareness,VIDEO,11558,122,11.6,0,0.0,1.06,0.1,11.6,0.0
2024-08-10,C001,Brand - Olist,SEARCH,2886,81,39.86,2,463.51,2.84,0.49,19.93,11.63
2024-08-10,C002,Generic - Electronics,SEARCH,4166,136,71.34,4,502.28,3.28,0.52,17.84,7.04
2024-08-10,C003,Generic - Home & Garden,SEARCH,3760,126,81.45,3,723.71,3.37,0.65,27.15,8.89
2024-08-10,C004,Shopping - All Products,SHOPPING,6485,111,45.73,3,647.93,1.71,0.41,15.24,14.17
2024-08-10,C005,Display - Retargeting,DISPLAY,13371,54,8.39,0,0.0,0.4,0.16,8.39,0.0
2024-08-10,C006,YouTube - Brand Awareness,VIDEO,8227,111,16.19,0,0.0,1.36,0.15,16.19,0.0
2024-08-11,C001,Brand - Olist,SEARCH,2488,101,47.02,2,348.42,4.08,0.47,23.51,7.41
2024-08-11,C002,Generic - Electronics,SEARCH,3817,151,75.87,3,699.01,3.96,0.5,25.29,9.21
2024-08-11,C003,Generic - Home & Garden,SEARCH,4285,155,103.33,3,706.35,3.64,0.67,34.44,6.84
2024-08-11,C004,Shopping - All Products,SHOPPING,5327,101,33.83,1,205.47,1.91,0.33,33.83,6.07
2024-08-11,C005,Display - Retargeting,DISPLAY,10495,54,8.24,0,0.0,0.52,0.15,8.24,0.0
2024-08-11,C006,YouTube - Brand Awareness,VIDEO,11879,130,14.97,0,0.0,1.1,0.12,14.97,0.0
2024-08-12,C001,Brand - Olist,SEARCH,3190,98,42.09,3,266.23,3.1,0.43,14.03,6.33
2024-08-12,C002,Generic - Electronics,SEARCH,2793,101,56.13,1,92.77,3.64,0.56,56.13,1.65
2024-08-12,C003,Generic - Home & Garden,SEARCH,3183,111,78.06,2,438.49,3.49,0.7,39.03,5.62
2024-08-12,C004,Shopping - All Products,SHOPPING,5284,113,31.7,2,191.14,2.16,0.28,15.85,6.03
2024-08-12,C005,Display - Retargeting,DISPLAY,14004,59,14.1,0,0.0,0.43,0.24,14.1,0.0
2024-08-12,C006,YouTube - Brand Awareness,VIDEO,10279,134,17.79,0,0.0,1.31,0.13,17.79,0.0
2024-08-13,C001,Brand - Olist,SEARCH,2379,82,41.71,3,260.11,3.49,0.51,13.9,6.24
2024-08-13,C002,Generic - Electronics,SEARCH,3145,128,62.94,5,428.85,4.1,0.49,12.59,6.81
2024-08-13,C003,Generic - Home & Garden,SEARCH,3131,100,80.15,4,642.47,3.22,0.8,20.04,8.02
2024-08-13,C004,Shopping - All Products,SHOPPING,5453,124,36.07,1,181.37,2.28,0.29,36.07,5.03
2024-08-13,C005,Display - Retargeting,DISPLAY,9385,39,5.15,0,0.0,0.42,0.13,5.15,0.0
2024-08-13,C006,YouTube - Brand Awareness,VIDEO,6209,69,7.81,0,0.0,1.11,0.11,7.81,0.0
2024-08-14,C001,Brand - Olist,SEARCH,4310,157,80.62,6,501.69,3.66,0.51,13.44,6.22
2024-08-14,C002,Generic - Electronics,SEARCH,4286,151,121.95,6,837.73,3.54,0.81,20.32,6.87
2024-08-14,C003,Generic - Home & Garden,SEARCH,4061,136,83.83,5,1236.47,3.36,0.62,16.77,14.75
2024-08-14,C004,Shopping - All Products,SHOPPING,6501,125,39.18,2,197.56,1.93,0.31,19.59,5.04
2024-08-14,C005,Display - Retargeting,DISPLAY,12778,58,9.21,0,0.0,0.46,0.16,9.21,0.0
2024-08-14,C006,YouTube - Brand Awareness,VIDEO,13572,158,16.08,0,0.0,1.17,0.1,16.08,0.0
2024-08-15,C001,Brand - Olist,SEARCH,4101,119,70.26,4,637.83,2.93,0.59,17.57,9.08
2024-08-15,C002,Generic - Electronics,SEARCH,3738,113,93.71,4,761.76,3.03,0.83,23.43,8.13
2024-08-15,C003,Generic - Home & Garden,SEARCH,3726,131,67.15,2,223.39,3.52,0.51,33.58,3.33
2024-08-15,C004,Shopping - All Products,SHOPPING,6539,122,28.46,3,713.15,1.88,0.23,9.49,25.06
2024-08-15,C005,Display - Retargeting,DISPLAY,18157,78,13.34,0,0.0,0.43,0.17,13.34,0.0
2024-08-15,C006,YouTube - Brand Awareness,VIDEO,12489,133,11.96,0,0.0,1.07,0.09,11.96,0.0
2024-08-16,C001,Brand - Olist,SEARCH,3208,129,82.57,5,1212.3,4.03,0.64,16.51,14.68
2024-08-16,C002,Generic - Electronics,SEARCH,5173,203,169.94,3,448.31,3.93,0.84,56.65,2.64
2024-08-16,C003,Generic - Home & Garden,SEARCH,3925,124,108.08,2,234.86,3.16,0.87,54.04,2.17
2024-08-16,C004,Shopping - All Products,SHOPPING,7547,125,61.96,2,361.42,1.66,0.5,30.98,5.83
2024-08-16,C005,Display - Retargeting,DISPLAY,20311,95,23.71,0,0.0,0.47,0.25,23.71,0.0
2024-08-16,C006,YouTube - Brand Awareness,VIDEO,15025,191,31.55,0,0.0,1.28,0.17,31.55,0.0
2024-08-17,C001,Brand - Olist,SEARCH,4753,178,145.71,3,689.24,3.75,0.82,48.57,4.73
2024-08-17,C002,Generic - Electronics,SEARCH,5198,147,135.74,3,619.19,2.84,0.92,45.25,4.56
2024-08-17,C003,Generic - Home & Garden,SEARCH,3384,133,123.24,2,257.59,3.95,0.93,61.62,2.09
2024-08-17,C004,Shopping - All Products,SHOPPING,7277,173,75.59,4,687.19,2.38,0.44,18.9,9.09
2024-08-17,C005,Display - Retargeting,DISPLAY,19854,83,21.74,0,0.0,0.42,0.26,21.74,0.0
2024-08-17,C006,YouTube - Brand Awareness,VIDEO,13764,193,18.99,0,0.0,1.41,0.1,18.99,0.0
2024-08-18,C001,Brand - Olist,SEARCH,3742,141,76.11,3,556.67,3.79,0.54,25.37,7.31
2024-08-18,C002,Generic - Electronics,SEARCH,3091,124,123.76,4,408.46,4.02,1.0,30.94,3.3
2024-08-18,C003,Generic - Home & Garden,SEARCH,4908,139,71.85,4,843.88,2.83,0.52,17.96,11.75
2024-08-18,C004,Shopping - All Products,SHOPPING,7547,147,50.13,3,470.21,1.96,0.34,16.71,9.38
2024-08-18,C005,Display - Retargeting,DISPLAY,13568,75,18.9,0,0.0,0.56,0.25,18.9,0.0
2024-08-18,C006,YouTube - Brand Awareness,VIDEO,13932,152,26.47,0,0.0,1.09,0.17,26.47,0.0
2024-08-19,C001,Brand - Olist,SEARCH,3236,119,84.11,4,598.35,3.69,0.71,21.03,7.11
2024-08-19,C002,Generic - Electronics,SEARCH,4203,131,80.37,4,570.6,3.12,0.61,20.09,7.1
2024-08-19,C003,Generic - Home & Garden,SEARCH,4143,143,142.34,5,1060.11,3.46,1.0,28.47,7.45
2024-08-19,C004,Shopping - All Products,SHOPPING,6324,143,67.43,2,171.06,2.28,0.47,33.72,2.54
2024-08-19,C005,Display - Retargeting,DISPLAY,17034,89,23.78,0,0.0,0.52,0.27,23.78,0.0
2024-08-19,C006,YouTube - Brand Awareness,VIDEO,11335,132,14.14,0,0.0,1.17,0.11,14.14,0.0
2024-08-20,C001,Brand - Olist,SEARCH,2928,114,75.55,1,92.32,3.92,0.66,75.55,1.22
2024-08-20,C002,Generic - Electronics,SEARCH,3180,110,89.01,3,678.66,3.47,0.81,29.67,7.62
2024-08-20,C003,Generic - Home & Garden,SEARCH,3970,113,84.61,2,495.47,2.86,0.75,42.3,5.86
2024-08-20,C004,Shopping - All Products,SHOPPING,4273,85,36.83,2,163.32,2.0,0.43,18.41,4.43
2024-08-20,C005,Display - Retargeting,DISPLAY,12183,61,9.87,0,0.0,0.5,0.16,9.87,0.0
2024-08-20,C006,YouTube - Brand Awareness,VIDEO,9569,97,13.57,0,0.0,1.02,0.14,13.57,0.0
2024-08-21,C001,Brand - Olist,SEARCH,3402,100,82.76,1,239.16,2.95,0.83,82.76,2.89
2024-08-21,C002,Generic - Electronics,SEARCH,3107,110,95.08,3,648.88,3.56,0.86,31.69,6.82
2024-08-21,C003,Generic - Home & Garden,SEARCH,3840,151,82.49,4,875.76,3.94,0.55,20.62,10.62
2024-08-21,C004,Shopping - All Products,SHOPPING,6605,139,56.81,2,180.52,2.11,0.41,28.41,3.18
2024-08-21,C005,Display - Retargeting,DISPLAY,14420,62,17.26,0,0.0,0.43,0.28,17.26,0.0
2024-08-21,C006,YouTube - Brand Awareness,VIDEO,10318,138,20.43,0,0.0,1.34,0.15,20.43,0.0
2024-08-22,C001,Brand - Olist,SEARCH,3557,149,148.81,3,586.92,4.19,1.0,49.6,3.94
2024-08-22,C002,Generic - Electronics,SEARCH,3159,89,56.61,3,610.86,2.84,0.64,18.87,10.79
2024-08-22,C003,Generic - Home & Garden,SEARCH,4868,165,112.32,6,520.91,3.4,0.68,18.72,4.64
2024-08-22,C004,Shopping - All Products,SHOPPING,8297,171,65.87,3,685.45,2.06,0.39,21.96,10.41
2024-08-22,C005,Display - Retargeting,DISPLAY,21087,102,19.37,1,115.81,0.48,0.19,19.37,5.98
2024-08-22,C006,YouTube - Brand Awareness,VIDEO,13690,172,26.61,0,0.0,1.26,0.15,26.61,0.0
2024-08-23,C001,Brand - Olist,SEARCH,3433,107,106.68,4,654.75,3.13,1.0,26.67,6.14
2024-08-23,C002,Generic - Electronics,SEARCH,3605,144,105.26,3,542.4,4.02,0.73,35.09,5.15
2024-08-23,C003,Generic - Home & Garden,SEARCH,3391,113,112.55,3,405.85,3.35,1.0,37.52,3.61
2024-08-23,C004,Shopping - All Products,SHOPPING,7915,134,70.67,2,184.99,1.7,0.53,35.34,2.62
2024-08-23,C005,Display - Retargeting,DISPLAY,13631,68,13.52,0,0.0,0.5,0.2,13.52,0.0
2024-08-23,C006,YouTube - Brand Awareness,VIDEO,13646,177,18.44,0,0.0,1.3,0.1,18.44,0.0
2024-08-24,C001,Brand - Olist,SEARCH,4667,161,150.16,5,1138.03,3.46,0.93,30.03,7.58
2024-08-24,C002,Generic - Electronics,SEARCH,3499,103,66.14,3,717.67,2.96,0.64,22.05,10.85
2024-08-24,C003,Generic - Home & Garden,SEARCH,3075,91,66.83,2,332.46,2.97,0.73,33.41,4.97
2024-08-24,C004,Shopping - All Products,SHOPPING,4929,84,44.68,1,241.81,1.72,0.53,44.68,5.41
2024-08-24,C005,Display - Retargeting,DISPLAY,18419,105,22.72,0,0.0,0.57,0.22,22.72,0.0
2024-08-24,C006,YouTube - Brand Awareness,VIDEO,9993,97,11.32,0,0.0,0.97,0.12,11.32,0.0
2024-08-25,C001,Brand - Olist,SEARCH,5448,159,134.5,6,660.69,2.93,0.85,22.42,4.91
2024-08-25,C002,Generic - Electronics,SEARCH,4741,188,184.9,5,925.17,3.97,0.98,36.98,5.0
2024-08-25,C003,Generic - Home & Garden,SEARCH,5190,186,96.93,6,1170.04,3.6,0.52,16.16,12.07
2024-08-25,C004,Shopping - All Products,SHOPPING,5639,119,44.41,1,191.83,2.13,0.37,44.41,4.32
2024-08-25,C005,Display - Retargeting,DISPLAY,22094,90,26.47,0,0.0,0.41,0.29,26.47,0.0
2024-08-25,C006,YouTube - Brand Awareness,VIDEO,13262,174,29.17,0,0.0,1.31,0.17,29.17,0.0
2024-08-26,C001,Brand - Olist,SEARCH,4028,155,140.93,5,502.18,3.87,0.91,28.19,3.56
2024-08-26,C002,Generic - Electronics,SEARCH,3490,98,65.65,2,396.46,2.81,0.67,32.83,6.04
2024-08-26,C003,Generic - Home & Garden,SEARCH,3172,108,67.6,2,184.89,3.43,0.63,33.8,2.74
2024-08-26,C004,Shopping - All Products,SHOPPING,5777,123,53.34,2,453.53,2.13,0.43,26.67,8.5
2024-08-26,C005,Display - Retargeting,DISPLAY,13755,68,10.37,0,0.0,0.5,0.15,10.37,0.0
2024-08-26,C006,YouTube - Brand Awareness,VIDEO,10690,130,18.66,0,0.0,1.22,0.14,18.66,0.0
2024-08-27,C001,Brand - Olist,SEARCH,4329,122,73.78,4,930.66,2.83,0.6,18.45,12.61
2024-08-27,C002,Generic - Electronics,SEARCH,2876,117,62.74,3,291.72,4.1,0.54,20.91,4.65
2024-08-27,C003,Generic - Home & Garden,SEARCH,3371,106,68.88,3,514.97,3.16,0.65,22.96,7.48
2024-08-27,C004,Shopping - All Products,SHOPPING,4824,100,45.95,2,201.44,2.09,0.46,22.98,4.38
2024-08-27,C005,Display - Retargeting,DISPLAY,10998,58,10.19,0,0.0,0.54,0.18,10.19,0.0
2024-08-27,C006,YouTube - Brand Awareness,VIDEO,10611,114,19.97,0,0.0,1.08,0.18,19.97,0.0
2024-08-28,C001,Brand - Olist,SEARCH,3085,113,111.52,4,921.26,3.69,0.99,27.88,8.26
2024-08-28,C002,Generic - Electronics,SEARCH,3556,110,89.62,4,932.02,3.1,0.81,22.41,10.4
2024-08-28,C003,Generic - Home & Garden,SEARCH,3876,121,108.96,4,608.14,3.13,0.9,27.24,5.58
2024-08-28,C004,Shopping - All Products,SHOPPING,7483,125,54.35,3,325.69,1.68,0.43,18.12,5.99
2024-08-28,C005,Display - Retargeting,DISPLAY,19416,111,20.09,0,0.0,0.57,0.18,20.09,0.0
2024-08-28,C006,YouTube - Brand Awareness,VIDEO,13569,165,18.14,0,0.0,1.22,0.11,18.14,0.0
2024-08-29,C001,Brand - Olist,SEARCH,5493,164,140.6,4,807.97,2.99,0.86,35.15,5.75
2024-08-29,C002,Generic - Electronics,SEARCH,4740,198,113.0,6,1069.95,4.19,0.57,18.83,9.47
2024-08-29,C003,Generic - Home & Garden,SEARCH,3674,106,58.2,2,269.95,2.91,0.55,29.1,4.64
2024-08-29,C004,Shopping - All Products,SHOPPING,5684,107,30.64,1,216.06,1.88,0.29,30.64,7.05
2024-08-29,C005,Display - Retargeting,DISPLAY,14283,72,20.14,0,0.0,0.51,0.28,20.14,0.0
2024-08-29,C006,YouTube - Brand Awareness,VIDEO,11472,146,25.98,0,0.0,1.28,0.18,25.98,0.0
2024-08-30,C001,Brand - Olist,SEARCH,4161,120,94.82,2,394.6,2.88,0.79,47.41,4.16
2024-08-30,C002,Generic - Electronics,SEARCH,3487,123,68.22,4,556.35,3.55,0.55,17.05,8.16
2024-08-30,C003,Generic - Home & Garden,SEARCH,4670,182,177.39,4,423.64,3.91,0.97,44.35,2.39
2024-08-30,C004,Shopping - All Products,SHOPPING,8809,206,84.94,4,744.04,2.34,0.41,21.23,8.76
2024-08-30,C005,Display - Retargeting,DISPLAY,12809,70,11.74,0,0.0,0.55,0.17,11.74,0.0
2024-08-30,C006,YouTube - Brand Awareness,VIDEO,9201,101,11.39,0,0.0,1.11,0.11,11.39,0.0
2024-08-31,C001,Brand - Olist,SEARCH,4387,141,99.62,4,670.66,3.23,0.71,24.91,6.73
2024-08-31,C002,Generic - Electronics,SEARCH,5319,185,186.39,4,952.8,3.5,1.01,46.6,5.11
2024-08-31,C003,Generic - Home & Garden,SEARCH,3271,129,90.07,4,868.03,3.94,0.7,22.52,9.64
2024-08-31,C004,Shopping - All Products,SHOPPING,7983,147,42.54,2,396.28,1.84,0.29,21.27,9.32
2024-08-31,C005,Display - Retargeting,DISPLAY,15430,91,22.21,0,0.0,0.6,0.24,22.21,0.0
2024-08-31,C006,YouTube - Brand Awareness,VIDEO,15984,190,27.24,0,0.0,1.19,0.14,27.24,0.0
2024-09-01,C001,Brand - Olist,SEARCH,3991,119,82.3,2,205.96,3.0,0.69,41.15,2.5
2024-09-01,C002,Generic - Electronics,SEARCH,5430,193,191.88,4,664.18,3.57,0.99,47.97,3.46
2024-09-01,C003,Generic - Home & Garden,SEARCH,4095,120,99.58,3,571.6,2.95,0.83,33.19,5.74
2024-09-01,C004,Shopping - All Products,SHOPPING,5380,88,41.96,1,249.13,1.65,0.48,41.96,5.94
2024-09-01,C005,Display - Retargeting,DISPLAY,12489,67,19.77,0,0.0,0.54,0.3,19.77,0.0
2024-09-01,C006,YouTube - Brand Awareness,VIDEO,11245,113,17.07,0,0.0,1.01,0.15,17.07,0.0
2024-09-02,C001,Brand - Olist,SEARCH,4040,147,97.11,4,609.74,3.66,0.66,24.28,6.28
2024-09-02,C002,Generic - Electronics,SEARCH,2646,106,77.72,2,300.8,4.04,0.73,38.86,3.87
2024-09-02,C003,Generic - Home & Garden,SEARCH,4068,155,138.7,4,647.31,3.83,0.89,34.67,4.67
2024-09-02,C004,Shopping - All Products,SHOPPING,3870,69,32.52,1,116.58,1.81,0.47,32.52,3.58
2024-09-02,C005,Display - Retargeting,DISPLAY,9618,43,12.64,0,0.0,0.45,0.29,12.64,0.0
2024-09-02,C006,YouTube - Brand Awareness,VIDEO,7811,95,12.33,0,0.0,1.22,0.13,12.33,0.0
2024-09-03,C001,Brand - Olist,SEARCH,2686,87,76.44,2,294.12,3.25,0.88,38.22,3.85
2024-09-03,C002,Generic - Electronics,SEARCH,3317,129,123.44,4,534.48,3.9,0.96,30.86,4.33
2024-09-03,C003,Generic - Home & Garden,SEARCH,3783,129,81.86,2,466.6,3.41,0.63,40.93,5.7
2024-09-03,C004,Shopping - All Products,SHOPPING,5314,112,49.76,2,368.74,2.11,0.44,24.88,7.41
2024-09-03,C005,Display - Retargeting,DISPLAY,10063,50,8.55,0,0.0,0.5,0.17,8.55,0.0
2024-09-03,C006,YouTube - Brand Awareness,VIDEO,7395,74,11.34,0,0.0,1.0,0.15,11.34,0.0
2024-09-04,C001,Brand - Olist,SEARCH,5414,207,141.67,5,1058.46,3.83,0.68,28.33,7.47
2024-09-04,C002,Generic - Electronics,SEARCH,4661,142,84.32,4,839.77,3.06,0.59,21.08,9.96
2024-09-04,C003,Generic - Home & Garden,SEARCH,3650,103,56.37,2,421.54,2.83,0.55,28.18,7.48
2024-09-04,C004,Shopping - All Products,SHOPPING,7308,139,44.87,3,635.06,1.91,0.32,14.96,14.15
2024-09-04,C005,Display - Retargeting,DISPLAY,18467,93,14.41,0,0.0,0.51,0.15,14.41,0.0
2024-09-04,C006,YouTube - Brand Awareness,VIDEO,16421,205,28.95,0,0.0,1.25,0.14,28.95,0.0
2024-09-05,C001,Brand - Olist,SEARCH,3301,108,105.31,2,306.91,3.27,0.98,52.66,2.91
2024-09-05,C002,Generic - Electronics,SEARCH,4095,149,146.42,2,227.14,3.66,0.98,73.21,1.55
2024-09-05,C003,Generic - Home & Garden,SEARCH,5236,193,125.52,7,1567.35,3.7,0.65,17.93,12.49
2024-09-05,C004,Shopping - All Products,SHOPPING,8509,153,71.9,4,815.37,1.8,0.47,17.98,11.34
2024-09-05,C005,Display - Retargeting,DISPLAY,19819,105,18.39,1,239.36,0.53,0.18,18.39,13.02
2024-09-05,C006,YouTube - Brand Awareness,VIDEO,9255,96,9.7,0,0.0,1.04,0.1,9.7,0.0
2024-09-06,C001,Brand - Olist,SEARCH,4264,169,148.11,5,832.11,3.98,0.88,29.62,5.62
2024-09-06,C002,Generic - Electronics,SEARCH,3733,134,114.46,4,837.56,3.59,0.85,28.61,7.32
2024-09-06,C003,Generic - Home & Garden,SEARCH,3383,116,59.21,4,994.43,3.45,0.51,14.8,16.79
2024-09-06,C004,Shopping - All Products,SHOPPING,5164,99,47.71,2,409.24,1.92,0.48,23.86,8.58
2024-09-06,C005,Display - Retargeting,DISPLAY,18183,79,15.93,0,0.0,0.44,0.2,15.93,0.0
2024-09-06,C006,YouTube - Brand Awareness,VIDEO,14746,144,22.44,0,0.0,0.98,0.16,22.44,0.0
2024-09-07,C001,Brand - Olist,SEARCH,3808,114,75.28,4,570.45,3.01,0.66,18.82,7.58
2024-09-07,C002,Generic - Electronics,SEARCH,4118,156,148.82,4,600.58,3.81,0.95,37.2,4.04
2024-09-07,C003,Generic - Home & Garden,SEARCH,4748,133,108.94,4,383.23,2.8,0.82,27.23,3.52
2024-09-07,C004,Shopping - All Products,SHOPPING,7159,142,62.44,3,526.36,1.98,0.44,20.81,8.43
2024-09-07,C005,Display - Retargeting,DISPLAY,17618,91,22.69,0,0.0,0.52,0.25,22.69,0.0
2024-09-07,C006,YouTube - Brand Awareness,VIDEO,12736,126,11.9,0,0.0,1.0,0.09,11.9,0.0
2024-09-08,C001,Brand - Olist,SEARCH,4985,175,127.47,4,615.13,3.52,0.73,31.87,4.83
2024-09-08,C002,Generic - Electronics,SEARCH,3200,99,80.02,4,954.52,3.11,0.81,20.0,11.93
2024-09-08,C003,Generic - Home & Garden,SEARCH,4613,156,129.09,3,449.05,3.39,0.83,43.03,3.48
2024-09-08,C004,Shopping - All Products,SHOPPING,8186,156,65.66,2,283.16,1.91,0.42,32.83,4.31
2024-09-08,C005,Display - Retargeting,DISPLAY,15312,62,9.45,0,0.0,0.41,0.15,9.45,0.0
2024-09-08,C006,YouTube - Brand Awareness,VIDEO,11210,158,17.76,0,0.0,1.41,0.11,17.76,0.0
2024-09-09,C001,Brand - Olist,SEARCH,2759,108,79.65,2,187.4,3.92,0.74,39.83,2.35
2024-09-09,C002,Generic - Electronics,SEARCH,3864,135,98.1,4,428.06,3.5,0.73,24.52,4.36
2024-09-09,C003,Generic - Home & Garden,SEARCH,3624,108,95.66,4,366.89,2.99,0.89,23.91,3.84
2024-09-09,C004,Shopping - All Products,SHOPPING,3994,72,24.32,2,244.85,1.83,0.34,12.16,10.07
2024-09-09,C005,Display - Retargeting,DISPLAY,11739,64,13.8,0,0.0,0.55,0.22,13.8,0.0
2024-09-09,C006,YouTube - Brand Awareness,VIDEO,7345,72,12.25,0,0.0,0.99,0.17,12.25,0.0
2024-09-10,C001,Brand - Olist,SEARCH,3088,125,64.6,5,876.14,4.06,0.52,12.92,13.56
2024-09-10,C002,Generic - Electronics,SEARCH,4291,123,88.26,4,987.28,2.87,0.72,22.07,11.19
2024-09-10,C003,Generic - Home & Garden,SEARCH,2903,107,64.84,3,735.72,3.72,0.61,21.61,11.35
2024-09-10,C004,Shopping - All Products,SHOPPING,5794,108,32.22,1,122.66,1.88,0.3,32.22,3.81
2024-09-10,C005,Display - Retargeting,DISPLAY,16461,84,19.03,0,0.0,0.51,0.23,19.03,0.0
2024-09-10,C006,YouTube - Brand Awareness,VIDEO,7554,98,13.5,0,0.0,1.3,0.14,13.5,0.0
2024-09-11,C001,Brand - Olist,SEARCH,3397,140,130.99,3,450.0,4.12,0.94,43.66,3.44
2024-09-11,C002,Generic - Electronics,SEARCH,4634,165,88.65,6,948.42,3.56,0.54,14.78,10.7
2024-09-11,C003,Generic - Home & Garden,SEARCH,3107,121,73.52,2,272.27,3.9,0.61,36.76,3.7
2024-09-11,C004,Shopping - All Products,SHOPPING,7847,158,50.97,4,911.99,2.02,0.32,12.74,17.89
2024-09-11,C005,Display - Retargeting,DISPLAY,14335,70,20.67,0,0.0,0.49,0.3,20.67,0.0
2024-09-11,C006,YouTube - Brand Awareness,VIDEO,12474,174,23.9,0,0.0,1.4,0.14,23.9,0.0
2024-09-12,C001,Brand - Olist,SEARCH,5071,168,150.87,3,506.9,3.33,0.9,50.29,3.36
2024-09-12,C002,Generic - Electronics,SEARCH,3707,144,114.89,5,736.57,3.91,0.8,22.98,6.41
2024-09-12,C003,Generic - Home & Garden,SEARCH,5308,188,110.1,6,803.1,3.55,0.59,18.35,7.29
2024-09-12,C004,Shopping - All Products,SHOPPING,8257,191,65.3,3,343.03,2.32,0.34,21.77,5.25
2024-09-12,C005,Display - Retargeting,DISPLAY,13779,79,19.44,0,0.0,0.58,0.25,19.44,0.0
2024-09-12,C006,YouTube - Brand Awareness,VIDEO,9563,132,21.25,0,0.0,1.38,0.16,21.25,0.0
2024-09-13,C001,Brand - Olist,SEARCH,6129,228,139.98,8,1221.39,3.74,0.61,17.5,8.73
2024-09-13,C002,Generic - Electronics,SEARCH,3787,106,93.46,3,694.03,2.82,0.88,31.15,7.43
2024-09-13,C003,Generic - Home & Garden,SEARCH,3551,135,90.61,5,859.67,3.82,0.67,18.12,9.49
2024-09-13,C004,Shopping - All Products,SHOPPING,8558,158,69.56,3,422.48,1.85,0.44,23.19,6.07
2024-09-13,C005,Display - Retargeting,DISPLAY,18934,107,23.75,1,220.42,0.57,0.22,23.75,9.28
2024-09-13,C006,YouTube - Brand Awareness,VIDEO,10835,116,13.21,0,0.0,1.08,0.11,13.21,0.0
2024-09-14,C001,Brand - Olist,SEARCH,5180,190,145.24,5,1232.24,3.67,0.76,29.05,8.48
2024-09-14,C002,Generic - Electronics,SEARCH,5132,152,144.01,5,459.19,2.98,0.95,28.8,3.19
2024-09-14,C003,Generic - Home & Garden,SEARCH,3823,152,105.44,3,567.87,4.0,0.69,35.15,5.39
2024-09-14,C004,Shopping - All Products,SHOPPING,8485,170,66.4,2,263.34,2.01,0.39,33.2,3.97
2024-09-14,C005,Display - Retargeting,DISPLAY,20746,121,37.64,1,193.05,0.59,0.31,37.64,5.13
2024-09-14,C006,YouTube - Brand Awareness,VIDEO,12200,170,28.33,0,0.0,1.4,0.17,28.33,0.0
2024-09-15,C001,Brand - Olist,SEARCH,4637,185,146.41,7,691.76,4.01,0.79,20.92,4.72
2024-09-15,C002,Generic - Electronics,SEARCH,4529,129,126.87,3,677.75,2.86,0.98,42.29,5.34
2024-09-15,C003,Generic - Home & Garden,SEARCH,4157,169,167.55,2,487.36,4.08,0.99,83.78,2.91
2024-09-15,C004,Shopping - All Products,SHOPPING,8633,159,87.04,4,396.55,1.84,0.55,21.76,4.56
2024-09-15,C005,Display - Retargeting,DISPLAY,21322,108,19.69,0,0.0,0.51,0.18,19.69,0.0
2024-09-15,C006,YouTube - Brand Awareness,VIDEO,12550,156,20.19,0,0.0,1.25,0.13,20.19,0.0
2024-09-16,C001,Brand - Olist,SEARCH,4718,188,152.8,7,780.54,3.99,0.81,21.83,5.11
2024-09-16,C002,Generic - Electronics,SEARCH,2840,89,90.28,2,498.45,3.14,1.01,45.14,5.52
2024-09-16,C003,Generic - Home & Garden,SEARCH,4610,162,97.4,5,497.69,3.53,0.6,19.48,5.11
2024-09-16,C004,Shopping - All Products,SHOPPING,4598,107,53.45,3,531.6,2.33,0.5,17.82,9.95
2024-09-16,C005,Display - Retargeting,DISPLAY,15359,74,16.2,0,0.0,0.49,0.22,16.2,0.0
2024-09-16,C006,YouTube - Brand Awareness,VIDEO,14084,165,26.45,0,0.0,1.17,0.16,26.45,0.0
2024-09-17,C001,Brand - Olist,SEARCH,3201,112,69.91,3,572.63,3.52,0.62,23.3,8.19
2024-09-17,C002,Generic - Electronics,SEARCH,4827,175,172.47,5,460.29,3.64,0.99,34.49,2.67
2024-09-17,C003,Generic - Home & Garden,SEARCH,3240,107,89.06,2,254.12,3.31,0.83,44.53,2.85
2024-09-17,C004,Shopping - All Products,SHOPPING,7800,145,64.31,3,383.15,1.87,0.44,21.44,5.96
2024-09-17,C005,Display - Retargeting,DISPLAY,12527,63,10.53,0,0.0,0.5,0.17,10.53,0.0
2024-09-17,C006,YouTube - Brand Awareness,VIDEO,8718,97,17.44,0,0.0,1.12,0.18,17.44,0.0
2024-09-18,C001,Brand - Olist,SEARCH,5980,200,122.9,3,416.06,3.36,0.61,40.97,3.39
2024-09-18,C002,Generic - Electronics,SEARCH,4771,191,161.25,7,716.47,4.02,0.84,23.04,4.44
2024-09-18,C003,Generic - Home & Garden,SEARCH,4107,137,110.11,5,1006.93,3.35,0.8,22.02,9.14
2024-09-18,C004,Shopping - All Products,SHOPPING,8092,149,81.32,4,321.06,1.85,0.55,20.33,3.95
2024-09-18,C005,Display - Retargeting,DISPLAY,20554,84,17.56,0,0.0,0.41,0.21,17.56,0.0
2024-09-18,C006,YouTube - Brand Awareness,VIDEO,10953,125,18.16,0,0.0,1.14,0.15,18.16,0.0
2024-09-19,C001,Brand - Olist,SEARCH,5465,158,96.47,6,1161.94,2.9,0.61,16.08,12.04
2024-09-19,C002,Generic - Electronics,SEARCH,5259,173,155.84,5,1176.29,3.31,0.9,31.17,7.55
2024-09-19,C003,Generic - Home & Garden,SEARCH,5070,203,197.82,8,730.36,4.02,0.97,24.73,3.69
2024-09-19,C004,Shopping - All Products,SHOPPING,7754,132,39.96,2,325.24,1.71,0.3,19.98,8.14
2024-09-19,C005,Display - Retargeting,DISPLAY,19880,81,15.12,0,0.0,0.41,0.19,15.12,0.0
2024-09-19,C006,YouTube - Brand Awareness,VIDEO,15552,212,35.79,0,0.0,1.37,0.17,35.79,0.0
2024-09-20,C001,Brand - Olist,SEARCH,4197,163,133.27,6,1354.71,3.9,0.82,22.21,10.17
2024-09-20,C002,Generic - Electronics,SEARCH,5937,202,150.59,5,910.91,3.4,0.75,30.12,6.05
2024-09-20,C003,Generic - Home & Garden,SEARCH,5335,200,155.39,5,521.21,3.76,0.78,31.08,3.35
2024-09-20,C004,Shopping - All Products,SHOPPING,9378,175,60.46,4,753.09,1.88,0.35,15.12,12.46
2024-09-20,C005,Display - Retargeting,DISPLAY,17182,71,16.64,0,0.0,0.41,0.23,16.64,0.0
2024-09-20,C006,YouTube - Brand Awareness,VIDEO,13092,139,27.56,0,0.0,1.06,0.2,27.56,0.0
2024-09-21,C001,Brand - Olist,SEARCH,4708,133,113.18,3,259.89,2.84,0.85,37.73,2.3
2024-09-21,C002,Generic - Electronics,SEARCH,3413,114,74.75,4,631.8,3.34,0.66,18.69,8.45
2024-09-21,C003,Generic - Home & Garden,SEARCH,4149,168,105.99,4,924.11,4.06,0.63,26.5,8.72
2024-09-21,C004,Shopping - All Products,SHOPPING,8069,182,108.06,5,731.06,2.26,0.59,21.61,6.77
2024-09-21,C005,Display - Retargeting,DISPLAY,17694,82,21.01,0,0.0,0.47,0.26,21.01,0.0
2024-09-21,C006,YouTube - Brand Awareness,VIDEO,16489,224,32.19,0,0.0,1.36,0.14,32.19,0.0
2024-09-22,C001,Brand - Olist,SEARCH,3489,114,81.85,3,417.11,3.28,0.72,27.28,5.1
2024-09-22,C002,Generic - Electronics,SEARCH,4979,149,121.62,4,593.21,2.99,0.82,30.41,4.88
2024-09-22,C003,Generic - Home & Garden,SEARCH,6157,248,227.57,8,913.78,4.03,0.92,28.45,4.02
2024-09-22,C004,Shopping - All Products,SHOPPING,7121,116,51.22,2,487.77,1.63,0.44,25.61,9.52
2024-09-22,C005,Display - Retargeting,DISPLAY,23667,128,32.63,0,0.0,0.54,0.25,32.63,0.0
2024-09-22,C006,YouTube - Brand Awareness,VIDEO,11042,148,18.83,0,0.0,1.34,0.13,18.83,0.0
2024-09-23,C001,Brand - Olist,SEARCH,3714,154,129.13,4,575.22,4.17,0.84,32.28,4.45
2024-09-23,C002,Generic - Electronics,SEARCH,3311,102,101.58,3,491.09,3.08,1.0,33.86,4.83
2024-09-23,C003,Generic - Home & Garden,SEARCH,3976,159,178.02,5,1049.85,4.01,1.12,35.6,5.9
2024-09-23,C004,Shopping - All Products,SHOPPING,6348,150,53.89,4,618.62,2.36,0.36,13.47,11.48
2024-09-23,C005,Display - Retargeting,DISPLAY,18364,106,18.72,0,0.0,0.58,0.18,18.72,0.0
2024-09-23,C006,YouTube - Brand Awareness,VIDEO,12265,172,17.48,0,0.0,1.4,0.1,17.48,0.0
2024-09-24,C001,Brand - Olist,SEARCH,4238,126,92.54,4,509.56,2.99,0.73,23.14,5.51
2024-09-24,C002,Generic - Electronics,SEARCH,3140,130,74.13,4,883.36,4.14,0.57,18.53,11.92
2024-09-24,C003,Generic - Home & Garden,SEARCH,3331,93,91.36,3,312.85,2.82,0.98,30.45,3.42
2024-09-24,C004,Shopping - All Products,SHOPPING,7004,155,76.93,4,737.25,2.22,0.5,19.23,9.58
2024-09-24,C005,Display - Retargeting,DISPLAY,11448,56,10.03,0,0.0,0.5,0.18,10.03,0.0
2024-09-24,C006,YouTube - Brand Awareness,VIDEO,10365,105,18.94,0,0.0,1.01,0.18,18.94,0.0
2024-09-25,C001,Brand - Olist,SEARCH,4814,154,93.74,5,1001.02,3.22,0.61,18.75,10.68
2024-09-25,C002,Generic - Electronics,SEARCH,3468,100,79.3,2,255.54,2.9,0.79,39.65,3.22
2024-09-25,C003,Generic - Home & Garden,SEARCH,5614,230,182.67,5,804.97,4.1,0.79,36.53,4.41
2024-09-25,C004,Shopping - All Products,SHOPPING,6350,134,79.36,2,380.26,2.11,0.59,39.68,4.79
2024-09-25,C005,Display - Retargeting,DISPLAY,14701,84,20.99,0,0.0,0.58,0.25,20.99,0.0
2024-09-25,C006,YouTube - Brand Awareness,VIDEO,10588,136,16.85,0,0.0,1.29,0.12,16.85,0.0
2024-09-26,C001,Brand - Olist,SEARCH,4899,172,111.11,4,657.75,3.53,0.65,27.78,5.92
2024-09-26,C002,Generic - Electronics,SEARCH,4135,123,113.3,4,535.96,2.99,0.92,28.32,4.73
2024-09-26,C003,Generic - Home & Garden,SEARCH,3325,116,68.64,4,362.63,3.52,0.59,17.16,5.28
2024-09-26,C004,Shopping - All Products,SHOPPING,9147,146,54.47,2,194.64,1.6,0.37,27.23,3.57
2024-09-26,C005,Display - Retargeting,DISPLAY,17406,79,24.2,0,0.0,0.45,0.31,24.2,0.0
2024-09-26,C006,YouTube - Brand Awareness,VIDEO,13684,191,26.24,0,0.0,1.4,0.14,26.24,0.0
2024-09-27,C001,Brand - Olist,SEARCH,4732,158,145.82,2,216.76,3.34,0.92,72.91,1.49
2024-09-27,C002,Generic - Electronics,SEARCH,5357,199,221.15,8,1595.46,3.73,1.11,27.64,7.21
2024-09-27,C003,Generic - Home & Garden,SEARCH,4174,123,123.88,2,282.42,2.95,1.01,61.94,2.28
2024-09-27,C004,Shopping - All Products,SHOPPING,9683,193,82.75,3,428.04,2.0,0.43,27.58,5.17
2024-09-27,C005,Display - Retargeting,DISPLAY,17515,71,20.86,0,0.0,0.41,0.29,20.86,0.0
2024-09-27,C006,YouTube - Brand Awareness,VIDEO,11787,150,22.03,0,0.0,1.28,0.15,22.03,0.0
2024-09-28,C001,Brand - Olist,SEARCH,5057,162,104.08,5,668.28,3.21,0.64,20.82,6.42
2024-09-28,C002,Generic - Electronics,SEARCH,5162,173,167.53,6,773.16,3.35,0.97,27.92,4.62
2024-09-28,C003,Generic - Home & Garden,SEARCH,4373,126,79.16,2,444.06,2.88,0.63,39.58,5.61
2024-09-28,C004,Shopping - All Products,SHOPPING,5387,102,40.82,1,150.32,1.9,0.4,40.82,3.68
2024-09-28,C005,Display - Retargeting,DISPLAY,18918,90,22.91,0,0.0,0.48,0.25,22.91,0.0
2024-09-28,C006,YouTube - Brand Awareness,VIDEO,18212,220,36.81,0,0.0,1.21,0.17,36.81,0.0
2024-09-29,C001,Brand - Olist,SEARCH,4810,200,127.24,7,1520.52,4.17,0.64,18.18,11.95
2024-09-29,C002,Generic - Electronics,SEARCH,3667,116,66.72,4,672.21,3.17,0.58,16.68,10.08
2024-09-29,C003,Generic - Home & Garden,SEARCH,4317,143,80.94,4,982.45,3.32,0.57,20.23,12.14
2024-09-29,C004,Shopping - All Products,SHOPPING,9182,148,84.09,4,631.44,1.62,0.57,21.02,7.51
2024-09-29,C005,Display - Retargeting,DISPLAY,17837,82,14.53,0,0.0,0.46,0.18,14.53,0.0
2024-09-29,C006,YouTube - Brand Awareness,VIDEO,16365,194,20.47,0,0.0,1.19,0.11,20.47,0.0
2024-09-30,C001,Brand - Olist,SEARCH,4920,175,137.27,4,473.26,3.56,0.78,34.32,3.45
2024-09-30,C002,Generic - Electronics,SEARCH,3106,93,85.29,2,209.97,3.0,0.92,42.65,2.46
2024-09-30,C003,Generic - Home & Garden,SEARCH,4509,166,130.25,3,416.05,3.69,0.78,43.42,3.19
2024-09-30,C004,Shopping - All Products,SHOPPING,7602,139,61.15,3,271.72,1.83,0.44,20.38,4.44
2024-09-30,C005,Display - Retargeting,DISPLAY,11983,48,13.01,0,0.0,0.4,0.27,13.01,0.0
2024-09-30,C006,YouTube - Brand Awareness,VIDEO,11602,124,18.56,0,0.0,1.08,0.15,18.56,0.0
2024-10-01,C001,Brand - Olist,SEARCH,4499,154,134.63,2,216.35,3.44,0.87,67.31,1.61
2024-10-01,C002,Generic - Electronics,SEARCH,3675,113,67.07,4,859.34,3.09,0.59,16.77,12.81
2024-10-01,C003,Generic - Home & Garden,SEARCH,4606,144,159.59,5,1245.6,3.14,1.11,31.92,7.81
2024-10-01,C004,Shopping - All Products,SHOPPING,6852,163,76.56,3,542.72,2.38,0.47,25.52,7.09
2024-10-01,C005,Display - Retargeting,DISPLAY,11306,59,19.43,0,0.0,0.52,0.33,19.43,0.0
2024-10-01,C006,YouTube - Brand Awareness,VIDEO,14434,205,31.11,0,0.0,1.42,0.15,31.11,0.0
2024-10-02,C001,Brand - Olist,SEARCH,4684,178,125.5,5,538.29,3.81,0.71,25.1,4.29
2024-10-02,C002,Generic - Electronics,SEARCH,4935,191,161.82,3,422.08,3.88,0.85,53.94,2.61
2024-10-02,C003,Generic - Home & Garden,SEARCH,5964,186,171.83,4,896.67,3.12,0.92,42.96,5.22
2024-10-02,C004,Shopping - All Products,SHOPPING,8643,144,61.57,3,577.84,1.68,0.43,20.52,9.39
2024-10-02,C005,Display - Retargeting,DISPLAY,14650,67,15.57,0,0.0,0.46,0.23,15.57,0.0
2024-10-02,C006,YouTube - Brand Awareness,VIDEO,16481,187,25.97,0,0.0,1.14,0.14,25.97,0.0
2024-10-03,C001,Brand - Olist,SEARCH,4969,163,142.53,5,704.79,3.3,0.87,28.51,4.94
2024-10-03,C002,Generic - Electronics,SEARCH,5196,162,109.11,3,498.04,3.14,0.67,36.37,4.56
2024-10-03,C003,Generic - Home & Garden,SEARCH,3954,112,65.59,4,512.09,2.85,0.59,16.4,7.81
2024-10-03,C004,Shopping - All Products,SHOPPING,9654,199,85.55,4,835.97,2.07,0.43,21.39,9.77
2024-10-03,C005,Display - Retargeting,DISPLAY,16520,77,24.25,0,0.0,0.47,0.31,24.25,0.0
2024-10-03,C006,YouTube - Brand Awareness,VIDEO,16647,197,29.43,0,0.0,1.19,0.15,29.43,0.0
2024-10-04,C001,Brand - Olist,SEARCH,4269,170,115.99,3,719.8,4.0,0.68,38.66,6.21
2024-10-04,C002,Generic - Electronics,SEARCH,4769,160,163.78,4,791.66,3.37,1.02,40.95,4.83
2024-10-04,C003,Generic - Home & Garden,SEARCH,5522,205,133.44,6,768.12,3.72,0.65,22.24,5.76
2024-10-04,C004,Shopping - All Products,SHOPPING,7259,118,39.83,1,150.82,1.63,0.34,39.83,3.79
2024-10-04,C005,Display - Retargeting,DISPLAY,19256,79,25.91,0,0.0,0.41,0.33,25.91,0.0
2024-10-04,C006,YouTube - Brand Awareness,VIDEO,11945,114,19.67,0,0.0,0.96,0.17,19.67,0.0
2024-10-05,C001,Brand - Olist,SEARCH,5439,216,144.09,5,1005.73,3.99,0.67,28.82,6.98
2024-10-05,C002,Generic - Electronics,SEARCH,5652,172,133.29,6,1484.56,3.05,0.77,22.21,11.14
2024-10-05,C003,Generic - Home & Garden,SEARCH,5474,183,164.54,3,517.69,3.35,0.9,54.85,3.15
2024-10-05,C004,Shopping - All Products,SHOPPING,8554,148,78.86,4,348.85,1.73,0.53,19.71,4.42
2024-10-05,C005,Display - Retargeting,DISPLAY,16324,84,18.11,0,0.0,0.52,0.22,18.11,0.0
2024-10-05,C006,YouTube - Brand Awareness,VIDEO,14368,173,23.63,0,0.0,1.2,0.14,23.63,0.0
2024-10-06,C001,Brand - Olist,SEARCH,5360,184,155.84,6,1358.92,3.45,0.85,25.97,8.72
2024-10-06,C002,Generic - Electronics,SEARCH,4106,161,108.77,4,985.4,3.93,0.68,27.19,9.06
2024-10-06,C003,Generic - Home & Garden,SEARCH,5766,218,212.82,8,1314.91,3.78,0.98,26.6,6.18
2024-10-06,C004,Shopping - All Products,SHOPPING,7055,122,65.21,2,168.57,1.73,0.53,32.6,2.59
2024-10-06,C005,Display - Retargeting,DISPLAY,22864,91,25.77,0,0.0,0.4,0.28,25.77,0.0
2024-10-06,C006,YouTube - Brand Awareness,VIDEO,16001,216,33.32,0,0.0,1.35,0.15,33.32,0.0
2024-10-07,C001,Brand - Olist,SEARCH,4298,172,114.65,5,737.07,4.01,0.67,22.93,6.43
2024-10-07,C002,Generic - Electronics,SEARCH,2960,118,77.19,2,456.28,4.01,0.65,38.59,5.91
2024-10-07,C003,Generic - Home & Garden,SEARCH,4193,164,115.92,5,1107.91,3.92,0.71,23.18,9.56
2024-10-07,C004,Shopping - All Products,SHOPPING,7561,121,60.62,2,257.8,1.61,0.5,30.31,4.25
2024-10-07,C005,Display - Retargeting,DISPLAY,13437,63,16.98,0,0.0,0.47,0.27,16.98,0.0
2024-10-07,C006,YouTube - Brand Awareness,VIDEO,8447,112,14.36,0,0.0,1.34,0.13,14.36,0.0
2024-10-08,C001,Brand - Olist,SEARCH,2789,92,101.12,3,562.46,3.32,1.1,33.71,5.56
2024-10-08,C002,Generic - Electronics,SEARCH,3113,105,103.92,2,253.95,3.39,0.99,51.96,2.44
2024-10-08,C003,Generic - Home & Garden,SEARCH,3645,152,91.72,3,735.05,4.17,0.6,30.57,8.01
2024-10-08,C004,Shopping - All Products,SHOPPING,4669,89,46.29,1,138.91,1.92,0.52,46.29,3.0
2024-10-08,C005,Display - Retargeting,DISPLAY,14266,64,12.82,0,0.0,0.45,0.2,12.82,0.0
2024-10-08,C006,YouTube - Brand Awareness,VIDEO,12472,177,28.31,0,0.0,1.42,0.16,28.31,0.0
2024-10-09,C001,Brand - Olist,SEARCH,4172,122,110.27,4,501.83,2.93,0.9,27.57,4.55
2024-10-09,C002,Generic - Electronics,SEARCH,3368,139,98.28,4,734.81,4.15,0.71,24.57,7.48
2024-10-09,C003,Generic - Home & Garden,SEARCH,4216,134,121.01,5,490.02,3.18,0.9,24.2,4.05
2024-10-09,C004,Shopping - All Products,SHOPPING,6026,141,73.27,2,359.78,2.36,0.52,36.63,4.91
2024-10-09,C005,Display - Retargeting,DISPLAY,21292,114,26.69,1,123.03,0.54,0.23,26.69,4.61
2024-10-09,C006,YouTube - Brand Awareness,VIDEO,13824,196,27.35,0,0.0,1.42,0.14,27.35,0.0
2024-10-10,C001,Brand - Olist,SEARCH,6109,179,102.02,3,621.68,2.94,0.57,34.01,6.09
2024-10-10,C002,Generic - Electronics,SEARCH,5931,202,143.72,7,570.77,3.41,0.71,20.53,3.97
2024-10-10,C003,Generic - Home & Garden,SEARCH,5004,183,169.4,6,573.22,3.66,0.93,28.23,3.38
2024-10-10,C004,Shopping - All Products,SHOPPING,6228,143,74.4,2,232.9,2.3,0.52,37.2,3.13
2024-10-10,C005,Display - Retargeting,DISPLAY,16387,73,12.9,0,0.0,0.45,0.18,12.9,0.0
2024-10-10,C006,YouTube - Brand Awareness,VIDEO,15728,157,30.56,0,0.0,1.0,0.19,30.56,0.0
2024-10-11,C001,Brand - Olist,SEARCH,5983,213,144.51,7,1438.12,3.56,0.68,20.64,9.95
2024-10-11,C002,Generic - Electronics,SEARCH,4811,139,107.73,4,686.07,2.9,0.78,26.93,6.37
2024-10-11,C003,Generic - Home & Garden,SEARCH,4091,135,144.63,4,628.95,3.32,1.07,36.16,4.35
2024-10-11,C004,Shopping - All Products,SHOPPING,8193,147,75.02,3,571.15,1.8,0.51,25.01,7.61
2024-10-11,C005,Display - Retargeting,DISPLAY,23973,98,29.73,0,0.0,0.41,0.3,29.73,0.0
2024-10-11,C006,YouTube - Brand Awareness,VIDEO,12548,150,15.8,0,0.0,1.2,0.11,15.8,0.0
2024-10-12,C001,Brand - Olist,SEARCH,5503,185,142.81,3,321.84,3.37,0.77,47.6,2.25
2024-10-12,C002,Generic - Electronics,SEARCH,3525,107,100.65,3,589.42,3.06,0.94,33.55,5.86
2024-10-12,C003,Generic - Home & Garden,SEARCH,3639,116,85.88,3,513.13,3.2,0.74,28.63,5.97
2024-10-12,C004,Shopping - All Products,SHOPPING,6947,130,71.14,2,470.69,1.88,0.55,35.57,6.62
2024-10-12,C005,Display - Retargeting,DISPLAY,24162,112,25.22,1,228.97,0.47,0.23,25.22,9.08
2024-10-12,C006,YouTube - Brand Awareness,VIDEO,10851,124,19.21,0,0.0,1.15,0.15,19.21,0.0
2024-10-13,C001,Brand - Olist,SEARCH,5254,208,157.45,5,918.96,3.97,0.76,31.49,5.84
2024-10-13,C002,Generic - Electronics,SEARCH,3782,141,93.99,3,299.95,3.74,0.67,31.33,3.19
2024-10-13,C003,Generic - Home & Garden,SEARCH,3796,106,102.98,3,322.3,2.8,0.97,34.33,3.13
2024-10-13,C004,Shopping - All Products,SHOPPING,5701,92,32.09,1,140.23,1.62,0.35,32.09,4.37
2024-10-13,C005,Display - Retargeting,DISPLAY,14500,64,16.16,0,0.0,0.44,0.25,16.16,0.0
2024-10-13,C006,YouTube - Brand Awareness,VIDEO,13318,142,17.27,0,0.0,1.07,0.12,17.27,0.0
2024-10-14,C001,Brand - Olist,SEARCH,3797,129,118.27,4,436.75,3.4,0.92,29.57,3.69
2024-10-14,C002,Generic - Electronics,SEARCH,4000,135,150.25,4,398.47,3.38,1.11,37.56,2.65
2024-10-14,C003,Generic - Home & Garden,SEARCH,4253,126,100.25,4,460.25,2.96,0.8,25.06,4.59
2024-10-14,C004,Shopping - All Products,SHOPPING,5984,138,52.35,2,166.16,2.32,0.38,26.18,3.17
2024-10-14,C005,Display - Retargeting,DISPLAY,18810,77,19.87,0,0.0,0.41,0.26,19.87,0.0
2024-10-14,C006,YouTube - Brand Awareness,VIDEO,10223,98,17.73,0,0.0,0.96,0.18,17.73,0.0
2024-10-15,C001,Brand - Olist,SEARCH,4823,167,132.52,4,444.74,3.48,0.79,33.13,3.36
2024-10-15,C002,Generic - Electronics,SEARCH,4851,195,170.13,5,1083.01,4.04,0.87,34.03,6.37
2024-10-15,C003,Generic - Home & Garden,SEARCH,4964,153,97.13,4,688.4,3.08,0.63,24.28,7.09
2024-10-15,C004,Shopping - All Products,SHOPPING,8197,135,70.09,2,433.3,1.65,0.52,35.05,6.18
2024-10-15,C005,Display - Retargeting,DISPLAY,15361,92,25.1,0,0.0,0.6,0.27,25.1,0.0
2024-10-15,C006,YouTube - Brand Awareness,VIDEO,11082,110,15.82,0,0.0,0.99,0.14,15.82,0.0
2024-10-16,C001,Brand - Olist,SEARCH,5626,158,114.47,4,323.61,2.81,0.72,28.62,2.83
2024-10-16,C002,Generic - Electronics,SEARCH,5913,229,210.98,8,1433.85,3.88,0.92,26.37,6.8
2024-10-16,C003,Generic - Home & Garden,SEARCH,5845,225,241.38,4,776.39,3.85,1.07,60.34,3.22
2024-10-16,C004,Shopping - All Products,SHOPPING,8578,188,69.28,5,1037.48,2.19,0.37,13.86,14.98
2024-10-16,C005,Display - Retargeting,DISPLAY,24898,137,38.29,1,178.4,0.55,0.28,38.29,4.66
2024-10-16,C006,YouTube - Brand Awareness,VIDEO,16191,167,25.85,0,0.0,1.04,0.15,25.85,0.0
2024-10-17,C001,Brand - Olist,SEARCH,4441,139,100.48,5,831.0,3.14,0.72,20.1,8.27
2024-10-17,C002,Generic - Electronics,SEARCH,4063,118,119.09,4,768.47,2.91,1.01,29.77,6.45
2024-10-17,C003,Generic - Home & Garden,SEARCH,5888,187,188.3,7,1317.29,3.18,1.01,26.9,7.0
2024-10-17,C004,Shopping - All Products,SHOPPING,7157,129,48.39,2,362.4,1.82,0.38,24.2,7.49
2024-10-17,C005,Display - Retargeting,DISPLAY,17175,91,28.9,0,0.0,0.53,0.32,28.9,0.0
2024-10-17,C006,YouTube - Brand Awareness,VIDEO,11295,146,20.98,0,0.0,1.3,0.14,20.98,0.0
2024-10-18,C001,Brand - Olist,SEARCH,3601,145,107.27,2,386.73,4.03,0.74,53.63,3.61
2024-10-18,C002,Generic - Electronics,SEARCH,4469,181,203.34,7,1745.43,4.06,1.12,29.05,8.58
2024-10-18,C003,Generic - Home & Garden,SEARCH,5976,238,176.87,4,384.54,3.98,0.74,44.22,2.17
2024-10-18,C004,Shopping - All Products,SHOPPING,10394,193,106.28,5,1247.98,1.86,0.55,21.26,11.74
2024-10-18,C005,Display - Retargeting,DISPLAY,16897,68,16.79,0,0.0,0.41,0.25,16.79,0.0
2024-10-18,C006,YouTube - Brand Awareness,VIDEO,17553,216,29.77,0,0.0,1.23,0.14,29.77,0.0
2024-10-19,C001,Brand - Olist,SEARCH,5793,212,136.17,8,1482.56,3.67,0.64,17.02,10.89
2024-10-19,C002,Generic - Electronics,SEARCH,5190,190,210.77,5,1242.08,3.67,1.11,42.15,5.89
2024-10-19,C003,Generic - Home & Garden,SEARCH,5770,197,200.13,4,725.86,3.42,1.02,50.03,3.63
2024-10-19,C004,Shopping - All Products,SHOPPING,10055,235,99.33,4,997.03,2.34,0.42,24.83,10.04
2024-10-19,C005,Display - Retargeting,DISPLAY,25773,136,42.95,1,89.07,0.53,0.32,42.95,2.07
2024-10-19,C006,YouTube - Brand Awareness,VIDEO,14592,187,32.94,0,0.0,1.28,0.18,32.94,0.0
2024-10-20,C001,Brand - Olist,SEARCH,5001,188,154.46,4,426.22,3.77,0.82,38.62,2.76
2024-10-20,C002,Generic - Electronics,SEARCH,5407,196,137.54,5,967.6,3.64,0.7,27.51,7.04
2024-10-20,C003,Generic - Home & Garden,SEARCH,6012,182,110.36,5,994.69,3.04,0.61,22.07,9.01
2024-10-20,C004,Shopping - All Products,SHOPPING,9623,215,132.8,4,593.28,2.24,0.62,33.2,4.47
2024-10-20,C005,Display - Retargeting,DISPLAY,15844,81,18.1,0,0.0,0.51,0.22,18.1,0.0
2024-10-20,C006,YouTube - Brand Awareness,VIDEO,13694,134,14.52,0,0.0,0.98,0.11,14.52,0.0
2024-10-21,C001,Brand - Olist,SEARCH,4914,198,141.34,7,1614.45,4.04,0.71,20.19,11.42
2024-10-21,C002,Generic - Electronics,SEARCH,3271,125,95.68,5,425.52,3.83,0.77,19.14,4.45
2024-10-21,C003,Generic - Home & Garden,SEARCH,4953,181,212.52,6,543.64,3.67,1.17,35.42,2.56
2024-10-21,C004,Shopping - All Products,SHOPPING,5767,95,59.11,2,478.91,1.65,0.62,29.55,8.1
2024-10-21,C005,Display - Retargeting,DISPLAY,12016,57,10.68,0,0.0,0.48,0.19,10.68,0.0
2024-10-21,C006,YouTube - Brand Awareness,VIDEO,10333,104,12.75,0,0.0,1.01,0.12,12.75,0.0
2024-10-22,C001,Brand - Olist,SEARCH,5122,174,132.35,4,523.58,3.42,0.76,33.09,3.96
2024-10-22,C002,Generic - Electronics,SEARCH,3358,100,74.76,3,271.91,2.98,0.75,24.92,3.64
2024-10-22,C003,Generic - Home & Garden,SEARCH,3305,129,88.03,4,425.35,3.93,0.68,22.01,4.83
2024-10-22,C004,Shopping - All Products,SHOPPING,4797,95,38.97,2,206.63,1.99,0.41,19.48,5.3
2024-10-22,C005,Display - Retargeting,DISPLAY,16774,84,16.82,0,0.0,0.5,0.2,16.82,0.0
2024-10-22,C006,YouTube - Brand Awareness,VIDEO,8992,106,14.54,0,0.0,1.18,0.14,14.54,0.0
2024-10-23,C001,Brand - Olist,SEARCH,4875,185,155.02,6,1359.45,3.82,0.84,25.84,8.77
2024-10-23,C002,Generic - Electronics,SEARCH,4441,157,171.89,6,858.9,3.55,1.09,28.65,5.0
2024-10-23,C003,Generic - Home & Garden,SEARCH,4085,142,147.15,4,890.0,3.49,1.04,36.79,6.05
2024-10-23,C004,Shopping - All Products,SHOPPING,7334,167,74.0,3,628.85,2.29,0.44,24.67,8.5
2024-10-23,C005,Display - Retargeting,DISPLAY,15512,68,23.22,0,0.0,0.44,0.34,23.22,0.0
2024-10-23,C006,YouTube - Brand Awareness,VIDEO,14906,189,24.41,0,0.0,1.27,0.13,24.41,0.0
2024-10-24,C001,Brand - Olist,SEARCH,3923,141,99.44,3,333.25,3.6,0.71,33.15,3.35
2024-10-24,C002,Generic - Electronics,SEARCH,5977,191,219.01,5,521.55,3.2,1.15,43.8,2.38
2024-10-24,C003,Generic - Home & Garden,SEARCH,4623,181,147.26,5,1118.35,3.92,0.81,29.45,7.59
2024-10-24,C004,Shopping - All Products,SHOPPING,9420,163,85.89,2,457.18,1.74,0.53,42.95,5.32
2024-10-24,C005,Display - Retargeting,DISPLAY,16996,76,13.31,0,0.0,0.45,0.18,13.31,0.0
2024-10-24,C006,YouTube - Brand Awareness,VIDEO,17252,178,27.26,0,0.0,1.03,0.15,27.26,0.0
2024-10-25,C001,Brand - Olist,SEARCH,6262,178,136.78,4,937.74,2.86,0.77,34.2,6.86
2024-10-25,C002,Generic - Electronics,SEARCH,4904,169,177.03,4,612.39,3.45,1.05,44.26,3.46
2024-10-25,C003,Generic - Home & Garden,SEARCH,5290,222,233.73,8,872.16,4.2,1.05,29.22,3.73
2024-10-25,C004,Shopping - All Products,SHOPPING,5746,101,42.65,2,469.61,1.76,0.42,21.32,11.01
2024-10-25,C005,Display - Retargeting,DISPLAY,20118,100,18.38,0,0.0,0.5,0.18,18.38,0.0
2024-10-25,C006,YouTube - Brand Awareness,VIDEO,18052,187,20.13,0,0.0,1.04,0.11,20.13,0.0
2024-10-26,C001,Brand - Olist,SEARCH,5673,167,143.43,3,433.67,2.96,0.86,47.81,3.02
2024-10-26,C002,Generic - Electronics,SEARCH,5904,197,205.22,7,841.95,3.35,1.04,29.32,4.1
2024-10-26,C003,Generic - Home & Garden,SEARCH,5532,198,227.27,3,249.77,3.59,1.15,75.76,1.1
2024-10-26,C004,Shopping - All Products,SHOPPING,9568,193,107.93,3,255.35,2.02,0.56,35.98,2.37
2024-10-26,C005,Display - Retargeting,DISPLAY,25537,136,46.01,1,195.34,0.53,0.34,46.01,4.25
2024-10-26,C006,YouTube - Brand Awareness,VIDEO,13357,182,37.21,0,0.0,1.37,0.2,37.21,0.0
2024-10-27,C001,Brand - Olist,SEARCH,4344,180,108.2,6,1115.14,4.15,0.6,18.03,10.31
2024-10-27,C002,Generic - Electronics,SEARCH,6470,209,166.63,5,621.89,3.24,0.8,33.33,3.73
2024-10-27,C003,Generic - Home & Garden,SEARCH,4530,179,206.14,4,951.47,3.97,1.15,51.53,4.62
2024-10-27,C004,Shopping - All Products,SHOPPING,5896,98,35.9,1,244.57,1.67,0.37,35.9,6.81
2024-10-27,C005,Display - Retargeting,DISPLAY,19360,96,20.94,0,0.0,0.5,0.22,20.94,0.0
2024-10-27,C006,YouTube - Brand Awareness,VIDEO,17284,213,42.59,0,0.0,1.24,0.2,42.59,0.0
2024-10-28,C001,Brand - Olist,SEARCH,2816,87,86.11,2,460.76,3.1,0.99,43.05,5.35
2024-10-28,C002,Generic - Electronics,SEARCH,4949,201,157.13,4,449.61,4.07,0.78,39.28,2.86
2024-10-28,C003,Generic - Home & Garden,SEARCH,3243,106,90.19,2,409.87,3.28,0.85,45.09,4.54
2024-10-28,C004,Shopping - All Products,SHOPPING,6520,119,55.96,2,307.51,1.83,0.47,27.98,5.5
2024-10-28,C005,Display - Retargeting,DISPLAY,12778,54,14.62,0,0.0,0.42,0.27,14.62,0.0
2024-10-28,C006,YouTube - Brand Awareness,VIDEO,13142,184,35.18,0,0.0,1.41,0.19,35.18,0.0
2024-10-29,C001,Brand - Olist,SEARCH,3758,122,73.37,4,391.03,3.26,0.6,18.34,5.33
2024-10-29,C002,Generic - Electronics,SEARCH,4184,144,95.85,3,274.29,3.45,0.67,31.95,2.86
2024-10-29,C003,Generic - Home & Garden,SEARCH,4227,162,99.52,4,390.22,3.83,0.61,24.88,3.92
2024-10-29,C004,Shopping - All Products,SHOPPING,5142,105,42.88,3,741.62,2.05,0.41,14.29,17.3
2024-10-29,C005,Display - Retargeting,DISPLAY,13692,81,20.29,0,0.0,0.59,0.25,20.29,0.0
2024-10-29,C006,YouTube - Brand Awareness,VIDEO,13382,157,20.22,0,0.0,1.18,0.13,20.22,0.0
2024-10-30,C001,Brand - Olist,SEARCH,4577,180,149.32,4,566.54,3.95,0.83,37.33,3.79
2024-10-30,C002,Generic - Electronics,SEARCH,5917,192,138.12,5,809.81,3.26,0.72,27.62,5.86
2024-10-30,C003,Generic - Home & Garden,SEARCH,6022,187,153.66,7,1017.69,3.11,0.82,21.95,6.62
2024-10-30,C004,Shopping - All Products,SHOPPING,7803,143,87.05,4,785.03,1.84,0.61,21.76,9.02
2024-10-30,C005,Display - Retargeting,DISPLAY,20378,82,21.17,0,0.0,0.41,0.26,21.17,0.0
2024-10-30,C006,YouTube - Brand Awareness,VIDEO,19240,236,42.49,0,0.0,1.23,0.18,42.49,0.0
2024-10-31,C001,Brand - Olist,SEARCH,5338,219,137.3,5,868.06,4.11,0.63,27.46,6.32
2024-10-31,C002,Generic - Electronics,SEARCH,4709,186,200.83,4,493.63,3.97,1.08,50.21,2.46
2024-10-31,C003,Generic - Home & Garden,SEARCH,3817,125,105.1,4,367.67,3.3,0.84,26.27,3.5
2024-10-31,C004,Shopping - All Products,SHOPPING,7497,130,47.37,1,151.26,1.75,0.36,47.37,3.19
2024-10-31,C005,Display - Retargeting,DISPLAY,16018,92,25.07,0,0.0,0.58,0.27,25.07,0.0
2024-10-31,C006,YouTube - Brand Awareness,VIDEO,19123,203,40.2,0,0.0,1.07,0.2,40.2,0.0
2024-11-01,C001,Brand - Olist,SEARCH,5389,181,150.94,6,917.03,3.36,0.83,25.16,6.08
2024-11-01,C002,Generic - Electronics,SEARCH,5694,225,153.48,6,1341.56,3.95,0.68,25.58,8.74
2024-11-01,C003,Generic - Home & Garden,SEARCH,4793,159,181.17,6,973.7,3.33,1.14,30.19,5.37
2024-11-01,C004,Shopping - All Products,SHOPPING,8067,148,73.34,2,252.48,1.85,0.5,36.67,3.44
2024-11-01,C005,Display - Retargeting,DISPLAY,14076,83,28.55,0,0.0,0.6,0.34,28.55,0.0
2024-11-01,C006,YouTube - Brand Awareness,VIDEO,16539,222,45.38,0,0.0,1.35,0.2,45.38,0.0
2024-11-02,C001,Brand - Olist,SEARCH,6470,183,154.79,6,602.8,2.84,0.85,25.8,3.89
2024-11-02,C002,Generic - Electronics,SEARCH,6315,192,185.38,4,691.59,3.05,0.97,46.34,3.73
2024-11-02,C003,Generic - Home & Garden,SEARCH,4751,143,99.63,5,1163.27,3.02,0.7,19.93,11.68
2024-11-02,C004,Shopping - All Products,SHOPPING,6003,114,39.51,2,364.83,1.91,0.35,19.75,9.23
2024-11-02,C005,Display - Retargeting,DISPLAY,15956,71,12.72,0,0.0,0.45,0.18,12.72,0.0
2024-11-02,C006,YouTube - Brand Awareness,VIDEO,12583,173,34.99,0,0.0,1.38,0.2,34.99,0.0
2024-11-03,C001,Brand - Olist,SEARCH,5221,174,106.5,2,427.71,3.35,0.61,53.25,4.02
2024-11-03,C002,Generic - Electronics,SEARCH,4419,126,119.08,5,862.57,2.86,0.95,23.82,7.24
2024-11-03,C003,Generic - Home & Garden,SEARCH,4325,164,124.07,4,693.91,3.79,0.76,31.02,5.59
2024-11-03,C004,Shopping - All Products,SHOPPING,5842,113,65.22,1,118.43,1.94,0.58,65.22,1.82
2024-11-03,C005,Display - Retargeting,DISPLAY,23807,139,26.64,1,228.02,0.59,0.19,26.64,8.56
2024-11-03,C006,YouTube - Brand Awareness,VIDEO,11251,119,21.9,0,0.0,1.06,0.18,21.9,0.0
2024-11-04,C001,Brand - Olist,SEARCH,3602,120,109.24,3,650.77,3.35,0.91,36.41,5.96
2024-11-04,C002,Generic - Electronics,SEARCH,4624,139,95.05,3,448.31,3.02,0.68,31.68,4.72
2024-11-04,C003,Generic - Home & Garden,SEARCH,4431,127,78.19,4,451.54,2.88,0.62,19.55,5.77
2024-11-04,C004,Shopping - All Products,SHOPPING,6943,125,74.26,2,238.2,1.81,0.59,37.13,3.21
2024-11-04,C005,Display - Retargeting,DISPLAY,15148,67,19.61,0,0.0,0.45,0.29,19.61,0.0
2024-11-04,C006,YouTube - Brand Awareness,VIDEO,11258,116,21.17,0,0.0,1.04,0.18,21.17,0.0
2024-11-05,C001,Brand - Olist,SEARCH,2994,125,85.99,5,1074.75,4.19,0.69,17.2,12.5
2024-11-05,C002,Generic - Electronics,SEARCH,4382,158,175.43,4,741.19,3.61,1.11,43.86,4.22
2024-11-05,C003,Generic - Home & Garden,SEARCH,3786,128,101.31,4,457.04,3.4,0.79,25.33,4.51
2024-11-05,C004,Shopping - All Products,SHOPPING,8068,173,99.36,4,331.02,2.15,0.57,24.84,3.33
2024-11-05,C005,Display - Retargeting,DISPLAY,19056,77,25.47,0,0.0,0.41,0.33,25.47,0.0
2024-11-05,C006,YouTube - Brand Awareness,VIDEO,13910,150,29.38,0,0.0,1.08,0.2,29.38,0.0
2024-11-06,C001,Brand - Olist,SEARCH,5521,220,155.29,6,1095.21,3.99,0.71,25.88,7.05
2024-11-06,C002,Generic - Electronics,SEARCH,5547,199,169.21,7,829.26,3.61,0.85,24.17,4.9
2024-11-06,C003,Generic - Home & Garden,SEARCH,5577,174,168.27,3,270.57,3.13,0.97,56.09,1.61
2024-11-06,C004,Shopping - All Products,SHOPPING,6228,129,75.15,3,414.07,2.08,0.58,25.05,5.51
2024-11-06,C005,Display - Retargeting,DISPLAY,19742,115,26.81,0,0.0,0.59,0.23,26.81,0.0
2024-11-06,C006,YouTube - Brand Awareness,VIDEO,12827,124,21.24,0,0.0,0.97,0.17,21.24,0.0
2024-11-07,C001,Brand - Olist,SEARCH,4387,163,136.51,6,1068.42,3.73,0.84,22.75,7.83
2024-11-07,C002,Generic - Electronics,SEARCH,5191,181,115.17,5,689.81,3.5,0.64,23.03,5.99
2024-11-07,C003,Generic - Home & Garden,SEARCH,6251,210,142.85,5,846.65,3.37,0.68,28.57,5.93
2024-11-07,C004,Shopping - All Products,SHOPPING,8949,207,116.86,5,1204.04,2.32,0.56,23.37,10.3
2024-11-07,C005,Display - Retargeting,DISPLAY,17549,70,15.58,0,0.0,0.4,0.22,15.58,0.0
2024-11-07,C006,YouTube - Brand Awareness,VIDEO,15841,153,27.77,0,0.0,0.97,0.18,27.77,0.0
2024-11-08,C001,Brand - Olist,SEARCH,4528,135,87.91,5,952.32,2.99,0.65,17.58,10.83
2024-11-08,C002,Generic - Electronics,SEARCH,3810,128,131.68,2,160.01,3.36,1.03,65.84,1.22
2024-11-08,C003,Generic - Home & Garden,SEARCH,5636,185,138.09,5,1123.48,3.3,0.75,27.62,8.14
2024-11-08,C004,Shopping - All Products,SHOPPING,10196,209,99.7,5,722.98,2.05,0.48,19.94,7.25
2024-11-08,C005,Display - Retargeting,DISPLAY,21285,101,21.92,0,0.0,0.48,0.22,21.92,0.0
2024-11-08,C006,YouTube - Brand Awareness,VIDEO,12092,173,26.23,0,0.0,1.43,0.15,26.23,0.0
2024-11-09,C001,Brand - Olist,SEARCH,5248,206,144.17,5,971.63,3.94,0.7,28.83,6.74
2024-11-09,C002,Generic - Electronics,SEARCH,5546,179,120.69,3,535.03,3.24,0.67,40.23,4.43
2024-11-09,C003,Generic - Home & Garden,SEARCH,5580,210,219.1,6,1224.85,3.78,1.04,36.52,5.59
2024-11-09,C004,Shopping - All Products,SHOPPING,8572,149,48.14,3,554.72,1.75,0.32,16.05,11.52
2024-11-09,C005,Display - Retargeting,DISPLAY,24199,106,20.88,0,0.0,0.44,0.2,20.88,0.0
2024-11-09,C006,YouTube - Brand Awareness,VIDEO,15770,192,21.89,0,0.0,1.22,0.11,21.89,0.0
2024-11-10,C001,Brand - Olist,SEARCH,5133,160,155.92,2,329.36,3.13,0.97,77.96,2.11
2024-11-10,C002,Generic - Electronics,SEARCH,5567,175,136.17,6,1306.12,3.15,0.78,22.69,9.59
2024-11-10,C003,Generic - Home & Garden,SEARCH,5249,200,162.41,5,561.45,3.82,0.81,32.48,3.46
2024-11-10,C004,Shopping - All Products,SHOPPING,8968,183,78.32,2,267.36,2.05,0.43,39.16,3.41
2024-11-10,C005,Display - Retargeting,DISPLAY,14682,81,24.13,0,0.0,0.55,0.3,24.13,0.0
2024-11-10,C006,YouTube - Brand Awareness,VIDEO,17306,203,30.1,0,0.0,1.18,0.15,30.1,0.0
2024-11-11,C001,Brand - Olist,SEARCH,4202,174,136.86,4,664.03,4.16,0.79,34.22,4.85
2024-11-11,C002,Generic - Electronics,SEARCH,3188,118,140.26,3,444.36,3.72,1.19,46.75,3.17
2024-11-11,C003,Generic - Home & Garden,SEARCH,3076,124,104.39,4,620.58,4.04,0.84,26.1,5.94
2024-11-11,C004,Shopping - All Products,SHOPPING,6969,114,65.13,2,484.55,1.65,0.57,32.56,7.44
2024-11-11,C005,Display - Retargeting,DISPLAY,12653,62,17.38,0,0.0,0.5,0.28,17.38,0.0
2024-11-11,C006,YouTube - Brand Awareness,VIDEO,9313,106,12.94,0,0.0,1.15,0.12,12.94,0.0
2024-11-12,C001,Brand - Olist,SEARCH,4125,149,152.31,3,649.54,3.63,1.02,50.77,4.26
2024-11-12,C002,Generic - Electronics,SEARCH,4096,119,110.87,3,391.13,2.91,0.93,36.96,3.53
2024-11-12,C003,Generic - Home & Garden,SEARCH,3144,94,80.13,1,239.73,3.01,0.85,80.13,2.99
2024-11-12,C004,Shopping - All Products,SHOPPING,7379,152,87.55,3,561.35,2.07,0.58,29.18,6.41
2024-11-12,C005,Display - Retargeting,DISPLAY,19155,106,23.69,0,0.0,0.56,0.22,23.69,0.0
2024-11-12,C006,YouTube - Brand Awareness,VIDEO,15390,160,28.93,0,0.0,1.05,0.18,28.93,0.0
2024-11-13,C001,Brand - Olist,SEARCH,6290,258,149.44,9,2174.32,4.11,0.58,16.6,14.55
2024-11-13,C002,Generic - Electronics,SEARCH,4279,178,138.04,4,409.88,4.18,0.78,34.51,2.97
2024-11-13,C003,Generic - Home & Garden,SEARCH,5783,214,211.0,6,1400.45,3.7,0.99,35.17,6.64
2024-11-13,C004,Shopping - All Products,SHOPPING,8927,158,86.16,4,881.91,1.77,0.55,21.54,10.24
2024-11-13,C005,Display - Retargeting,DISPLAY,25267,118,44.6,1,187.35,0.47,0.38,44.6,4.2
2024-11-13,C006,YouTube - Brand Awareness,VIDEO,21071,262,46.68,0,0.0,1.25,0.18,46.68,0.0
2024-11-14,C001,Brand - Olist,SEARCH,4993,183,140.55,3,548.22,3.68,0.77,46.85,3.9
2024-11-14,C002,Generic - Electronics,SEARCH,6949,245,214.6,4,620.45,3.53,0.88,53.65,2.89
2024-11-14,C003,Generic - Home & Garden,SEARCH,4788,146,125.33,2,295.25,3.06,0.86,62.66,2.36
2024-11-14,C004,Shopping - All Products,SHOPPING,9667,192,100.36,3,497.91,1.99,0.52,33.45,4.96
2024-11-14,C005,Display - Retargeting,DISPLAY,17693,73,24.13,0,0.0,0.41,0.33,24.13,0.0
2024-11-14,C006,YouTube - Brand Awareness,VIDEO,22965,225,31.13,0,0.0,0.98,0.14,31.13,0.0
2024-11-15,C001,Brand - Olist,SEARCH,6524,186,160.26,4,372.49,2.86,0.86,40.06,2.32
2024-11-15,C002,Generic - Electronics,SEARCH,4811,143,114.69,3,422.65,2.98,0.8,38.23,3.69
2024-11-15,C003,Generic - Home & Garden,SEARCH,7762,291,232.13,7,1220.13,3.76,0.8,33.16,5.26
2024-11-15,C004,Shopping - All Products,SHOPPING,7162,114,71.98,2,326.48,1.6,0.63,35.99,4.54
2024-11-15,C005,Display - Retargeting,DISPLAY,22782,92,25.8,0,0.0,0.4,0.28,25.8,0.0
2024-11-15,C006,YouTube - Brand Awareness,VIDEO,19073,249,41.27,0,0.0,1.31,0.17,41.27,0.0
2024-11-16,C001,Brand - Olist,SEARCH,4844,189,151.41,5,1184.07,3.92,0.8,30.28,7.82
2024-11-16,C002,Generic - Electronics,SEARCH,4461,142,136.87,5,604.57,3.19,0.96,27.37,4.42
2024-11-16,C003,Generic - Home & Garden,SEARCH,7347,291,244.97,7,1724.08,3.96,0.84,35.0,7.04
2024-11-16,C004,Shopping - All Products,SHOPPING,7761,173,87.25,3,534.96,2.24,0.5,29.08,6.13
2024-11-16,C005,Display - Retargeting,DISPLAY,28789,161,63.1,1,103.8,0.56,0.39,63.1,1.65
2024-11-16,C006,YouTube - Brand Awareness,VIDEO,17090,209,36.94,0,0.0,1.22,0.18,36.94,0.0
2024-11-17,C001,Brand - Olist,SEARCH,6631,222,139.76,9,2065.79,3.35,0.63,15.53,14.78
2024-11-17,C002,Generic - Electronics,SEARCH,7465,312,269.17,10,1622.46,4.19,0.86,26.92,6.03
2024-11-17,C003,Generic - Home & Garden,SEARCH,5706,188,213.94,3,480.59,3.3,1.14,71.31,2.25
2024-11-17,C004,Shopping - All Products,SHOPPING,9907,203,92.86,2,280.64,2.06,0.46,46.43,3.02
2024-11-17,C005,Display - Retargeting,DISPLAY,28035,143,37.87,1,215.36,0.51,0.26,37.87,5.69
2024-11-17,C006,YouTube - Brand Awareness,VIDEO,20538,257,48.19,0,0.0,1.25,0.19,48.19,0.0
2024-11-18,C001,Brand - Olist,SEARCH,5085,178,135.19,5,642.78,3.52,0.76,27.04,4.75
2024-11-18,C002,Generic - Electronics,SEARCH,5475,155,175.39,3,480.54,2.83,1.13,58.46,2.74
2024-11-18,C003,Generic - Home & Garden,SEARCH,3623,133,147.24,3,697.25,3.68,1.11,49.08,4.74
2024-11-18,C004,Shopping - All Products,SHOPPING,6280,101,71.07,3,544.44,1.62,0.7,23.69,7.66
2024-11-18,C005,Display - Retargeting,DISPLAY,22773,110,40.42,0,0.0,0.49,0.37,40.42,0.0
2024-11-18,C006,YouTube - Brand Awareness,VIDEO,12402,130,20.42,0,0.0,1.06,0.16,20.42,0.0
2024-11-19,C001,Brand - Olist,SEARCH,4588,167,128.96,3,504.22,3.66,0.77,42.99,3.91
2024-11-19,C002,Generic - Electronics,SEARCH,3976,127,126.98,2,380.79,3.2,1.0,63.49,3.0
2024-11-19,C003,Generic - Home & Garden,SEARCH,5286,207,226.01,4,922.6,3.92,1.09,56.5,4.08
2024-11-19,C004,Shopping - All Products,SHOPPING,7488,153,96.18,4,997.93,2.05,0.63,24.05,10.38
2024-11-19,C005,Display - Retargeting,DISPLAY,21736,99,39.08,0,0.0,0.46,0.39,39.08,0.0
2024-11-19,C006,YouTube - Brand Awareness,VIDEO,12293,131,18.79,0,0.0,1.07,0.14,18.79,0.0
2024-11-20,C001,Brand - Olist,SEARCH,5060,195,144.38,5,578.24,3.86,0.74,28.88,4.0
2024-11-20,C002,Generic - Electronics,SEARCH,7715,285,288.2,10,2101.96,3.7,1.01,28.82,7.29
2024-11-20,C003,Generic - Home & Garden,SEARCH,6689,277,231.54,9,1835.84,4.15,0.84,25.73,7.93
2024-11-20,C004,Shopping - All Products,SHOPPING,10032,177,100.66,3,569.06,1.77,0.57,33.55,5.65
2024-11-20,C005,Display - Retargeting,DISPLAY,27531,122,36.0,0,0.0,0.45,0.3,36.0,0.0
2024-11-20,C006,YouTube - Brand Awareness,VIDEO,22419,255,56.27,1,111.08,1.14,0.22,56.27,1.97
2024-11-21,C001,Brand - Olist,SEARCH,7642,254,136.87,7,689.73,3.33,0.54,19.55,5.04
2024-11-21,C002,Generic - Electronics,SEARCH,5094,165,213.1,4,903.91,3.24,1.29,53.27,4.24
2024-11-21,C003,Generic - Home & Garden,SEARCH,7286,282,230.88,11,2156.35,3.87,0.82,20.99,9.34
2024-11-21,C004,Shopping - All Products,SHOPPING,8630,172,107.0,2,266.1,2.0,0.62,53.5,2.49
2024-11-21,C005,Display - Retargeting,DISPLAY,28354,162,38.69,1,192.59,0.57,0.24,38.69,4.98
2024-11-21,C006,YouTube - Brand Awareness,VIDEO,20719,279,68.4,1,102.39,1.35,0.25,68.4,1.5
2024-11-22,C001,Brand - Olist,SEARCH,6738,258,142.57,10,1087.06,3.84,0.55,14.26,7.62
2024-11-22,C002,Generic - Electronics,SEARCH,4393,167,175.93,4,434.43,3.8,1.05,43.98,2.47
2024-11-22,C003,Generic - Home & Garden,SEARCH,7211,257,218.22,7,1279.13,3.57,0.85,31.17,5.86
2024-11-22,C004,Shopping - All Products,SHOPPING,9374,212,146.61,3,667.82,2.26,0.69,48.87,4.56
2024-11-22,C005,Display - Retargeting,DISPLAY,26462,142,40.64,1,99.14,0.54,0.29,40.64,2.44
2024-11-22,C006,YouTube - Brand Awareness,VIDEO,17004,235,31.01,0,0.0,1.39,0.13,31.01,0.0
2024-11-23,C001,Brand - Olist,SEARCH,5174,162,143.95,5,734.15,3.15,0.89,28.79,5.1
2024-11-23,C002,Generic - Electronics,SEARCH,4701,132,145.54,3,422.17,2.82,1.1,48.51,2.9
2024-11-23,C003,Generic - Home & Garden,SEARCH,5438,191,196.47,5,831.59,3.53,1.03,39.29,4.23
2024-11-23,C004,Shopping - All Products,SHOPPING,7517,179,84.58,4,724.85,2.39,0.47,21.14,8.57
2024-11-23,C005,Display - Retargeting,DISPLAY,22778,110,41.23,1,190.29,0.48,0.37,41.23,4.62
2024-11-23,C006,YouTube - Brand Awareness,VIDEO,17124,202,31.98,0,0.0,1.18,0.16,31.98,0.0
2024-11-24,C001,Brand - Olist,SEARCH,6345,266,162.62,6,535.83,4.19,0.61,27.1,3.29
2024-11-24,C002,Generic - Electronics,SEARCH,4935,167,145.43,6,1340.76,3.39,0.87,24.24,9.22
2024-11-24,C003,Generic - Home & Garden,SEARCH,6872,208,166.39,7,1665.28,3.03,0.8,23.77,10.01
2024-11-24,C004,Shopping - All Products,SHOPPING,9199,155,88.61,3,556.88,1.7,0.57,29.54,6.28
2024-11-24,C005,Display - Retargeting,DISPLAY,27149,114,24.79,0,0.0,0.42,0.22,24.79,0.0
2024-11-24,C006,YouTube - Brand Awareness,VIDEO,14650,143,25.08,0,0.0,0.98,0.18,25.08,0.0
2024-11-25,C001,Brand - Olist,SEARCH,5305,186,160.98,3,636.8,3.51,0.87,53.66,3.96
2024-11-25,C002,Generic - Electronics,SEARCH,4686,196,207.57,7,855.84,4.18,1.06,29.65,4.12
2024-11-25,C003,Generic - Home & Garden,SEARCH,4910,205,229.87,7,971.24,4.19,1.12,32.84,4.23
2024-11-25,C004,Shopping - All Products,SHOPPING,5408,103,48.07,2,441.36,1.92,0.47,24.04,9.18
2024-11-25,C005,Display - Retargeting,DISPLAY,13446,62,16.16,0,0.0,0.46,0.26,16.16,0.0
2024-11-25,C006,YouTube - Brand Awareness,VIDEO,14879,163,29.11,0,0.0,1.1,0.18,29.11,0.0
2024-11-26,C001,Brand - Olist,SEARCH,4779,155,122.49,2,261.2,3.26,0.79,61.24,2.13
2024-11-26,C002,Generic - Electronics,SEARCH,4218,137,113.89,2,375.87,3.25,0.83,56.95,3.3
2024-11-26,C003,Generic - Home & Garden,SEARCH,3716,107,145.88,4,690.35,2.9,1.36,36.47,4.73
2024-11-26,C004,Shopping - All Products,SHOPPING,5734,135,63.63,2,450.34,2.36,0.47,31.82,7.08
2024-11-26,C005,Display - Retargeting,DISPLAY,13592,68,25.27,0,0.0,0.5,0.37,25.27,0.0
2024-11-26,C006,YouTube - Brand Awareness,VIDEO,17753,187,30.26,0,0.0,1.06,0.16,30.26,0.0
2024-11-27,C001,Brand - Olist,SEARCH,6160,186,140.03,4,662.27,3.02,0.75,35.01,4.73
2024-11-27,C002,Generic - Electronics,SEARCH,7067,271,279.35,8,758.93,3.84,1.03,34.92,2.72
2024-11-27,C003,Generic - Home & Garden,SEARCH,5558,187,138.83,7,1694.82,3.38,0.74,19.83,12.21
2024-11-27,C004,Shopping - All Products,SHOPPING,8749,143,63.73,4,416.02,1.63,0.45,15.93,6.53
2024-11-27,C005,Display - Retargeting,DISPLAY,27794,117,48.68,1,138.24,0.42,0.42,48.68,2.84
2024-11-27,C006,YouTube - Brand Awareness,VIDEO,19378,203,29.31,0,0.0,1.05,0.14,29.31,0.0
2024-11-28,C001,Brand - Olist,SEARCH,6451,253,145.04,6,1128.36,3.93,0.57,24.17,7.78
2024-11-28,C002,Generic - Electronics,SEARCH,5481,164,186.94,4,409.94,3.01,1.14,46.73,2.19
2024-11-28,C003,Generic - Home & Garden,SEARCH,4908,153,142.0,4,793.33,3.13,0.93,35.5,5.59
2024-11-28,C004,Shopping - All Products,SHOPPING,8808,198,90.12,5,553.13,2.26,0.46,18.02,6.14
2024-11-28,C005,Display - Retargeting,DISPLAY,18382,106,29.89,0,0.0,0.58,0.28,29.89,0.0
2024-11-28,C006,YouTube - Brand Awareness,VIDEO,16013,158,32.05,0,0.0,0.99,0.2,32.05,0.0
2024-11-29,C001,Brand - Olist,SEARCH,4729,152,118.27,2,324.51,3.22,0.78,59.13,2.74
2024-11-29,C002,Generic - Electronics,SEARCH,4643,150,206.28,6,689.91,3.23,1.38,34.38,3.34
2024-11-29,C003,Generic - Home & Garden,SEARCH,6869,244,252.7,7,792.6,3.57,1.04,36.1,3.14
2024-11-29,C004,Shopping - All Products,SHOPPING,7677,179,89.84,5,688.0,2.33,0.5,17.97,7.66
2024-11-29,C005,Display - Retargeting,DISPLAY,30509,167,56.02,0,0.0,0.55,0.34,56.02,0.0
2024-11-29,C006,YouTube - Brand Awareness,VIDEO,17622,188,41.31,0,0.0,1.07,0.22,41.31,0.0
2024-11-30,C001,Brand - Olist,SEARCH,7661,262,145.55,10,1767.22,3.42,0.56,14.56,12.14
2024-11-30,C002,Generic - Electronics,SEARCH,6943,273,261.56,10,1417.53,3.94,0.96,26.16,5.42
2024-11-30,C003,Generic - Home & Garden,SEARCH,7058,290,262.08,10,2236.57,4.12,0.9,26.21,8.53
2024-11-30,C004,Shopping - All Products,SHOPPING,8995,147,77.9,3,621.97,1.64,0.53,25.97,7.98
2024-11-30,C005,Display - Retargeting,DISPLAY,21940,115,28.65,1,114.69,0.53,0.25,28.65,4.0
2024-11-30,C006,YouTube - Brand Awareness,VIDEO,15752,207,38.67,0,0.0,1.32,0.19,38.67,0.0
2024-12-01,C001,Brand - Olist,SEARCH,7645,259,161.94,7,1401.66,3.4,0.63,23.13,8.66
2024-12-01,C002,Generic - Electronics,SEARCH,5107,174,139.57,2,173.35,3.43,0.8,69.78,1.24
2024-12-01,C003,Generic - Home & Garden,SEARCH,7718,242,266.95,7,742.24,3.14,1.1,38.14,2.78
2024-12-01,C004,Shopping - All Products,SHOPPING,10913,227,148.55,7,1242.54,2.08,0.65,21.22,8.36
2024-12-01,C005,Display - Retargeting,DISPLAY,21719,115,25.8,0,0.0,0.53,0.22,25.8,0.0
2024-12-01,C006,YouTube - Brand Awareness,VIDEO,21410,266,46.71,1,137.8,1.25,0.18,46.71,2.95
2024-12-02,C001,Brand - Olist,SEARCH,5864,171,160.43,3,459.48,2.92,0.94,53.48,2.86
2024-12-02,C002,Generic - Electronics,SEARCH,3836,145,158.95,3,347.99,3.79,1.1,52.98,2.19
2024-12-02,C003,Generic - Home & Garden,SEARCH,3479,113,125.84,3,462.05,3.25,1.11,41.95,3.67
2024-12-02,C004,Shopping - All Products,SHOPPING,9767,212,154.68,3,266.94,2.18,0.73,51.56,1.73
2024-12-02,C005,Display - Retargeting,DISPLAY,21804,92,25.17,0,0.0,0.42,0.27,25.17,0.0
2024-12-02,C006,YouTube - Brand Awareness,VIDEO,11516,131,26.69,0,0.0,1.14,0.2,26.69,0.0
2024-12-03,C001,Brand - Olist,SEARCH,5555,201,155.0,6,1094.52,3.63,0.77,25.83,7.06
2024-12-03,C002,Generic - Electronics,SEARCH,4770,168,160.07,3,650.64,3.54,0.95,53.36,4.06
2024-12-03,C003,Generic - Home & Garden,SEARCH,3895,113,115.88,3,381.14,2.92,1.03,38.63,3.29
2024-12-03,C004,Shopping - All Products,SHOPPING,7948,149,108.86,3,407.22,1.88,0.73,36.29,3.74
2024-12-03,C005,Display - Retargeting,DISPLAY,21931,89,27.56,1,82.04,0.41,0.31,27.56,2.98
2024-12-03,C006,YouTube - Brand Awareness,VIDEO,14856,195,36.49,0,0.0,1.32,0.19,36.49,0.0
2024-12-04,C001,Brand - Olist,SEARCH,6411,200,147.87,3,294.14,3.13,0.74,49.29,1.99
2024-12-04,C002,Generic - Electronics,SEARCH,7214,226,192.82,8,724.25,3.14,0.85,24.1,3.76
2024-12-04,C003,Generic - Home & Garden,SEARCH,6276,186,137.65,7,700.39,2.97,0.74,19.66,5.09
2024-12-04,C004,Shopping - All Products,SHOPPING,6980,136,94.8,2,173.57,1.95,0.7,47.4,1.83
2024-12-04,C005,Display - Retargeting,DISPLAY,23266,119,39.26,0,0.0,0.52,0.33,39.26,0.0
2024-12-04,C006,YouTube - Brand Awareness,VIDEO,16561,166,36.95,0,0.0,1.01,0.22,36.95,0.0
2024-12-05,C001,Brand - Olist,SEARCH,6362,240,153.92,6,971.66,3.78,0.64,25.65,6.31
2024-12-05,C002,Generic - Electronics,SEARCH,6927,221,207.98,4,650.23,3.19,0.94,51.99,3.13
2024-12-05,C003,Generic - Home & Garden,SEARCH,7486,273,237.49,6,1349.09,3.65,0.87,39.58,5.68
2024-12-05,C004,Shopping - All Products,SHOPPING,9941,199,82.71,6,864.53,2.01,0.42,13.78,10.45
2024-12-05,C005,Display - Retargeting,DISPLAY,25486,106,37.47,0,0.0,0.42,0.35,37.47,0.0
2024-12-05,C006,YouTube - Brand Awareness,VIDEO,18882,250,44.3,0,0.0,1.33,0.18,44.3,0.0
2024-12-06,C001,Brand - Olist,SEARCH,6444,192,141.05,7,1464.88,2.98,0.73,20.15,10.39
2024-12-06,C002,Generic - Electronics,SEARCH,6635,213,180.07,6,710.31,3.22,0.85,30.01,3.94
2024-12-06,C003,Generic - Home & Garden,SEARCH,6419,183,173.28,3,742.17,2.86,0.95,57.76,4.28
2024-12-06,C004,Shopping - All Products,SHOPPING,7924,135,61.42,2,352.24,1.7,0.45,30.71,5.73
2024-12-06,C005,Display - Retargeting,DISPLAY,17102,69,20.95,0,0.0,0.41,0.3,20.95,0.0
2024-12-06,C006,YouTube - Brand Awareness,VIDEO,18414,257,44.95,0,0.0,1.4,0.17,44.95,0.0
2024-12-07,C001,Brand - Olist,SEARCH,6905,284,145.9,11,1395.31,4.12,0.51,13.26,9.56
2024-12-07,C002,Generic - Electronics,SEARCH,5395,203,255.87,4,862.64,3.78,1.26,63.97,3.37
2024-12-07,C003,Generic - Home & Garden,SEARCH,6858,198,196.11,4,988.4,2.89,0.99,49.03,5.04
2024-12-07,C004,Shopping - All Products,SHOPPING,10422,226,168.86,6,923.22,2.17,0.75,28.14,5.47
2024-12-07,C005,Display - Retargeting,DISPLAY,29321,127,51.94,0,0.0,0.44,0.41,51.94,0.0
2024-12-07,C006,YouTube - Brand Awareness,VIDEO,16852,210,38.22,0,0.0,1.25,0.18,38.22,0.0
2024-12-08,C001,Brand - Olist,SEARCH,5279,182,145.64,4,359.03,3.46,0.8,36.41,2.47
2024-12-08,C002,Generic - Electronics,SEARCH,6299,254,208.88,8,1210.3,4.04,0.82,26.11,5.79
2024-12-08,C003,Generic - Home & Garden,SEARCH,6723,226,225.37,7,1347.0,3.38,1.0,32.2,5.98
2024-12-08,C004,Shopping - All Products,SHOPPING,6941,131,98.0,3,704.06,1.89,0.75,32.67,7.18
2024-12-08,C005,Display - Retargeting,DISPLAY,27128,140,52.86,1,160.77,0.52,0.38,52.86,3.04
2024-12-08,C006,YouTube - Brand Awareness,VIDEO,16769,238,50.89,0,0.0,1.42,0.21,50.89,0.0
2024-12-09,C001,Brand - Olist,SEARCH,3558,127,128.51,2,441.0,3.57,1.01,64.25,3.43
2024-12-09,C002,Generic - Electronics,SEARCH,4966,142,199.92,3,479.4,2.88,1.41,66.64,2.4
2024-12-09,C003,Generic - Home & Garden,SEARCH,5830,188,160.1,4,850.43,3.23,0.85,40.02,5.31
2024-12-09,C004,Shopping - All Products,SHOPPING,7549,134,59.07,4,553.26,1.78,0.44,14.77,9.37
2024-12-09,C005,Display - Retargeting,DISPLAY,24823,123,30.46,0,0.0,0.5,0.25,30.46,0.0
2024-12-09,C006,YouTube - Brand Awareness,VIDEO,18579,182,25.15,0,0.0,0.98,0.14,25.15,0.0
2024-12-10,C001,Brand - Olist,SEARCH,3473,98,124.16,2,366.0,2.83,1.27,62.08,2.95
2024-12-10,C002,Generic - Electronics,SEARCH,4593,130,165.54,4,927.45,2.84,1.27,41.38,5.6
2024-12-10,C003,Generic - Home & Garden,SEARCH,4606,163,171.89,6,1391.81,3.55,1.05,28.65,8.1
2024-12-10,C004,Shopping - All Products,SHOPPING,6923,144,104.89,3,470.94,2.09,0.73,34.96,4.49
2024-12-10,C005,Display - Retargeting,DISPLAY,16650,98,23.52,0,0.0,0.59,0.24,23.52,0.0
2024-12-10,C006,YouTube - Brand Awareness,VIDEO,13578,195,25.92,0,0.0,1.44,0.13,25.92,0.0
2024-12-11,C001,Brand - Olist,SEARCH,5782,203,144.49,3,394.64,3.51,0.71,48.16,2.73
2024-12-11,C002,Generic - Electronics,SEARCH,7679,316,301.18,12,972.61,4.12,0.95,25.1,3.23
2024-12-11,C003,Generic - Home & Garden,SEARCH,7118,293,228.31,12,2056.58,4.13,0.78,19.03,9.01
2024-12-11,C004,Shopping - All Products,SHOPPING,6801,122,66.87,3,747.66,1.81,0.55,22.29,11.18
2024-12-11,C005,Display - Retargeting,DISPLAY,20940,106,34.13,0,0.0,0.51,0.32,34.13,0.0
2024-12-11,C006,YouTube - Brand Awareness,VIDEO,21815,261,52.72,0,0.0,1.2,0.2,52.72,0.0
2024-12-12,C001,Brand - Olist,SEARCH,6054,253,146.13,9,980.81,4.19,0.58,16.24,6.71
2024-12-12,C002,Generic - Electronics,SEARCH,5584,183,187.08,5,1074.91,3.29,1.02,37.42,5.75
2024-12-12,C003,Generic - Home & Garden,SEARCH,6275,205,236.91,4,663.06,3.28,1.16,59.23,2.8
2024-12-12,C004,Shopping - All Products,SHOPPING,8222,132,82.24,2,488.77,1.61,0.62,41.12,5.94
2024-12-12,C005,Display - Retargeting,DISPLAY,25025,143,34.22,1,179.13,0.57,0.24,34.22,5.23
2024-12-12,C006,YouTube - Brand Awareness,VIDEO,20354,231,31.8,0,0.0,1.14,0.14,31.8,0.0
2024-12-13,C001,Brand - Olist,SEARCH,5078,210,142.43,5,1161.22,4.15,0.68,28.49,8.15
2024-12-13,C002,Generic - Electronics,SEARCH,7679,262,247.12,8,1011.93,3.42,0.94,30.89,4.09
2024-12-13,C003,Generic - Home & Garden,SEARCH,6851,196,146.84,5,668.29,2.87,0.75,29.37,4.55
2024-12-13,C004,Shopping - All Products,SHOPPING,9548,177,79.77,5,749.45,1.86,0.45,15.95,9.4
2024-12-13,C005,Display - Retargeting,DISPLAY,23203,119,49.56,1,201.72,0.52,0.42,49.56,4.07
2024-12-13,C006,YouTube - Brand Awareness,VIDEO,19159,192,40.57,0,0.0,1.0,0.21,40.57,0.0
2024-12-14,C001,Brand - Olist,SEARCH,4959,197,144.93,5,584.95,3.98,0.74,28.99,4.04
2024-12-14,C002,Generic - Electronics,SEARCH,4681,193,147.82,4,741.76,4.13,0.77,36.95,5.02
2024-12-14,C003,Generic - Home & Garden,SEARCH,6161,183,168.52,4,599.58,2.98,0.92,42.13,3.56
2024-12-14,C004,Shopping - All Products,SHOPPING,10775,191,98.67,6,1453.76,1.77,0.52,16.45,14.73
2024-12-14,C005,Display - Retargeting,DISPLAY,28321,126,28.26,0,0.0,0.45,0.22,28.26,0.0
2024-12-14,C006,YouTube - Brand Awareness,VIDEO,20999,288,66.95,1,133.18,1.37,0.23,66.95,1.99
2024-12-15,C001,Brand - Olist,SEARCH,4419,167,120.41,4,791.5,3.78,0.72,30.1,6.57
2024-12-15,C002,Generic - Electronics,SEARCH,6958,224,287.64,6,1221.56,3.23,1.28,47.94,4.25
2024-12-15,C003,Generic - Home & Garden,SEARCH,6694,279,244.06,8,1884.53,4.18,0.87,30.51,7.72
2024-12-15,C004,Shopping - All Products,SHOPPING,7620,167,99.0,3,410.23,2.2,0.59,33.0,4.14
2024-12-15,C005,Display - Retargeting,DISPLAY,25142,145,47.79,1,88.7,0.58,0.33,47.79,1.86
2024-12-15,C006,YouTube - Brand Awareness,VIDEO,15114,180,29.72,0,0.0,1.2,0.17,29.72,0.0
2024-12-16,C001,Brand - Olist,SEARCH,4103,141,114.09,5,1001.48,3.45,0.81,22.82,8.78
2024-12-16,C002,Generic - Electronics,SEARCH,3665,142,183.31,2,378.93,3.89,1.29,91.66,2.07
2024-12-16,C003,Generic - Home & Garden,SEARCH,5762,207,243.34,6,515.06,3.61,1.18,40.56,2.12
2024-12-16,C004,Shopping - All Products,SHOPPING,8320,138,74.86,3,308.04,1.67,0.54,24.95,4.11
2024-12-16,C005,Display - Retargeting,DISPLAY,21407,119,29.07,0,0.0,0.56,0.24,29.07,0.0
2024-12-16,C006,YouTube - Brand Awareness,VIDEO,14643,173,24.12,0,0.0,1.18,0.14,24.12,0.0
2024-12-17,C001,Brand - Olist,SEARCH,5163,150,119.14,3,309.19,2.91,0.79,39.71,2.6
2024-12-17,C002,Generic - Electronics,SEARCH,4108,137,190.06,5,1003.8,3.34,1.39,38.01,5.28
2024-12-17,C003,Generic - Home & Garden,SEARCH,3684,141,128.37,3,748.81,3.83,0.91,42.79,5.83
2024-12-17,C004,Shopping - All Products,SHOPPING,6590,120,87.58,3,609.92,1.82,0.73,29.19,6.96
2024-12-17,C005,Display - Retargeting,DISPLAY,23075,137,56.84,1,189.87,0.59,0.41,56.84,3.34
2024-12-17,C006,YouTube - Brand Awareness,VIDEO,15673,160,33.27,0,0.0,1.02,0.21,33.27,0.0
2024-12-18,C001,Brand - Olist,SEARCH,4343,143,156.04,4,357.47,3.31,1.09,39.01,2.29
2024-12-18,C002,Generic - Electronics,SEARCH,5736,198,272.64,4,677.22,3.46,1.38,68.16,2.48
2024-12-18,C003,Generic - Home & Garden,SEARCH,4437,184,178.68,4,784.11,4.16,0.97,44.67,4.39
2024-12-18,C004,Shopping - All Products,SHOPPING,10534,228,109.29,3,574.31,2.17,0.48,36.43,5.25
2024-12-18,C005,Display - Retargeting,DISPLAY,17373,90,35.34,0,0.0,0.52,0.39,35.34,0.0
2024-12-18,C006,YouTube - Brand Awareness,VIDEO,13431,172,39.47,0,0.0,1.28,0.23,39.47,0.0
2024-12-19,C001,Brand - Olist,SEARCH,7357,231,140.77,4,939.56,3.14,0.61,35.19,6.67
2024-12-19,C002,Generic - Electronics,SEARCH,7153,276,206.67,7,967.45,3.86,0.75,29.52,4.68
2024-12-19,C003,Generic - Home & Garden,SEARCH,6167,180,225.76,3,336.0,2.93,1.25,75.25,1.49
2024-12-19,C004,Shopping - All Products,SHOPPING,7781,128,76.82,1,88.33,1.65,0.6,76.82,1.15
2024-12-19,C005,Display - Retargeting,DISPLAY,25047,141,39.28,1,126.62,0.56,0.28,39.28,3.22
2024-12-19,C006,YouTube - Brand Awareness,VIDEO,12887,169,34.62,0,0.0,1.31,0.2,34.62,0.0
2024-12-20,C001,Brand - Olist,SEARCH,4941,162,130.25,5,1129.81,3.29,0.8,26.05,8.67
2024-12-20,C002,Generic - Electronics,SEARCH,7665,282,238.42,10,1783.89,3.68,0.85,23.84,7.48
2024-12-20,C003,Generic - Home & Garden,SEARCH,6425,250,266.72,4,828.31,3.89,1.07,66.68,3.11
2024-12-20,C004,Shopping - All Products,SHOPPING,11620,212,131.46,6,514.09,1.83,0.62,21.91,3.91
2024-12-20,C005,Display - Retargeting,DISPLAY,25149,108,38.83,0,0.0,0.43,0.36,38.83,0.0
2024-12-20,C006,YouTube - Brand Awareness,VIDEO,22480,238,34.31,0,0.0,1.06,0.14,34.31,0.0
2024-12-21,C001,Brand - Olist,SEARCH,4727,175,139.7,5,904.63,3.7,0.8,27.94,6.48
2024-12-21,C002,Generic - Electronics,SEARCH,6917,223,230.55,9,1167.14,3.23,1.03,25.62,5.06
2024-12-21,C003,Generic - Home & Garden,SEARCH,5261,173,193.26,6,751.0,3.3,1.12,32.21,3.89
2024-12-21,C004,Shopping - All Products,SHOPPING,11879,199,124.61,3,733.85,1.68,0.63,41.54,5.89
2024-12-21,C005,Display - Retargeting,DISPLAY,23321,137,48.24,0,0.0,0.59,0.35,48.24,0.0
2024-12-21,C006,YouTube - Brand Awareness,VIDEO,13604,139,19.35,0,0.0,1.03,0.14,19.35,0.0
2024-12-22,C001,Brand - Olist,SEARCH,4669,172,137.93,3,711.1,3.7,0.8,45.98,5.16
2024-12-22,C002,Generic - Electronics,SEARCH,7157,235,277.83,7,1372.38,3.3,1.18,39.69,4.94
2024-12-22,C003,Generic - Home & Garden,SEARCH,6463,205,152.08,8,1414.52,3.17,0.74,19.01,9.3
2024-12-22,C004,Shopping - All Products,SHOPPING,11514,275,120.96,7,1726.15,2.39,0.44,17.28,14.27
2024-12-22,C005,Display - Retargeting,DISPLAY,30992,166,43.35,0,0.0,0.54,0.26,43.35,0.0
2024-12-22,C006,YouTube - Brand Awareness,VIDEO,22430,256,52.6,0,0.0,1.14,0.21,52.6,0.0
2024-12-23,C001,Brand - Olist,SEARCH,5554,228,140.24,8,1642.91,4.11,0.62,17.53,11.71
2024-12-23,C002,Generic - Electronics,SEARCH,4088,118,106.83,3,607.74,2.89,0.91,35.61,5.69
2024-12-23,C003,Generic - Home & Garden,SEARCH,4100,156,114.52,5,524.18,3.81,0.73,22.9,4.58
2024-12-23,C004,Shopping - All Products,SHOPPING,9168,163,101.8,4,393.07,1.79,0.62,25.45,3.86
2024-12-23,C005,Display - Retargeting,DISPLAY,13634,79,21.06,0,0.0,0.58,0.27,21.06,0.0
2024-12-23,C006,YouTube - Brand Awareness,VIDEO,12371,158,39.13,0,0.0,1.28,0.25,39.13,0.0
2024-12-24,C001,Brand - Olist,SEARCH,3750,156,139.91,3,291.08,4.17,0.9,46.64,2.08
2024-12-24,C002,Generic - Electronics,SEARCH,4142,163,160.41,4,987.34,3.94,0.98,40.1,6.16
2024-12-24,C003,Generic - Home & Garden,SEARCH,5173,174,144.93,6,767.11,3.38,0.83,24.16,5.29
2024-12-24,C004,Shopping - All Products,SHOPPING,5698,93,39.39,2,328.89,1.65,0.42,19.7,8.35
2024-12-24,C005,Display - Retargeting,DISPLAY,23150,113,40.54,0,0.0,0.49,0.36,40.54,0.0
2024-12-24,C006,YouTube - Brand Awareness,VIDEO,15586,154,26.42,0,0.0,0.99,0.17,26.42,0.0
2024-12-25,C001,Brand - Olist,SEARCH,7137,243,152.86,9,1348.74,3.4,0.63,16.98,8.82
2024-12-25,C002,Generic - Electronics,SEARCH,6375,234,236.81,4,331.34,3.68,1.01,59.2,1.4
2024-12-25,C003,Generic - Home & Garden,SEARCH,7344,229,198.09,5,830.14,3.13,0.87,39.62,4.19
2024-12-25,C004,Shopping - All Products,SHOPPING,7656,181,126.68,3,628.8,2.37,0.7,42.23,4.96
2024-12-25,C005,Display - Retargeting,DISPLAY,18871,75,16.06,0,0.0,0.4,0.21,16.06,0.0
2024-12-25,C006,YouTube - Brand Awareness,VIDEO,12680,147,31.82,0,0.0,1.16,0.22,31.82,0.0
2024-12-26,C001,Brand - Olist,SEARCH,7127,258,142.1,8,1768.72,3.62,0.55,17.76,12.45
2024-12-26,C002,Generic - Electronics,SEARCH,5696,180,239.95,5,814.72,3.16,1.33,47.99,3.4
2024-12-26,C003,Generic - Home & Garden,SEARCH,4935,181,175.6,5,813.0,3.68,0.97,35.12,4.63
2024-12-26,C004,Shopping - All Products,SHOPPING,9979,232,157.92,6,1077.96,2.33,0.68,26.32,6.83
2024-12-26,C005,Display - Retargeting,DISPLAY,23890,104,31.97,1,137.02,0.44,0.31,31.97,4.29
2024-12-26,C006,YouTube - Brand Awareness,VIDEO,22884,278,57.15,0,0.0,1.22,0.21,57.15,0.0
2024-12-27,C001,Brand - Olist,SEARCH,4556,167,158.34,3,323.93,3.67,0.95,52.78,2.05
2024-12-27,C002,Generic - Electronics,SEARCH,5662,231,282.11,6,565.9,4.1,1.22,47.02,2.01
2024-12-27,C003,Generic - Home & Garden,SEARCH,7744,289,254.29,5,1220.96,3.73,0.88,50.86,4.8
2024-12-27,C004,Shopping - All Products,SHOPPING,7726,163,76.74,4,777.93,2.12,0.47,19.18,10.14
2024-12-27,C005,Display - Retargeting,DISPLAY,25648,148,33.52,0,0.0,0.58,0.23,33.52,0.0
2024-12-27,C006,YouTube - Brand Awareness,VIDEO,16805,220,46.7,0,0.0,1.31,0.21,46.7,0.0
2024-12-28,C001,Brand - Olist,SEARCH,5680,177,128.86,7,966.47,3.13,0.73,18.41,7.5
2024-12-28,C002,Generic - Electronics,SEARCH,5418,152,182.35,3,321.43,2.81,1.2,60.78,1.76
2024-12-28,C003,Generic - Home & Garden,SEARCH,7044,258,192.48,6,856.1,3.66,0.75,32.08,4.45
2024-12-28,C004,Shopping - All Products,SHOPPING,11153,250,132.33,5,1056.06,2.25,0.53,26.47,7.98
2024-12-28,C005,Display - Retargeting,DISPLAY,23767,137,54.89,1,220.34,0.58,0.4,54.89,4.01
2024-12-28,C006,YouTube - Brand Awareness,VIDEO,21146,223,50.72,0,0.0,1.06,0.23,50.72,0.0
2024-12-29,C001,Brand - Olist,SEARCH,4379,131,143.82,4,331.54,3.01,1.1,35.95,2.31
2024-12-29,C002,Generic - Electronics,SEARCH,7657,219,178.74,6,1430.91,2.86,0.82,29.79,8.01
2024-12-29,C003,Generic - Home & Garden,SEARCH,6597,260,188.11,7,1153.77,3.95,0.72,26.87,6.13
2024-12-29,C004,Shopping - All Products,SHOPPING,7135,153,86.94,3,316.18,2.15,0.57,28.98,3.64
2024-12-29,C005,Display - Retargeting,DISPLAY,26134,113,44.43,0,0.0,0.43,0.39,44.43,0.0
2024-12-29,C006,YouTube - Brand Awareness,VIDEO,18198,181,37.1,0,0.0,0.99,0.2,37.1,0.0
2024-12-30,C001,Brand - Olist,SEARCH,6179,216,157.6,4,691.9,3.5,0.73,39.4,4.39
2024-12-30,C002,Generic - Electronics,SEARCH,4933,144,145.79,5,484.35,2.93,1.01,29.16,3.32
2024-12-30,C003,Generic - Home & Garden,SEARCH,3621,114,152.6,3,291.59,3.17,1.34,50.87,1.91
2024-12-30,C004,Shopping - All Products,SHOPPING,8247,155,104.81,4,480.26,1.88,0.68,26.2,4.58
2024-12-30,C005,Display - Retargeting,DISPLAY,21661,124,29.34,1,101.61,0.57,0.24,29.34,3.46
2024-12-30,C006,YouTube - Brand Awareness,VIDEO,13773,142,30.42,0,0.0,1.04,0.21,30.42,0.0
2024-12-31,C001,Brand - Olist,SEARCH,5706,234,163.51,7,1029.09,4.11,0.7,23.36,6.29
2024-12-31,C002,Generic - Electronics,SEARCH,5802,202,212.29,7,1550.01,3.49,1.05,30.33,7.3
2024-12-31,C003,Generic - Home & Garden,SEARCH,4522,147,156.59,3,644.92,3.27,1.07,52.2,4.12
2024-12-31,C004,Shopping - All Products,SHOPPING,7617,142,59.41,4,527.47,1.87,0.42,14.85,8.88
2024-12-31,C005,Display - Retargeting,DISPLAY,15385,75,20.59,0,0.0,0.49,0.27,20.59,0.0
2024-12-31,C006,YouTube - Brand Awareness,VIDEO,14846,167,30.45,0,0.0,1.13,0.18,30.45,0.0
2025-01-01,C001,Brand - Olist,SEARCH,5076,174,141.18,6,501.57,3.44,0.81,23.53,3.55
2025-01-01,C002,Generic - Electronics,SEARCH,5708,221,211.24,4,824.56,3.89,0.96,52.81,3.9
2025-01-01,C003,Generic - Home & Garden,SEARCH,4388,175,149.71,4,811.42,3.99,0.86,37.43,5.42
2025-01-01,C004,Shopping - All Products,SHOPPING,8558,198,84.32,4,375.72,2.32,0.43,21.08,4.46
2025-01-01,C005,Display - Retargeting,DISPLAY,19622,115,47.73,1,172.62,0.59,0.42,47.73,3.62
2025-01-01,C006,YouTube - Brand Awareness,VIDEO,15513,201,42.01,0,0.0,1.3,0.21,42.01,0.0
2025-01-02,C001,Brand - Olist,SEARCH,4387,129,92.47,4,854.97,2.96,0.72,23.12,9.25
2025-01-02,C002,Generic - Electronics,SEARCH,6035,194,159.47,5,1042.86,3.22,0.82,31.89,6.54
2025-01-02,C003,Generic - Home & Garden,SEARCH,6142,178,129.38,4,954.57,2.91,0.73,32.34,7.38
2025-01-02,C004,Shopping - All Products,SHOPPING,10391,232,128.6,3,686.73,2.24,0.55,42.87,5.34
2025-01-02,C005,Display - Retargeting,DISPLAY,28077,121,38.43,1,240.85,0.43,0.32,38.43,6.27
2025-01-02,C006,YouTube - Brand Awareness,VIDEO,18861,229,30.31,0,0.0,1.22,0.13,30.31,0.0
2025-01-03,C001,Brand - Olist,SEARCH,6876,262,160.08,5,656.0,3.81,0.61,32.02,4.1
2025-01-03,C002,Generic - Electronics,SEARCH,5096,169,151.4,4,990.87,3.32,0.9,37.85,6.54
2025-01-03,C003,Generic - Home & Garden,SEARCH,4401,131,98.48,2,444.39,3.0,0.75,49.24,4.51
2025-01-03,C004,Shopping - All Products,SHOPPING,9668,195,115.11,3,402.6,2.02,0.59,38.37,3.5
2025-01-03,C005,Display - Retargeting,DISPLAY,25346,112,26.26,0,0.0,0.44,0.23,26.26,0.0
2025-01-03,C006,YouTube - Brand Awareness,VIDEO,21110,232,33.2,0,0.0,1.1,0.14,33.2,0.0
2025-01-04,C001,Brand - Olist,SEARCH,7017,288,139.68,6,1339.04,4.11,0.49,23.28,9.59
2025-01-04,C002,Generic - Electronics,SEARCH,4953,143,173.91,5,952.72,2.9,1.22,34.78,5.48
2025-01-04,C003,Generic - Home & Garden,SEARCH,4525,186,167.14,5,443.54,4.13,0.9,33.43,2.65
2025-01-04,C004,Shopping - All Products,SHOPPING,9579,162,85.79,4,866.16,1.7,0.53,21.45,10.1
2025-01-04,C005,Display - Retargeting,DISPLAY,19009,89,25.67,0,0.0,0.47,0.29,25.67,0.0
2025-01-04,C006,YouTube - Brand Awareness,VIDEO,14656,166,23.13,0,0.0,1.14,0.14,23.13,0.0
2025-01-05,C001,Brand - Olist,SEARCH,7010,234,162.34,7,767.65,3.35,0.69,23.19,4.73
2025-01-05,C002,Generic - Electronics,SEARCH,5563,221,259.45,8,1855.8,3.98,1.17,32.43,7.15
2025-01-05,C003,Generic - Home & Garden,SEARCH,7511,220,242.55,7,1281.99,2.93,1.1,34.65,5.29
2025-01-05,C004,Shopping - All Products,SHOPPING,7680,171,111.18,3,328.73,2.24,0.65,37.06,2.96
2025-01-05,C005,Display - Retargeting,DISPLAY,21659,87,25.58,0,0.0,0.4,0.29,25.58,0.0
2025-01-05,C006,YouTube - Brand Awareness,VIDEO,21631,230,32.47,0,0.0,1.06,0.14,32.47,0.0
2025-01-06,C001,Brand - Olist,SEARCH,5786,202,137.92,4,753.99,3.5,0.68,34.48,5.47
2025-01-06,C002,Generic - Electronics,SEARCH,4368,179,136.19,5,954.82,4.1,0.76,27.24,7.01
2025-01-06,C003,Generic - Home & Garden,SEARCH,4096,135,177.71,5,878.26,3.31,1.32,35.54,4.94
2025-01-06,C004,Shopping - All Products,SHOPPING,8888,192,87.64,5,767.3,2.17,0.46,17.53,8.76
2025-01-06,C005,Display - Retargeting,DISPLAY,24575,120,28.8,1,134.35,0.49,0.24,28.8,4.66
2025-01-06,C006,YouTube - Brand Awareness,VIDEO,17580,243,41.34,0,0.0,1.38,0.17,41.34,0.0
2025-01-07,C001,Brand - Olist,SEARCH,5614,191,158.34,5,776.66,3.42,0.83,31.67,4.91
2025-01-07,C002,Generic - Electronics,SEARCH,4443,147,160.16,3,507.37,3.31,1.09,53.39,3.17
2025-01-07,C003,Generic - Home & Garden,SEARCH,5291,168,153.24,5,890.61,3.18,0.91,30.65,5.81
2025-01-07,C004,Shopping - All Products,SHOPPING,8360,135,82.57,3,423.31,1.62,0.61,27.52,5.13
2025-01-07,C005,Display - Retargeting,DISPLAY,14378,63,25.81,0,0.0,0.44,0.41,25.81,0.0
2025-01-07,C006,YouTube - Brand Awareness,VIDEO,10404,135,26.16,0,0.0,1.3,0.19,26.16,0.0
2025-01-08,C001,Brand - Olist,SEARCH,4805,147,143.59,3,569.07,3.07,0.98,47.86,3.96
2025-01-08,C002,Generic - Electronics,SEARCH,6543,258,261.16,6,1479.61,3.95,1.01,43.53,5.67
2025-01-08,C003,Generic - Home & Garden,SEARCH,6346,240,172.62,4,707.08,3.79,0.72,43.16,4.1
2025-01-08,C004,Shopping - All Products,SHOPPING,12023,285,165.96,9,1750.62,2.37,0.58,18.44,10.55
2025-01-08,C005,Display - Retargeting,DISPLAY,17734,87,22.66,0,0.0,0.49,0.26,22.66,0.0
2025-01-08,C006,YouTube - Brand Awareness,VIDEO,16453,170,32.21,0,0.0,1.04,0.19,32.21,0.0
2025-01-09,C001,Brand - Olist,SEARCH,7567,308,136.18,10,2206.94,4.08,0.44,13.62,16.21
2025-01-09,C002,Generic - Electronics,SEARCH,7684,310,301.8,5,609.66,4.05,0.97,60.36,2.02
2025-01-09,C003,Generic - Home & Garden,SEARCH,5854,215,239.05,5,880.21,3.68,1.11,47.81,3.68
2025-01-09,C004,Shopping - All Products,SHOPPING,7227,139,91.96,4,508.97,1.93,0.66,22.99,5.53
2025-01-09,C005,Display - Retargeting,DISPLAY,23973,111,33.58,1,230.02,0.47,0.3,33.58,6.85
2025-01-09,C006,YouTube - Brand Awareness,VIDEO,14797,204,27.24,0,0.0,1.38,0.13,27.24,0.0
2025-01-10,C001,Brand - Olist,SEARCH,6043,248,145.57,9,1325.96,4.12,0.59,16.17,9.11
2025-01-10,C002,Generic - Electronics,SEARCH,4916,166,164.22,5,829.35,3.39,0.99,32.84,5.05
2025-01-10,C003,Generic - Home & Garden,SEARCH,7758,267,201.74,7,746.71,3.45,0.76,28.82,3.7
2025-01-10,C004,Shopping - All Products,SHOPPING,12177,269,128.96,7,1680.12,2.21,0.48,18.42,13.03
2025-01-10,C005,Display - Retargeting,DISPLAY,29495,148,55.16,1,99.51,0.5,0.37,55.16,1.8
2025-01-10,C006,YouTube - Brand Awareness,VIDEO,13962,169,27.02,0,0.0,1.21,0.16,27.02,0.0
2025-01-11,C001,Brand - Olist,SEARCH,6342,225,149.53,4,695.15,3.55,0.66,37.38,4.65
2025-01-11,C002,Generic - Electronics,SEARCH,7227,303,289.22,12,1350.13,4.2,0.95,24.1,4.67
2025-01-11,C003,Generic - Home & Garden,SEARCH,6415,216,160.56,5,983.18,3.37,0.74,32.11,6.12
2025-01-11,C004,Shopping - All Products,SHOPPING,12185,221,151.33,5,459.97,1.81,0.68,30.27,3.04
2025-01-11,C005,Display - Retargeting,DISPLAY,30250,167,58.14,1,244.72,0.55,0.35,58.14,4.21
2025-01-11,C006,YouTube - Brand Awareness,VIDEO,20310,285,54.48,0,0.0,1.4,0.19,54.48,0.0
2025-01-12,C001,Brand - Olist,SEARCH,6332,220,135.3,4,654.1,3.48,0.62,33.83,4.83
2025-01-12,C002,Generic - Electronics,SEARCH,7621,254,258.32,8,1046.54,3.34,1.02,32.29,4.05
2025-01-12,C003,Generic - Home & Garden,SEARCH,5678,176,231.53,4,337.57,3.1,1.32,57.88,1.46
2025-01-12,C004,Shopping - All Products,SHOPPING,7997,177,80.37,3,245.08,2.22,0.45,26.79,3.05
2025-01-12,C005,Display - Retargeting,DISPLAY,18020,101,37.57,1,196.14,0.56,0.37,37.57,5.22
2025-01-12,C006,YouTube - Brand Awareness,VIDEO,13165,175,40.69,0,0.0,1.34,0.23,40.69,0.0
2025-01-13,C001,Brand - Olist,SEARCH,4828,184,139.67,4,464.02,3.82,0.76,34.92,3.32
2025-01-13,C002,Generic - Electronics,SEARCH,4702,143,90.76,2,443.98,3.06,0.63,45.38,4.89
2025-01-13,C003,Generic - Home & Garden,SEARCH,3676,146,135.05,5,407.73,3.98,0.93,27.01,3.02
2025-01-13,C004,Shopping - All Products,SHOPPING,4769,85,44.7,1,183.19,1.8,0.53,44.7,4.1
2025-01-13,C005,Display - Retargeting,DISPLAY,13009,72,24.79,0,0.0,0.56,0.34,24.79,0.0
2025-01-13,C006,YouTube - Brand Awareness,VIDEO,12425,149,17.9,0,0.0,1.2,0.12,17.9,0.0
2025-01-14,C001,Brand - Olist,SEARCH,4205,118,123.64,3,267.0,2.81,1.05,41.21,2.16
2025-01-14,C002,Generic - Electronics,SEARCH,4611,190,140.2,4,712.32,4.14,0.74,35.05,5.08
2025-01-14,C003,Generic - Home & Garden,SEARCH,3171,104,105.01,2,302.88,3.3,1.01,52.51,2.88
2025-01-14,C004,Shopping - All Products,SHOPPING,6638,106,36.01,1,200.16,1.6,0.34,36.01,5.56
2025-01-14,C005,Display - Retargeting,DISPLAY,20032,90,21.59,1,240.12,0.45,0.24,21.59,11.12
2025-01-14,C006,YouTube - Brand Awareness,VIDEO,13724,137,24.01,0,0.0,1.0,0.18,24.01,0.0
2025-01-15,C001,Brand - Olist,SEARCH,4073,159,137.55,4,900.99,3.91,0.87,34.39,6.55
2025-01-15,C002,Generic - Electronics,SEARCH,5746,182,121.01,7,1252.09,3.18,0.66,17.29,10.35
2025-01-15,C003,Generic - Home & Garden,SEARCH,5100,185,150.37,5,499.24,3.63,0.81,30.07,3.32
2025-01-15,C004,Shopping - All Products,SHOPPING,6219,126,76.86,3,629.69,2.03,0.61,25.62,8.19
2025-01-15,C005,Display - Retargeting,DISPLAY,16973,69,13.3,0,0.0,0.41,0.19,13.3,0.0
2025-01-15,C006,YouTube - Brand Awareness,VIDEO,15015,196,22.91,0,0.0,1.31,0.12,22.91,0.0
2025-01-16,C001,Brand - Olist,SEARCH,5955,181,155.79,5,994.6,3.04,0.86,31.16,6.38
2025-01-16,C002,Generic - Electronics,SEARCH,4736,141,139.75,4,549.84,2.99,0.99,34.94,3.93
2025-01-16,C003,Generic - Home & Garden,SEARCH,6220,225,145.31,8,1720.02,3.62,0.65,18.16,11.84
2025-01-16,C004,Shopping - All Products,SHOPPING,7974,184,73.47,5,1161.82,2.32,0.4,14.69,15.81
2025-01-16,C005,Display - Retargeting,DISPLAY,22228,127,24.2,0,0.0,0.57,0.19,24.2,0.0
2025-01-16,C006,YouTube - Brand Awareness,VIDEO,12654,146,19.18,0,0.0,1.16,0.13,19.18,0.0
2025-01-17,C001,Brand - Olist,SEARCH,5216,178,142.63,6,1251.93,3.42,0.8,23.77,8.78
2025-01-17,C002,Generic - Electronics,SEARCH,4496,172,117.89,4,869.24,3.84,0.69,29.47,7.37
2025-01-17,C003,Generic - Home & Garden,SEARCH,4239,122,82.15,3,369.13,2.89,0.67,27.38,4.49
2025-01-17,C004,Shopping - All Products,SHOPPING,8265,167,87.08,5,662.96,2.02,0.52,17.42,7.61
2025-01-17,C005,Display - Retargeting,DISPLAY,22329,90,21.62,0,0.0,0.4,0.24,21.62,0.0
2025-01-17,C006,YouTube - Brand Awareness,VIDEO,17611,187,32.93,0,0.0,1.06,0.18,32.93,0.0
2025-01-18,C001,Brand - Olist,SEARCH,5485,180,143.84,5,1033.59,3.3,0.8,28.77,7.19
2025-01-18,C002,Generic - Electronics,SEARCH,4636,149,129.38,5,863.32,3.22,0.87,25.88,6.67
2025-01-18,C003,Generic - Home & Garden,SEARCH,5484,222,145.11,7,1540.26,4.06,0.65,20.73,10.61
2025-01-18,C004,Shopping - All Products,SHOPPING,9713,187,64.17,3,388.51,1.93,0.34,21.39,6.05
2025-01-18,C005,Display - Retargeting,DISPLAY,23267,96,30.7,0,0.0,0.42,0.32,30.7,0.0
2025-01-18,C006,YouTube - Brand Awareness,VIDEO,13536,135,27.8,0,0.0,1.0,0.21,27.8,0.0
2025-01-19,C001,Brand - Olist,SEARCH,6300,206,142.3,8,645.21,3.28,0.69,17.79,4.53
2025-01-19,C002,Generic - Electronics,SEARCH,4214,173,120.55,5,1132.57,4.11,0.7,24.11,9.4
2025-01-19,C003,Generic - Home & Garden,SEARCH,4931,206,205.82,8,1194.74,4.19,1.0,25.73,5.8
2025-01-19,C004,Shopping - All Products,SHOPPING,6979,142,58.34,1,156.43,2.05,0.41,58.34,2.68
2025-01-19,C005,Display - Retargeting,DISPLAY,24042,123,43.03,0,0.0,0.51,0.35,43.03,0.0
2025-01-19,C006,YouTube - Brand Awareness,VIDEO,11976,131,24.66,0,0.0,1.1,0.19,24.66,0.0
2025-01-20,C001,Brand - Olist,SEARCH,4915,160,105.94,5,540.02,3.26,0.66,21.19,5.1
2025-01-20,C002,Generic - Electronics,SEARCH,3831,122,126.07,5,446.53,3.2,1.03,25.21,3.54
2025-01-20,C003,Generic - Home & Garden,SEARCH,3652,126,112.69,4,914.83,3.47,0.89,28.17,8.12
2025-01-20,C004,Shopping - All Products,SHOPPING,8084,181,105.51,5,657.98,2.24,0.58,21.1,6.24
2025-01-20,C005,Display - Retargeting,DISPLAY,15025,69,17.72,0,0.0,0.46,0.26,17.72,0.0
2025-01-20,C006,YouTube - Brand Awareness,VIDEO,9105,110,12.21,0,0.0,1.21,0.11,12.21,0.0
2025-01-21,C001,Brand - Olist,SEARCH,3839,150,147.79,3,401.4,3.92,0.99,49.26,2.72
2025-01-21,C002,Generic - Electronics,SEARCH,4657,133,80.15,3,306.75,2.87,0.6,26.72,3.83
2025-01-21,C003,Generic - Home & Garden,SEARCH,3365,138,152.68,3,505.37,4.11,1.11,50.89,3.31
2025-01-21,C004,Shopping - All Products,SHOPPING,8224,195,74.65,3,348.9,2.37,0.38,24.88,4.67
2025-01-21,C005,Display - Retargeting,DISPLAY,17690,85,28.73,0,0.0,0.48,0.34,28.73,0.0
2025-01-21,C006,YouTube - Brand Awareness,VIDEO,14909,154,22.1,0,0.0,1.04,0.14,22.1,0.0
2025-01-22,C001,Brand - Olist,SEARCH,6244,189,126.08,7,790.41,3.03,0.67,18.01,6.27
2025-01-22,C002,Generic - Electronics,SEARCH,4748,162,154.13,3,715.06,3.43,0.95,51.38,4.64
2025-01-22,C003,Generic - Home & Garden,SEARCH,6225,242,146.78,7,887.48,3.89,0.61,20.97,6.05
2025-01-22,C004,Shopping - All Products,SHOPPING,9966,209,70.57,6,559.27,2.11,0.34,11.76,7.93
2025-01-22,C005,Display - Retargeting,DISPLAY,20388,93,22.67,0,0.0,0.46,0.24,22.67,0.0
2025-01-22,C006,YouTube - Brand Awareness,VIDEO,15027,150,25.52,0,0.0,1.0,0.17,25.52,0.0
2025-01-23,C001,Brand - Olist,SEARCH,4078,125,131.55,4,460.0,3.07,1.05,32.89,3.5
2025-01-23,C002,Generic - Electronics,SEARCH,4465,154,178.06,3,422.69,3.45,1.16,59.35,2.37
2025-01-23,C003,Generic - Home & Garden,SEARCH,3948,138,119.93,5,726.03,3.51,0.87,23.99,6.05
2025-01-23,C004,Shopping - All Products,SHOPPING,7960,184,104.72,3,455.1,2.32,0.57,34.91,4.35
2025-01-23,C005,Display - Retargeting,DISPLAY,16756,73,13.26,0,0.0,0.44,0.18,13.26,0.0
2025-01-23,C006,YouTube - Brand Awareness,VIDEO,12578,169,32.85,0,0.0,1.34,0.19,32.85,0.0
2025-01-24,C001,Brand - Olist,SEARCH,4101,127,97.62,3,704.53,3.1,0.77,32.54,7.22
2025-01-24,C002,Generic - Electronics,SEARCH,5346,180,207.18,3,528.6,3.38,1.15,69.06,2.55
2025-01-24,C003,Generic - Home & Garden,SEARCH,5346,152,126.89,5,942.42,2.86,0.83,25.38,7.43
2025-01-24,C004,Shopping - All Products,SHOPPING,7138,119,53.5,3,482.34,1.67,0.45,17.83,9.02
2025-01-24,C005,Display - Retargeting,DISPLAY,17807,98,25.69,1,227.42,0.55,0.26,25.69,8.85
2025-01-24,C006,YouTube - Brand Awareness,VIDEO,16557,162,26.64,0,0.0,0.98,0.16,26.64,0.0
2025-01-25,C001,Brand - Olist,SEARCH,6147,173,149.21,4,324.83,2.83,0.86,37.3,2.18
2025-01-25,C002,Generic - Electronics,SEARCH,5958,196,179.68,6,1455.1,3.3,0.92,29.95,8.1
2025-01-25,C003,Generic - Home & Garden,SEARCH,5094,171,198.78,4,406.0,3.36,1.16,49.7,2.04
2025-01-25,C004,Shopping - All Products,SHOPPING,9644,182,95.19,3,546.86,1.89,0.52,31.73,5.74
2025-01-25,C005,Display - Retargeting,DISPLAY,14728,71,19.22,0,0.0,0.48,0.27,19.22,0.0
2025-01-25,C006,YouTube - Brand Awareness,VIDEO,17441,170,21.32,0,0.0,0.98,0.13,21.32,0.0
2025-01-26,C001,Brand - Olist,SEARCH,6027,194,149.12,4,341.13,3.22,0.77,37.28,2.29
2025-01-26,C002,Generic - Electronics,SEARCH,6340,198,146.08,7,1249.89,3.14,0.74,20.87,8.56
2025-01-26,C003,Generic - Home & Garden,SEARCH,5501,224,179.34,3,335.25,4.08,0.8,59.78,1.87
2025-01-26,C004,Shopping - All Products,SHOPPING,9589,212,90.2,5,400.2,2.21,0.43,18.04,4.44
2025-01-26,C005,Display - Retargeting,DISPLAY,16894,74,16.19,0,0.0,0.44,0.22,16.19,0.0
2025-01-26,C006,YouTube - Brand Awareness,VIDEO,15038,206,26.85,0,0.0,1.38,0.13,26.85,0.0
2025-01-27,C001,Brand - Olist,SEARCH,4121,162,158.78,5,819.34,3.94,0.98,31.76,5.16
2025-01-27,C002,Generic - Electronics,SEARCH,2896,120,98.78,4,513.32,4.18,0.82,24.7,5.2
2025-01-27,C003,Generic - Home & Garden,SEARCH,4205,152,130.75,3,468.8,3.62,0.86,43.58,3.59
2025-01-27,C004,Shopping - All Products,SHOPPING,6544,139,78.11,3,316.81,2.13,0.56,26.04,4.06
2025-01-27,C005,Display - Retargeting,DISPLAY,20153,96,29.06,0,0.0,0.48,0.3,29.06,0.0
2025-01-27,C006,YouTube - Brand Awareness,VIDEO,14723,178,36.07,0,0.0,1.21,0.2,36.07,0.0
2025-01-28,C001,Brand - Olist,SEARCH,4726,148,162.32,6,1010.64,3.15,1.1,27.05,6.23
2025-01-28,C002,Generic - Electronics,SEARCH,4425,172,115.75,3,493.76,3.89,0.67,38.58,4.27
2025-01-28,C003,Generic - Home & Garden,SEARCH,3171,96,77.97,3,277.96,3.06,0.81,25.99,3.56
2025-01-28,C004,Shopping - All Products,SHOPPING,6414,111,55.03,2,411.02,1.75,0.5,27.52,7.47
2025-01-28,C005,Display - Retargeting,DISPLAY,14421,79,19.81,0,0.0,0.55,0.25,19.81,0.0
2025-01-28,C006,YouTube - Brand Awareness,VIDEO,13108,164,22.56,0,0.0,1.26,0.14,22.56,0.0
2025-01-29,C001,Brand - Olist,SEARCH,5567,165,133.2,6,524.53,2.98,0.81,22.2,3.94
2025-01-29,C002,Generic - Electronics,SEARCH,4209,170,102.08,6,1105.67,4.05,0.6,17.01,10.83
2025-01-29,C003,Generic - Home & Garden,SEARCH,4285,123,75.25,4,602.82,2.89,0.61,18.81,8.01
2025-01-29,C004,Shopping - All Products,SHOPPING,9057,211,93.59,4,937.5,2.33,0.44,23.4,10.02
2025-01-29,C005,Display - Retargeting,DISPLAY,23652,97,28.73,1,100.82,0.41,0.3,28.73,3.51
2025-01-29,C006,YouTube - Brand Awareness,VIDEO,15306,211,31.24,0,0.0,1.38,0.15,31.24,0.0
2025-01-30,C001,Brand - Olist,SEARCH,4473,184,140.43,6,645.43,4.12,0.76,23.41,4.6
2025-01-30,C002,Generic - Electronics,SEARCH,4959,190,211.05,6,608.81,3.83,1.11,35.18,2.88
2025-01-30,C003,Generic - Home & Garden,SEARCH,6337,189,199.57,7,1416.75,2.99,1.06,28.51,7.1
2025-01-30,C004,Shopping - All Products,SHOPPING,9218,163,74.09,4,390.69,1.78,0.45,18.52,5.27
2025-01-30,C005,Display - Retargeting,DISPLAY,25548,147,32.68,1,158.51,0.58,0.22,32.68,4.85
2025-01-30,C006,YouTube - Brand Awareness,VIDEO,13329,165,29.97,0,0.0,1.24,0.18,29.97,0.0
2025-01-31,C001,Brand - Olist,SEARCH,5633,161,148.75,3,363.3,2.87,0.92,49.58,2.44
2025-01-31,C002,Generic - Electronics,SEARCH,4949,200,164.02,3,482.79,4.04,0.82,54.67,2.94
2025-01-31,C003,Generic - Home & Garden,SEARCH,6475,251,180.79,5,748.13,3.88,0.72,36.16,4.14
2025-01-31,C004,Shopping - All Products,SHOPPING,9344,207,80.08,5,722.94,2.22,0.39,16.02,9.03
2025-01-31,C005,Display - Retargeting,DISPLAY,20023,104,28.39,0,0.0,0.52,0.27,28.39,0.0
2025-01-31,C006,YouTube - Brand Awareness,VIDEO,17814,217,25.77,0,0.0,1.22,0.12,25.77,0.0
2025-02-01,C001,Brand - Olist,SEARCH,4607,137,123.77,5,556.04,2.99,0.9,24.75,4.49
2025-02-01,C002,Generic - Electronics,SEARCH,4258,143,117.69,4,436.12,3.37,0.82,29.42,3.71
2025-02-01,C003,Generic - Home & Garden,SEARCH,4301,151,103.09,4,806.0,3.51,0.68,25.77,7.82
2025-02-01,C004,Shopping - All Products,SHOPPING,10100,235,144.06,3,394.16,2.33,0.61,48.02,2.74
2025-02-01,C005,Display - Retargeting,DISPLAY,24741,147,47.83,1,151.97,0.59,0.33,47.83,3.18
2025-02-01,C006,YouTube - Brand Awareness,VIDEO,10583,124,13.62,0,0.0,1.17,0.11,13.62,0.0
2025-02-02,C001,Brand - Olist,SEARCH,5339,214,148.02,8,1871.59,4.02,0.69,18.5,12.64
2025-02-02,C002,Generic - Electronics,SEARCH,3859,136,103.94,4,906.68,3.54,0.76,25.98,8.72
2025-02-02,C003,Generic - Home & Garden,SEARCH,3988,157,173.13,3,701.02,3.94,1.1,57.71,4.05
2025-02-02,C004,Shopping - All Products,SHOPPING,7139,145,47.98,3,466.68,2.04,0.33,15.99,9.73
2025-02-02,C005,Display - Retargeting,DISPLAY,17075,74,21.63,0,0.0,0.44,0.29,21.63,0.0
2025-02-02,C006,YouTube - Brand Awareness,VIDEO,12223,140,21.83,0,0.0,1.15,0.16,21.83,0.0
2025-02-03,C001,Brand - Olist,SEARCH,4339,122,103.82,2,192.15,2.83,0.85,51.91,1.85
2025-02-03,C002,Generic - Electronics,SEARCH,4620,168,156.97,3,557.5,3.65,0.93,52.32,3.55
2025-02-03,C003,Generic - Home & Garden,SEARCH,3298,115,105.71,4,892.88,3.51,0.92,26.43,8.45
2025-02-03,C004,Shopping - All Products,SHOPPING,7253,120,41.81,1,246.31,1.66,0.35,41.81,5.89
2025-02-03,C005,Display - Retargeting,DISPLAY,12721,63,15.04,0,0.0,0.5,0.24,15.04,0.0
2025-02-03,C006,YouTube - Brand Awareness,VIDEO,10377,143,15.62,0,0.0,1.39,0.11,15.62,0.0
2025-02-04,C001,Brand - Olist,SEARCH,4694,133,150.8,3,424.92,2.84,1.13,50.27,2.82
2025-02-04,C002,Generic - Electronics,SEARCH,2959,123,76.06,3,723.95,4.19,0.62,25.35,9.52
2025-02-04,C003,Generic - Home & Garden,SEARCH,3390,120,105.84,2,225.89,3.54,0.88,52.92,2.13
2025-02-04,C004,Shopping - All Products,SHOPPING,5303,116,43.45,2,452.95,2.19,0.37,21.73,10.42
2025-02-04,C005,Display - Retargeting,DISPLAY,20244,101,23.9,0,0.0,0.5,0.24,23.9,0.0
2025-02-04,C006,YouTube - Brand Awareness,VIDEO,13110,159,32.46,0,0.0,1.22,0.2,32.46,0.0
2025-02-05,C001,Brand - Olist,SEARCH,5037,159,137.65,5,1199.54,3.17,0.87,27.53,8.71
2025-02-05,C002,Generic - Electronics,SEARCH,4487,128,113.96,2,418.56,2.86,0.89,56.98,3.67
2025-02-05,C003,Generic - Home & Garden,SEARCH,6454,266,189.47,9,1414.39,4.12,0.71,21.05,7.46
2025-02-05,C004,Shopping - All Products,SHOPPING,8194,186,86.72,4,713.81,2.28,0.47,21.68,8.23
2025-02-05,C005,Display - Retargeting,DISPLAY,16268,94,27.54,0,0.0,0.58,0.29,27.54,0.0
2025-02-05,C006,YouTube - Brand Awareness,VIDEO,11588,115,18.44,0,0.0,1.0,0.16,18.44,0.0
2025-02-06,C001,Brand - Olist,SEARCH,4792,145,151.83,4,541.28,3.04,1.05,37.96,3.57
2025-02-06,C002,Generic - Electronics,SEARCH,3784,157,120.16,5,420.99,4.17,0.77,24.03,3.5
2025-02-06,C003,Generic - Home & Garden,SEARCH,5930,210,159.71,4,928.62,3.55,0.76,39.93,5.81
2025-02-06,C004,Shopping - All Products,SHOPPING,8892,160,53.71,3,446.3,1.8,0.34,17.9,8.31
2025-02-06,C005,Display - Retargeting,DISPLAY,18363,81,23.67,0,0.0,0.44,0.29,23.67,0.0
2025-02-06,C006,YouTube - Brand Awareness,VIDEO,14317,168,22.12,0,0.0,1.17,0.13,22.12,0.0
2025-02-07,C001,Brand - Olist,SEARCH,4414,134,86.58,2,394.63,3.05,0.65,43.29,4.56
2025-02-07,C002,Generic - Electronics,SEARCH,4671,157,137.24,3,397.91,3.38,0.87,45.75,2.9
2025-02-07,C003,Generic - Home & Garden,SEARCH,5491,204,156.12,4,463.05,3.73,0.77,39.03,2.97
2025-02-07,C004,Shopping - All Products,SHOPPING,5710,132,50.34,2,203.32,2.32,0.38,25.17,4.04
2025-02-07,C005,Display - Retargeting,DISPLAY,21671,89,17.67,0,0.0,0.42,0.2,17.67,0.0
2025-02-07,C006,YouTube - Brand Awareness,VIDEO,15516,168,29.12,0,0.0,1.08,0.17,29.12,0.0
2025-02-08,C001,Brand - Olist,SEARCH,4303,156,164.97,5,744.0,3.65,1.06,32.99,4.51
2025-02-08,C002,Generic - Electronics,SEARCH,4175,131,115.32,5,713.05,3.16,0.88,23.06,6.18
2025-02-08,C003,Generic - Home & Garden,SEARCH,4620,154,168.29,4,547.22,3.34,1.09,42.07,3.25
2025-02-08,C004,Shopping - All Products,SHOPPING,9525,155,91.34,3,493.56,1.63,0.59,30.45,5.4
2025-02-08,C005,Display - Retargeting,DISPLAY,22008,88,28.82,0,0.0,0.4,0.33,28.82,0.0
2025-02-08,C006,YouTube - Brand Awareness,VIDEO,14455,173,25.5,0,0.0,1.2,0.15,25.5,0.0
2025-02-09,C001,Brand - Olist,SEARCH,5297,208,137.29,5,884.06,3.93,0.66,27.46,6.44
2025-02-09,C002,Generic - Electronics,SEARCH,6083,176,112.32,3,581.06,2.91,0.64,37.44,5.17
2025-02-09,C003,Generic - Home & Garden,SEARCH,5128,203,135.89,6,1445.31,3.97,0.67,22.65,10.64
2025-02-09,C004,Shopping - All Products,SHOPPING,7591,141,71.36,4,996.93,1.86,0.51,17.84,13.97
2025-02-09,C005,Display - Retargeting,DISPLAY,14270,60,16.9,0,0.0,0.42,0.28,16.9,0.0
2025-02-09,C006,YouTube - Brand Awareness,VIDEO,17582,173,24.87,0,0.0,0.99,0.14,24.87,0.0
2025-02-10,C001,Brand - Olist,SEARCH,3651,133,125.46,4,496.43,3.66,0.94,31.36,3.96
2025-02-10,C002,Generic - Electronics,SEARCH,3003,89,64.85,3,597.66,2.97,0.73,21.62,9.22
2025-02-10,C003,Generic - Home & Garden,SEARCH,4693,154,128.71,3,271.22,3.29,0.84,42.9,2.11
2025-02-10,C004,Shopping - All Products,SHOPPING,6749,161,59.18,4,491.76,2.39,0.37,14.79,8.31
2025-02-10,C005,Display - Retargeting,DISPLAY,19164,103,35.07,0,0.0,0.54,0.34,35.07,0.0
2025-02-10,C006,YouTube - Brand Awareness,VIDEO,12940,152,18.97,0,0.0,1.18,0.12,18.97,0.0
2025-02-11,C001,Brand - Olist,SEARCH,4565,170,112.62,4,927.99,3.73,0.66,28.16,8.24
2025-02-11,C002,Generic - Electronics,SEARCH,5007,144,155.99,3,516.57,2.88,1.08,52.0,3.31
2025-02-11,C003,Generic - Home & Garden,SEARCH,3155,121,72.6,3,604.34,3.84,0.6,24.2,8.32
2025-02-11,C004,Shopping - All Products,SHOPPING,7999,173,91.1,2,200.85,2.16,0.53,45.55,2.2
2025-02-11,C005,Display - Retargeting,DISPLAY,16331,87,21.58,0,0.0,0.54,0.25,21.58,0.0
2025-02-11,C006,YouTube - Brand Awareness,VIDEO,9782,133,24.09,0,0.0,1.36,0.18,24.09,0.0
2025-02-12,C001,Brand - Olist,SEARCH,4128,116,137.86,3,330.11,2.82,1.19,45.95,2.39
2025-02-12,C002,Generic - Electronics,SEARCH,5240,213,167.31,4,744.86,4.07,0.79,41.83,4.45
2025-02-12,C003,Generic - Home & Garden,SEARCH,4509,139,108.61,5,737.61,3.1,0.78,21.72,6.79
2025-02-12,C004,Shopping - All Products,SHOPPING,6777,132,54.91,4,617.86,1.96,0.42,13.73,11.25
2025-02-12,C005,Display - Retargeting,DISPLAY,24332,124,25.11,1,190.6,0.51,0.2,25.11,7.59
2025-02-12,C006,YouTube - Brand Awareness,VIDEO,18507,216,43.12,0,0.0,1.17,0.2,43.12,0.0
2025-02-13,C001,Brand - Olist,SEARCH,4252,177,136.32,4,743.85,4.18,0.77,34.08,5.46
2025-02-13,C002,Generic - Electronics,SEARCH,3485,98,80.32,2,249.32,2.83,0.82,40.16,3.1
2025-02-13,C003,Generic - Home & Garden,SEARCH,3794,142,121.57,3,541.82,3.76,0.86,40.52,4.46
2025-02-13,C004,Shopping - All Products,SHOPPING,5649,97,31.15,2,416.13,1.72,0.32,15.57,13.36
2025-02-13,C005,Display - Retargeting,DISPLAY,21466,114,27.99,0,0.0,0.53,0.25,27.99,0.0
2025-02-13,C006,YouTube - Brand Awareness,VIDEO,16625,199,26.95,0,0.0,1.2,0.14,26.95,0.0
2025-02-14,C001,Brand - Olist,SEARCH,5807,190,151.84,7,1188.1,3.28,0.8,21.69,7.82
2025-02-14,C002,Generic - Electronics,SEARCH,4800,173,171.06,3,267.25,3.61,0.99,57.02,1.56
2025-02-14,C003,Generic - Home & Garden,SEARCH,5997,212,193.52,4,842.3,3.54,0.91,48.38,4.35
2025-02-14,C004,Shopping - All Products,SHOPPING,8727,161,62.93,2,459.58,1.85,0.39,31.46,7.3
2025-02-14,C005,Display - Retargeting,DISPLAY,16225,84,27.04,0,0.0,0.52,0.32,27.04,0.0
2025-02-14,C006,YouTube - Brand Awareness,VIDEO,12916,141,28.08,0,0.0,1.09,0.2,28.08,0.0
2025-02-15,C001,Brand - Olist,SEARCH,3465,98,86.09,2,445.87,2.84,0.88,43.05,5.18
2025-02-15,C002,Generic - Electronics,SEARCH,3420,113,79.02,2,484.4,3.31,0.7,39.51,6.13
2025-02-15,C003,Generic - Home & Garden,SEARCH,3961,162,130.57,4,952.97,4.09,0.81,32.64,7.3
2025-02-15,C004,Shopping - All Products,SHOPPING,5344,117,66.63,1,152.18,2.2,0.57,66.63,2.28
2025-02-15,C005,Display - Retargeting,DISPLAY,23943,121,30.73,0,0.0,0.51,0.25,30.73,0.0
2025-02-15,C006,YouTube - Brand Awareness,VIDEO,10723,135,25.78,0,0.0,1.26,0.19,25.78,0.0
2025-02-16,C001,Brand - Olist,SEARCH,5045,152,144.04,4,727.61,3.03,0.95,36.01,5.05
2025-02-16,C002,Generic - Electronics,SEARCH,3813,146,107.5,3,590.94,3.84,0.74,35.83,5.5
2025-02-16,C003,Generic - Home & Garden,SEARCH,3690,125,88.12,2,459.78,3.4,0.7,44.06,5.22
2025-02-16,C004,Shopping - All Products,SHOPPING,9386,164,79.2,3,603.79,1.76,0.48,26.4,7.62
2025-02-16,C005,Display - Retargeting,DISPLAY,20817,109,23.24,0,0.0,0.52,0.21,23.24,0.0
2025-02-16,C006,YouTube - Brand Awareness,VIDEO,14283,185,23.05,0,0.0,1.3,0.12,23.05,0.0
2025-02-17,C001,Brand - Olist,SEARCH,3437,134,143.71,3,255.72,3.92,1.07,47.9,1.78
2025-02-17,C002,Generic - Electronics,SEARCH,4664,131,144.0,3,711.35,2.82,1.1,48.0,4.94
2025-02-17,C003,Generic - Home & Garden,SEARCH,2715,98,85.8,2,381.77,3.61,0.88,42.9,4.45
2025-02-17,C004,Shopping - All Products,SHOPPING,6908,110,63.76,1,124.79,1.6,0.58,63.76,1.96
2025-02-17,C005,Display - Retargeting,DISPLAY,10984,46,15.19,0,0.0,0.42,0.33,15.19,0.0
2025-02-17,C006,YouTube - Brand Awareness,VIDEO,12901,176,22.07,0,0.0,1.37,0.13,22.07,0.0
2025-02-18,C001,Brand - Olist,SEARCH,2895,98,68.13,2,479.78,3.4,0.7,34.06,7.04
2025-02-18,C002,Generic - Electronics,SEARCH,4725,169,129.38,4,814.75,3.59,0.77,32.34,6.3
2025-02-18,C003,Generic - Home & Garden,SEARCH,3689,147,161.54,4,384.64,4.0,1.1,40.38,2.38
2025-02-18,C004,Shopping - All Products,SHOPPING,4987,96,34.65,1,157.46,1.93,0.36,34.65,4.54
2025-02-18,C005,Display - Retargeting,DISPLAY,16163,87,20.0,0,0.0,0.54,0.23,20.0,0.0
2025-02-18,C006,YouTube - Brand Awareness,VIDEO,8439,99,17.98,0,0.0,1.18,0.18,17.98,0.0
2025-02-19,C001,Brand - Olist,SEARCH,3662,103,75.87,3,390.83,2.82,0.74,25.29,5.15
2025-02-19,C002,Generic - Electronics,SEARCH,4737,160,127.57,3,340.31,3.39,0.8,42.52,2.67
2025-02-19,C003,Generic - Home & Garden,SEARCH,3482,107,61.04,2,490.87,3.08,0.57,30.52,8.04
2025-02-19,C004,Shopping - All Products,SHOPPING,6203,116,47.13,3,256.32,1.88,0.41,15.71,5.44
2025-02-19,C005,Display - Retargeting,DISPLAY,24018,138,35.23,1,145.8,0.58,0.26,35.23,4.14
2025-02-19,C006,YouTube - Brand Awareness,VIDEO,15508,152,15.98,0,0.0,0.98,0.11,15.98,0.0
2025-02-20,C001,Brand - Olist,SEARCH,3623,143,97.81,3,444.08,3.95,0.68,32.6,4.54
2025-02-20,C002,Generic - Electronics,SEARCH,3753,131,133.41,3,672.87,3.5,1.02,44.47,5.04
2025-02-20,C003,Generic - Home & Garden,SEARCH,5337,186,132.23,5,587.98,3.49,0.71,26.45,4.45
2025-02-20,C004,Shopping - All Products,SHOPPING,6547,146,45.62,2,430.66,2.24,0.31,22.81,9.44
2025-02-20,C005,Display - Retargeting,DISPLAY,17800,88,27.51,0,0.0,0.5,0.31,27.51,0.0
2025-02-20,C006,YouTube - Brand Awareness,VIDEO,9995,107,17.94,0,0.0,1.08,0.17,17.94,0.0
2025-02-21,C001,Brand - Olist,SEARCH,5171,196,130.56,7,870.19,3.8,0.67,18.65,6.67
2025-02-21,C002,Generic - Electronics,SEARCH,5757,230,230.44,8,1686.18,4.01,1.0,28.8,7.32
2025-02-21,C003,Generic - Home & Garden,SEARCH,5025,164,117.04,4,717.98,3.27,0.71,29.26,6.13
2025-02-21,C004,Shopping - All Products,SHOPPING,6958,137,55.9,4,431.47,1.98,0.41,13.97,7.72
2025-02-21,C005,Display - Retargeting,DISPLAY,17648,75,20.26,0,0.0,0.43,0.27,20.26,0.0
2025-02-21,C006,YouTube - Brand Awareness,VIDEO,18099,179,28.62,0,0.0,0.99,0.16,28.62,0.0
2025-02-22,C001,Brand - Olist,SEARCH,5232,207,134.59,8,1068.31,3.96,0.65,16.82,7.94
2025-02-22,C002,Generic - Electronics,SEARCH,3692,127,114.74,3,256.73,3.46,0.9,38.25,2.24
2025-02-22,C003,Generic - Home & Garden,SEARCH,4522,183,205.09,3,701.98,4.05,1.12,68.36,3.42
2025-02-22,C004,Shopping - All Products,SHOPPING,7674,132,75.91,3,601.68,1.72,0.58,25.3,7.93
2025-02-22,C005,Display - Retargeting,DISPLAY,15583,68,19.09,0,0.0,0.44,0.28,19.09,0.0
2025-02-22,C006,YouTube - Brand Awareness,VIDEO,16677,196,35.04,0,0.0,1.18,0.18,35.04,0.0
2025-02-23,C001,Brand - Olist,SEARCH,4105,133,83.96,2,314.81,3.24,0.63,41.98,3.75
2025-02-23,C002,Generic - Electronics,SEARCH,5914,174,169.19,3,710.51,2.95,0.97,56.4,4.2
2025-02-23,C003,Generic - Home & Garden,SEARCH,4945,163,161.84,5,433.75,3.31,0.99,32.37,2.68
2025-02-23,C004,Shopping - All Products,SHOPPING,9147,179,87.67,4,845.12,1.96,0.49,21.92,9.64
2025-02-23,C005,Display - Retargeting,DISPLAY,18694,97,23.49,0,0.0,0.52,0.24,23.49,0.0
2025-02-23,C006,YouTube - Brand Awareness,VIDEO,16826,194,23.8,0,0.0,1.16,0.12,23.8,0.0
2025-02-24,C001,Brand - Olist,SEARCH,3855,151,115.52,3,295.73,3.93,0.77,38.51,2.56
2025-02-24,C002,Generic - Electronics,SEARCH,4471,131,94.14,3,736.25,2.94,0.72,31.38,7.82
2025-02-24,C003,Generic - Home & Garden,SEARCH,4893,155,91.2,4,388.51,3.18,0.59,22.8,4.26
2025-02-24,C004,Shopping - All Products,SHOPPING,6837,111,62.12,1,109.86,1.62,0.56,62.12,1.77
2025-02-24,C005,Display - Retargeting,DISPLAY,19397,104,31.15,0,0.0,0.54,0.3,31.15,0.0
2025-02-24,C006,YouTube - Brand Awareness,VIDEO,11267,138,22.46,0,0.0,1.22,0.16,22.46,0.0
2025-02-25,C001,Brand - Olist,SEARCH,4861,137,114.7,3,531.04,2.82,0.84,38.23,4.63
2025-02-25,C002,Generic - Electronics,SEARCH,3653,123,120.47,4,489.97,3.38,0.98,30.12,4.07
2025-02-25,C003,Generic - Home & Garden,SEARCH,4049,146,113.04,3,312.34,3.62,0.77,37.68,2.76
2025-02-25,C004,Shopping - All Products,SHOPPING,5035,84,42.31,2,408.09,1.68,0.5,21.16,9.65
2025-02-25,C005,Display - Retargeting,DISPLAY,11114,64,19.82,0,0.0,0.58,0.31,19.82,0.0
2025-02-25,C006,YouTube - Brand Awareness,VIDEO,11620,162,17.5,0,0.0,1.39,0.11,17.5,0.0
2025-02-26,C001,Brand - Olist,SEARCH,5651,236,136.42,8,1461.96,4.18,0.58,17.05,10.72
2025-02-26,C002,Generic - Electronics,SEARCH,3890,135,132.95,3,395.66,3.49,0.98,44.32,2.98
2025-02-26,C003,Generic - Home & Garden,SEARCH,6100,227,180.69,7,848.2,3.73,0.8,25.81,4.69
2025-02-26,C004,Shopping - All Products,SHOPPING,6102,123,47.48,1,191.34,2.02,0.39,47.48,4.03
2025-02-26,C005,Display - Retargeting,DISPLAY,16529,66,12.37,0,0.0,0.4,0.19,12.37,0.0
2025-02-26,C006,YouTube - Brand Awareness,VIDEO,16630,208,40.89,0,0.0,1.25,0.2,40.89,0.0
2025-02-27,C001,Brand - Olist,SEARCH,4454,184,143.64,3,598.8,4.15,0.78,47.88,4.17
2025-02-27,C002,Generic - Electronics,SEARCH,5162,171,188.57,4,946.33,3.32,1.1,47.14,5.02
2025-02-27,C003,Generic - Home & Garden,SEARCH,4239,133,115.34,2,480.63,3.15,0.87,57.67,4.17
2025-02-27,C004,Shopping - All Products,SHOPPING,8945,156,79.92,3,639.48,1.75,0.51,26.64,8.0
2025-02-27,C005,Display - Retargeting,DISPLAY,24275,103,24.33,0,0.0,0.43,0.24,24.33,0.0
2025-02-27,C006,YouTube - Brand Awareness,VIDEO,10421,134,19.2,0,0.0,1.29,0.14,19.2,0.0
2025-02-28,C001,Brand - Olist,SEARCH,4711,151,139.82,3,612.56,3.22,0.93,46.61,4.38
2025-02-28,C002,Generic - Electronics,SEARCH,3439,100,56.91,1,249.29,2.93,0.57,56.91,4.38
2025-02-28,C003,Generic - Home & Garden,SEARCH,4148,124,86.98,3,426.06,3.01,0.7,28.99,4.9
2025-02-28,C004,Shopping - All Products,SHOPPING,9302,178,71.11,3,401.51,1.92,0.4,23.7,5.65
2025-02-28,C005,Display - Retargeting,DISPLAY,21021,96,25.17,0,0.0,0.46,0.26,25.17,0.0
2025-02-28,C006,YouTube - Brand Awareness,VIDEO,17985,205,34.03,0,0.0,1.14,0.17,34.03,0.0
2025-03-01,C001,Brand - Olist,SEARCH,4195,126,83.61,2,349.66,3.02,0.66,41.8,4.18
2025-03-01,C002,Generic - Electronics,SEARCH,4406,154,136.04,3,614.03,3.51,0.88,45.35,4.51
2025-03-01,C003,Generic - Home & Garden,SEARCH,5808,178,110.44,4,694.9,3.07,0.62,27.61,6.29
2025-03-01,C004,Shopping - All Products,SHOPPING,6959,118,56.12,2,313.64,1.7,0.48,28.06,5.59
2025-03-01,C005,Display - Retargeting,DISPLAY,22385,115,20.97,1,214.76,0.52,0.18,20.97,10.24
2025-03-01,C006,YouTube - Brand Awareness,VIDEO,15353,158,26.95,0,0.0,1.03,0.17,26.95,0.0
2025-03-02,C001,Brand - Olist,SEARCH,4273,159,109.3,6,1293.76,3.74,0.69,18.22,11.84
2025-03-02,C002,Generic - Electronics,SEARCH,5951,248,141.68,6,1357.05,4.17,0.57,23.61,9.58
2025-03-02,C003,Generic - Home & Garden,SEARCH,4042,168,153.24,3,333.56,4.17,0.91,51.08,2.18
2025-03-02,C004,Shopping - All Products,SHOPPING,8778,141,76.66,3,426.2,1.62,0.54,25.55,5.56
2025-03-02,C005,Display - Retargeting,DISPLAY,20271,109,24.33,0,0.0,0.54,0.22,24.33,0.0
2025-03-02,C006,YouTube - Brand Awareness,VIDEO,14426,189,28.46,0,0.0,1.32,0.15,28.46,0.0
2025-03-03,C001,Brand - Olist,SEARCH,3425,142,144.88,4,896.16,4.17,1.02,36.22,6.19
2025-03-03,C002,Generic - Electronics,SEARCH,3666,103,62.56,4,791.38,2.83,0.61,15.64,12.65
2025-03-03,C003,Generic - Home & Garden,SEARCH,2821,86,86.11,2,379.1,3.07,1.0,43.05,4.4
2025-03-03,C004,Shopping - All Products,SHOPPING,4359,98,52.44,2,233.05,2.26,0.54,26.22,4.44
2025-03-03,C005,Display - Retargeting,DISPLAY,11007,48,9.41,0,0.0,0.44,0.2,9.41,0.0
2025-03-03,C006,YouTube - Brand Awareness,VIDEO,11240,122,12.52,0,0.0,1.09,0.1,12.52,0.0
2025-03-04,C001,Brand - Olist,SEARCH,4636,178,149.85,3,595.07,3.85,0.84,49.95,3.97
2025-03-04,C002,Generic - Electronics,SEARCH,3129,106,63.81,2,467.05,3.42,0.6,31.91,7.32
2025-03-04,C003,Generic - Home & Garden,SEARCH,4630,159,156.77,5,767.03,3.45,0.99,31.35,4.89
2025-03-04,C004,Shopping - All Products,SHOPPING,7122,140,81.32,3,640.39,1.97,0.58,27.11,7.87
2025-03-04,C005,Display - Retargeting,DISPLAY,18132,92,18.05,1,208.01,0.51,0.2,18.05,11.52
2025-03-04,C006,YouTube - Brand Awareness,VIDEO,13528,132,19.33,0,0.0,0.98,0.15,19.33,0.0
2025-03-05,C001,Brand - Olist,SEARCH,5754,205,138.74,4,680.98,3.57,0.68,34.69,4.91
2025-03-05,C002,Generic - Electronics,SEARCH,3472,104,106.56,2,314.15,3.02,1.02,53.28,2.95
2025-03-05,C003,Generic - Home & Garden,SEARCH,4798,185,151.35,5,496.13,3.87,0.82,30.27,3.28
2025-03-05,C004,Shopping - All Products,SHOPPING,6032,117,48.91,2,291.97,1.95,0.42,24.45,5.97
2025-03-05,C005,Display - Retargeting,DISPLAY,15246,67,17.55,0,0.0,0.45,0.26,17.55,0.0
2025-03-05,C006,YouTube - Brand Awareness,VIDEO,15642,214,26.85,0,0.0,1.37,0.13,26.85,0.0
2025-03-06,C001,Brand - Olist,SEARCH,5020,146,132.54,5,1008.31,2.93,0.91,26.51,7.61
2025-03-06,C002,Generic - Electronics,SEARCH,5571,210,188.7,8,1941.3,3.79,0.9,23.59,10.29
2025-03-06,C003,Generic - Home & Garden,SEARCH,4747,194,173.63,5,577.89,4.1,0.9,34.73,3.33
2025-03-06,C004,Shopping - All Products,SHOPPING,5336,95,42.92,2,493.42,1.79,0.45,21.46,11.5
2025-03-06,C005,Display - Retargeting,DISPLAY,17293,84,15.83,0,0.0,0.49,0.19,15.83,0.0
2025-03-06,C006,YouTube - Brand Awareness,VIDEO,16479,170,26.65,0,0.0,1.03,0.16,26.65,0.0
2025-03-07,C001,Brand - Olist,SEARCH,3696,119,75.13,2,204.31,3.23,0.63,37.56,2.72
2025-03-07,C002,Generic - Electronics,SEARCH,3892,140,84.2,5,609.74,3.62,0.6,16.84,7.24
2025-03-07,C003,Generic - Home & Garden,SEARCH,4607,130,120.56,3,345.49,2.83,0.93,40.19,2.87
2025-03-07,C004,Shopping - All Products,SHOPPING,8302,160,56.48,3,677.92,1.93,0.35,18.83,12.0
2025-03-07,C005,Display - Retargeting,DISPLAY,14639,81,22.54,0,0.0,0.56,0.28,22.54,0.0
2025-03-07,C006,YouTube - Brand Awareness,VIDEO,18054,185,30.32,0,0.0,1.03,0.16,30.32,0.0
2025-03-08,C001,Brand - Olist,SEARCH,6067,246,159.11,10,1229.53,4.06,0.65,15.91,7.73
2025-03-08,C002,Generic - Electronics,SEARCH,4569,161,117.85,3,383.79,3.53,0.73,39.28,3.26
2025-03-08,C003,Generic - Home & Garden,SEARCH,4589,139,147.18,2,381.03,3.04,1.06,73.59,2.59
2025-03-08,C004,Shopping - All Products,SHOPPING,8300,196,58.83,6,1430.78,2.36,0.3,9.8,24.32
2025-03-08,C005,Display - Retargeting,DISPLAY,21514,119,21.59,0,0.0,0.55,0.18,21.59,0.0
2025-03-08,C006,YouTube - Brand Awareness,VIDEO,16903,173,25.34,0,0.0,1.02,0.15,25.34,0.0
2025-03-09,C001,Brand - Olist,SEARCH,6158,220,144.48,6,795.51,3.58,0.66,24.08,5.51
2025-03-09,C002,Generic - Electronics,SEARCH,4124,171,111.48,2,362.7,4.16,0.65,55.74,3.25
2025-03-09,C003,Generic - Home & Garden,SEARCH,5935,190,127.32,6,1181.79,3.2,0.67,21.22,9.28
2025-03-09,C004,Shopping - All Products,SHOPPING,6776,122,71.41,2,447.71,1.8,0.59,35.7,6.27
2025-03-09,C005,Display - Retargeting,DISPLAY,18456,89,17.12,0,0.0,0.48,0.19,17.12,0.0
2025-03-09,C006,YouTube - Brand Awareness,VIDEO,13772,183,30.67,0,0.0,1.34,0.17,30.67,0.0
2025-03-10,C001,Brand - Olist,SEARCH,3930,153,133.3,3,692.66,3.9,0.87,44.43,5.2
2025-03-10,C002,Generic - Electronics,SEARCH,3733,150,134.46,5,960.28,4.03,0.9,26.89,7.14
2025-03-10,C003,Generic - Home & Garden,SEARCH,3567,125,127.4,3,288.8,3.52,1.02,42.47,2.27
2025-03-10,C004,Shopping - All Products,SHOPPING,7592,127,62.64,2,391.05,1.67,0.49,31.32,6.24
2025-03-10,C005,Display - Retargeting,DISPLAY,11251,58,17.09,0,0.0,0.52,0.29,17.09,0.0
2025-03-10,C006,YouTube - Brand Awareness,VIDEO,12468,172,25.48,0,0.0,1.38,0.15,25.48,0.0
2025-03-11,C001,Brand - Olist,SEARCH,3681,117,92.14,2,251.32,3.18,0.79,46.07,2.73
2025-03-11,C002,Generic - Electronics,SEARCH,4623,133,126.12,3,271.39,2.9,0.95,42.04,2.15
2025-03-11,C003,Generic - Home & Garden,SEARCH,3275,126,134.25,3,479.87,3.88,1.07,44.75,3.57
2025-03-11,C004,Shopping - All Products,SHOPPING,7442,164,74.26,4,326.49,2.21,0.45,18.57,4.4
2025-03-11,C005,Display - Retargeting,DISPLAY,14314,83,24.01,0,0.0,0.58,0.29,24.01,0.0
2025-03-11,C006,YouTube - Brand Awareness,VIDEO,11540,147,20.8,0,0.0,1.27,0.14,20.8,0.0
2025-03-12,C001,Brand - Olist,SEARCH,4611,155,142.5,5,1145.87,3.37,0.92,28.5,8.04
2025-03-12,C002,Generic - Electronics,SEARCH,4516,184,207.3,4,966.26,4.08,1.13,51.83,4.66
2025-03-12,C003,Generic - Home & Garden,SEARCH,6056,177,101.55,7,774.2,2.94,0.57,14.51,7.62
2025-03-12,C004,Shopping - All Products,SHOPPING,7611,173,52.83,3,679.79,2.28,0.31,17.61,12.87
2025-03-12,C005,Display - Retargeting,DISPLAY,16531,88,24.49,0,0.0,0.54,0.28,24.49,0.0
2025-03-12,C006,YouTube - Brand Awareness,VIDEO,12447,167,29.99,0,0.0,1.35,0.18,29.99,0.0
2025-03-13,C001,Brand - Olist,SEARCH,5682,192,138.42,5,781.78,3.4,0.72,27.68,5.65
2025-03-13,C002,Generic - Electronics,SEARCH,4579,134,130.17,2,300.34,2.93,0.97,65.08,2.31
2025-03-13,C003,Generic - Home & Garden,SEARCH,3974,143,110.86,4,458.4,3.62,0.78,27.71,4.13
2025-03-13,C004,Shopping - All Products,SHOPPING,6030,138,59.21,1,164.66,2.3,0.43,59.21,2.78
2025-03-13,C005,Display - Retargeting,DISPLAY,19617,100,28.38,0,0.0,0.51,0.28,28.38,0.0
2025-03-13,C006,YouTube - Brand Awareness,VIDEO,18073,185,27.64,0,0.0,1.03,0.15,27.64,0.0
2025-03-14,C001,Brand - Olist,SEARCH,3734,141,122.24,2,434.77,3.79,0.87,61.12,3.56
2025-03-14,C002,Generic - Electronics,SEARCH,3827,139,105.04,3,284.34,3.65,0.76,35.01,2.71
2025-03-14,C003,Generic - Home & Garden,SEARCH,3960,121,97.67,2,164.1,3.06,0.81,48.84,1.68
2025-03-14,C004,Shopping - All Products,SHOPPING,7686,160,93.98,3,532.43,2.08,0.59,31.33,5.67
2025-03-14,C005,Display - Retargeting,DISPLAY,23878,135,29.69,0,0.0,0.57,0.22,29.69,0.0
2025-03-14,C006,YouTube - Brand Awareness,VIDEO,16336,196,20.88,0,0.0,1.2,0.11,20.88,0.0
2025-03-15,C001,Brand - Olist,SEARCH,5217,177,160.36,5,987.78,3.4,0.91,32.07,6.16
2025-03-15,C002,Generic - Electronics,SEARCH,5842,204,151.43,4,584.2,3.49,0.74,37.86,3.86
2025-03-15,C003,Generic - Home & Garden,SEARCH,5792,220,174.57,5,641.49,3.81,0.79,34.91,3.67
2025-03-15,C004,Shopping - All Products,SHOPPING,6122,134,50.21,2,493.91,2.19,0.37,25.11,9.84
2025-03-15,C005,Display - Retargeting,DISPLAY,17758,73,13.23,0,0.0,0.42,0.18,13.23,0.0
2025-03-15,C006,YouTube - Brand Awareness,VIDEO,13667,134,20.27,0,0.0,0.99,0.15,20.27,0.0
2025-03-16,C001,Brand - Olist,SEARCH,3870,113,108.23,2,219.01,2.94,0.96,54.12,2.02
2025-03-16,C002,Generic - Electronics,SEARCH,6373,254,185.96,5,818.09,4.0,0.73,37.19,4.4
2025-03-16,C003,Generic - Home & Garden,SEARCH,3558,133,120.54,2,433.4,3.74,0.91,60.27,3.6
2025-03-16,C004,Shopping - All Products,SHOPPING,9401,159,70.05,2,249.5,1.7,0.44,35.02,3.56
2025-03-16,C005,Display - Retargeting,DISPLAY,20674,99,33.74,1,119.21,0.48,0.34,33.74,3.53
2025-03-16,C006,YouTube - Brand Awareness,VIDEO,17455,195,23.4,0,0.0,1.12,0.12,23.4,0.0
2025-03-17,C001,Brand - Olist,SEARCH,4159,143,127.27,2,387.18,3.46,0.89,63.63,3.04
2025-03-17,C002,Generic - Electronics,SEARCH,4949,142,96.37,3,445.81,2.88,0.68,32.12,4.63
2025-03-17,C003,Generic - Home & Garden,SEARCH,3128,109,73.06,3,371.71,3.51,0.67,24.35,5.09
2025-03-17,C004,Shopping - All Products,SHOPPING,6326,151,80.23,3,631.61,2.39,0.53,26.74,7.87
2025-03-17,C005,Display - Retargeting,DISPLAY,11588,49,10.32,0,0.0,0.42,0.21,10.32,0.0
2025-03-17,C006,YouTube - Brand Awareness,VIDEO,13113,170,28.31,0,0.0,1.3,0.17,28.31,0.0
2025-03-18,C001,Brand - Olist,SEARCH,3001,125,83.83,4,525.25,4.19,0.67,20.96,6.27
2025-03-18,C002,Generic - Electronics,SEARCH,4360,142,117.56,3,449.46,3.26,0.83,39.19,3.82
2025-03-18,C003,Generic - Home & Garden,SEARCH,4528,159,183.87,4,717.27,3.52,1.16,45.97,3.9
2025-03-18,C004,Shopping - All Products,SHOPPING,8013,131,64.93,2,457.94,1.64,0.5,32.47,7.05
2025-03-18,C005,Display - Retargeting,DISPLAY,11382,62,20.97,0,0.0,0.55,0.34,20.97,0.0
2025-03-18,C006,YouTube - Brand Awareness,VIDEO,15024,178,19.23,0,0.0,1.19,0.11,19.23,0.0
2025-03-19,C001,Brand - Olist,SEARCH,4142,119,111.47,3,656.72,2.89,0.94,37.16,5.89
2025-03-19,C002,Generic - Electronics,SEARCH,6083,222,133.78,6,1056.87,3.66,0.6,22.3,7.9
2025-03-19,C003,Generic - Home & Garden,SEARCH,5447,179,204.18,6,484.45,3.29,1.14,34.03,2.37
2025-03-19,C004,Shopping - All Products,SHOPPING,10038,169,58.29,3,349.29,1.69,0.34,19.43,5.99
2025-03-19,C005,Display - Retargeting,DISPLAY,21021,102,18.46,1,197.25,0.49,0.18,18.46,10.69
2025-03-19,C006,YouTube - Brand Awareness,VIDEO,17023,220,30.28,0,0.0,1.3,0.14,30.28,0.0
2025-03-20,C001,Brand - Olist,SEARCH,6441,224,134.57,5,891.8,3.49,0.6,26.91,6.63
2025-03-20,C002,Generic - Electronics,SEARCH,3725,153,124.27,5,1042.12,4.12,0.81,24.85,8.39
2025-03-20,C003,Generic - Home & Garden,SEARCH,5320,195,190.05,5,1238.45,3.68,0.97,38.01,6.52
2025-03-20,C004,Shopping - All Products,SHOPPING,9114,202,119.14,3,486.28,2.22,0.59,39.71,4.08
2025-03-20,C005,Display - Retargeting,DISPLAY,20168,114,28.8,0,0.0,0.57,0.25,28.8,0.0
2025-03-20,C006,YouTube - Brand Awareness,VIDEO,16036,217,26.37,0,0.0,1.36,0.12,26.37,0.0
2025-03-21,C001,Brand - Olist,SEARCH,3870,161,133.51,3,580.48,4.17,0.83,44.5,4.35
2025-03-21,C002,Generic - Electronics,SEARCH,5328,197,127.53,5,666.36,3.7,0.65,25.51,5.23
2025-03-21,C003,Generic - Home & Garden,SEARCH,4887,163,180.74,3,680.61,3.35,1.11,60.25,3.77
2025-03-21,C004,Shopping - All Products,SHOPPING,9351,219,85.94,4,880.38,2.34,0.39,21.48,10.24
2025-03-21,C005,Display - Retargeting,DISPLAY,14063,72,16.87,0,0.0,0.51,0.23,16.87,0.0
2025-03-21,C006,YouTube - Brand Awareness,VIDEO,15982,218,28.95,0,0.0,1.37,0.13,28.95,0.0
2025-03-22,C001,Brand - Olist,SEARCH,5170,192,157.09,5,456.74,3.73,0.82,31.42,2.91
2025-03-22,C002,Generic - Electronics,SEARCH,3849,139,105.45,3,522.7,3.64,0.76,35.15,4.96
2025-03-22,C003,Generic - Home & Garden,SEARCH,4486,170,166.27,6,1141.67,3.81,0.98,27.71,6.87
2025-03-22,C004,Shopping - All Products,SHOPPING,8659,176,56.07,3,720.73,2.04,0.32,18.69,12.85
2025-03-22,C005,Display - Retargeting,DISPLAY,23815,123,26.95,0,0.0,0.52,0.22,26.95,0.0
2025-03-22,C006,YouTube - Brand Awareness,VIDEO,13164,158,19.33,0,0.0,1.21,0.12,19.33,0.0
2025-03-23,C001,Brand - Olist,SEARCH,6240,220,148.08,7,965.29,3.54,0.67,21.15,6.52
2025-03-23,C002,Generic - Electronics,SEARCH,4403,158,140.84,3,427.15,3.61,0.89,46.95,3.03
2025-03-23,C003,Generic - Home & Garden,SEARCH,3751,107,79.8,2,436.4,2.87,0.75,39.9,5.47
2025-03-23,C004,Shopping - All Products,SHOPPING,5786,123,49.31,2,263.9,2.13,0.4,24.66,5.35
2025-03-23,C005,Display - Retargeting,DISPLAY,20211,96,26.28,1,152.34,0.48,0.27,26.28,5.8
2025-03-23,C006,YouTube - Brand Awareness,VIDEO,13634,177,25.35,0,0.0,1.3,0.14,25.35,0.0
2025-03-24,C001,Brand - Olist,SEARCH,3057,121,124.96,2,267.54,3.98,1.03,62.48,2.14
2025-03-24,C002,Generic - Electronics,SEARCH,5142,162,140.36,4,708.5,3.16,0.87,35.09,5.05
2025-03-24,C003,Generic - Home & Garden,SEARCH,5087,179,193.74,3,400.65,3.52,1.08,64.58,2.07
2025-03-24,C004,Shopping - All Products,SHOPPING,6690,157,91.94,2,228.4,2.36,0.59,45.97,2.48
2025-03-24,C005,Display - Retargeting,DISPLAY,20055,114,35.41,0,0.0,0.57,0.31,35.41,0.0
2025-03-24,C006,YouTube - Brand Awareness,VIDEO,10224,122,13.2,0,0.0,1.2,0.11,13.2,0.0
2025-03-25,C001,Brand - Olist,SEARCH,3814,134,109.23,4,839.03,3.52,0.82,27.31,7.68
2025-03-25,C002,Generic - Electronics,SEARCH,4534,139,110.66,3,625.02,3.09,0.8,36.89,5.65
2025-03-25,C003,Generic - Home & Garden,SEARCH,3590,107,89.07,2,368.13,2.99,0.83,44.53,4.13
2025-03-25,C004,Shopping - All Products,SHOPPING,6142,101,47.34,2,456.52,1.66,0.47,23.67,9.64
2025-03-25,C005,Display - Retargeting,DISPLAY,13973,58,19.66,0,0.0,0.42,0.34,19.66,0.0
2025-03-25,C006,YouTube - Brand Awareness,VIDEO,10735,139,16.57,0,0.0,1.3,0.12,16.57,0.0
2025-03-26,C001,Brand - Olist,SEARCH,4167,158,150.83,4,633.5,3.8,0.95,37.71,4.2
2025-03-26,C002,Generic - Electronics,SEARCH,4477,155,147.82,6,1359.4,3.47,0.95,24.64,9.2
2025-03-26,C003,Generic - Home & Garden,SEARCH,6167,213,210.06,5,1217.5,3.45,0.99,42.01,5.8
2025-03-26,C004,Shopping - All Products,SHOPPING,7595,158,85.1,2,413.68,2.08,0.54,42.55,4.86
2025-03-26,C005,Display - Retargeting,DISPLAY,20249,91,28.29,0,0.0,0.45,0.31,28.29,0.0
2025-03-26,C006,YouTube - Brand Awareness,VIDEO,14831,186,27.44,0,0.0,1.26,0.15,27.44,0.0
2025-03-27,C001,Brand - Olist,SEARCH,5701,192,147.21,5,862.55,3.38,0.77,29.44,5.86
2025-03-27,C002,Generic - Electronics,SEARCH,5130,179,120.86,3,304.33,3.5,0.68,40.29,2.52
2025-03-27,C003,Generic - Home & Garden,SEARCH,6297,229,226.11,9,1696.03,3.65,0.99,25.12,7.5
2025-03-27,C004,Shopping - All Products,SHOPPING,9292,176,108.66,5,546.37,1.89,0.62,21.73,5.03
2025-03-27,C005,Display - Retargeting,DISPLAY,17251,78,17.35,0,0.0,0.46,0.22,17.35,0.0
2025-03-27,C006,YouTube - Brand Awareness,VIDEO,12965,136,17.59,0,0.0,1.06,0.13,17.59,0.0
2025-03-28,C001,Brand - Olist,SEARCH,4787,161,106.71,5,1012.76,3.37,0.66,21.34,9.49
2025-03-28,C002,Generic - Electronics,SEARCH,5685,159,184.85,6,495.96,2.8,1.16,30.81,2.68
2025-03-28,C003,Generic - Home & Garden,SEARCH,6301,247,229.66,8,1945.49,3.93,0.93,28.71,8.47
2025-03-28,C004,Shopping - All Products,SHOPPING,8857,182,111.54,4,643.91,2.06,0.61,27.89,5.77
2025-03-28,C005,Display - Retargeting,DISPLAY,25194,104,27.32,1,179.11,0.42,0.26,27.32,6.56
2025-03-28,C006,YouTube - Brand Awareness,VIDEO,18680,263,29.39,0,0.0,1.41,0.11,29.39,0.0
2025-03-29,C001,Brand - Olist,SEARCH,5110,208,138.82,3,540.53,4.08,0.67,46.27,3.89
2025-03-29,C002,Generic - Electronics,SEARCH,5096,161,181.96,4,925.41,3.17,1.13,45.49,5.09
2025-03-29,C003,Generic - Home & Garden,SEARCH,4651,178,156.32,7,1100.37,3.83,0.88,22.33,7.04
2025-03-29,C004,Shopping - All Products,SHOPPING,9125,172,55.2,3,591.88,1.89,0.32,18.4,10.72
2025-03-29,C005,Display - Retargeting,DISPLAY,18016,97,28.83,0,0.0,0.54,0.3,28.83,0.0
2025-03-29,C006,YouTube - Brand Awareness,VIDEO,14902,175,22.04,0,0.0,1.18,0.13,22.04,0.0
2025-03-30,C001,Brand - Olist,SEARCH,4245,136,143.29,3,326.22,3.23,1.05,47.76,2.28
2025-03-30,C002,Generic - Electronics,SEARCH,5824,173,149.64,5,938.29,2.98,0.86,29.93,6.27
2025-03-30,C003,Generic - Home & Garden,SEARCH,5932,169,130.36,3,387.48,2.86,0.77,43.45,2.97
2025-03-30,C004,Shopping - All Products,SHOPPING,7086,142,74.42,3,411.44,2.02,0.52,24.81,5.53
2025-03-30,C005,Display - Retargeting,DISPLAY,17483,88,15.77,0,0.0,0.51,0.18,15.77,0.0
2025-03-30,C006,YouTube - Brand Awareness,VIDEO,16993,170,32.96,0,0.0,1.0,0.19,32.96,0.0
2025-03-31,C001,Brand - Olist,SEARCH,3769,117,105.26,3,528.19,3.11,0.9,35.09,5.02
2025-03-31,C002,Generic - Electronics,SEARCH,5076,206,229.91,8,773.95,4.06,1.12,28.74,3.37
2025-03-31,C003,Generic - Home & Garden,SEARCH,3436,120,131.84,4,414.49,3.49,1.1,32.96,3.14
2025-03-31,C004,Shopping - All Products,SHOPPING,5449,119,43.66,2,278.95,2.19,0.37,21.83,6.39
2025-03-31,C005,Display - Retargeting,DISPLAY,17999,85,23.13,0,0.0,0.47,0.27,23.13,0.0
2025-03-31,C006,YouTube - Brand Awareness,VIDEO,13069,170,21.59,0,0.0,1.31,0.13,21.59,0.0
2025-04-01,C001,Brand - Olist,SEARCH,3237,133,138.89,3,652.93,4.12,1.04,46.3,4.7
2025-04-01,C002,Generic - Electronics,SEARCH,4469,173,148.35,4,463.66,3.87,0.86,37.09,3.13
2025-04-01,C003,Generic - Home & Garden,SEARCH,4318,179,139.59,6,1032.34,4.17,0.78,23.27,7.4
2025-04-01,C004,Shopping - All Products,SHOPPING,7718,170,56.67,4,907.45,2.21,0.33,14.17,16.01
2025-04-01,C005,Display - Retargeting,DISPLAY,17451,99,19.27,1,114.28,0.57,0.19,19.27,5.93
2025-04-01,C006,YouTube - Brand Awareness,VIDEO,8963,119,22.93,0,0.0,1.34,0.19,22.93,0.0
2025-04-02,C001,Brand - Olist,SEARCH,5060,200,140.82,4,663.51,3.96,0.7,35.2,4.71
2025-04-02,C002,Generic - Electronics,SEARCH,5093,200,213.17,7,788.21,3.93,1.07,30.45,3.7
2025-04-02,C003,Generic - Home & Garden,SEARCH,3650,146,93.43,5,748.03,4.02,0.64,18.69,8.01
2025-04-02,C004,Shopping - All Products,SHOPPING,9806,180,57.37,4,575.64,1.84,0.32,14.34,10.03
2025-04-02,C005,Display - Retargeting,DISPLAY,20418,117,39.16,0,0.0,0.58,0.33,39.16,0.0
2025-04-02,C006,YouTube - Brand Awareness,VIDEO,19042,274,35.54,0,0.0,1.44,0.13,35.54,0.0
2025-04-03,C001,Brand - Olist,SEARCH,3527,121,107.15,4,519.92,3.44,0.89,26.79,4.85
2025-04-03,C002,Generic - Electronics,SEARCH,5179,166,115.28,3,512.75,3.22,0.69,38.43,4.45
2025-04-03,C003,Generic - Home & Garden,SEARCH,4096,143,98.48,5,493.84,3.51,0.69,19.7,5.01
2025-04-03,C004,Shopping - All Products,SHOPPING,7845,129,64.94,3,503.91,1.66,0.5,21.65,7.76
2025-04-03,C005,Display - Retargeting,DISPLAY,25092,127,35.18,1,212.12,0.51,0.28,35.18,6.03
2025-04-03,C006,YouTube - Brand Awareness,VIDEO,13068,178,26.77,0,0.0,1.37,0.15,26.77,0.0
2025-04-04,C001,Brand - Olist,SEARCH,5603,179,138.19,6,714.42,3.21,0.77,23.03,5.17
2025-04-04,C002,Generic - Electronics,SEARCH,3502,133,92.68,3,433.75,3.8,0.7,30.89,4.68
2025-04-04,C003,Generic - Home & Garden,SEARCH,4927,141,165.32,3,402.54,2.86,1.17,55.11,2.43
2025-04-04,C004,Shopping - All Products,SHOPPING,7753,162,58.5,4,494.25,2.1,0.36,14.62,8.45
2025-04-04,C005,Display - Retargeting,DISPLAY,18562,106,30.85,1,83.35,0.57,0.29,30.85,2.7
2025-04-04,C006,YouTube - Brand Awareness,VIDEO,17120,204,38.84,0,0.0,1.19,0.19,38.84,0.0
2025-04-05,C001,Brand - Olist,SEARCH,5036,166,144.7,6,691.13,3.3,0.87,24.12,4.78
2025-04-05,C002,Generic - Electronics,SEARCH,6254,246,289.65,5,490.06,3.94,1.18,57.93,1.69
2025-04-05,C003,Generic - Home & Garden,SEARCH,3836,123,118.13,4,744.15,3.21,0.96,29.53,6.3
2025-04-05,C004,Shopping - All Products,SHOPPING,5627,98,33.95,2,174.76,1.75,0.35,16.98,5.15
2025-04-05,C005,Display - Retargeting,DISPLAY,18181,79,22.77,0,0.0,0.44,0.29,22.77,0.0
2025-04-05,C006,YouTube - Brand Awareness,VIDEO,19104,203,32.33,0,0.0,1.06,0.16,32.33,0.0
2025-04-06,C001,Brand - Olist,SEARCH,4633,159,102.98,3,321.76,3.45,0.65,34.33,3.12
2025-04-06,C002,Generic - Electronics,SEARCH,5133,181,115.87,5,560.66,3.55,0.64,23.17,4.84
2025-04-06,C003,Generic - Home & Garden,SEARCH,4908,186,169.26,4,735.07,3.81,0.91,42.31,4.34
2025-04-06,C004,Shopping - All Products,SHOPPING,10107,216,73.13,6,576.35,2.14,0.34,12.19,7.88
2025-04-06,C005,Display - Retargeting,DISPLAY,25866,152,28.68,1,223.6,0.59,0.19,28.68,7.8
2025-04-06,C006,YouTube - Brand Awareness,VIDEO,14265,167,28.66,0,0.0,1.17,0.17,28.66,0.0
2025-04-07,C001,Brand - Olist,SEARCH,3248,106,85.02,2,196.5,3.28,0.8,42.51,2.31
2025-04-07,C002,Generic - Electronics,SEARCH,3149,89,77.86,1,240.86,2.85,0.87,77.86,3.09
2025-04-07,C003,Generic - Home & Garden,SEARCH,4560,168,164.46,3,497.42,3.69,0.98,54.82,3.02
2025-04-07,C004,Shopping - All Products,SHOPPING,7156,148,85.44,3,512.35,2.07,0.58,28.48,6.0
2025-04-07,C005,Display - Retargeting,DISPLAY,14839,69,19.57,0,0.0,0.47,0.28,19.57,0.0
2025-04-07,C006,YouTube - Brand Awareness,VIDEO,11295,113,12.59,0,0.0,1.01,0.11,12.59,0.0
2025-04-08,C001,Brand - Olist,SEARCH,4523,173,108.17,4,692.38,3.84,0.63,27.04,6.4
2025-04-08,C002,Generic - Electronics,SEARCH,3146,93,107.56,1,149.12,2.99,1.16,107.56,1.39
2025-04-08,C003,Generic - Home & Garden,SEARCH,3653,142,127.6,5,737.35,3.91,0.9,25.52,5.78
2025-04-08,C004,Shopping - All Products,SHOPPING,5489,104,49.07,1,147.75,1.9,0.47,49.07,3.01
2025-04-08,C005,Display - Retargeting,DISPLAY,11384,63,12.91,0,0.0,0.55,0.2,12.91,0.0
2025-04-08,C006,YouTube - Brand Awareness,VIDEO,14259,170,21.52,0,0.0,1.2,0.13,21.52,0.0
2025-04-09,C001,Brand - Olist,SEARCH,6210,182,160.81,6,1437.52,2.95,0.88,26.8,8.94
2025-04-09,C002,Generic - Electronics,SEARCH,5666,173,148.45,4,824.29,3.07,0.86,37.11,5.55
2025-04-09,C003,Generic - Home & Garden,SEARCH,4659,151,143.33,2,291.06,3.26,0.95,71.67,2.03
2025-04-09,C004,Shopping - All Products,SHOPPING,6359,137,47.72,2,227.63,2.16,0.35,23.86,4.77
2025-04-09,C005,Display - Retargeting,DISPLAY,25236,101,25.41,0,0.0,0.4,0.25,25.41,0.0
2025-04-09,C006,YouTube - Brand Awareness,VIDEO,13394,137,19.8,0,0.0,1.02,0.14,19.8,0.0
2025-04-10,C001,Brand - Olist,SEARCH,5269,162,124.09,3,354.69,3.08,0.77,41.36,2.86
2025-04-10,C002,Generic - Electronics,SEARCH,5058,181,209.46,5,1094.67,3.59,1.16,41.89,5.23
2025-04-10,C003,Generic - Home & Garden,SEARCH,5180,163,122.45,3,619.75,3.16,0.75,40.82,5.06
2025-04-10,C004,Shopping - All Products,SHOPPING,5828,103,55.36,2,397.35,1.78,0.54,27.68,7.18
2025-04-10,C005,Display - Retargeting,DISPLAY,18655,80,19.57,0,0.0,0.43,0.24,19.57,0.0
2025-04-10,C006,YouTube - Brand Awareness,VIDEO,15066,168,26.61,0,0.0,1.12,0.16,26.61,0.0
2025-04-11,C001,Brand - Olist,SEARCH,5161,177,135.39,4,888.19,3.43,0.76,33.85,6.56
2025-04-11,C002,Generic - Electronics,SEARCH,6401,218,180.73,6,1043.06,3.41,0.83,30.12,5.77
2025-04-11,C003,Generic - Home & Garden,SEARCH,4192,161,146.76,5,582.75,3.84,0.91,29.35,3.97
2025-04-11,C004,Shopping - All Products,SHOPPING,9035,202,85.65,2,313.31,2.24,0.42,42.83,3.66
2025-04-11,C005,Display - Retargeting,DISPLAY,18229,93,19.34,0,0.0,0.51,0.21,19.34,0.0
2025-04-11,C006,YouTube - Brand Awareness,VIDEO,14826,177,22.58,0,0.0,1.2,0.13,22.58,0.0
2025-04-12,C001,Brand - Olist,SEARCH,5810,200,157.08,4,977.0,3.45,0.79,39.27,6.22
2025-04-12,C002,Generic - Electronics,SEARCH,5963,184,129.86,3,621.56,3.09,0.71,43.29,4.79
2025-04-12,C003,Generic - Home & Garden,SEARCH,4908,191,198.45,6,498.72,3.9,1.04,33.07,2.51
2025-04-12,C004,Shopping - All Products,SHOPPING,7096,149,47.37,4,785.14,2.11,0.32,11.84,16.57
2025-04-12,C005,Display - Retargeting,DISPLAY,17184,92,28.86,0,0.0,0.54,0.31,28.86,0.0
2025-04-12,C006,YouTube - Brand Awareness,VIDEO,13606,137,21.46,0,0.0,1.01,0.16,21.46,0.0
2025-04-13,C001,Brand - Olist,SEARCH,4228,177,126.1,7,734.81,4.19,0.71,18.01,5.83
2025-04-13,C002,Generic - Electronics,SEARCH,6412,264,282.87,8,1674.81,4.13,1.07,35.36,5.92
2025-04-13,C003,Generic - Home & Garden,SEARCH,6458,197,207.0,4,606.54,3.05,1.05,51.75,2.93
2025-04-13,C004,Shopping - All Products,SHOPPING,9410,185,89.6,3,553.85,1.97,0.48,29.87,6.18
2025-04-13,C005,Display - Retargeting,DISPLAY,18382,87,25.82,0,0.0,0.48,0.3,25.82,0.0
2025-04-13,C006,YouTube - Brand Awareness,VIDEO,11302,119,18.77,0,0.0,1.06,0.16,18.77,0.0
2025-04-14,C001,Brand - Olist,SEARCH,2835,89,80.18,3,569.13,3.17,0.9,26.73,7.1
2025-04-14,C002,Generic - Electronics,SEARCH,3795,155,164.61,3,584.66,4.1,1.06,54.87,3.55
2025-04-14,C003,Generic - Home & Garden,SEARCH,4143,161,166.57,6,1024.26,3.91,1.03,27.76,6.15
2025-04-14,C004,Shopping - All Products,SHOPPING,4914,111,43.77,3,595.37,2.26,0.39,14.59,13.6
2025-04-14,C005,Display - Retargeting,DISPLAY,16921,83,19.82,0,0.0,0.49,0.24,19.82,0.0
2025-04-14,C006,YouTube - Brand Awareness,VIDEO,13285,140,21.96,0,0.0,1.06,0.16,21.96,0.0
2025-04-15,C001,Brand - Olist,SEARCH,5115,190,161.86,3,747.71,3.73,0.85,53.95,4.62
2025-04-15,C002,Generic - Electronics,SEARCH,3393,95,117.52,3,653.62,2.82,1.24,39.17,5.56
2025-04-15,C003,Generic - Home & Garden,SEARCH,5347,223,188.87,4,596.63,4.19,0.85,47.22,3.16
2025-04-15,C004,Shopping - All Products,SHOPPING,8509,161,88.76,4,981.57,1.89,0.55,22.19,11.06
2025-04-15,C005,Display - Retargeting,DISPLAY,12908,66,23.67,0,0.0,0.51,0.36,23.67,0.0
2025-04-15,C006,YouTube - Brand Awareness,VIDEO,11870,122,26.05,0,0.0,1.03,0.21,26.05,0.0
2025-04-16,C001,Brand - Olist,SEARCH,6136,172,140.92,6,658.08,2.81,0.82,23.49,4.67
2025-04-16,C002,Generic - Electronics,SEARCH,4793,168,138.91,5,475.59,3.52,0.83,27.78,3.42
2025-04-16,C003,Generic - Home & Garden,SEARCH,4041,134,150.91,3,528.53,3.32,1.13,50.3,3.5
2025-04-16,C004,Shopping - All Products,SHOPPING,8089,190,69.45,5,1083.3,2.35,0.37,13.89,15.6
2025-04-16,C005,Display - Retargeting,DISPLAY,17829,81,26.77,0,0.0,0.46,0.33,26.77,0.0
2025-04-16,C006,YouTube - Brand Awareness,VIDEO,18773,189,37.5,0,0.0,1.01,0.2,37.5,0.0
2025-04-17,C001,Brand - Olist,SEARCH,3926,130,97.74,5,732.76,3.32,0.75,19.55,7.5
2025-04-17,C002,Generic - Electronics,SEARCH,6638,185,141.49,4,937.57,2.8,0.76,35.37,6.63
2025-04-17,C003,Generic - Home & Garden,SEARCH,4169,152,144.4,3,348.13,3.65,0.95,48.13,2.41
2025-04-17,C004,Shopping - All Products,SHOPPING,6315,122,54.02,3,553.19,1.95,0.44,18.01,10.24
2025-04-17,C005,Display - Retargeting,DISPLAY,22421,93,25.87,1,231.89,0.42,0.28,25.87,8.96
2025-04-17,C006,YouTube - Brand Awareness,VIDEO,19699,198,28.07,0,0.0,1.01,0.14,28.07,0.0
2025-04-18,C001,Brand - Olist,SEARCH,5410,202,157.48,8,713.3,3.75,0.78,19.68,4.53
2025-04-18,C002,Generic - Electronics,SEARCH,3890,144,121.52,3,377.6,3.73,0.84,40.51,3.11
2025-04-18,C003,Generic - Home & Garden,SEARCH,5537,189,187.09,5,613.61,3.42,0.99,37.42,3.28
2025-04-18,C004,Shopping - All Products,SHOPPING,7037,132,79.67,3,359.35,1.88,0.6,26.56,4.51
2025-04-18,C005,Display - Retargeting,DISPLAY,23162,119,34.0,0,0.0,0.51,0.29,34.0,0.0
2025-04-18,C006,YouTube - Brand Awareness,VIDEO,18633,188,37.99,0,0.0,1.01,0.2,37.99,0.0
2025-04-19,C001,Brand - Olist,SEARCH,7008,202,140.59,5,1105.65,2.88,0.7,28.12,7.86
2025-04-19,C002,Generic - Electronics,SEARCH,6987,257,227.74,6,1408.02,3.69,0.89,37.96,6.18
2025-04-19,C003,Generic - Home & Garden,SEARCH,6722,240,208.1,4,874.76,3.58,0.87,52.02,4.2
2025-04-19,C004,Shopping - All Products,SHOPPING,8538,158,80.54,2,451.6,1.86,0.51,40.27,5.61
2025-04-19,C005,Display - Retargeting,DISPLAY,27247,160,43.04,1,136.6,0.59,0.27,43.04,3.17
2025-04-19,C006,YouTube - Brand Awareness,VIDEO,13293,166,28.31,0,0.0,1.25,0.17,28.31,0.0
2025-04-20,C001,Brand - Olist,SEARCH,6367,245,156.87,9,1228.96,3.86,0.64,17.43,7.83
2025-04-20,C002,Generic - Electronics,SEARCH,5510,155,102.15,2,248.47,2.82,0.66,51.08,2.43
2025-04-20,C003,Generic - Home & Garden,SEARCH,4434,125,156.2,4,423.46,2.84,1.25,39.05,2.71
2025-04-20,C004,Shopping - All Products,SHOPPING,10976,254,145.56,3,742.28,2.31,0.57,48.52,5.1
2025-04-20,C005,Display - Retargeting,DISPLAY,26987,156,49.83,1,129.56,0.58,0.32,49.83,2.6
2025-04-20,C006,YouTube - Brand Awareness,VIDEO,17120,172,38.18,0,0.0,1.01,0.22,38.18,0.0
2025-04-21,C001,Brand - Olist,SEARCH,5097,186,135.03,6,1484.91,3.67,0.73,22.5,11.0
2025-04-21,C002,Generic - Electronics,SEARCH,5218,179,223.04,5,805.56,3.44,1.25,44.61,3.61
2025-04-21,C003,Generic - Home & Garden,SEARCH,4261,165,164.88,3,259.25,3.89,1.0,54.96,1.57
2025-04-21,C004,Shopping - All Products,SHOPPING,7391,131,52.12,3,623.6,1.78,0.4,17.37,11.96
2025-04-21,C005,Display - Retargeting,DISPLAY,17637,102,38.02,0,0.0,0.58,0.37,38.02,0.0
2025-04-21,C006,YouTube - Brand Awareness,VIDEO,17024,185,25.7,0,0.0,1.09,0.14,25.7,0.0
2025-04-22,C001,Brand - Olist,SEARCH,4633,165,149.91,2,368.19,3.58,0.91,74.95,2.46
2025-04-22,C002,Generic - Electronics,SEARCH,4970,168,193.23,3,322.32,3.38,1.15,64.41,1.67
2025-04-22,C003,Generic - Home & Garden,SEARCH,4062,161,192.62,5,1012.69,3.99,1.2,38.52,5.26
2025-04-22,C004,Shopping - All Products,SHOPPING,5946,103,70.38,3,412.26,1.73,0.68,23.46,5.86
2025-04-22,C005,Display - Retargeting,DISPLAY,19744,87,21.12,0,0.0,0.44,0.24,21.12,0.0
2025-04-22,C006,YouTube - Brand Awareness,VIDEO,11322,110,21.65,0,0.0,0.98,0.2,21.65,0.0
2025-04-23,C001,Brand - Olist,SEARCH,4188,153,109.57,2,244.79,3.66,0.72,54.78,2.23
2025-04-23,C002,Generic - Electronics,SEARCH,6789,258,181.18,7,1567.67,3.81,0.7,25.88,8.65
2025-04-23,C003,Generic - Home & Garden,SEARCH,5832,218,236.62,7,1107.78,3.75,1.09,33.8,4.68
2025-04-23,C004,Shopping - All Products,SHOPPING,6368,102,39.56,2,348.17,1.61,0.39,19.78,8.8
2025-04-23,C005,Display - Retargeting,DISPLAY,15820,78,28.9,0,0.0,0.49,0.37,28.9,0.0
2025-04-23,C006,YouTube - Brand Awareness,VIDEO,19310,233,50.0,0,0.0,1.21,0.21,50.0,0.0
2025-04-24,C001,Brand - Olist,SEARCH,4774,137,147.51,3,358.21,2.87,1.08,49.17,2.43
2025-04-24,C002,Generic - Electronics,SEARCH,6824,270,274.53,7,1026.08,3.97,1.02,39.22,3.74
2025-04-24,C003,Generic - Home & Garden,SEARCH,6871,204,189.39,5,788.99,2.98,0.93,37.88,4.17
2025-04-24,C004,Shopping - All Products,SHOPPING,8899,152,79.69,2,182.04,1.71,0.52,39.84,2.28
2025-04-24,C005,Display - Retargeting,DISPLAY,25467,123,38.51,1,159.99,0.49,0.31,38.51,4.15
2025-04-24,C006,YouTube - Brand Awareness,VIDEO,15390,175,33.15,0,0.0,1.14,0.19,33.15,0.0
2025-04-25,C001,Brand - Olist,SEARCH,4412,131,139.79,2,462.14,2.99,1.07,69.89,3.31
2025-04-25,C002,Generic - Electronics,SEARCH,4598,188,211.32,4,479.25,4.1,1.12,52.83,2.27
2025-04-25,C003,Generic - Home & Garden,SEARCH,5570,169,144.39,3,344.64,3.04,0.85,48.13,2.39
2025-04-25,C004,Shopping - All Products,SHOPPING,10323,178,63.43,5,681.53,1.73,0.36,12.69,10.74
2025-04-25,C005,Display - Retargeting,DISPLAY,16966,87,31.93,0,0.0,0.51,0.37,31.93,0.0
2025-04-25,C006,YouTube - Brand Awareness,VIDEO,16914,169,32.77,0,0.0,1.0,0.19,32.77,0.0
2025-04-26,C001,Brand - Olist,SEARCH,3910,139,155.28,3,373.49,3.56,1.12,51.76,2.41
2025-04-26,C002,Generic - Electronics,SEARCH,5541,180,219.19,6,1072.23,3.26,1.22,36.53,4.89
2025-04-26,C003,Generic - Home & Garden,SEARCH,6401,209,238.73,6,698.29,3.27,1.14,39.79,2.93
2025-04-26,C004,Shopping - All Products,SHOPPING,8670,160,70.23,2,427.69,1.85,0.44,35.12,6.09
2025-04-26,C005,Display - Retargeting,DISPLAY,28390,114,37.29,0,0.0,0.4,0.33,37.29,0.0
2025-04-26,C006,YouTube - Brand Awareness,VIDEO,20808,200,36.68,0,0.0,0.97,0.18,36.68,0.0
2025-04-27,C001,Brand - Olist,SEARCH,6099,228,163.27,8,697.08,3.75,0.72,20.41,4.27
2025-04-27,C002,Generic - Electronics,SEARCH,5404,181,155.21,4,613.99,3.36,0.86,38.8,3.96
2025-04-27,C003,Generic - Home & Garden,SEARCH,7081,207,249.01,6,1326.79,2.92,1.2,41.5,5.33
2025-04-27,C004,Shopping - All Products,SHOPPING,8063,156,76.19,4,883.67,1.94,0.49,19.05,11.6
2025-04-27,C005,Display - Retargeting,DISPLAY,16838,70,19.24,0,0.0,0.42,0.27,19.24,0.0
2025-04-27,C006,YouTube - Brand Awareness,VIDEO,16721,161,24.48,0,0.0,0.96,0.15,24.48,0.0
2025-04-28,C001,Brand - Olist,SEARCH,5387,177,121.12,7,1536.55,3.3,0.68,17.3,12.69
2025-04-28,C002,Generic - Electronics,SEARCH,3417,143,117.8,5,600.33,4.2,0.82,23.56,5.1
2025-04-28,C003,Generic - Home & Garden,SEARCH,5477,177,228.96,7,623.72,3.23,1.29,32.71,2.72
2025-04-28,C004,Shopping - All Products,SHOPPING,7923,160,81.93,4,449.75,2.03,0.51,20.48,5.49
2025-04-28,C005,Display - Retargeting,DISPLAY,18158,81,30.49,0,0.0,0.45,0.38,30.49,0.0
2025-04-28,C006,YouTube - Brand Awareness,VIDEO,12519,134,23.08,0,0.0,1.07,0.17,23.08,0.0
2025-04-29,C001,Brand - Olist,SEARCH,3314,124,94.66,2,301.8,3.77,0.76,47.33,3.19
2025-04-29,C002,Generic - Electronics,SEARCH,4005,160,117.97,3,599.45,4.0,0.74,39.32,5.08
2025-04-29,C003,Generic - Home & Garden,SEARCH,5469,186,181.16,5,814.46,3.41,0.97,36.23,4.5
2025-04-29,C004,Shopping - All Products,SHOPPING,7370,158,60.6,3,276.9,2.15,0.38,20.2,4.57
2025-04-29,C005,Display - Retargeting,DISPLAY,20622,98,20.76,1,230.92,0.48,0.21,20.76,11.12
2025-04-29,C006,YouTube - Brand Awareness,VIDEO,16824,231,26.74,0,0.0,1.38,0.12,26.74,0.0
2025-04-30,C001,Brand - Olist,SEARCH,5835,212,162.13,6,954.08,3.65,0.76,27.02,5.88
2025-04-30,C002,Generic - Electronics,SEARCH,7141,249,192.04,9,1908.6,3.49,0.77,21.34,9.94
2025-04-30,C003,Generic - Home & Garden,SEARCH,6452,244,200.3,9,1017.05,3.79,0.82,22.26,5.08
2025-04-30,C004,Shopping - All Products,SHOPPING,6848,163,105.52,5,860.43,2.38,0.65,21.1,8.15
2025-04-30,C005,Display - Retargeting,DISPLAY,23932,121,24.49,1,190.11,0.51,0.2,24.49,7.76
2025-04-30,C006,YouTube - Brand Awareness,VIDEO,16526,197,26.66,0,0.0,1.2,0.14,26.66,0.0
2025-05-01,C001,Brand - Olist,SEARCH,7060,212,152.72,6,637.05,3.01,0.72,25.45,4.17
2025-05-01,C002,Generic - Electronics,SEARCH,6469,252,204.08,10,2203.64,3.9,0.81,20.41,10.8
2025-05-01,C003,Generic - Home & Garden,SEARCH,6152,179,166.16,3,468.6,2.92,0.93,55.39,2.82
2025-05-01,C004,Shopping - All Products,SHOPPING,9333,173,106.76,3,667.72,1.86,0.62,35.59,6.25
2025-05-01,C005,Display - Retargeting,DISPLAY,16767,95,21.08,0,0.0,0.57,0.22,21.08,0.0
2025-05-01,C006,YouTube - Brand Awareness,VIDEO,20538,232,34.49,0,0.0,1.13,0.15,34.49,0.0
2025-05-02,C001,Brand - Olist,SEARCH,6139,237,164.19,5,1008.68,3.86,0.69,32.84,6.14
2025-05-02,C002,Generic - Electronics,SEARCH,5151,193,186.44,6,1451.54,3.75,0.97,31.07,7.79
2025-05-02,C003,Generic - Home & Garden,SEARCH,6605,268,247.96,6,857.73,4.06,0.93,41.33,3.46
2025-05-02,C004,Shopping - All Products,SHOPPING,6266,126,65.71,4,939.79,2.02,0.52,16.43,14.3
2025-05-02,C005,Display - Retargeting,DISPLAY,17534,83,22.75,0,0.0,0.47,0.27,22.75,0.0
2025-05-02,C006,YouTube - Brand Awareness,VIDEO,17213,235,49.02,0,0.0,1.37,0.21,49.02,0.0
2025-05-03,C001,Brand - Olist,SEARCH,4822,138,134.33,3,594.28,2.87,0.97,44.78,4.42
2025-05-03,C002,Generic - Electronics,SEARCH,6389,200,137.37,3,717.93,3.14,0.69,45.79,5.23
2025-05-03,C003,Generic - Home & Garden,SEARCH,5921,192,156.64,4,413.66,3.25,0.82,39.16,2.64
2025-05-03,C004,Shopping - All Products,SHOPPING,9392,162,85.81,3,257.88,1.73,0.53,28.6,3.01
2025-05-03,C005,Display - Retargeting,DISPLAY,15891,64,21.43,0,0.0,0.41,0.33,21.43,0.0
2025-05-03,C006,YouTube - Brand Awareness,VIDEO,16034,193,38.19,0,0.0,1.21,0.2,38.19,0.0
2025-05-04,C001,Brand - Olist,SEARCH,4929,168,149.82,5,862.57,3.42,0.89,29.96,5.76
2025-05-04,C002,Generic - Electronics,SEARCH,6291,238,238.98,9,1381.38,3.79,1.0,26.55,5.78
2025-05-04,C003,Generic - Home & Garden,SEARCH,5212,201,208.19,7,596.63,3.87,1.04,29.74,2.87
2025-05-04,C004,Shopping - All Products,SHOPPING,10111,223,150.92,5,763.66,2.21,0.68,30.18,5.06
2025-05-04,C005,Display - Retargeting,DISPLAY,19764,82,24.67,0,0.0,0.42,0.3,24.67,0.0
2025-05-04,C006,YouTube - Brand Awareness,VIDEO,18855,250,55.02,1,227.12,1.33,0.22,55.02,4.13
2025-05-05,C001,Brand - Olist,SEARCH,3862,116,108.98,3,537.53,3.02,0.94,36.33,4.93
2025-05-05,C002,Generic - Electronics,SEARCH,5059,177,127.99,4,980.48,3.51,0.72,32.0,7.66
2025-05-05,C003,Generic - Home & Garden,SEARCH,3391,140,99.97,2,399.74,4.14,0.71,49.98,4.0
2025-05-05,C004,Shopping - All Products,SHOPPING,8519,165,110.26,4,894.89,1.95,0.67,27.57,8.12
2025-05-05,C005,Display - Retargeting,DISPLAY,15454,72,26.42,0,0.0,0.47,0.37,26.42,0.0
2025-05-05,C006,YouTube - Brand Awareness,VIDEO,10248,138,22.47,0,0.0,1.36,0.16,22.47,0.0
2025-05-06,C001,Brand - Olist,SEARCH,4478,145,102.02,5,518.6,3.25,0.7,20.4,5.08
2025-05-06,C002,Generic - Electronics,SEARCH,5130,188,173.39,7,1393.22,3.68,0.92,24.77,8.04
2025-05-06,C003,Generic - Home & Garden,SEARCH,4526,165,117.83,3,346.28,3.65,0.71,39.28,2.94
2025-05-06,C004,Shopping - All Products,SHOPPING,7721,179,87.07,4,912.41,2.33,0.49,21.77,10.48
2025-05-06,C005,Display - Retargeting,DISPLAY,20222,116,34.31,0,0.0,0.57,0.3,34.31,0.0
2025-05-06,C006,YouTube - Brand Awareness,VIDEO,12325,148,32.98,0,0.0,1.21,0.22,32.98,0.0
2025-05-07,C001,Brand - Olist,SEARCH,5030,161,162.08,6,1146.68,3.21,1.01,27.01,7.07
2025-05-07,C002,Generic - Electronics,SEARCH,6615,233,184.27,7,1443.52,3.54,0.79,26.32,7.83
2025-05-07,C003,Generic - Home & Garden,SEARCH,4575,151,134.81,4,833.46,3.32,0.89,33.7,6.18
2025-05-07,C004,Shopping - All Products,SHOPPING,10124,183,99.67,4,962.68,1.81,0.54,24.92,9.66
2025-05-07,C005,Display - Retargeting,DISPLAY,18230,75,27.31,0,0.0,0.41,0.36,27.31,0.0
2025-05-07,C006,YouTube - Brand Awareness,VIDEO,20823,282,60.07,0,0.0,1.36,0.21,60.07,0.0
2025-05-08,C001,Brand - Olist,SEARCH,5275,187,151.94,5,440.77,3.55,0.81,30.39,2.9
2025-05-08,C002,Generic - Electronics,SEARCH,6760,231,240.23,3,365.1,3.42,1.04,80.08,1.52
2025-05-08,C003,Generic - Home & Garden,SEARCH,6175,181,226.14,3,332.57,2.94,1.25,75.38,1.47
2025-05-08,C004,Shopping - All Products,SHOPPING,6233,138,89.66,2,256.99,2.22,0.65,44.83,2.87
2025-05-08,C005,Display - Retargeting,DISPLAY,21682,128,30.73,1,130.63,0.59,0.24,30.73,4.25
2025-05-08,C006,YouTube - Brand Awareness,VIDEO,16063,159,33.03,0,0.0,0.99,0.21,33.03,0.0
2025-05-09,C001,Brand - Olist,SEARCH,7001,214,159.28,8,1289.93,3.07,0.74,19.91,8.1
2025-05-09,C002,Generic - Electronics,SEARCH,6250,207,160.46,4,987.79,3.32,0.78,40.12,6.16
2025-05-09,C003,Generic - Home & Garden,SEARCH,4167,151,160.74,5,498.75,3.62,1.06,32.15,3.1
2025-05-09,C004,Shopping - All Products,SHOPPING,9090,166,111.6,5,431.92,1.83,0.67,22.32,3.87
2025-05-09,C005,Display - Retargeting,DISPLAY,19163,84,16.35,0,0.0,0.44,0.19,16.35,0.0
2025-05-09,C006,YouTube - Brand Awareness,VIDEO,16589,229,44.8,0,0.0,1.39,0.2,44.8,0.0
2025-05-10,C001,Brand - Olist,SEARCH,4434,163,145.53,5,918.94,3.69,0.89,29.11,6.31
2025-05-10,C002,Generic - Electronics,SEARCH,5051,156,181.35,3,339.54,3.09,1.16,60.45,1.87
2025-05-10,C003,Generic - Home & Garden,SEARCH,4395,170,136.74,4,714.14,3.89,0.8,34.19,5.22
2025-05-10,C004,Shopping - All Products,SHOPPING,10791,247,124.19,5,915.26,2.29,0.5,24.84,7.37
2025-05-10,C005,Display - Retargeting,DISPLAY,22762,120,26.66,0,0.0,0.53,0.22,26.66,0.0
2025-05-10,C006,YouTube - Brand Awareness,VIDEO,14906,193,23.36,0,0.0,1.3,0.12,23.36,0.0
2025-05-11,C001,Brand - Olist,SEARCH,6474,238,145.61,6,1089.3,3.68,0.61,24.27,7.48
2025-05-11,C002,Generic - Electronics,SEARCH,5409,204,191.42,4,323.95,3.78,0.94,47.85,1.69
2025-05-11,C003,Generic - Home & Garden,SEARCH,4843,186,218.42,7,1157.86,3.85,1.17,31.2,5.3
2025-05-11,C004,Shopping - All Products,SHOPPING,11001,238,142.04,4,325.99,2.17,0.6,35.51,2.3
2025-05-11,C005,Display - Retargeting,DISPLAY,24852,116,39.9,1,102.22,0.47,0.34,39.9,2.56
2025-05-11,C006,YouTube - Brand Awareness,VIDEO,13266,149,24.24,0,0.0,1.12,0.16,24.24,0.0
2025-05-12,C001,Brand - Olist,SEARCH,4007,159,111.02,6,570.34,3.97,0.7,18.5,5.14
2025-05-12,C002,Generic - Electronics,SEARCH,3848,127,147.66,4,835.11,3.32,1.16,36.91,5.66
2025-05-12,C003,Generic - Home & Garden,SEARCH,3391,134,149.59,5,995.26,3.97,1.12,29.92,6.65
2025-05-12,C004,Shopping - All Products,SHOPPING,5779,112,57.98,3,305.57,1.94,0.52,19.33,5.27
2025-05-12,C005,Display - Retargeting,DISPLAY,19685,98,19.35,1,169.12,0.5,0.2,19.35,8.74
2025-05-12,C006,YouTube - Brand Awareness,VIDEO,11053,112,17.64,0,0.0,1.02,0.16,17.64,0.0
2025-05-13,C001,Brand - Olist,SEARCH,4597,185,149.26,7,1120.93,4.05,0.81,21.32,7.51
2025-05-13,C002,Generic - Electronics,SEARCH,5373,172,127.08,5,1155.73,3.21,0.74,25.42,9.09
2025-05-13,C003,Generic - Home & Garden,SEARCH,5555,159,156.2,5,1074.55,2.88,0.98,31.24,6.88
2025-05-13,C004,Shopping - All Products,SHOPPING,6113,125,74.01,3,549.12,2.05,0.59,24.67,7.42
2025-05-13,C005,Display - Retargeting,DISPLAY,22347,104,22.19,0,0.0,0.47,0.21,22.19,0.0
2025-05-13,C006,YouTube - Brand Awareness,VIDEO,9546,126,22.19,0,0.0,1.32,0.18,22.19,0.0
2025-05-14,C001,Brand - Olist,SEARCH,5781,184,144.12,5,862.2,3.19,0.78,28.82,5.98
2025-05-14,C002,Generic - Electronics,SEARCH,4180,171,153.84,4,728.14,4.11,0.9,38.46,4.73
2025-05-14,C003,Generic - Home & Garden,SEARCH,5545,209,144.38,7,655.07,3.77,0.69,20.63,4.54
2025-05-14,C004,Shopping - All Products,SHOPPING,10676,178,113.14,4,423.96,1.67,0.64,28.29,3.75
2025-05-14,C005,Display - Retargeting,DISPLAY,16273,72,15.63,0,0.0,0.44,0.22,15.63,0.0
2025-05-14,C006,YouTube - Brand Awareness,VIDEO,19369,246,45.71,0,0.0,1.27,0.19,45.71,0.0
2025-05-15,C001,Brand - Olist,SEARCH,6629,206,135.6,4,925.28,3.12,0.66,33.9,6.82
2025-05-15,C002,Generic - Electronics,SEARCH,6684,194,140.48,6,760.41,2.91,0.72,23.41,5.41
2025-05-15,C003,Generic - Home & Garden,SEARCH,6215,225,195.1,8,932.06,3.63,0.87,24.39,4.78
2025-05-15,C004,Shopping - All Products,SHOPPING,10566,204,111.48,6,858.95,1.94,0.55,18.58,7.7
2025-05-15,C005,Display - Retargeting,DISPLAY,18157,100,27.59,1,113.68,0.56,0.28,27.59,4.12
2025-05-15,C006,YouTube - Brand Awareness,VIDEO,11805,114,21.36,0,0.0,0.97,0.19,21.36,0.0
2025-05-16,C001,Brand - Olist,SEARCH,8133,305,162.87,6,1499.67,3.75,0.53,27.14,9.21
2025-05-16,C002,Generic - Electronics,SEARCH,7226,280,274.85,10,2259.88,3.88,0.98,27.49,8.22
2025-05-16,C003,Generic - Home & Garden,SEARCH,8479,320,267.65,7,1183.17,3.78,0.84,38.24,4.42
2025-05-16,C004,Shopping - All Products,SHOPPING,14273,268,287.42,4,712.3,1.88,1.07,71.86,2.48
2025-05-16,C005,Display - Retargeting,DISPLAY,39401,172,75.35,1,193.62,0.44,0.44,75.35,2.57
2025-05-16,C006,YouTube - Brand Awareness,VIDEO,30890,362,104.73,1,176.79,1.18,0.29,104.73,1.69
2025-05-17,C001,Brand - Olist,SEARCH,10040,364,145.71,8,930.82,3.63,0.4,18.21,6.39
2025-05-17,C002,Generic - Electronics,SEARCH,6504,186,310.7,6,1106.94,2.86,1.67,51.78,3.56
2025-05-17,C003,Generic - Home & Garden,SEARCH,10885,377,242.97,15,2981.58,3.47,0.64,16.2,12.27
2025-05-17,C004,Shopping - All Products,SHOPPING,12302,252,219.05,6,801.08,2.05,0.87,36.51,3.66
2025-05-17,C005,Display - Retargeting,DISPLAY,26330,155,80.15,1,140.69,0.59,0.52,80.15,1.76
2025-05-17,C006,YouTube - Brand Awareness,VIDEO,27205,349,95.07,1,237.09,1.28,0.27,95.07,2.49
2025-05-18,C001,Brand - Olist,SEARCH,9920,407,163.59,14,1219.97,4.1,0.4,11.69,7.46
2025-05-18,C002,Generic - Electronics,SEARCH,11197,389,303.99,7,1118.31,3.48,0.78,43.43,3.68
2025-05-18,C003,Generic - Home & Garden,SEARCH,10788,304,225.12,8,1630.51,2.82,0.74,28.14,7.24
2025-05-18,C004,Shopping - All Products,SHOPPING,16981,400,364.81,12,2541.64,2.36,0.91,30.4,6.97
2025-05-18,C005,Display - Retargeting,DISPLAY,37607,202,122.44,1,201.21,0.54,0.61,122.44,1.64
2025-05-18,C006,YouTube - Brand Awareness,VIDEO,19552,223,59.27,0,0.0,1.15,0.27,59.27,0.0
2025-05-19,C001,Brand - Olist,SEARCH,7867,308,145.39,9,2153.83,3.92,0.47,16.15,14.81
2025-05-19,C002,Generic - Electronics,SEARCH,5761,219,275.34,8,1745.82,3.8,1.26,34.42,6.34
2025-05-19,C003,Generic - Home & Garden,SEARCH,5184,151,169.67,4,682.0,2.93,1.12,42.42,4.02
2025-05-19,C004,Shopping - All Products,SHOPPING,9914,230,178.44,4,681.15,2.33,0.78,44.61,3.82
2025-05-19,C005,Display - Retargeting,DISPLAY,27214,123,43.83,1,136.02,0.45,0.36,43.83,3.1
2025-05-19,C006,YouTube - Brand Awareness,VIDEO,20065,252,81.85,1,175.2,1.26,0.32,81.85,2.14
2025-05-20,C001,Brand - Olist,SEARCH,6985,258,158.84,4,545.97,3.71,0.62,39.71,3.44
2025-05-20,C002,Generic - Electronics,SEARCH,7072,229,319.58,8,1985.49,3.24,1.4,39.95,6.21
2025-05-20,C003,Generic - Home & Garden,SEARCH,6217,250,243.11,8,781.54,4.02,0.97,30.39,3.21
2025-05-20,C004,Shopping - All Products,SHOPPING,13519,273,200.03,7,809.29,2.03,0.73,28.58,4.05
2025-05-20,C005,Display - Retargeting,DISPLAY,20685,100,49.44,1,169.9,0.49,0.49,49.44,3.44
2025-05-20,C006,YouTube - Brand Awareness,VIDEO,24889,291,94.1,0,0.0,1.17,0.32,94.1,0.0
2025-05-21,C001,Brand - Olist,SEARCH,6398,243,146.97,6,1348.31,3.81,0.6,24.5,9.17
2025-05-21,C002,Generic - Electronics,SEARCH,10488,335,310.73,10,1075.79,3.2,0.93,31.07,3.46
2025-05-21,C003,Generic - Home & Garden,SEARCH,7973,323,274.3,11,2641.49,4.06,0.85,24.94,9.63
2025-05-21,C004,Shopping - All Products,SHOPPING,11947,264,152.71,5,694.75,2.22,0.58,30.54,4.55
2025-05-21,C005,Display - Retargeting,DISPLAY,43827,250,80.51,1,150.66,0.57,0.32,80.51,1.87
2025-05-21,C006,YouTube - Brand Awareness,VIDEO,32379,358,93.59,1,194.26,1.11,0.26,93.59,2.08
2025-05-22,C001,Brand - Olist,SEARCH,7661,249,157.85,6,1024.64,3.25,0.63,26.31,6.49
2025-05-22,C002,Generic - Electronics,SEARCH,6633,205,275.16,7,1414.43,3.09,1.34,39.31,5.14
2025-05-22,C003,Generic - Home & Garden,SEARCH,11395,429,252.73,13,3199.11,3.77,0.59,19.44,12.66
2025-05-22,C004,Shopping - All Products,SHOPPING,15627,253,247.28,7,1254.76,1.62,0.98,35.33,5.07
2025-05-22,C005,Display - Retargeting,DISPLAY,39700,237,81.42,1,188.82,0.6,0.34,81.42,2.32
2025-05-22,C006,YouTube - Brand Awareness,VIDEO,28743,297,67.74,0,0.0,1.03,0.23,67.74,0.0
2025-05-23,C001,Brand - Olist,SEARCH,10810,352,163.23,7,1023.65,3.26,0.46,23.32,6.27
2025-05-23,C002,Generic - Electronics,SEARCH,9574,369,324.93,13,1544.61,3.86,0.88,24.99,4.75
2025-05-23,C003,Generic - Home & Garden,SEARCH,6433,214,260.52,7,612.33,3.34,1.22,37.22,2.35
2025-05-23,C004,Shopping - All Products,SHOPPING,17308,311,252.55,6,930.11,1.8,0.81,42.09,3.68
2025-05-23,C005,Display - Retargeting,DISPLAY,26617,127,70.6,0,0.0,0.48,0.56,70.6,0.0
2025-05-23,C006,YouTube - Brand Awareness,VIDEO,30282,427,98.8,1,183.65,1.41,0.23,98.8,1.86
2025-05-24,C001,Brand - Olist,SEARCH,6897,253,150.31,7,1602.68,3.68,0.59,21.47,10.66
2025-05-24,C002,Generic - Electronics,SEARCH,8797,280,322.46,5,761.99,3.19,1.15,64.49,2.36
2025-05-24,C003,Generic - Home & Garden,SEARCH,7310,283,242.56,7,1574.13,3.88,0.86,34.65,6.49
2025-05-24,C004,Shopping - All Products,SHOPPING,14864,323,347.43,6,1451.5,2.17,1.08,57.91,4.18
2025-05-24,C005,Display - Retargeting,DISPLAY,25737,122,72.86,0,0.0,0.48,0.6,72.86,0.0
2025-05-24,C006,YouTube - Brand Awareness,VIDEO,28819,337,107.9,1,114.76,1.17,0.32,107.9,1.06
2025-05-25,C001,Brand - Olist,SEARCH,11336,359,137.7,11,1092.74,3.17,0.38,12.52,7.94
2025-05-25,C002,Generic - Electronics,SEARCH,7049,226,306.25,8,1675.44,3.22,1.36,38.28,5.47
2025-05-25,C003,Generic - Home & Garden,SEARCH,7717,242,225.41,9,1025.58,3.14,0.93,25.05,4.55
2025-05-25,C004,Shopping - All Products,SHOPPING,18264,342,279.3,8,1072.4,1.87,0.82,34.91,3.84
2025-05-25,C005,Display - Retargeting,DISPLAY,37162,202,66.32,1,102.41,0.55,0.33,66.32,1.54
2025-05-25,C006,YouTube - Brand Awareness,VIDEO,29662,315,85.3,1,99.73,1.06,0.27,85.3,1.17
2025-05-26,C001,Brand - Olist,SEARCH,5139,147,139.27,5,457.74,2.87,0.95,27.85,3.29
2025-05-26,C002,Generic - Electronics,SEARCH,5507,193,302.79,7,1487.73,3.51,1.57,43.26,4.91
2025-05-26,C003,Generic - Home & Garden,SEARCH,7641,262,272.35,8,1427.54,3.44,1.04,34.04,5.24
2025-05-26,C004,Shopping - All Products,SHOPPING,9666,158,174.26,3,298.47,1.64,1.1,58.09,1.71
2025-05-26,C005,Display - Retargeting,DISPLAY,34622,140,80.88,1,204.06,0.41,0.58,80.88,2.52
2025-05-26,C006,YouTube - Brand Awareness,VIDEO,17254,212,52.6,0,0.0,1.23,0.25,52.6,0.0
2025-05-27,C001,Brand - Olist,SEARCH,6761,205,161.15,5,1208.86,3.04,0.79,32.23,7.5
2025-05-27,C002,Generic - Electronics,SEARCH,9128,274,321.76,7,565.21,3.0,1.17,45.97,1.76
2025-05-27,C003,Generic - Home & Garden,SEARCH,6223,226,231.67,4,947.02,3.64,1.03,57.92,4.09
2025-05-27,C004,Shopping - All Products,SHOPPING,13255,274,274.86,7,1002.45,2.07,1.0,39.27,3.65
2025-05-27,C005,Display - Retargeting,DISPLAY,24377,133,59.48,0,0.0,0.55,0.45,59.48,0.0
2025-05-27,C006,YouTube - Brand Awareness,VIDEO,27211,292,98.66,1,156.52,1.08,0.34,98.66,1.59
2025-05-28,C001,Brand - Olist,SEARCH,10319,356,140.98,9,1875.91,3.45,0.4,15.66,13.31
2025-05-28,C002,Generic - Electronics,SEARCH,9567,360,298.89,6,1313.88,3.76,0.83,49.81,4.4
2025-05-28,C003,Generic - Home & Garden,SEARCH,11645,392,233.49,13,2392.7,3.37,0.6,17.96,10.25
2025-05-28,C004,Shopping - All Products,SHOPPING,16887,304,303.99,5,863.66,1.8,1.0,60.8,2.84
2025-05-28,C005,Display - Retargeting,DISPLAY,28381,139,82.37,1,180.34,0.49,0.59,82.37,2.19
2025-05-28,C006,YouTube - Brand Awareness,VIDEO,22008,272,77.42,0,0.0,1.24,0.28,77.42,0.0
2025-05-29,C001,Brand - Olist,SEARCH,6692,196,144.16,7,1007.09,2.94,0.74,20.59,6.99
2025-05-29,C002,Generic - Electronics,SEARCH,10392,368,285.61,14,2381.61,3.54,0.78,20.4,8.34
2025-05-29,C003,Generic - Home & Garden,SEARCH,10789,357,258.69,6,964.8,3.31,0.72,43.12,3.73
2025-05-29,C004,Shopping - All Products,SHOPPING,11745,246,276.09,7,1164.26,2.1,1.12,39.44,4.22
2025-05-29,C005,Display - Retargeting,DISPLAY,35910,210,125.02,1,172.65,0.59,0.6,125.02,1.38
2025-05-29,C006,YouTube - Brand Awareness,VIDEO,22527,264,74.06,1,150.49,1.17,0.28,74.06,2.03
2025-05-30,C001,Brand - Olist,SEARCH,6395,256,153.66,4,591.66,4.01,0.6,38.41,3.85
2025-05-30,C002,Generic - Electronics,SEARCH,11624,341,288.43,13,2961.24,2.94,0.85,22.19,10.27
2025-05-30,C003,Generic - Home & Garden,SEARCH,7583,220,241.82,7,598.22,2.91,1.1,34.55,2.47
2025-05-30,C004,Shopping - All Products,SHOPPING,11232,241,165.67,3,349.9,2.15,0.69,55.22,2.11
2025-05-30,C005,Display - Retargeting,DISPLAY,46768,227,121.77,2,406.88,0.49,0.54,60.88,3.34
2025-05-30,C006,YouTube - Brand Awareness,VIDEO,23994,325,97.78,1,178.05,1.36,0.3,97.78,1.82
2025-05-31,C001,Brand - Olist,SEARCH,7193,241,147.03,8,1296.25,3.36,0.61,18.38,8.82
2025-05-31,C002,Generic - Electronics,SEARCH,11377,365,317.22,11,1902.94,3.21,0.87,28.84,6.0
2025-05-31,C003,Generic - Home & Garden,SEARCH,6588,221,274.97,5,1151.82,3.36,1.24,54.99,4.19
2025-05-31,C004,Shopping - All Products,SHOPPING,15922,298,260.8,9,965.4,1.87,0.88,28.98,3.7
2025-05-31,C005,Display - Retargeting,DISPLAY,32534,151,49.56,1,144.87,0.47,0.33,49.56,2.92
2025-05-31,C006,YouTube - Brand Awareness,VIDEO,30888,389,92.82,1,225.28,1.26,0.24,92.82,2.43
2025-06-01,C001,Brand - Olist,SEARCH,10003,282,137.08,8,1668.81,2.83,0.49,17.14,12.17
2025-06-01,C002,Generic - Electronics,SEARCH,6897,274,311.4,11,1036.48,3.97,1.14,28.31,3.33
2025-06-01,C003,Generic - Home & Garden,SEARCH,11166,332,267.57,13,2159.08,2.98,0.81,20.58,8.07
2025-06-01,C004,Shopping - All Products,SHOPPING,15213,329,341.89,9,1456.35,2.17,1.04,37.99,4.26
2025-06-01,C005,Display - Retargeting,DISPLAY,34933,169,80.34,1,242.04,0.48,0.48,80.34,3.01
2025-06-01,C006,YouTube - Brand Awareness,VIDEO,21820,285,97.62,0,0.0,1.31,0.34,97.62,0.0
2025-06-02,C001,Brand - Olist,SEARCH,8759,346,160.46,9,1108.16,3.95,0.46,17.83,6.91
2025-06-02,C002,Generic - Electronics,SEARCH,8797,299,285.8,5,821.14,3.4,0.96,57.16,2.87
2025-06-02,C003,Generic - Home & Garden,SEARCH,5472,211,247.18,4,514.93,3.86,1.17,61.8,2.08
2025-06-02,C004,Shopping - All Products,SHOPPING,13465,231,215.74,6,1307.24,1.72,0.93,35.96,6.06
2025-06-02,C005,Display - Retargeting,DISPLAY,22043,99,59.08,0,0.0,0.45,0.6,59.08,0.0
2025-06-02,C006,YouTube - Brand Awareness,VIDEO,20488,201,67.79,0,0.0,0.98,0.34,67.79,0.0
2025-06-03,C001,Brand - Olist,SEARCH,6492,208,158.91,6,613.35,3.21,0.76,26.48,3.86
2025-06-03,C002,Generic - Electronics,SEARCH,5969,221,320.19,9,1952.62,3.72,1.45,35.58,6.1
2025-06-03,C003,Generic - Home & Garden,SEARCH,6670,260,233.36,4,582.29,3.9,0.9,58.34,2.5
2025-06-03,C004,Shopping - All Products,SHOPPING,14309,256,175.13,3,640.75,1.79,0.68,58.38,3.66
2025-06-03,C005,Display - Retargeting,DISPLAY,25713,104,62.83,0,0.0,0.41,0.6,62.83,0.0
2025-06-03,C006,YouTube - Brand Awareness,VIDEO,15964,157,33.1,0,0.0,0.98,0.21,33.1,0.0
2025-06-04,C001,Brand - Olist,SEARCH,8151,275,162.32,9,2073.56,3.39,0.59,18.04,12.77
2025-06-04,C002,Generic - Electronics,SEARCH,8026,267,307.42,7,1036.78,3.33,1.15,43.92,3.37
2025-06-04,C003,Generic - Home & Garden,SEARCH,11625,459,261.36,10,970.29,3.95,0.57,26.14,3.71
2025-06-04,C004,Shopping - All Products,SHOPPING,13125,252,145.25,5,893.36,1.92,0.58,29.05,6.15
2025-06-04,C005,Display - Retargeting,DISPLAY,26797,116,69.05,1,249.79,0.43,0.6,69.05,3.62
2025-06-04,C006,YouTube - Brand Awareness,VIDEO,24924,275,96.59,0,0.0,1.1,0.35,96.59,0.0
2025-06-05,C001,Brand - Olist,SEARCH,10521,346,159.99,11,919.58,3.3,0.46,14.54,5.75
2025-06-05,C002,Generic - Electronics,SEARCH,8118,243,320.88,4,469.46,3.0,1.32,80.22,1.46
2025-06-05,C003,Generic - Home & Garden,SEARCH,7971,292,235.91,6,721.53,3.66,0.81,39.32,3.06
2025-06-05,C004,Shopping - All Products,SHOPPING,14421,262,289.32,3,611.93,1.82,1.1,96.44,2.12
2025-06-05,C005,Display - Retargeting,DISPLAY,32303,171,68.93,1,237.76,0.53,0.4,68.93,3.45
2025-06-05,C006,YouTube - Brand Awareness,VIDEO,23130,259,71.68,1,95.28,1.12,0.28,71.68,1.33
2025-06-06,C001,Brand - Olist,SEARCH,7012,244,145.37,5,940.63,3.49,0.6,29.07,6.47
2025-06-06,C002,Generic - Electronics,SEARCH,11427,479,305.94,18,1799.43,4.2,0.64,17.0,5.88
2025-06-06,C003,Generic - Home & Garden,SEARCH,10023,338,245.14,6,1189.32,3.37,0.73,40.86,4.85
2025-06-06,C004,Shopping - All Products,SHOPPING,12263,226,143.66,5,886.32,1.85,0.64,28.73,6.17
2025-06-06,C005,Display - Retargeting,DISPLAY,37499,180,67.62,1,97.66,0.48,0.38,67.62,1.44
2025-06-06,C006,YouTube - Brand Awareness,VIDEO,30404,322,79.53,0,0.0,1.06,0.25,79.53,0.0
2025-06-07,C001,Brand - Olist,SEARCH,9666,357,143.78,8,1235.68,3.7,0.4,17.97,8.59
2025-06-07,C002,Generic - Electronics,SEARCH,7960,332,279.88,5,436.37,4.18,0.84,55.98,1.56
2025-06-07,C003,Generic - Home & Garden,SEARCH,7617,225,267.9,7,816.57,2.96,1.19,38.27,3.05
2025-06-07,C004,Shopping - All Products,SHOPPING,13529,271,278.15,8,1332.57,2.01,1.03,34.77,4.79
2025-06-07,C005,Display - Retargeting,DISPLAY,40196,169,83.33,1,187.79,0.42,0.49,83.33,2.25
2025-06-07,C006,YouTube - Brand Awareness,VIDEO,23063,227,43.34,0,0.0,0.99,0.19,43.34,0.0
2025-06-08,C001,Brand - Olist,SEARCH,7593,236,144.18,4,690.98,3.11,0.61,36.05,4.79
2025-06-08,C002,Generic - Electronics,SEARCH,10932,409,303.7,14,2852.89,3.75,0.74,21.69,9.39
2025-06-08,C003,Generic - Home & Garden,SEARCH,9899,397,253.95,10,1890.67,4.02,0.64,25.39,7.45
2025-06-08,C004,Shopping - All Products,SHOPPING,17149,275,310.6,6,1369.47,1.6,1.13,51.77,4.41
2025-06-08,C005,Display - Retargeting,DISPLAY,30060,148,52.8,0,0.0,0.5,0.36,52.8,0.0
2025-06-08,C006,YouTube - Brand Awareness,VIDEO,24950,358,92.3,1,88.8,1.44,0.26,92.3,0.96
2025-06-09,C001,Brand - Olist,SEARCH,5170,152,163.23,3,322.45,2.95,1.07,54.41,1.98
2025-06-09,C002,Generic - Electronics,SEARCH,6079,214,283.3,7,928.37,3.52,1.32,40.47,3.28
2025-06-09,C003,Generic - Home & Garden,SEARCH,9023,335,264.5,12,1552.58,3.72,0.79,22.04,5.87
2025-06-09,C004,Shopping - All Products,SHOPPING,10412,244,161.14,5,1081.03,2.35,0.66,32.23,6.71
2025-06-09,C005,Display - Retargeting,DISPLAY,33494,195,94.18,1,212.33,0.58,0.48,94.18,2.25
2025-06-09,C006,YouTube - Brand Awareness,VIDEO,16329,170,32.52,0,0.0,1.04,0.19,32.52,0.0
2025-06-10,C001,Brand - Olist,SEARCH,9282,268,159.42,6,1473.0,2.89,0.59,26.57,9.24
2025-06-10,C002,Generic - Electronics,SEARCH,6283,254,315.46,7,702.8,4.05,1.24,45.07,2.23
2025-06-10,C003,Generic - Home & Garden,SEARCH,7338,242,262.91,9,742.69,3.3,1.09,29.21,2.82
2025-06-10,C004,Shopping - All Products,SHOPPING,13656,321,325.67,4,334.17,2.35,1.01,81.42,1.03
2025-06-10,C005,Display - Retargeting,DISPLAY,31024,163,102.02,1,186.15,0.53,0.63,102.02,1.82
2025-06-10,C006,YouTube - Brand Awareness,VIDEO,25819,363,98.53,1,225.57,1.41,0.27,98.53,2.29
2025-06-11,C001,Brand - Olist,SEARCH,8949,277,135.0,9,889.98,3.1,0.49,15.0,6.59
2025-06-11,C002,Generic - Electronics,SEARCH,7616,245,293.88,8,715.67,3.22,1.2,36.73,2.44
2025-06-11,C003,Generic - Home & Garden,SEARCH,6969,243,239.79,4,929.09,3.5,0.99,59.95,3.87
2025-06-11,C004,Shopping - All Products,SHOPPING,16057,272,164.26,7,1056.77,1.7,0.6,23.47,6.43
2025-06-11,C005,Display - Retargeting,DISPLAY,40357,222,124.47,1,81.87,0.55,0.56,124.47,0.66
2025-06-11,C006,YouTube - Brand Awareness,VIDEO,33910,423,96.19,1,248.16,1.25,0.23,96.19,2.58
2025-06-12,C001,Brand - Olist,SEARCH,11019,462,160.27,17,2027.42,4.2,0.35,9.43,12.65
2025-06-12,C002,Generic - Electronics,SEARCH,6831,284,322.25,4,334.3,4.17,1.13,80.56,1.04
2025-06-12,C003,Generic - Home & Garden,SEARCH,8815,276,253.28,5,538.23,3.13,0.92,50.66,2.13
2025-06-12,C004,Shopping - All Products,SHOPPING,13432,234,237.79,3,487.01,1.75,1.02,79.26,2.05
2025-06-12,C005,Display - Retargeting,DISPLAY,27162,115,44.9,1,220.46,0.43,0.39,44.9,4.91
2025-06-12,C006,YouTube - Brand Awareness,VIDEO,24312,265,77.59,1,102.37,1.09,0.29,77.59,1.32
2025-06-13,C001,Brand - Olist,SEARCH,6566,247,160.39,8,1937.46,3.77,0.65,20.05,12.08
2025-06-13,C002,Generic - Electronics,SEARCH,9059,369,320.83,9,1020.21,4.08,0.87,35.65,3.18
2025-06-13,C003,Generic - Home & Garden,SEARCH,9259,317,230.0,7,1454.64,3.43,0.73,32.86,6.32
2025-06-13,C004,Shopping - All Products,SHOPPING,10900,202,158.88,3,678.91,1.86,0.79,52.96,4.27
2025-06-13,C005,Display - Retargeting,DISPLAY,34866,203,93.86,1,80.64,0.58,0.46,93.86,0.86
2025-06-13,C006,YouTube - Brand Awareness,VIDEO,27520,278,73.12,0,0.0,1.01,0.26,73.12,0.0
2025-06-14,C001,Brand - Olist,SEARCH,10483,432,139.67,17,1469.2,4.13,0.32,8.22,10.52
2025-06-14,C002,Generic - Electronics,SEARCH,11579,324,288.44,13,1740.45,2.81,0.89,22.19,6.03
2025-06-14,C003,Generic - Home & Garden,SEARCH,9833,286,263.68,8,1902.04,2.91,0.92,32.96,7.21
2025-06-14,C004,Shopping - All Products,SHOPPING,13784,316,259.61,10,1359.53,2.3,0.82,25.96,5.24
2025-06-14,C005,Display - Retargeting,DISPLAY,44335,252,96.1,1,222.24,0.57,0.38,96.1,2.31
2025-06-14,C006,YouTube - Brand Awareness,VIDEO,21727,215,56.9,0,0.0,0.99,0.26,56.9,0.0
2025-06-15,C001,Brand - Olist,SEARCH,6745,194,151.96,5,662.88,2.88,0.78,30.39,4.36
2025-06-15,C002,Generic - Electronics,SEARCH,7010,229,302.63,8,1379.22,3.27,1.32,37.83,4.56
2025-06-15,C003,Generic - Home & Garden,SEARCH,5900,235,235.34,7,985.68,3.99,1.0,33.62,4.19
2025-06-15,C004,Shopping - All Products,SHOPPING,13514,265,201.76,5,1235.76,1.96,0.76,40.35,6.12
2025-06-15,C005,Display - Retargeting,DISPLAY,33182,143,44.77,1,208.69,0.43,0.31,44.77,4.66
2025-06-15,C006,YouTube - Brand Awareness,VIDEO,24144,290,77.2,0,0.0,1.2,0.27,77.2,0.0
2025-06-16,C001,Brand - Olist,SEARCH,7119,278,154.4,11,1681.0,3.91,0.56,14.04,10.89
2025-06-16,C002,Generic - Electronics,SEARCH,5033,209,289.38,5,752.82,4.17,1.38,57.88,2.6
2025-06-16,C003,Generic - Home & Garden,SEARCH,4420,183,214.07,3,519.41,4.14,1.17,71.36,2.43
2025-06-16,C004,Shopping - All Products,SHOPPING,6400,141,98.3,2,231.75,2.21,0.7,49.15,2.36
2025-06-16,C005,Display - Retargeting,DISPLAY,16679,76,30.3,0,0.0,0.46,0.4,30.3,0.0
2025-06-16,C006,YouTube - Brand Awareness,VIDEO,14512,156,26.08,0,0.0,1.08,0.17,26.08,0.0
2025-06-17,C001,Brand - Olist,SEARCH,4515,181,154.78,4,498.14,4.02,0.86,38.7,3.22
2025-06-17,C002,Generic - Electronics,SEARCH,7210,282,305.8,10,1305.04,3.92,1.08,30.58,4.27
2025-06-17,C003,Generic - Home & Garden,SEARCH,5353,163,150.86,3,658.23,3.06,0.93,50.29,4.36
2025-06-17,C004,Shopping - All Products,SHOPPING,11624,193,125.37,5,1046.0,1.66,0.65,25.07,8.34
2025-06-17,C005,Display - Retargeting,DISPLAY,20370,99,38.69,0,0.0,0.49,0.39,38.69,0.0
2025-06-17,C006,YouTube - Brand Awareness,VIDEO,14475,207,50.82,0,0.0,1.43,0.25,50.82,0.0
2025-06-18,C001,Brand - Olist,SEARCH,6051,179,145.43,6,1100.13,2.96,0.81,24.24,7.56
2025-06-18,C002,Generic - Electronics,SEARCH,5330,212,282.8,7,768.46,3.99,1.33,40.4,2.72
2025-06-18,C003,Generic - Home & Garden,SEARCH,6889,255,218.42,5,613.91,3.71,0.86,43.68,2.81
2025-06-18,C004,Shopping - All Products,SHOPPING,10726,213,106.9,5,650.29,1.99,0.5,21.38,6.08
2025-06-18,C005,Display - Retargeting,DISPLAY,19829,82,27.96,0,0.0,0.42,0.34,27.96,0.0
2025-06-18,C006,YouTube - Brand Awareness,VIDEO,21595,231,45.63,0,0.0,1.07,0.2,45.63,0.0
2025-06-19,C001,Brand - Olist,SEARCH,7224,238,161.38,4,991.83,3.31,0.68,40.34,6.15
2025-06-19,C002,Generic - Electronics,SEARCH,7690,288,249.02,8,783.86,3.75,0.86,31.13,3.15
2025-06-19,C003,Generic - Home & Garden,SEARCH,6067,245,245.67,4,805.6,4.05,1.0,61.42,3.28
2025-06-19,C004,Shopping - All Products,SHOPPING,12563,262,174.5,6,718.06,2.09,0.67,29.08,4.11
2025-06-19,C005,Display - Retargeting,DISPLAY,35413,183,58.79,1,107.47,0.52,0.32,58.79,1.83
2025-06-19,C006,YouTube - Brand Awareness,VIDEO,18389,236,45.64,0,0.0,1.29,0.19,45.64,0.0
2025-06-20,C001,Brand - Olist,SEARCH,5187,146,152.44,3,358.62,2.82,1.04,50.81,2.35
2025-06-20,C002,Generic - Electronics,SEARCH,7490,263,328.99,8,1242.3,3.51,1.25,41.12,3.78
2025-06-20,C003,Generic - Home & Garden,SEARCH,6962,261,239.5,4,369.89,3.76,0.92,59.88,1.54
2025-06-20,C004,Shopping - All Products,SHOPPING,9156,182,143.25,3,282.0,1.99,0.79,47.75,1.97
2025-06-20,C005,Display - Retargeting,DISPLAY,28844,131,51.83,0,0.0,0.45,0.4,51.83,0.0
2025-06-20,C006,YouTube - Brand Awareness,VIDEO,20660,294,76.57,0,0.0,1.42,0.26,76.57,0.0
2025-06-21,C001,Brand - Olist,SEARCH,5331,153,162.82,2,198.57,2.87,1.06,81.41,1.22
2025-06-21,C002,Generic - Electronics,SEARCH,5039,148,149.1,4,849.42,2.95,1.01,37.27,5.7
2025-06-21,C003,Generic - Home & Garden,SEARCH,8159,289,254.79,7,1227.72,3.55,0.88,36.4,4.82
2025-06-21,C004,Shopping - All Products,SHOPPING,11425,258,225.48,7,678.72,2.26,0.87,32.21,3.01
2025-06-21,C005,Display - Retargeting,DISPLAY,32650,154,39.22,1,100.27,0.47,0.25,39.22,2.56
2025-06-21,C006,YouTube - Brand Awareness,VIDEO,26342,262,74.33,0,0.0,1.0,0.28,74.33,0.0
2025-06-22,C001,Brand - Olist,SEARCH,8011,291,146.67,8,1986.22,3.64,0.5,18.33,13.54
2025-06-22,C002,Generic - Electronics,SEARCH,5798,196,210.91,7,908.01,3.38,1.08,30.13,4.31
2025-06-22,C003,Generic - Home & Garden,SEARCH,5241,147,174.79,6,959.2,2.82,1.19,29.13,5.49
2025-06-22,C004,Shopping - All Products,SHOPPING,9563,221,145.32,3,435.29,2.31,0.66,48.44,3.0
2025-06-22,C005,Display - Retargeting,DISPLAY,35462,183,60.28,2,253.16,0.52,0.33,30.14,4.2
2025-06-22,C006,YouTube - Brand Awareness,VIDEO,21064,299,51.53,1,195.54,1.42,0.17,51.53,3.79
2025-06-23,C001,Brand - Olist,SEARCH,5100,165,141.47,4,447.96,3.24,0.86,35.37,3.17
2025-06-23,C002,Generic - Electronics,SEARCH,3947,164,195.59,3,539.56,4.16,1.19,65.2,2.76
2025-06-23,C003,Generic - Home & Garden,SEARCH,4595,179,230.63,7,791.61,3.91,1.29,32.95,3.43
2025-06-23,C004,Shopping - All Products,SHOPPING,9567,228,189.27,4,391.79,2.39,0.83,47.32,2.07
2025-06-23,C005,Display - Retargeting,DISPLAY,18211,91,39.98,0,0.0,0.5,0.44,39.98,0.0
2025-06-23,C006,YouTube - Brand Awareness,VIDEO,15199,194,41.84,0,0.0,1.28,0.22,41.84,0.0
2025-06-24,C001,Brand - Olist,SEARCH,4135,127,160.65,2,271.25,3.07,1.26,80.33,1.69
2025-06-24,C002,Generic - Electronics,SEARCH,5724,177,267.04,3,476.55,3.1,1.51,89.01,1.78
2025-06-24,C003,Generic - Home & Garden,SEARCH,6523,213,227.51,6,635.71,3.27,1.07,37.92,2.79
2025-06-24,C004,Shopping - All Products,SHOPPING,10737,202,114.16,2,294.85,1.88,0.57,57.08,2.58
2025-06-24,C005,Display - Retargeting,DISPLAY,20652,94,44.03,0,0.0,0.46,0.47,44.03,0.0
2025-06-24,C006,YouTube - Brand Awareness,VIDEO,17075,237,45.74,0,0.0,1.39,0.19,45.74,0.0
2025-06-25,C001,Brand - Olist,SEARCH,6815,210,148.54,8,994.7,3.09,0.71,18.57,6.7
2025-06-25,C002,Generic - Electronics,SEARCH,7767,319,322.28,12,1694.64,4.12,1.01,26.86,5.26
2025-06-25,C003,Generic - Home & Garden,SEARCH,7420,223,236.52,7,1188.39,3.02,1.06,33.79,5.02
2025-06-25,C004,Shopping - All Products,SHOPPING,10603,192,169.23,2,233.87,1.82,0.88,84.61,1.38
2025-06-25,C005,Display - Retargeting,DISPLAY,35914,213,86.36,1,245.25,0.6,0.41,86.36,2.84
2025-06-25,C006,YouTube - Brand Awareness,VIDEO,16499,166,27.14,0,0.0,1.01,0.16,27.14,0.0
2025-06-26,C001,Brand - Olist,SEARCH,9007,306,148.98,10,2214.78,3.41,0.49,14.9,14.87
2025-06-26,C002,Generic - Electronics,SEARCH,6826,247,260.76,10,883.39,3.63,1.06,26.08,3.39
2025-06-26,C003,Generic - Home & Garden,SEARCH,8623,309,272.74,8,1091.1,3.59,0.88,34.09,4.0
2025-06-26,C004,Shopping - All Products,SHOPPING,9059,162,130.94,5,597.17,1.8,0.81,26.19,4.56
2025-06-26,C005,Display - Retargeting,DISPLAY,21635,86,31.77,0,0.0,0.4,0.37,31.77,0.0
2025-06-26,C006,YouTube - Brand Awareness,VIDEO,25748,343,51.2,0,0.0,1.34,0.15,51.2,0.0
2025-06-27,C001,Brand - Olist,SEARCH,5850,202,143.67,4,838.32,3.46,0.71,35.92,5.84
2025-06-27,C002,Generic - Electronics,SEARCH,9058,352,284.69,7,722.67,3.89,0.81,40.67,2.54
2025-06-27,C003,Generic - Home & Garden,SEARCH,7215,263,259.01,6,816.92,3.65,0.98,43.17,3.15
2025-06-27,C004,Shopping - All Products,SHOPPING,12419,233,124.6,4,380.05,1.88,0.53,31.15,3.05
2025-06-27,C005,Display - Retargeting,DISPLAY,33546,191,57.08,1,115.96,0.57,0.3,57.08,2.03
2025-06-27,C006,YouTube - Brand Awareness,VIDEO,19657,194,34.97,0,0.0,0.99,0.18,34.97,0.0
2025-06-28,C001,Brand - Olist,SEARCH,6310,188,164.77,6,1032.94,2.99,0.88,27.46,6.27
2025-06-28,C002,Generic - Electronics,SEARCH,8115,322,270.99,6,1148.0,3.98,0.84,45.16,4.24
2025-06-28,C003,Generic - Home & Garden,SEARCH,6478,270,272.83,5,1134.36,4.18,1.01,54.57,4.16
2025-06-28,C004,Shopping - All Products,SHOPPING,9999,239,122.02,6,921.3,2.39,0.51,20.34,7.55
2025-06-28,C005,Display - Retargeting,DISPLAY,27463,164,57.27,0,0.0,0.6,0.35,57.27,0.0
2025-06-28,C006,YouTube - Brand Awareness,VIDEO,22866,263,39.29,0,0.0,1.15,0.15,39.29,0.0
2025-06-29,C001,Brand - Olist,SEARCH,7487,229,154.6,4,533.12,3.06,0.68,38.65,3.45
2025-06-29,C002,Generic - Electronics,SEARCH,5527,199,275.47,4,380.69,3.61,1.38,68.87,1.38
2025-06-29,C003,Generic - Home & Garden,SEARCH,5230,177,235.89,4,388.6,3.4,1.33,58.97,1.65
2025-06-29,C004,Shopping - All Products,SHOPPING,11909,255,184.76,5,514.29,2.14,0.72,36.95,2.78
2025-06-29,C005,Display - Retargeting,DISPLAY,24462,130,51.38,1,188.36,0.53,0.4,51.38,3.67
2025-06-29,C006,YouTube - Brand Awareness,VIDEO,25804,320,83.67,1,233.37,1.24,0.26,83.67,2.79
2025-06-30,C001,Brand - Olist,SEARCH,5216,202,136.79,6,612.79,3.89,0.68,22.8,4.48
2025-06-30,C002,Generic - Electronics,SEARCH,7170,282,260.68,8,1109.05,3.94,0.92,32.59,4.25
2025-06-30,C003,Generic - Home & Garden,SEARCH,4037,143,165.32,5,1177.82,3.56,1.16,33.06,7.12
2025-06-30,C004,Shopping - All Products,SHOPPING,10339,233,125.0,4,840.24,2.26,0.54,31.25,6.72
2025-06-30,C005,Display - Retargeting,DISPLAY,28420,154,70.99,1,152.38,0.54,0.46,70.99,2.15
2025-06-30,C006,YouTube - Brand Awareness,VIDEO,12519,122,30.41,0,0.0,0.98,0.25,30.41,0.0
2025-07-01,C001,Brand - Olist,SEARCH,4851,168,146.65,6,940.19,3.47,0.87,24.44,6.41
2025-07-01,C002,Generic - Electronics,SEARCH,5948,241,323.43,5,429.74,4.05,1.34,64.69,1.33
2025-07-01,C003,Generic - Home & Garden,SEARCH,4797,153,243.35,2,206.03,3.19,1.59,121.67,0.85
2025-07-01,C004,Shopping - All Products,SHOPPING,7108,149,114.03,4,457.16,2.1,0.77,28.51,4.01
2025-07-01,C005,Display - Retargeting,DISPLAY,19843,88,29.29,0,0.0,0.45,0.33,29.29,0.0
2025-07-01,C006,YouTube - Brand Awareness,VIDEO,16700,162,25.34,0,0.0,0.97,0.16,25.34,0.0
2025-07-02,C001,Brand - Olist,SEARCH,7932,312,157.39,8,1562.56,3.93,0.5,19.67,9.93
2025-07-02,C002,Generic - Electronics,SEARCH,8108,339,294.66,7,802.85,4.19,0.87,42.09,2.72
2025-07-02,C003,Generic - Home & Garden,SEARCH,7812,319,233.99,7,1101.51,4.08,0.73,33.43,4.71
2025-07-02,C004,Shopping - All Products,SHOPPING,9793,174,133.21,4,859.76,1.79,0.77,33.3,6.45
2025-07-02,C005,Display - Retargeting,DISPLAY,24072,125,51.11,1,138.92,0.52,0.41,51.11,2.72
2025-07-02,C006,YouTube - Brand Awareness,VIDEO,25232,334,64.87,0,0.0,1.32,0.19,64.87,0.0
2025-07-03,C001,Brand - Olist,SEARCH,7348,211,157.6,5,1048.81,2.87,0.75,31.52,6.65
2025-07-03,C002,Generic - Electronics,SEARCH,8030,252,314.87,6,694.63,3.14,1.25,52.48,2.21
2025-07-03,C003,Generic - Home & Garden,SEARCH,7089,289,233.65,9,1373.62,4.09,0.81,25.96,5.88
2025-07-03,C004,Shopping - All Products,SHOPPING,11815,258,172.37,7,1291.94,2.19,0.67,24.62,7.5
2025-07-03,C005,Display - Retargeting,DISPLAY,22133,125,59.29,1,124.01,0.57,0.47,59.29,2.09
2025-07-03,C006,YouTube - Brand Awareness,VIDEO,24206,316,53.0,0,0.0,1.31,0.17,53.0,0.0
2025-07-04,C001,Brand - Olist,SEARCH,6819,222,140.03,7,1215.01,3.26,0.63,20.0,8.68
2025-07-04,C002,Generic - Electronics,SEARCH,5412,160,142.92,5,449.67,2.96,0.89,28.58,3.15
2025-07-04,C003,Generic - Home & Garden,SEARCH,7253,211,270.36,7,1662.16,2.92,1.28,38.62,6.15
2025-07-04,C004,Shopping - All Products,SHOPPING,13292,300,207.67,5,678.12,2.26,0.69,41.53,3.27
2025-07-04,C005,Display - Retargeting,DISPLAY,30158,131,40.4,0,0.0,0.43,0.31,40.4,0.0
2025-07-04,C006,YouTube - Brand Awareness,VIDEO,26332,347,85.0,1,111.72,1.32,0.24,85.0,1.31
2025-07-05,C001,Brand - Olist,SEARCH,8657,272,157.5,5,716.11,3.15,0.58,31.5,4.55
2025-07-05,C002,Generic - Electronics,SEARCH,5018,150,146.59,5,1111.46,2.99,0.98,29.32,7.58
2025-07-05,C003,Generic - Home & Garden,SEARCH,6467,260,241.27,5,927.48,4.02,0.93,48.25,3.84
2025-07-05,C004,Shopping - All Products,SHOPPING,10661,222,172.47,5,1194.96,2.09,0.78,34.49,6.93
2025-07-05,C005,Display - Retargeting,DISPLAY,24624,116,48.82,0,0.0,0.47,0.42,48.82,0.0
2025-07-05,C006,YouTube - Brand Awareness,VIDEO,20594,239,41.4,0,0.0,1.16,0.17,41.4,0.0
2025-07-06,C001,Brand - Olist,SEARCH,7756,314,142.51,9,1942.49,4.06,0.45,15.83,13.63
2025-07-06,C002,Generic - Electronics,SEARCH,5052,211,255.72,5,548.2,4.18,1.21,51.14,2.14
2025-07-06,C003,Generic - Home & Garden,SEARCH,8224,340,272.62,12,1941.34,4.14,0.8,22.72,7.12
2025-07-06,C004,Shopping - All Products,SHOPPING,12369,240,164.98,6,533.88,1.95,0.69,27.5,3.24
2025-07-06,C005,Display - Retargeting,DISPLAY,33327,188,56.98,1,181.43,0.56,0.3,56.98,3.18
2025-07-06,C006,YouTube - Brand Awareness,VIDEO,18320,227,43.31,0,0.0,1.24,0.19,43.31,0.0
2025-07-07,C001,Brand - Olist,SEARCH,6581,272,150.38,5,868.38,4.15,0.55,30.08,5.77
2025-07-07,C002,Generic - Electronics,SEARCH,4406,161,259.28,5,419.98,3.66,1.61,51.86,1.62
2025-07-07,C003,Generic - Home & Garden,SEARCH,5181,153,172.37,4,603.92,2.96,1.13,43.09,3.5
2025-07-07,C004,Shopping - All Products,SHOPPING,7887,167,141.32,2,252.05,2.13,0.85,70.66,1.78
2025-07-07,C005,Display - Retargeting,DISPLAY,27157,139,49.55,1,127.34,0.51,0.36,49.55,2.57
2025-07-07,C006,YouTube - Brand Awareness,VIDEO,21267,294,46.84,0,0.0,1.38,0.16,46.84,0.0
2025-07-08,C001,Brand - Olist,SEARCH,6866,242,141.24,8,1489.34,3.54,0.58,17.66,10.54
2025-07-08,C002,Generic - Electronics,SEARCH,5492,170,188.94,5,740.59,3.1,1.11,37.79,3.92
2025-07-08,C003,Generic - Home & Garden,SEARCH,5671,220,233.94,6,1158.51,3.89,1.06,38.99,4.95
2025-07-08,C004,Shopping - All Products,SHOPPING,10103,232,140.29,7,1077.66,2.31,0.6,20.04,7.68
2025-07-08,C005,Display - Retargeting,DISPLAY,24056,128,48.5,1,216.64,0.53,0.38,48.5,4.47
2025-07-08,C006,YouTube - Brand Awareness,VIDEO,17333,207,33.9,0,0.0,1.19,0.16,33.9,0.0
2025-07-09,C001,Brand - Olist,SEARCH,8905,347,150.53,7,1724.36,3.9,0.43,21.5,11.46
2025-07-09,C002,Generic - Electronics,SEARCH,6475,190,236.42,7,573.05,2.95,1.24,33.77,2.42
2025-07-09,C003,Generic - Home & Garden,SEARCH,8622,274,237.14,10,1813.59,3.18,0.87,23.71,7.65
2025-07-09,C004,Shopping - All Products,SHOPPING,11700,263,207.18,6,1467.0,2.25,0.79,34.53,7.08
2025-07-09,C005,Display - Retargeting,DISPLAY,36335,153,69.33,1,184.22,0.42,0.45,69.33,2.66
2025-07-09,C006,YouTube - Brand Awareness,VIDEO,15405,185,50.88,0,0.0,1.2,0.28,50.88,0.0
2025-07-10,C001,Brand - Olist,SEARCH,6699,221,150.58,7,1512.82,3.3,0.68,21.51,10.05
2025-07-10,C002,Generic - Electronics,SEARCH,6798,268,290.31,8,1616.1,3.94,1.08,36.29,5.57
2025-07-10,C003,Generic - Home & Garden,SEARCH,7243,208,202.7,4,777.93,2.88,0.97,50.67,3.84
2025-07-10,C004,Shopping - All Products,SHOPPING,7963,175,97.65,4,466.83,2.2,0.56,24.41,4.78
2025-07-10,C005,Display - Retargeting,DISPLAY,34459,143,50.6,1,129.7,0.42,0.35,50.6,2.56
2025-07-10,C006,YouTube - Brand Awareness,VIDEO,20001,259,75.13,0,0.0,1.3,0.29,75.13,0.0
2025-07-11,C001,Brand - Olist,SEARCH,4914,139,140.98,2,240.63,2.84,1.01,70.49,1.71
2025-07-11,C002,Generic - Electronics,SEARCH,6689,255,284.26,7,1662.19,3.82,1.11,40.61,5.85
2025-07-11,C003,Generic - Home & Garden,SEARCH,8323,270,260.43,4,343.91,3.25,0.96,65.11,1.32
2025-07-11,C004,Shopping - All Products,SHOPPING,8971,195,101.8,2,473.1,2.18,0.52,50.9,4.65
2025-07-11,C005,Display - Retargeting,DISPLAY,25378,147,70.04,1,84.19,0.58,0.48,70.04,1.2
2025-07-11,C006,YouTube - Brand Awareness,VIDEO,26149,316,49.93,0,0.0,1.21,0.16,49.93,0.0
2025-07-12,C001,Brand - Olist,SEARCH,7810,313,136.3,12,995.03,4.01,0.44,11.36,7.3
2025-07-12,C002,Generic - Electronics,SEARCH,8880,294,247.37,12,2929.88,3.32,0.84,20.61,11.84
2025-07-12,C003,Generic - Home & Garden,SEARCH,5575,170,221.7,6,664.67,3.05,1.3,36.95,3.0
2025-07-12,C004,Shopping - All Products,SHOPPING,14284,301,245.18,6,1476.73,2.11,0.81,40.86,6.02
2025-07-12,C005,Display - Retargeting,DISPLAY,29379,168,80.4,1,80.6,0.57,0.48,80.4,1.0
2025-07-12,C006,YouTube - Brand Awareness,VIDEO,15204,160,27.89,0,0.0,1.06,0.17,27.89,0.0
2025-07-13,C001,Brand - Olist,SEARCH,6666,195,155.22,5,777.52,2.94,0.8,31.04,5.01
2025-07-13,C002,Generic - Electronics,SEARCH,7564,299,308.47,12,2672.83,3.96,1.03,25.71,8.66
2025-07-13,C003,Generic - Home & Garden,SEARCH,6689,247,242.18,10,1681.14,3.7,0.98,24.22,6.94
2025-07-13,C004,Shopping - All Products,SHOPPING,14073,271,238.88,3,539.24,1.93,0.88,79.63,2.26
2025-07-13,C005,Display - Retargeting,DISPLAY,24212,98,43.72,1,129.0,0.41,0.45,43.72,2.95
2025-07-13,C006,YouTube - Brand Awareness,VIDEO,17148,244,48.84,0,0.0,1.43,0.2,48.84,0.0
2025-07-14,C001,Brand - Olist,SEARCH,6993,261,160.87,5,862.6,3.74,0.62,32.17,5.36
2025-07-14,C002,Generic - Electronics,SEARCH,7113,261,309.21,9,2165.07,3.68,1.18,34.36,7.0
2025-07-14,C003,Generic - Home & Garden,SEARCH,4837,146,180.48,3,242.09,3.04,1.24,60.16,1.34
2025-07-14,C004,Shopping - All Products,SHOPPING,8115,192,143.52,3,421.61,2.38,0.75,47.84,2.94
2025-07-14,C005,Display - Retargeting,DISPLAY,17962,75,35.04,0,0.0,0.42,0.47,35.04,0.0
2025-07-14,C006,YouTube - Brand Awareness,VIDEO,15083,178,31.53,0,0.0,1.18,0.18,31.53,0.0
2025-07-15,C001,Brand - Olist,SEARCH,6314,232,162.27,9,985.67,3.69,0.7,18.03,6.07
2025-07-15,C002,Generic - Electronics,SEARCH,4669,165,149.99,5,843.76,3.54,0.91,30.0,5.63
2025-07-15,C003,Generic - Home & Garden,SEARCH,5031,179,235.3,5,436.89,3.56,1.31,47.06,1.86
2025-07-15,C004,Shopping - All Products,SHOPPING,6629,135,65.78,2,352.05,2.04,0.49,32.89,5.35
2025-07-15,C005,Display - Retargeting,DISPLAY,25132,110,44.96,1,150.03,0.44,0.41,44.96,3.34
2025-07-15,C006,YouTube - Brand Awareness,VIDEO,18350,263,74.92,1,91.3,1.44,0.28,74.92,1.22
2025-07-16,C001,Brand - Olist,SEARCH,4451,142,81.74,2,407.09,3.19,0.58,40.87,4.98
2025-07-16,C002,Generic - Electronics,SEARCH,4433,162,115.77,3,263.07,3.66,0.71,38.59,2.27
2025-07-16,C003,Generic - Home & Garden,SEARCH,2453,80,41.37,1,101.16,3.29,0.52,41.37,2.45
2025-07-16,C004,Shopping - All Products,SHOPPING,6993,119,40.35,2,193.68,1.71,0.34,20.18,4.8
2025-07-16,C005,Display - Retargeting,DISPLAY,12477,51,8.72,0,0.0,0.41,0.17,8.72,0.0
2025-07-16,C006,YouTube - Brand Awareness,VIDEO,10702,125,12.75,0,0.0,1.17,0.1,12.75,0.0
2025-07-17,C001,Brand - Olist,SEARCH,4040,136,73.48,2,175.62,3.39,0.54,36.74,2.39
2025-07-17,C002,Generic - Electronics,SEARCH,2684,82,51.37,1,238.98,3.06,0.63,51.37,4.65
2025-07-17,C003,Generic - Home & Garden,SEARCH,4455,184,140.82,3,530.1,4.14,0.77,46.94,3.76
2025-07-17,C004,Shopping - All Products,SHOPPING,5797,132,58.1,2,223.21,2.28,0.44,29.05,3.84
2025-07-17,C005,Display - Retargeting,DISPLAY,9840,49,9.34,0,0.0,0.5,0.19,9.34,0.0
2025-07-17,C006,YouTube - Brand Awareness,VIDEO,11306,154,13.0,0,0.0,1.36,0.08,13.0,0.0
2025-07-18,C001,Brand - Olist,SEARCH,2848,116,49.87,2,386.13,4.1,0.43,24.93,7.74
2025-07-18,C002,Generic - Electronics,SEARCH,4213,139,82.61,5,1162.62,3.3,0.59,16.52,14.07
2025-07-18,C003,Generic - Home & Garden,SEARCH,3371,105,61.74,2,251.96,3.13,0.59,30.87,4.08
2025-07-18,C004,Shopping - All Products,SHOPPING,4076,79,31.83,2,477.05,1.95,0.4,15.91,14.99
2025-07-18,C005,Display - Retargeting,DISPLAY,11790,63,15.24,0,0.0,0.54,0.24,15.24,0.0
2025-07-18,C006,YouTube - Brand Awareness,VIDEO,8284,107,13.57,0,0.0,1.3,0.13,13.57,0.0
2025-07-19,C001,Brand - Olist,SEARCH,3669,127,91.45,3,389.67,3.48,0.72,30.48,4.26
2025-07-19,C002,Generic - Electronics,SEARCH,2894,91,41.5,1,111.69,3.17,0.46,41.5,2.69
2025-07-19,C003,Generic - Home & Garden,SEARCH,4018,130,90.33,4,971.91,3.26,0.69,22.58,10.76
2025-07-19,C004,Shopping - All Products,SHOPPING,3992,87,37.58,1,135.56,2.19,0.43,37.58,3.61
2025-07-19,C005,Display - Retargeting,DISPLAY,11248,58,12.17,0,0.0,0.52,0.21,12.17,0.0
2025-07-19,C006,YouTube - Brand Awareness,VIDEO,10004,137,17.84,0,0.0,1.37,0.13,17.84,0.0
2025-07-20,C001,Brand - Olist,SEARCH,3620,149,116.61,3,359.55,4.14,0.78,38.87,3.08
2025-07-20,C002,Generic - Electronics,SEARCH,3568,105,67.75,2,234.78,2.96,0.65,33.88,3.47
2025-07-20,C003,Generic - Home & Garden,SEARCH,4489,171,96.12,5,581.43,3.82,0.56,19.22,6.05
2025-07-20,C004,Shopping - All Products,SHOPPING,5722,129,45.96,3,712.91,2.27,0.36,15.32,15.51
2025-07-20,C005,Display - Retargeting,DISPLAY,17627,88,14.08,0,0.0,0.5,0.16,14.08,0.0
2025-07-20,C006,YouTube - Brand Awareness,VIDEO,10500,106,9.33,0,0.0,1.01,0.09,9.33,0.0
2025-07-21,C001,Brand - Olist,SEARCH,3104,101,66.1,3,265.79,3.27,0.65,22.03,4.02
2025-07-21,C002,Generic - Electronics,SEARCH,2788,89,49.16,1,132.91,3.21,0.55,49.16,2.7
2025-07-21,C003,Generic - Home & Garden,SEARCH,2816,112,66.08,4,530.81,4.01,0.59,16.52,8.03
2025-07-21,C004,Shopping - All Products,SHOPPING,4191,79,31.93,1,195.5,1.89,0.4,31.93,6.12
2025-07-21,C005,Display - Retargeting,DISPLAY,11639,56,10.56,0,0.0,0.49,0.19,10.56,0.0
2025-07-21,C006,YouTube - Brand Awareness,VIDEO,10421,113,15.51,0,0.0,1.09,0.14,15.51,0.0
2025-07-22,C001,Brand - Olist,SEARCH,2019,84,65.52,1,144.84,4.2,0.78,65.52,2.21
2025-07-22,C002,Generic - Electronics,SEARCH,2558,84,46.12,1,223.82,3.32,0.55,46.12,4.85
2025-07-22,C003,Generic - Home & Garden,SEARCH,3324,115,88.74,1,185.27,3.47,0.77,88.74,2.09
2025-07-22,C004,Shopping - All Products,SHOPPING,4366,89,37.27,2,419.78,2.05,0.42,18.64,11.26
2025-07-22,C005,Display - Retargeting,DISPLAY,8403,36,7.64,0,0.0,0.43,0.21,7.64,0.0
2025-07-22,C006,YouTube - Brand Awareness,VIDEO,8941,93,11.12,0,0.0,1.05,0.12,11.12,0.0
2025-07-23,C001,Brand - Olist,SEARCH,2935,118,51.85,3,485.34,4.04,0.44,17.28,9.36
2025-07-23,C002,Generic - Electronics,SEARCH,2546,71,58.79,1,159.97,2.81,0.83,58.79,2.72
2025-07-23,C003,Generic - Home & Garden,SEARCH,3009,98,67.31,2,445.72,3.28,0.69,33.66,6.62
2025-07-23,C004,Shopping - All Products,SHOPPING,4328,76,17.38,2,316.21,1.77,0.23,8.69,18.19
2025-07-23,C005,Display - Retargeting,DISPLAY,10452,61,14.04,0,0.0,0.59,0.23,14.04,0.0
2025-07-23,C006,YouTube - Brand Awareness,VIDEO,12619,162,22.26,0,0.0,1.29,0.14,22.26,0.0
2025-07-24,C001,Brand - Olist,SEARCH,3001,97,44.76,2,337.01,3.26,0.46,22.38,7.53
2025-07-24,C002,Generic - Electronics,SEARCH,3271,135,75.07,5,770.27,4.14,0.56,15.01,10.26
2025-07-24,C003,Generic - Home & Garden,SEARCH,3244,124,98.79,2,462.02,3.85,0.8,49.4,4.68
2025-07-24,C004,Shopping - All Products,SHOPPING,5222,107,43.21,3,544.04,2.06,0.4,14.4,12.59
2025-07-24,C005,Display - Retargeting,DISPLAY,17304,75,13.05,0,0.0,0.43,0.17,13.05,0.0
2025-07-24,C006,YouTube - Brand Awareness,VIDEO,13590,148,21.49,0,0.0,1.09,0.15,21.49,0.0
2025-07-25,C001,Brand - Olist,SEARCH,3831,138,87.93,3,465.66,3.61,0.64,29.31,5.3
2025-07-25,C002,Generic - Electronics,SEARCH,2776,100,52.09,2,169.1,3.63,0.52,26.05,3.25
2025-07-25,C003,Generic - Home & Garden,SEARCH,2643,99,58.92,3,244.13,3.76,0.6,19.64,4.14
2025-07-25,C004,Shopping - All Products,SHOPPING,5992,100,39.27,2,392.15,1.67,0.39,19.64,9.99
2025-07-25,C005,Display - Retargeting,DISPLAY,11793,57,12.96,0,0.0,0.49,0.23,12.96,0.0
2025-07-25,C006,YouTube - Brand Awareness,VIDEO,11837,134,18.99,0,0.0,1.14,0.14,18.99,0.0
2025-07-26,C001,Brand - Olist,SEARCH,2924,108,52.37,2,476.19,3.72,0.48,26.18,9.09
2025-07-26,C002,Generic - Electronics,SEARCH,3608,141,78.26,4,963.1,3.91,0.56,19.57,12.31
2025-07-26,C003,Generic - Home & Garden,SEARCH,4019,153,66.68,4,950.93,3.82,0.44,16.67,14.26
2025-07-26,C004,Shopping - All Products,SHOPPING,4784,86,26.76,1,225.76,1.82,0.31,26.76,8.44
2025-07-26,C005,Display - Retargeting,DISPLAY,14489,82,18.39,0,0.0,0.57,0.22,18.39,0.0
2025-07-26,C006,YouTube - Brand Awareness,VIDEO,13116,151,15.47,0,0.0,1.15,0.1,15.47,0.0
2025-07-27,C001,Brand - Olist,SEARCH,3237,126,96.26,3,685.65,3.92,0.76,32.09,7.12
2025-07-27,C002,Generic - Electronics,SEARCH,2560,103,52.3,3,522.0,4.04,0.51,17.43,9.98
2025-07-27,C003,Generic - Home & Garden,SEARCH,4254,125,70.13,4,467.18,2.94,0.56,17.53,6.66
2025-07-27,C004,Shopping - All Products,SHOPPING,6617,127,33.29,1,167.51,1.92,0.26,33.29,5.03
2025-07-27,C005,Display - Retargeting,DISPLAY,10336,48,9.41,0,0.0,0.47,0.2,9.41,0.0
2025-07-27,C006,YouTube - Brand Awareness,VIDEO,8778,103,14.79,0,0.0,1.18,0.14,14.79,0.0
2025-07-28,C001,Brand - Olist,SEARCH,3528,124,79.42,3,485.77,3.54,0.64,26.47,6.12
2025-07-28,C002,Generic - Electronics,SEARCH,3587,134,64.39,2,420.68,3.74,0.48,32.2,6.53
2025-07-28,C003,Generic - Home & Garden,SEARCH,2456,69,55.87,1,120.31,2.83,0.81,55.87,2.15
2025-07-28,C004,Shopping - All Products,SHOPPING,3767,72,30.49,1,149.85,1.94,0.42,30.49,4.91
2025-07-28,C005,Display - Retargeting,DISPLAY,11569,51,6.57,0,0.0,0.45,0.13,6.57,0.0
2025-07-28,C006,YouTube - Brand Awareness,VIDEO,8261,98,7.34,0,0.0,1.2,0.07,7.34,0.0
2025-07-29,C001,Brand - Olist,SEARCH,2343,79,51.24,1,102.7,3.39,0.65,51.24,2.0
2025-07-29,C002,Generic - Electronics,SEARCH,2781,106,49.0,1,85.71,3.85,0.46,49.0,1.75
2025-07-29,C003,Generic - Home & Garden,SEARCH,2771,89,68.4,2,298.7,3.22,0.77,34.2,4.37
2025-07-29,C004,Shopping - All Products,SHOPPING,4472,72,30.05,1,100.47,1.63,0.42,30.05,3.34
2025-07-29,C005,Display - Retargeting,DISPLAY,8804,46,9.36,0,0.0,0.53,0.2,9.36,0.0
2025-07-29,C006,YouTube - Brand Awareness,VIDEO,8968,115,12.79,0,0.0,1.29,0.11,12.79,0.0
2025-07-30,C001,Brand - Olist,SEARCH,3802,139,99.53,4,783.62,3.66,0.72,24.88,7.87
2025-07-30,C002,Generic - Electronics,SEARCH,3393,106,44.21,3,735.74,3.14,0.42,14.74,16.64
2025-07-30,C003,Generic - Home & Garden,SEARCH,3209,107,53.56,3,367.34,3.35,0.5,17.85,6.86
2025-07-30,C004,Shopping - All Products,SHOPPING,5965,128,41.52,2,256.87,2.15,0.32,20.76,6.19
2025-07-30,C005,Display - Retargeting,DISPLAY,17326,99,14.12,0,0.0,0.57,0.14,14.12,0.0
2025-07-30,C006,YouTube - Brand Awareness,VIDEO,13475,165,16.65,0,0.0,1.23,0.1,16.65,0.0
2025-07-31,C001,Brand - Olist,SEARCH,4426,176,135.15,6,662.94,3.99,0.77,22.53,4.91
2025-07-31,C002,Generic - Electronics,SEARCH,3653,152,81.73,4,347.07,4.18,0.54,20.43,4.25
2025-07-31,C003,Generic - Home & Garden,SEARCH,4052,123,83.58,5,647.97,3.04,0.68,16.72,7.75
2025-07-31,C004,Shopping - All Products,SHOPPING,4680,79,33.9,2,329.8,1.7,0.43,16.95,9.73
2025-07-31,C005,Display - Retargeting,DISPLAY,13787,58,11.08,0,0.0,0.42,0.19,11.08,0.0
2025-07-31,C006,YouTube - Brand Awareness,VIDEO,9951,102,13.38,0,0.0,1.03,0.13,13.38,0.0
2025-08-01,C001,Brand - Olist,SEARCH,3619,141,77.19,4,828.71,3.9,0.55,19.3,10.74
2025-08-01,C002,Generic - Electronics,SEARCH,2915,90,72.99,3,651.91,3.11,0.81,24.33,8.93
2025-08-01,C003,Generic - Home & Garden,SEARCH,2845,88,49.12,3,642.43,3.1,0.56,16.37,13.08
2025-08-01,C004,Shopping - All Products,SHOPPING,6352,111,46.74,1,228.1,1.75,0.42,46.74,4.88
2025-08-01,C005,Display - Retargeting,DISPLAY,12086,50,10.15,0,0.0,0.42,0.2,10.15,0.0
2025-08-01,C006,YouTube - Brand Awareness,VIDEO,13604,174,22.13,0,0.0,1.29,0.13,22.13,0.0
2025-08-02,C001,Brand - Olist,SEARCH,2972,92,45.7,2,438.92,3.13,0.5,22.85,9.6
2025-08-02,C002,Generic - Electronics,SEARCH,2836,97,40.95,1,246.21,3.45,0.42,40.95,6.01
2025-08-02,C003,Generic - Home & Garden,SEARCH,4110,143,64.72,5,562.11,3.49,0.45,12.94,8.69
2025-08-02,C004,Shopping - All Products,SHOPPING,5829,131,51.08,4,957.62,2.25,0.39,12.77,18.75
2025-08-02,C005,Display - Retargeting,DISPLAY,13206,67,14.7,0,0.0,0.51,0.22,14.7,0.0
2025-08-02,C006,YouTube - Brand Awareness,VIDEO,9587,104,9.65,0,0.0,1.09,0.09,9.65,0.0
2025-08-03,C001,Brand - Olist,SEARCH,4007,151,78.66,4,838.28,3.77,0.52,19.66,10.66
2025-08-03,C002,Generic - Electronics,SEARCH,4290,171,139.94,6,1304.68,3.99,0.82,23.32,9.32
2025-08-03,C003,Generic - Home & Garden,SEARCH,4328,121,99.07,4,406.5,2.82,0.82,24.77,4.1
2025-08-03,C004,Shopping - All Products,SHOPPING,5250,95,27.06,2,163.14,1.82,0.28,13.53,6.03
2025-08-03,C005,Display - Retargeting,DISPLAY,12425,54,10.51,0,0.0,0.43,0.19,10.51,0.0
2025-08-03,C006,YouTube - Brand Awareness,VIDEO,11461,116,10.02,0,0.0,1.02,0.09,10.02,0.0
2025-08-04,C001,Brand - Olist,SEARCH,2966,93,57.73,1,159.68,3.14,0.62,57.73,2.77
2025-08-04,C002,Generic - Electronics,SEARCH,2629,78,54.83,2,372.35,2.99,0.7,27.41,6.79
2025-08-04,C003,Generic - Home & Garden,SEARCH,3577,141,85.95,2,334.12,3.96,0.61,42.98,3.89
2025-08-04,C004,Shopping - All Products,SHOPPING,3886,67,21.07,1,157.56,1.73,0.31,21.07,7.48
2025-08-04,C005,Display - Retargeting,DISPLAY,11409,48,6.7,0,0.0,0.43,0.14,6.7,0.0
2025-08-04,C006,YouTube - Brand Awareness,VIDEO,7320,100,7.88,0,0.0,1.38,0.08,7.88,0.0
2025-08-05,C001,Brand - Olist,SEARCH,2480,79,42.97,2,387.71,3.22,0.54,21.48,9.02
2025-08-05,C002,Generic - Electronics,SEARCH,3301,104,70.09,3,397.72,3.16,0.67,23.36,5.67
2025-08-05,C003,Generic - Home & Garden,SEARCH,3040,122,71.25,3,416.45,4.04,0.58,23.75,5.84
2025-08-05,C004,Shopping - All Products,SHOPPING,4942,116,38.0,3,292.78,2.36,0.33,12.67,7.7
2025-08-05,C005,Display - Retargeting,DISPLAY,9543,55,11.25,0,0.0,0.58,0.2,11.25,0.0
2025-08-05,C006,YouTube - Brand Awareness,VIDEO,9732,132,12.54,0,0.0,1.36,0.09,12.54,0.0
2025-08-06,C001,Brand - Olist,SEARCH,3703,110,89.94,2,436.63,2.97,0.82,44.97,4.85
2025-08-06,C002,Generic - Electronics,SEARCH,3749,148,93.43,5,430.81,3.97,0.63,18.69,4.61
2025-08-06,C003,Generic - Home & Garden,SEARCH,4247,132,101.64,4,923.91,3.12,0.77,25.41,9.09
2025-08-06,C004,Shopping - All Products,SHOPPING,5511,121,48.15,3,467.89,2.2,0.4,16.05,9.72
2025-08-06,C005,Display - Retargeting,DISPLAY,11254,46,7.02,0,0.0,0.41,0.15,7.02,0.0
2025-08-06,C006,YouTube - Brand Awareness,VIDEO,7595,74,9.96,0,0.0,0.98,0.13,9.96,0.0
2025-08-07,C001,Brand - Olist,SEARCH,2597,108,72.7,3,629.32,4.17,0.67,24.23,8.66
2025-08-07,C002,Generic - Electronics,SEARCH,3351,134,64.22,2,231.7,4.01,0.48,32.11,3.61
2025-08-07,C003,Generic - Home & Garden,SEARCH,2951,120,53.88,3,698.33,4.08,0.45,17.96,12.96
2025-08-07,C004,Shopping - All Products,SHOPPING,7272,160,69.53,5,1001.18,2.2,0.43,13.91,14.4
2025-08-07,C005,Display - Retargeting,DISPLAY,10470,50,10.09,0,0.0,0.48,0.2,10.09,0.0
2025-08-07,C006,YouTube - Brand Awareness,VIDEO,13231,129,16.77,0,0.0,0.98,0.13,16.77,0.0
2025-08-08,C001,Brand - Olist,SEARCH,4050,142,71.22,5,1161.32,3.53,0.5,14.24,16.31
2025-08-08,C002,Generic - Electronics,SEARCH,4108,126,83.95,2,228.08,3.07,0.67,41.98,2.72
2025-08-08,C003,Generic - Home & Garden,SEARCH,2687,106,55.56,4,577.78,3.98,0.52,13.89,10.4
2025-08-08,C004,Shopping - All Products,SHOPPING,3952,72,17.77,1,180.85,1.83,0.25,17.77,10.18
2025-08-08,C005,Display - Retargeting,DISPLAY,11390,53,12.09,0,0.0,0.47,0.23,12.09,0.0
2025-08-08,C006,YouTube - Brand Awareness,VIDEO,9862,130,10.25,0,0.0,1.32,0.08,10.25,0.0
2025-08-09,C001,Brand - Olist,SEARCH,4109,167,96.57,4,987.5,4.08,0.58,24.14,10.23
2025-08-09,C002,Generic - Electronics,SEARCH,4195,171,89.34,4,461.94,4.08,0.52,22.34,5.17
2025-08-09,C003,Generic - Home & Garden,SEARCH,4432,125,102.32,4,507.63,2.83,0.82,25.58,4.96
2025-08-09,C004,Shopping - All Products,SHOPPING,5098,90,31.46,2,165.32,1.77,0.35,15.73,5.25
2025-08-09,C005,Display - Retargeting,DISPLAY,10340,43,7.47,0,0.0,0.42,0.17,7.47,0.0
2025-08-09,C006,YouTube - Brand Awareness,VIDEO,10968,145,13.74,0,0.0,1.33,0.09,13.74,0.0
2025-08-10,C001,Brand - Olist,SEARCH,2504,75,50.82,1,137.44,3.01,0.68,50.82,2.7
2025-08-10,C002,Generic - Electronics,SEARCH,2613,80,63.68,2,290.7,3.07,0.8,31.84,4.57
2025-08-10,C003,Generic - Home & Garden,SEARCH,3862,139,70.83,4,879.32,3.62,0.51,17.71,12.41
2025-08-10,C004,Shopping - All Products,SHOPPING,5284,126,49.19,2,321.05,2.39,0.39,24.59,6.53
2025-08-10,C005,Display - Retargeting,DISPLAY,16145,93,22.38,0,0.0,0.58,0.24,22.38,0.0
2025-08-10,C006,YouTube - Brand Awareness,VIDEO,10787,112,11.09,0,0.0,1.05,0.1,11.09,0.0
2025-08-11,C001,Brand - Olist,SEARCH,2956,87,48.05,1,216.11,2.97,0.55,48.05,4.5
2025-08-11,C002,Generic - Electronics,SEARCH,3593,111,54.87,3,383.62,3.1,0.49,18.29,6.99
2025-08-11,C003,Generic - Home & Garden,SEARCH,1993,70,57.04,1,244.71,3.56,0.81,57.04,4.29
2025-08-11,C004,Shopping - All Products,SHOPPING,5003,108,37.21,2,464.31,2.18,0.34,18.61,12.48
2025-08-11,C005,Display - Retargeting,DISPLAY,12539,68,10.75,0,0.0,0.55,0.16,10.75,0.0
2025-08-11,C006,YouTube - Brand Awareness,VIDEO,8716,94,12.55,0,0.0,1.08,0.13,12.55,0.0
2025-08-12,C001,Brand - Olist,SEARCH,2274,80,42.73,2,181.53,3.56,0.53,21.36,4.25
2025-08-12,C002,Generic - Electronics,SEARCH,3616,102,70.63,3,421.69,2.84,0.69,23.54,5.97
2025-08-12,C003,Generic - Home & Garden,SEARCH,3091,118,83.09,3,382.79,3.82,0.7,27.7,4.61
2025-08-12,C004,Shopping - All Products,SHOPPING,3213,62,19.6,1,132.5,1.93,0.32,19.6,6.76
2025-08-12,C005,Display - Retargeting,DISPLAY,9958,41,8.47,0,0.0,0.41,0.21,8.47,0.0
2025-08-12,C006,YouTube - Brand Awareness,VIDEO,8588,101,11.22,0,0.0,1.19,0.11,11.22,0.0
2025-08-13,C001,Brand - Olist,SEARCH,2745,82,55.99,2,217.64,3.02,0.68,28.0,3.89
2025-08-13,C002,Generic - Electronics,SEARCH,4038,160,125.32,6,495.72,3.97,0.78,20.89,3.96
2025-08-13,C003,Generic - Home & Garden,SEARCH,2675,78,55.64,2,320.72,2.93,0.71,27.82,5.76
2025-08-13,C004,Shopping - All Products,SHOPPING,4963,113,29.16,3,255.52,2.3,0.26,9.72,8.76
2025-08-13,C005,Display - Retargeting,DISPLAY,15452,87,20.59,0,0.0,0.56,0.24,20.59,0.0
2025-08-13,C006,YouTube - Brand Awareness,VIDEO,7836,84,6.76,0,0.0,1.08,0.08,6.76,0.0
2025-08-14,C001,Brand - Olist,SEARCH,3629,123,74.74,2,373.29,3.41,0.61,37.37,4.99
2025-08-14,C002,Generic - Electronics,SEARCH,3332,96,59.55,1,91.83,2.89,0.62,59.55,1.54
2025-08-14,C003,Generic - Home & Garden,SEARCH,2772,107,76.83,3,693.05,3.87,0.72,25.61,9.02
2025-08-14,C004,Shopping - All Products,SHOPPING,6496,146,58.37,3,680.99,2.25,0.4,19.46,11.67
2025-08-14,C005,Display - Retargeting,DISPLAY,17578,71,9.15,0,0.0,0.4,0.13,9.15,0.0
2025-08-14,C006,YouTube - Brand Awareness,VIDEO,9799,99,7.86,0,0.0,1.02,0.08,7.86,0.0
2025-08-15,C001,Brand - Olist,SEARCH,3923,164,98.46,4,686.82,4.18,0.6,24.61,6.98
2025-08-15,C002,Generic - Electronics,SEARCH,3537,99,41.3,1,199.83,2.81,0.42,41.3,4.84
2025-08-15,C003,Generic - Home & Garden,SEARCH,2880,116,93.18,4,504.88,4.05,0.8,23.3,5.42
2025-08-15,C004,Shopping - All Products,SHOPPING,5632,98,39.03,2,307.34,1.74,0.4,19.52,7.87
2025-08-15,C005,Display - Retargeting,DISPLAY,16172,67,8.54,0,0.0,0.42,0.13,8.54,0.0
2025-08-15,C006,YouTube - Brand Awareness,VIDEO,7962,109,11.86,0,0.0,1.37,0.11,11.86,0.0
2025-08-16,C001,Brand - Olist,SEARCH,3734,154,89.7,4,883.26,4.13,0.58,22.43,9.85
2025-08-16,C002,Generic - Electronics,SEARCH,4182,165,144.34,6,542.0,3.96,0.87,24.06,3.76
2025-08-16,C003,Generic - Home & Garden,SEARCH,5265,169,128.22,3,422.65,3.23,0.76,42.74,3.3
2025-08-16,C004,Shopping - All Products,SHOPPING,5547,97,30.83,2,353.45,1.76,0.32,15.41,11.46
2025-08-16,C005,Display - Retargeting,DISPLAY,21010,110,27.64,0,0.0,0.53,0.25,27.64,0.0
2025-08-16,C006,YouTube - Brand Awareness,VIDEO,9458,129,20.47,0,0.0,1.37,0.16,20.47,0.0
2025-08-17,C001,Brand - Olist,SEARCH,3528,102,91.84,3,242.29,2.89,0.9,30.61,2.64
2025-08-17,C002,Generic - Electronics,SEARCH,4253,161,94.08,3,332.48,3.79,0.58,31.36,3.53
2025-08-17,C003,Generic - Home & Garden,SEARCH,4188,155,89.83,3,361.74,3.71,0.58,29.94,4.03
2025-08-17,C004,Shopping - All Products,SHOPPING,5684,108,47.82,3,606.83,1.92,0.44,15.94,12.69
2025-08-17,C005,Display - Retargeting,DISPLAY,13190,54,15.08,0,0.0,0.41,0.28,15.08,0.0
2025-08-17,C006,YouTube - Brand Awareness,VIDEO,13731,170,30.15,0,0.0,1.24,0.18,30.15,0.0
2025-08-18,C001,Brand - Olist,SEARCH,2985,89,51.23,1,120.89,3.01,0.58,51.23,2.36
2025-08-18,C002,Generic - Electronics,SEARCH,3005,124,98.99,3,473.39,4.15,0.8,33.0,4.78
2025-08-18,C003,Generic - Home & Garden,SEARCH,3042,92,53.19,3,262.9,3.06,0.58,17.73,4.94
2025-08-18,C004,Shopping - All Products,SHOPPING,4298,83,26.36,1,157.61,1.94,0.32,26.36,5.98
2025-08-18,C005,Display - Retargeting,DISPLAY,11737,55,8.95,0,0.0,0.47,0.16,8.95,0.0
2025-08-18,C006,YouTube - Brand Awareness,VIDEO,12503,170,29.62,0,0.0,1.36,0.17,29.62,0.0
2025-08-19,C001,Brand - Olist,SEARCH,2534,87,87.53,3,637.61,3.45,1.01,29.18,7.28
2025-08-19,C002,Generic - Electronics,SEARCH,4164,157,139.79,6,1321.54,3.79,0.89,23.3,9.45
2025-08-19,C003,Generic - Home & Garden,SEARCH,4101,153,100.95,6,1077.84,3.74,0.66,16.82,10.68
2025-08-19,C004,Shopping - All Products,SHOPPING,4781,82,40.17,2,379.33,1.72,0.49,20.09,9.44
2025-08-19,C005,Display - Retargeting,DISPLAY,12506,57,8.55,0,0.0,0.46,0.15,8.55,0.0
2025-08-19,C006,YouTube - Brand Awareness,VIDEO,10224,123,21.15,0,0.0,1.21,0.17,21.15,0.0
2025-08-20,C001,Brand - Olist,SEARCH,3072,104,55.92,3,254.81,3.4,0.54,18.64,4.56
2025-08-20,C002,Generic - Electronics,SEARCH,3078,112,102.31,3,647.91,3.66,0.91,34.1,6.33
2025-08-20,C003,Generic - Home & Garden,SEARCH,4531,141,115.03,4,742.19,3.11,0.82,28.76,6.45
2025-08-20,C004,Shopping - All Products,SHOPPING,8714,153,79.93,4,387.63,1.76,0.52,19.98,4.85
2025-08-20,C005,Display - Retargeting,DISPLAY,15781,87,22.09,0,0.0,0.55,0.25,22.09,0.0
2025-08-20,C006,YouTube - Brand Awareness,VIDEO,16543,230,20.96,0,0.0,1.39,0.09,20.96,0.0
2025-08-21,C001,Brand - Olist,SEARCH,4809,164,137.29,4,608.62,3.42,0.84,34.32,4.43
2025-08-21,C002,Generic - Electronics,SEARCH,3346,132,90.04,5,822.13,3.96,0.68,18.01,9.13
2025-08-21,C003,Generic - Home & Garden,SEARCH,4362,180,171.76,5,1225.6,4.14,0.95,34.35,7.14
2025-08-21,C004,Shopping - All Products,SHOPPING,6279,119,38.08,3,632.72,1.9,0.32,12.69,16.62
2025-08-21,C005,Display - Retargeting,DISPLAY,21783,120,22.19,1,137.88,0.55,0.18,22.19,6.21
2025-08-21,C006,YouTube - Brand Awareness,VIDEO,11311,157,22.21,0,0.0,1.39,0.14,22.21,0.0
2025-08-22,C001,Brand - Olist,SEARCH,3196,128,90.02,5,1227.37,4.01,0.7,18.0,13.63
2025-08-22,C002,Generic - Electronics,SEARCH,3643,112,61.2,1,150.02,3.1,0.55,61.2,2.45
2025-08-22,C003,Generic - Home & Garden,SEARCH,3162,106,55.75,2,271.62,3.37,0.53,27.88,4.87
2025-08-22,C004,Shopping - All Products,SHOPPING,8309,182,59.4,4,585.68,2.2,0.33,14.85,9.86
2025-08-22,C005,Display - Retargeting,DISPLAY,19714,96,19.22,0,0.0,0.49,0.2,19.22,0.0
2025-08-22,C006,YouTube - Brand Awareness,VIDEO,9305,112,10.32,0,0.0,1.21,0.09,10.32,0.0
2025-08-23,C001,Brand - Olist,SEARCH,5352,197,157.71,3,357.89,3.68,0.8,52.57,2.27
2025-08-23,C002,Generic - Electronics,SEARCH,3980,120,90.73,4,614.93,3.04,0.76,22.68,6.78
2025-08-23,C003,Generic - Home & Garden,SEARCH,4978,205,194.6,6,834.69,4.12,0.95,32.43,4.29
2025-08-23,C004,Shopping - All Products,SHOPPING,6391,120,58.68,2,494.03,1.89,0.49,29.34,8.42
2025-08-23,C005,Display - Retargeting,DISPLAY,12511,62,16.36,0,0.0,0.5,0.26,16.36,0.0
2025-08-23,C006,YouTube - Brand Awareness,VIDEO,15560,173,20.52,0,0.0,1.12,0.12,20.52,0.0
2025-08-24,C001,Brand - Olist,SEARCH,4037,133,102.57,4,764.83,3.3,0.77,25.64,7.46
2025-08-24,C002,Generic - Electronics,SEARCH,3759,111,98.85,2,298.41,2.98,0.89,49.42,3.02
2025-08-24,C003,Generic - Home & Garden,SEARCH,4246,150,125.89,5,452.68,3.55,0.84,25.18,3.6
2025-08-24,C004,Shopping - All Products,SHOPPING,6670,150,58.28,4,924.71,2.26,0.39,14.57,15.87
2025-08-24,C005,Display - Retargeting,DISPLAY,19767,95,16.73,0,0.0,0.48,0.18,16.73,0.0
2025-08-24,C006,YouTube - Brand Awareness,VIDEO,11542,129,22.86,0,0.0,1.12,0.18,22.86,0.0
2025-08-25,C001,Brand - Olist,SEARCH,3363,96,71.01,3,421.02,2.86,0.74,23.67,5.93
2025-08-25,C002,Generic - Electronics,SEARCH,4384,133,107.02,4,996.43,3.05,0.8,26.75,9.31
2025-08-25,C003,Generic - Home & Garden,SEARCH,4051,144,108.13,5,1240.83,3.58,0.75,21.63,11.48
2025-08-25,C004,Shopping - All Products,SHOPPING,5102,122,37.76,1,126.2,2.39,0.31,37.76,3.34
2025-08-25,C005,Display - Retargeting,DISPLAY,15786,90,23.81,0,0.0,0.57,0.26,23.81,0.0
2025-08-25,C006,YouTube - Brand Awareness,VIDEO,9531,129,19.31,0,0.0,1.36,0.15,19.31,0.0
2025-08-26,C001,Brand - Olist,SEARCH,2894,96,86.31,3,416.66,3.33,0.9,28.77,4.83
2025-08-26,C002,Generic - Electronics,SEARCH,3133,126,93.32,3,381.1,4.04,0.74,31.11,4.08
2025-08-26,C003,Generic - Home & Garden,SEARCH,3718,110,104.55,2,395.97,2.97,0.95,52.27,3.79
2025-08-26,C004,Shopping - All Products,SHOPPING,5774,100,34.09,2,377.17,1.75,0.34,17.05,11.06
2025-08-26,C005,Display - Retargeting,DISPLAY,13863,76,19.87,0,0.0,0.55,0.26,19.87,0.0
2025-08-26,C006,YouTube - Brand Awareness,VIDEO,12533,157,25.54,0,0.0,1.26,0.16,25.54,0.0
2025-08-27,C001,Brand - Olist,SEARCH,3921,148,110.46,5,981.86,3.78,0.75,22.09,8.89
2025-08-27,C002,Generic - Electronics,SEARCH,3528,147,136.92,3,513.17,4.18,0.93,45.64,3.75
2025-08-27,C003,Generic - Home & Garden,SEARCH,3324,118,68.38,3,439.0,3.55,0.58,22.79,6.42
2025-08-27,C004,Shopping - All Products,SHOPPING,6794,156,46.3,2,172.48,2.3,0.3,23.15,3.73
2025-08-27,C005,Display - Retargeting,DISPLAY,13792,76,15.88,0,0.0,0.55,0.21,15.88,0.0
2025-08-27,C006,YouTube - Brand Awareness,VIDEO,14407,145,23.16,0,0.0,1.01,0.16,23.16,0.0
2025-08-28,C001,Brand - Olist,SEARCH,5408,179,140.72,6,1150.64,3.32,0.79,23.45,8.18
2025-08-28,C002,Generic - Electronics,SEARCH,3466,111,63.54,2,378.96,3.22,0.57,31.77,5.96
2025-08-28,C003,Generic - Home & Garden,SEARCH,5510,155,120.79,6,996.13,2.82,0.78,20.13,8.25
2025-08-28,C004,Shopping - All Products,SHOPPING,6978,137,46.55,2,177.88,1.98,0.34,23.27,3.82
2025-08-28,C005,Display - Retargeting,DISPLAY,17515,80,18.25,0,0.0,0.46,0.23,18.25,0.0
2025-08-28,C006,YouTube - Brand Awareness,VIDEO,10378,116,16.7,0,0.0,1.12,0.14,16.7,0.0
2025-08-29,C001,Brand - Olist,SEARCH,5309,212,150.61,8,1908.1,3.99,0.71,18.83,12.67
2025-08-29,C002,Generic - Electronics,SEARCH,5446,162,95.09,4,332.56,2.98,0.59,23.77,3.5
2025-08-29,C003,Generic - Home & Garden,SEARCH,3133,126,119.09,4,723.7,4.04,0.95,29.77,6.08
2025-08-29,C004,Shopping - All Products,SHOPPING,8048,156,46.51,3,520.98,1.94,0.3,15.5,11.2
2025-08-29,C005,Display - Retargeting,DISPLAY,12976,77,14.25,0,0.0,0.6,0.19,14.25,0.0
2025-08-29,C006,YouTube - Brand Awareness,VIDEO,12289,163,22.06,0,0.0,1.33,0.14,22.06,0.0
2025-08-30,C001,Brand - Olist,SEARCH,4430,178,91.59,7,980.25,4.04,0.51,13.08,10.7
2025-08-30,C002,Generic - Electronics,SEARCH,4144,172,104.33,6,1365.83,4.17,0.61,17.39,13.09
2025-08-30,C003,Generic - Home & Garden,SEARCH,4178,147,136.48,3,248.62,3.52,0.93,45.49,1.82
2025-08-30,C004,Shopping - All Products,SHOPPING,6717,153,77.66,4,714.43,2.29,0.51,19.41,9.2
2025-08-30,C005,Display - Retargeting,DISPLAY,16434,91,23.55,0,0.0,0.55,0.26,23.55,0.0
2025-08-30,C006,YouTube - Brand Awareness,VIDEO,12410,140,20.36,0,0.0,1.13,0.15,20.36,0.0
2025-08-31,C001,Brand - Olist,SEARCH,3714,113,80.38,4,870.31,3.06,0.71,20.09,10.83
2025-08-31,C002,Generic - Electronics,SEARCH,5372,160,86.68,3,662.31,3.0,0.54,28.89,7.64
2025-08-31,C003,Generic - Home & Garden,SEARCH,4688,194,123.11,5,603.3,4.16,0.63,24.62,4.9
2025-08-31,C004,Shopping - All Products,SHOPPING,7167,140,54.23,1,168.76,1.95,0.39,54.23,3.11
2025-08-31,C005,Display - Retargeting,DISPLAY,15319,61,11.87,0,0.0,0.4,0.19,11.87,0.0
2025-08-31,C006,YouTube - Brand Awareness,VIDEO,12808,165,24.01,0,0.0,1.29,0.15,24.01,0.0
2025-09-01,C001,Brand - Olist,SEARCH,4033,137,117.9,3,627.7,3.4,0.86,39.3,5.32
2025-09-01,C002,Generic - Electronics,SEARCH,2736,89,55.1,2,357.0,3.27,0.62,27.55,6.48
2025-09-01,C003,Generic - Home & Garden,SEARCH,4008,156,107.66,4,591.59,3.9,0.69,26.91,5.49
2025-09-01,C004,Shopping - All Products,SHOPPING,6535,142,66.51,3,679.53,2.18,0.47,22.17,10.22
2025-09-01,C005,Display - Retargeting,DISPLAY,13632,73,17.24,0,0.0,0.54,0.24,17.24,0.0
2025-09-01,C006,YouTube - Brand Awareness,VIDEO,7894,101,15.61,0,0.0,1.29,0.15,15.61,0.0
2025-09-02,C001,Brand - Olist,SEARCH,2633,89,53.75,2,411.05,3.39,0.6,26.88,7.65
2025-09-02,C002,Generic - Electronics,SEARCH,3959,144,74.48,4,343.25,3.65,0.52,18.62,4.61
2025-09-02,C003,Generic - Home & Garden,SEARCH,4050,124,99.04,3,693.75,3.08,0.8,33.01,7.0
2025-09-02,C004,Shopping - All Products,SHOPPING,5235,86,44.82,2,319.08,1.66,0.52,22.41,7.12
2025-09-02,C005,Display - Retargeting,DISPLAY,10277,57,9.12,0,0.0,0.56,0.16,9.12,0.0
2025-09-02,C006,YouTube - Brand Awareness,VIDEO,7187,83,8.42,0,0.0,1.16,0.1,8.42,0.0
2025-09-03,C001,Brand - Olist,SEARCH,4799,188,138.11,3,275.35,3.93,0.73,46.04,1.99
2025-09-03,C002,Generic - Electronics,SEARCH,3631,129,113.49,3,300.35,3.56,0.88,37.83,2.65
2025-09-03,C003,Generic - Home & Garden,SEARCH,4965,164,143.99,5,1171.2,3.31,0.88,28.8,8.13
2025-09-03,C004,Shopping - All Products,SHOPPING,8517,172,69.61,5,789.23,2.03,0.4,13.92,11.34
2025-09-03,C005,Display - Retargeting,DISPLAY,13201,64,10.73,0,0.0,0.49,0.17,10.73,0.0
2025-09-03,C006,YouTube - Brand Awareness,VIDEO,9473,133,21.05,0,0.0,1.41,0.16,21.05,0.0
2025-09-04,C001,Brand - Olist,SEARCH,4212,129,73.36,2,499.41,3.08,0.57,36.68,6.81
2025-09-04,C002,Generic - Electronics,SEARCH,3100,105,77.11,3,316.49,3.42,0.73,25.7,4.1
2025-09-04,C003,Generic - Home & Garden,SEARCH,4973,162,130.38,6,1332.5,3.27,0.8,21.73,10.22
2025-09-04,C004,Shopping - All Products,SHOPPING,7241,138,55.54,4,390.57,1.91,0.4,13.88,7.03
2025-09-04,C005,Display - Retargeting,DISPLAY,15825,87,18.53,0,0.0,0.56,0.21,18.53,0.0
2025-09-04,C006,YouTube - Brand Awareness,VIDEO,16573,198,21.36,0,0.0,1.2,0.11,21.36,0.0
2025-09-05,C001,Brand - Olist,SEARCH,4363,134,114.89,3,415.49,3.09,0.86,38.3,3.62
2025-09-05,C002,Generic - Electronics,SEARCH,5500,182,162.08,6,1264.4,3.32,0.89,27.01,7.8
2025-09-05,C003,Generic - Home & Garden,SEARCH,4677,186,182.42,4,591.07,4.0,0.98,45.6,3.24
2025-09-05,C004,Shopping - All Products,SHOPPING,7853,166,52.35,4,490.73,2.12,0.32,13.09,9.37
2025-09-05,C005,Display - Retargeting,DISPLAY,16996,93,21.62,0,0.0,0.55,0.23,21.62,0.0
2025-09-05,C006,YouTube - Brand Awareness,VIDEO,10897,134,17.99,0,0.0,1.23,0.13,17.99,0.0
2025-09-06,C001,Brand - Olist,SEARCH,5485,189,160.46,5,1000.68,3.46,0.85,32.09,6.24
2025-09-06,C002,Generic - Electronics,SEARCH,3466,130,83.66,2,422.87,3.76,0.64,41.83,5.05
2025-09-06,C003,Generic - Home & Garden,SEARCH,3229,130,85.75,3,426.81,4.03,0.66,28.58,4.98
2025-09-06,C004,Shopping - All Products,SHOPPING,7393,174,48.51,4,868.97,2.36,0.28,12.13,17.91
2025-09-06,C005,Display - Retargeting,DISPLAY,15815,78,21.68,0,0.0,0.49,0.28,21.68,0.0
2025-09-06,C006,YouTube - Brand Awareness,VIDEO,10138,128,19.61,0,0.0,1.27,0.15,19.61,0.0
2025-09-07,C001,Brand - Olist,SEARCH,3880,135,127.7,2,462.71,3.49,0.95,63.85,3.62
2025-09-07,C002,Generic - Electronics,SEARCH,4178,160,92.25,3,463.57,3.84,0.58,30.75,5.03
2025-09-07,C003,Generic - Home & Garden,SEARCH,3018,90,49.71,1,197.62,3.01,0.55,49.71,3.98
2025-09-07,C004,Shopping - All Products,SHOPPING,4878,102,31.15,3,355.01,2.09,0.31,10.38,11.4
2025-09-07,C005,Display - Retargeting,DISPLAY,18167,73,20.98,0,0.0,0.41,0.29,20.98,0.0
2025-09-07,C006,YouTube - Brand Awareness,VIDEO,9512,109,16.25,0,0.0,1.15,0.15,16.25,0.0
2025-09-08,C001,Brand - Olist,SEARCH,2879,84,76.79,2,276.53,2.94,0.91,38.4,3.6
2025-09-08,C002,Generic - Electronics,SEARCH,2840,104,76.64,3,490.55,3.7,0.74,25.55,6.4
2025-09-08,C003,Generic - Home & Garden,SEARCH,2999,107,90.35,3,269.42,3.58,0.84,30.12,2.98
2025-09-08,C004,Shopping - All Products,SHOPPING,4416,90,44.97,1,151.25,2.05,0.5,44.97,3.36
2025-09-08,C005,Display - Retargeting,DISPLAY,14277,61,16.02,0,0.0,0.43,0.26,16.02,0.0
2025-09-08,C006,YouTube - Brand Awareness,VIDEO,8466,114,17.0,0,0.0,1.36,0.15,17.0,0.0
2025-09-09,C001,Brand - Olist,SEARCH,3540,100,76.55,2,252.93,2.85,0.77,38.27,3.3
2025-09-09,C002,Generic - Electronics,SEARCH,3686,127,119.34,2,494.85,3.46,0.94,59.67,4.15
2025-09-09,C003,Generic - Home & Garden,SEARCH,4238,120,107.47,2,253.06,2.84,0.9,53.73,2.35
2025-09-09,C004,Shopping - All Products,SHOPPING,4687,105,48.09,2,302.21,2.26,0.46,24.05,6.28
2025-09-09,C005,Display - Retargeting,DISPLAY,15223,91,23.15,1,99.32,0.6,0.25,23.15,4.29
2025-09-09,C006,YouTube - Brand Awareness,VIDEO,11453,156,27.21,0,0.0,1.37,0.17,27.21,0.0
2025-09-10,C001,Brand - Olist,SEARCH,3606,131,83.32,3,509.89,3.64,0.64,27.77,6.12
2025-09-10,C002,Generic - Electronics,SEARCH,4120,143,93.92,2,226.63,3.49,0.66,46.96,2.41
2025-09-10,C003,Generic - Home & Garden,SEARCH,4458,173,102.3,6,791.26,3.9,0.59,17.05,7.73
2025-09-10,C004,Shopping - All Products,SHOPPING,8642,187,66.43,4,373.82,2.17,0.36,16.61,5.63
2025-09-10,C005,Display - Retargeting,DISPLAY,13100,57,15.05,0,0.0,0.44,0.26,15.05,0.0
2025-09-10,C006,YouTube - Brand Awareness,VIDEO,12166,146,15.82,0,0.0,1.21,0.11,15.82,0.0
2025-09-11,C001,Brand - Olist,SEARCH,3698,116,73.25,4,940.74,3.14,0.63,18.31,12.84
2025-09-11,C002,Generic - Electronics,SEARCH,3490,124,102.65,3,337.91,3.56,0.83,34.22,3.29
2025-09-11,C003,Generic - Home & Garden,SEARCH,4219,141,128.04,2,190.1,3.36,0.91,64.02,1.48
2025-09-11,C004,Shopping - All Products,SHOPPING,8465,171,85.06,4,686.81,2.03,0.5,21.27,8.07
2025-09-11,C005,Display - Retargeting,DISPLAY,20679,86,15.87,0,0.0,0.42,0.18,15.87,0.0
2025-09-11,C006,YouTube - Brand Awareness,VIDEO,16519,234,21.01,0,0.0,1.42,0.09,21.01,0.0
2025-09-12,C001,Brand - Olist,SEARCH,5091,206,123.65,8,1270.68,4.05,0.6,15.46,10.28
2025-09-12,C002,Generic - Electronics,SEARCH,3239,111,77.23,3,248.85,3.44,0.7,25.74,3.22
2025-09-12,C003,Generic - Home & Garden,SEARCH,5509,196,146.08,4,448.68,3.56,0.75,36.52,3.07
2025-09-12,C004,Shopping - All Products,SHOPPING,8056,145,69.85,2,335.79,1.81,0.48,34.92,4.81
2025-09-12,C005,Display - Retargeting,DISPLAY,13906,76,18.55,0,0.0,0.55,0.24,18.55,0.0
2025-09-12,C006,YouTube - Brand Awareness,VIDEO,15046,190,28.3,0,0.0,1.27,0.15,28.3,0.0
2025-09-13,C001,Brand - Olist,SEARCH,5139,165,110.3,3,280.76,3.22,0.67,36.77,2.55
2025-09-13,C002,Generic - Electronics,SEARCH,3326,121,93.16,3,487.86,3.65,0.77,31.05,5.24
2025-09-13,C003,Generic - Home & Garden,SEARCH,4485,166,127.25,6,1344.99,3.71,0.77,21.21,10.57
2025-09-13,C004,Shopping - All Products,SHOPPING,9516,186,85.52,5,1157.08,1.96,0.46,17.1,13.53
2025-09-13,C005,Display - Retargeting,DISPLAY,21466,128,28.7,1,197.54,0.6,0.22,28.7,6.88
2025-09-13,C006,YouTube - Brand Awareness,VIDEO,12760,170,32.23,0,0.0,1.34,0.19,32.23,0.0
2025-09-14,C001,Brand - Olist,SEARCH,6145,213,146.46,7,650.55,3.47,0.69,20.92,4.44
2025-09-14,C002,Generic - Electronics,SEARCH,5045,207,216.5,8,1590.27,4.1,1.05,27.06,7.35
2025-09-14,C003,Generic - Home & Garden,SEARCH,3787,106,70.18,1,119.64,2.82,0.66,70.18,1.7
2025-09-14,C004,Shopping - All Products,SHOPPING,8773,181,96.56,2,463.45,2.07,0.53,48.28,4.8
2025-09-14,C005,Display - Retargeting,DISPLAY,15888,81,22.14,0,0.0,0.51,0.27,22.14,0.0
2025-09-14,C006,YouTube - Brand Awareness,VIDEO,10467,147,23.26,0,0.0,1.41,0.16,23.26,0.0
2025-09-15,C001,Brand - Olist,SEARCH,2735,86,71.44,2,293.85,3.18,0.83,35.72,4.11
2025-09-15,C002,Generic - Electronics,SEARCH,3281,92,89.44,2,351.83,2.8,0.97,44.72,3.93
2025-09-15,C003,Generic - Home & Garden,SEARCH,3179,116,66.36,3,708.28,3.67,0.57,22.12,10.67
2025-09-15,C004,Shopping - All Products,SHOPPING,5647,124,59.29,2,268.49,2.21,0.48,29.64,4.53
2025-09-15,C005,Display - Retargeting,DISPLAY,18730,76,14.36,0,0.0,0.41,0.19,14.36,0.0
2025-09-15,C006,YouTube - Brand Awareness,VIDEO,13873,163,16.32,0,0.0,1.18,0.1,16.32,0.0
2025-09-16,C001,Brand - Olist,SEARCH,4208,146,85.87,5,1012.28,3.48,0.59,17.17,11.79
2025-09-16,C002,Generic - Electronics,SEARCH,4552,140,149.48,2,446.75,3.08,1.07,74.74,2.99
2025-09-16,C003,Generic - Home & Garden,SEARCH,4807,178,123.9,5,1163.16,3.72,0.7,24.78,9.39
2025-09-16,C004,Shopping - All Products,SHOPPING,4801,108,41.73,3,458.02,2.26,0.39,13.91,10.98
2025-09-16,C005,Display - Retargeting,DISPLAY,13969,78,19.83,0,0.0,0.56,0.25,19.83,0.0
2025-09-16,C006,YouTube - Brand Awareness,VIDEO,13758,145,27.95,0,0.0,1.05,0.19,27.95,0.0
2025-09-17,C001,Brand - Olist,SEARCH,4230,136,134.37,5,661.27,3.23,0.99,26.87,4.92
2025-09-17,C002,Generic - Electronics,SEARCH,5297,204,132.78,5,702.33,3.85,0.65,26.56,5.29
2025-09-17,C003,Generic - Home & Garden,SEARCH,4243,159,109.28,6,1056.5,3.76,0.69,18.21,9.67
2025-09-17,C004,Shopping - All Products,SHOPPING,8108,134,74.76,3,739.35,1.66,0.56,24.92,9.89
2025-09-17,C005,Display - Retargeting,DISPLAY,20088,109,26.19,1,85.95,0.54,0.24,26.19,3.28
2025-09-17,C006,YouTube - Brand Awareness,VIDEO,15965,155,28.79,0,0.0,0.97,0.19,28.79,0.0
2025-09-18,C001,Brand - Olist,SEARCH,4629,151,125.28,4,564.06,3.28,0.83,31.32,4.5
2025-09-18,C002,Generic - Electronics,SEARCH,4938,154,173.11,3,483.3,3.13,1.12,57.7,2.79
2025-09-18,C003,Generic - Home & Garden,SEARCH,5794,164,155.7,3,656.91,2.83,0.95,51.9,4.22
2025-09-18,C004,Shopping - All Products,SHOPPING,7002,128,70.02,3,561.24,1.84,0.55,23.34,8.02
2025-09-18,C005,Display - Retargeting,DISPLAY,21745,123,21.57,1,91.82,0.57,0.18,21.57,4.26
2025-09-18,C006,YouTube - Brand Awareness,VIDEO,14323,143,24.76,0,0.0,1.0,0.17,24.76,0.0
2025-09-19,C001,Brand - Olist,SEARCH,5052,156,142.33,5,1092.81,3.1,0.91,28.47,7.68
2025-09-19,C002,Generic - Electronics,SEARCH,5757,167,126.8,4,449.66,2.91,0.76,31.7,3.55
2025-09-19,C003,Generic - Home & Garden,SEARCH,4900,165,129.64,4,337.99,3.37,0.79,32.41,2.61
2025-09-19,C004,Shopping - All Products,SHOPPING,5584,127,74.51,2,479.12,2.28,0.59,37.26,6.43
2025-09-19,C005,Display - Retargeting,DISPLAY,20855,118,34.64,0,0.0,0.57,0.29,34.64,0.0
2025-09-19,C006,YouTube - Brand Awareness,VIDEO,12471,166,31.36,0,0.0,1.33,0.19,31.36,0.0
2025-09-20,C001,Brand - Olist,SEARCH,3487,115,95.15,1,248.25,3.32,0.83,95.15,2.61
2025-09-20,C002,Generic - Electronics,SEARCH,4362,173,150.1,6,1204.02,3.99,0.87,25.02,8.02
2025-09-20,C003,Generic - Home & Garden,SEARCH,4828,169,103.88,6,575.11,3.52,0.61,17.31,5.54
2025-09-20,C004,Shopping - All Products,SHOPPING,6521,151,58.04,3,544.13,2.32,0.38,19.35,9.38
2025-09-20,C005,Display - Retargeting,DISPLAY,18039,82,14.29,0,0.0,0.46,0.17,14.29,0.0
2025-09-20,C006,YouTube - Brand Awareness,VIDEO,15478,166,16.93,0,0.0,1.08,0.1,16.93,0.0
2025-09-21,C001,Brand - Olist,SEARCH,3615,104,79.29,4,929.79,2.89,0.76,19.82,11.73
2025-09-21,C002,Generic - Electronics,SEARCH,5947,242,208.91,8,930.65,4.07,0.86,26.11,4.45
2025-09-21,C003,Generic - Home & Garden,SEARCH,4086,127,108.76,2,314.08,3.13,0.86,54.38,2.89
2025-09-21,C004,Shopping - All Products,SHOPPING,9305,191,107.36,3,533.54,2.06,0.56,35.79,4.97
2025-09-21,C005,Display - Retargeting,DISPLAY,18581,98,29.24,1,147.7,0.53,0.3,29.24,5.05
2025-09-21,C006,YouTube - Brand Awareness,VIDEO,11739,143,15.84,0,0.0,1.22,0.11,15.84,0.0
2025-09-22,C001,Brand - Olist,SEARCH,2913,82,76.79,2,384.53,2.84,0.94,38.4,5.01
2025-09-22,C002,Generic - Electronics,SEARCH,2920,93,59.38,3,342.78,3.21,0.64,19.79,5.77
2025-09-22,C003,Generic - Home & Garden,SEARCH,3438,142,127.96,3,347.13,4.15,0.9,42.65,2.71
2025-09-22,C004,Shopping - All Products,SHOPPING,7115,152,76.46,3,615.21,2.15,0.5,25.49,8.05
2025-09-22,C005,Display - Retargeting,DISPLAY,13102,61,18.98,0,0.0,0.47,0.31,18.98,0.0
2025-09-22,C006,YouTube - Brand Awareness,VIDEO,14819,173,24.64,0,0.0,1.17,0.14,24.64,0.0
2025-09-23,C001,Brand - Olist,SEARCH,3716,120,109.12,4,393.78,3.25,0.91,27.28,3.61
2025-09-23,C002,Generic - Electronics,SEARCH,3636,125,139.73,3,253.29,3.45,1.12,46.58,1.81
2025-09-23,C003,Generic - Home & Garden,SEARCH,3949,115,119.25,3,458.9,2.93,1.04,39.75,3.85
2025-09-23,C004,Shopping - All Products,SHOPPING,7529,137,51.21,4,878.03,1.83,0.37,12.8,17.15
2025-09-23,C005,Display - Retargeting,DISPLAY,12420,53,9.04,0,0.0,0.43,0.17,9.04,0.0
2025-09-23,C006,YouTube - Brand Awareness,VIDEO,12967,140,19.49,0,0.0,1.08,0.14,19.49,0.0
2025-09-24,C001,Brand - Olist,SEARCH,4183,123,103.59,4,875.96,2.95,0.84,25.9,8.46
2025-09-24,C002,Generic - Electronics,SEARCH,4876,138,126.28,4,785.82,2.85,0.92,31.57,6.22
2025-09-24,C003,Generic - Home & Garden,SEARCH,3888,153,165.28,3,539.19,3.95,1.08,55.09,3.26
2025-09-24,C004,Shopping - All Products,SHOPPING,9491,176,95.86,2,418.3,1.86,0.54,47.93,4.36
2025-09-24,C005,Display - Retargeting,DISPLAY,21980,122,39.15,0,0.0,0.56,0.32,39.15,0.0
2025-09-24,C006,YouTube - Brand Awareness,VIDEO,11490,147,22.44,0,0.0,1.29,0.15,22.44,0.0
2025-09-25,C001,Brand - Olist,SEARCH,5754,218,149.88,5,501.36,3.79,0.69,29.98,3.35
2025-09-25,C002,Generic - Electronics,SEARCH,4490,127,86.94,3,262.59,2.84,0.68,28.98,3.02
2025-09-25,C003,Generic - Home & Garden,SEARCH,5003,178,108.47,3,675.97,3.57,0.61,36.16,6.23
2025-09-25,C004,Shopping - All Products,SHOPPING,5321,122,37.23,2,410.99,2.31,0.31,18.61,11.04
2025-09-25,C005,Display - Retargeting,DISPLAY,17879,74,21.74,0,0.0,0.41,0.29,21.74,0.0
2025-09-25,C006,YouTube - Brand Awareness,VIDEO,14073,183,25.43,0,0.0,1.31,0.14,25.43,0.0
2025-09-26,C001,Brand - Olist,SEARCH,5954,198,145.89,4,830.7,3.33,0.74,36.47,5.69
2025-09-26,C002,Generic - Electronics,SEARCH,4293,145,115.05,5,966.74,3.4,0.79,23.01,8.4
2025-09-26,C003,Generic - Home & Garden,SEARCH,4669,181,167.89,3,259.34,3.89,0.93,55.96,1.54
2025-09-26,C004,Shopping - All Products,SHOPPING,7403,167,65.62,5,1111.37,2.26,0.39,13.12,16.94
2025-09-26,C005,Display - Retargeting,DISPLAY,20881,94,17.46,0,0.0,0.45,0.19,17.46,0.0
2025-09-26,C006,YouTube - Brand Awareness,VIDEO,14692,145,16.43,0,0.0,0.99,0.11,16.43,0.0
2025-09-27,C001,Brand - Olist,SEARCH,4894,154,119.35,3,697.83,3.15,0.77,39.78,5.85
2025-09-27,C002,Generic - Electronics,SEARCH,6117,226,244.87,3,748.35,3.71,1.08,81.62,3.06
2025-09-27,C003,Generic - Home & Garden,SEARCH,3607,135,95.6,4,616.81,3.76,0.71,23.9,6.45
2025-09-27,C004,Shopping - All Products,SHOPPING,6462,120,48.17,3,473.86,1.87,0.4,16.06,9.84
2025-09-27,C005,Display - Retargeting,DISPLAY,15577,87,16.74,0,0.0,0.56,0.19,16.74,0.0
2025-09-27,C006,YouTube - Brand Awareness,VIDEO,11101,113,16.84,0,0.0,1.02,0.15,16.84,0.0
2025-09-28,C001,Brand - Olist,SEARCH,4564,134,86.43,5,599.48,2.96,0.65,17.29,6.94
2025-09-28,C002,Generic - Electronics,SEARCH,3648,104,94.55,2,391.09,2.87,0.91,47.27,4.14
2025-09-28,C003,Generic - Home & Garden,SEARCH,5356,220,132.42,4,910.24,4.11,0.6,33.1,6.87
2025-09-28,C004,Shopping - All Products,SHOPPING,8934,184,59.67,3,525.98,2.06,0.32,19.89,8.81
2025-09-28,C005,Display - Retargeting,DISPLAY,16241,67,19.28,0,0.0,0.41,0.29,19.28,0.0
2025-09-28,C006,YouTube - Brand Awareness,VIDEO,16836,207,39.26,0,0.0,1.23,0.19,39.26,0.0
2025-09-29,C001,Brand - Olist,SEARCH,3974,163,121.9,2,360.33,4.11,0.75,60.95,2.96
2025-09-29,C002,Generic - Electronics,SEARCH,4305,167,108.54,3,577.68,3.88,0.65,36.18,5.32
2025-09-29,C003,Generic - Home & Garden,SEARCH,3020,122,84.87,4,631.76,4.07,0.7,21.22,7.44
2025-09-29,C004,Shopping - All Products,SHOPPING,4343,86,27.91,2,247.22,2.0,0.32,13.96,8.86
2025-09-29,C005,Display - Retargeting,DISPLAY,15781,65,19.45,0,0.0,0.42,0.3,19.45,0.0
2025-09-29,C006,YouTube - Brand Awareness,VIDEO,10208,99,16.31,0,0.0,0.98,0.16,16.31,0.0
2025-09-30,C001,Brand - Olist,SEARCH,3042,85,51.57,1,165.48,2.81,0.61,51.57,3.21
2025-09-30,C002,Generic - Electronics,SEARCH,3376,103,101.89,3,418.13,3.05,0.99,33.96,4.1
2025-09-30,C003,Generic - Home & Garden,SEARCH,3826,157,92.06,6,1079.73,4.11,0.59,15.34,11.73
2025-09-30,C004,Shopping - All Products,SHOPPING,5266,101,50.78,1,92.16,1.92,0.5,50.78,1.81
2025-09-30,C005,Display - Retargeting,DISPLAY,13604,60,12.62,0,0.0,0.45,0.21,12.62,0.0
2025-09-30,C006,YouTube - Brand Awareness,VIDEO,14368,147,17.66,0,0.0,1.03,0.12,17.66,0.0
2025-10-01,C001,Brand - Olist,SEARCH,5575,164,147.25,3,533.63,2.95,0.9,49.08,3.62
2025-10-01,C002,Generic - Electronics,SEARCH,5668,220,235.03,5,760.28,3.89,1.07,47.01,3.23
2025-10-01,C003,Generic - Home & Garden,SEARCH,3366,135,88.1,3,427.75,4.03,0.65,29.37,4.86
2025-10-01,C004,Shopping - All Products,SHOPPING,5498,102,57.64,2,170.68,1.86,0.57,28.82,2.96
2025-10-01,C005,Display - Retargeting,DISPLAY,17528,76,15.82,0,0.0,0.43,0.21,15.82,0.0
2025-10-01,C006,YouTube - Brand Awareness,VIDEO,15013,154,19.35,0,0.0,1.03,0.13,19.35,0.0
2025-10-02,C001,Brand - Olist,SEARCH,4725,183,138.47,4,537.29,3.88,0.76,34.62,3.88
2025-10-02,C002,Generic - Electronics,SEARCH,3755,147,146.23,4,360.49,3.93,0.99,36.56,2.47
2025-10-02,C003,Generic - Home & Garden,SEARCH,4908,191,169.91,6,848.72,3.91,0.89,28.32,5.0
2025-10-02,C004,Shopping - All Products,SHOPPING,7804,155,64.06,4,323.54,1.99,0.41,16.02,5.05
2025-10-02,C005,Display - Retargeting,DISPLAY,23943,120,33.93,0,0.0,0.5,0.28,33.93,0.0
2025-10-02,C006,YouTube - Brand Awareness,VIDEO,11493,119,19.67,0,0.0,1.04,0.17,19.67,0.0
2025-10-03,C001,Brand - Olist,SEARCH,4822,157,144.59,5,852.18,3.26,0.92,28.92,5.89
2025-10-03,C002,Generic - Electronics,SEARCH,5059,169,187.69,6,487.74,3.35,1.11,31.28,2.6
2025-10-03,C003,Generic - Home & Garden,SEARCH,4957,188,185.44,3,240.17,3.8,0.99,61.81,1.3
2025-10-03,C004,Shopping - All Products,SHOPPING,7473,121,71.5,2,180.79,1.62,0.59,35.75,2.53
2025-10-03,C005,Display - Retargeting,DISPLAY,19251,91,15.8,0,0.0,0.48,0.17,15.8,0.0
2025-10-03,C006,YouTube - Brand Awareness,VIDEO,11752,143,28.35,0,0.0,1.22,0.2,28.35,0.0
2025-10-04,C001,Brand - Olist,SEARCH,4720,178,111.73,6,995.44,3.77,0.63,18.62,8.91
2025-10-04,C002,Generic - Electronics,SEARCH,5327,204,144.54,5,578.66,3.84,0.71,28.91,4.0
2025-10-04,C003,Generic - Home & Garden,SEARCH,5791,196,193.92,5,1088.39,3.38,0.99,38.78,5.61
2025-10-04,C004,Shopping - All Products,SHOPPING,7985,152,50.47,2,453.48,1.91,0.33,25.23,8.99
2025-10-04,C005,Display - Retargeting,DISPLAY,17403,91,29.08,0,0.0,0.53,0.32,29.08,0.0
2025-10-04,C006,YouTube - Brand Awareness,VIDEO,16452,199,32.25,0,0.0,1.21,0.16,32.25,0.0
2025-10-05,C001,Brand - Olist,SEARCH,4333,181,135.73,4,406.89,4.2,0.75,33.93,3.0
2025-10-05,C002,Generic - Electronics,SEARCH,3671,117,69.66,2,229.12,3.19,0.6,34.83,3.29
2025-10-05,C003,Generic - Home & Garden,SEARCH,3589,103,73.81,4,915.38,2.89,0.72,18.45,12.4
2025-10-05,C004,Shopping - All Products,SHOPPING,9314,162,61.32,4,367.48,1.74,0.38,15.33,5.99
2025-10-05,C005,Display - Retargeting,DISPLAY,19646,88,18.19,0,0.0,0.45,0.21,18.19,0.0
2025-10-05,C006,YouTube - Brand Awareness,VIDEO,14865,204,33.48,0,0.0,1.38,0.16,33.48,0.0
2025-10-06,C001,Brand - Olist,SEARCH,4233,141,149.81,4,585.64,3.35,1.06,37.45,3.91
2025-10-06,C002,Generic - Electronics,SEARCH,3736,149,138.59,4,331.76,3.99,0.93,34.65,2.39
2025-10-06,C003,Generic - Home & Garden,SEARCH,4435,144,119.82,2,213.9,3.26,0.83,59.91,1.79
2025-10-06,C004,Shopping - All Products,SHOPPING,5707,101,40.44,2,460.53,1.78,0.4,20.22,11.39
2025-10-06,C005,Display - Retargeting,DISPLAY,19185,89,19.19,0,0.0,0.47,0.22,19.19,0.0
2025-10-06,C006,YouTube - Brand Awareness,VIDEO,9595,109,16.38,0,0.0,1.14,0.15,16.38,0.0
2025-10-07,C001,Brand - Olist,SEARCH,4731,161,158.93,6,538.09,3.42,0.99,26.49,3.39
2025-10-07,C002,Generic - Electronics,SEARCH,3129,108,87.39,4,396.44,3.47,0.81,21.85,4.54
2025-10-07,C003,Generic - Home & Garden,SEARCH,3690,113,120.98,3,293.05,3.07,1.07,40.33,2.42
2025-10-07,C004,Shopping - All Products,SHOPPING,7120,153,62.02,4,699.34,2.16,0.41,15.51,11.28
2025-10-07,C005,Display - Retargeting,DISPLAY,15799,72,18.97,0,0.0,0.46,0.26,18.97,0.0
2025-10-07,C006,YouTube - Brand Awareness,VIDEO,9708,102,15.69,0,0.0,1.05,0.15,15.69,0.0
2025-10-08,C001,Brand - Olist,SEARCH,4525,179,149.36,4,761.72,3.97,0.83,37.34,5.1
2025-10-08,C002,Generic - Electronics,SEARCH,3468,128,133.95,5,639.85,3.71,1.05,26.79,4.78
2025-10-08,C003,Generic - Home & Garden,SEARCH,4964,170,150.27,6,1407.76,3.43,0.88,25.05,9.37
2025-10-08,C004,Shopping - All Products,SHOPPING,7370,134,45.75,2,469.24,1.82,0.34,22.88,10.26
2025-10-08,C005,Display - Retargeting,DISPLAY,20949,110,28.52,1,186.75,0.53,0.26,28.52,6.55
2025-10-08,C006,YouTube - Brand Awareness,VIDEO,18474,225,38.38,0,0.0,1.22,0.17,38.38,0.0
2025-10-09,C001,Brand - Olist,SEARCH,5543,214,148.34,8,742.81,3.88,0.69,18.54,5.01
2025-10-09,C002,Generic - Electronics,SEARCH,5993,192,183.33,7,680.79,3.21,0.95,26.19,3.71
2025-10-09,C003,Generic - Home & Garden,SEARCH,4743,161,120.68,3,605.5,3.4,0.75,40.23,5.02
2025-10-09,C004,Shopping - All Products,SHOPPING,9791,219,121.9,4,671.59,2.24,0.56,30.48,5.51
2025-10-09,C005,Display - Retargeting,DISPLAY,13821,81,15.4,0,0.0,0.59,0.19,15.4,0.0
2025-10-09,C006,YouTube - Brand Awareness,VIDEO,11274,110,18.87,0,0.0,0.98,0.17,18.87,0.0
2025-10-10,C001,Brand - Olist,SEARCH,3635,149,122.32,4,730.97,4.1,0.82,30.58,5.98
2025-10-10,C002,Generic - Electronics,SEARCH,4187,128,111.61,3,583.01,3.08,0.87,37.2,5.22
2025-10-10,C003,Generic - Home & Garden,SEARCH,5292,151,114.27,2,240.21,2.86,0.76,57.13,2.1
2025-10-10,C004,Shopping - All Products,SHOPPING,5555,133,69.12,1,202.28,2.4,0.52,69.12,2.93
2025-10-10,C005,Display - Retargeting,DISPLAY,18306,102,32.62,0,0.0,0.56,0.32,32.62,0.0
2025-10-10,C006,YouTube - Brand Awareness,VIDEO,18147,224,37.58,0,0.0,1.24,0.17,37.58,0.0
2025-10-11,C001,Brand - Olist,SEARCH,5969,219,140.15,4,681.78,3.68,0.64,35.04,4.86
2025-10-11,C002,Generic - Electronics,SEARCH,3828,141,102.95,5,794.22,3.69,0.73,20.59,7.71
2025-10-11,C003,Generic - Home & Garden,SEARCH,3840,142,159.95,2,165.88,3.71,1.13,79.97,1.04
2025-10-11,C004,Shopping - All Products,SHOPPING,6780,119,64.56,2,270.72,1.76,0.54,32.28,4.19
2025-10-11,C005,Display - Retargeting,DISPLAY,15993,93,23.23,0,0.0,0.58,0.25,23.23,0.0
2025-10-11,C006,YouTube - Brand Awareness,VIDEO,13274,149,24.29,0,0.0,1.12,0.16,24.29,0.0
2025-10-12,C001,Brand - Olist,SEARCH,4375,147,135.33,2,242.84,3.38,0.92,67.67,1.79
2025-10-12,C002,Generic - Electronics,SEARCH,3877,135,109.1,3,543.19,3.5,0.81,36.37,4.98
2025-10-12,C003,Generic - Home & Garden,SEARCH,5843,238,263.51,9,1078.83,4.07,1.11,29.28,4.09
2025-10-12,C004,Shopping - All Products,SHOPPING,6220,99,50.57,1,188.28,1.61,0.51,50.57,3.72
2025-10-12,C005,Display - Retargeting,DISPLAY,21809,127,34.77,0,0.0,0.59,0.27,34.77,0.0
2025-10-12,C006,YouTube - Brand Awareness,VIDEO,14617,167,16.68,0,0.0,1.14,0.1,16.68,0.0
2025-10-13,C001,Brand - Olist,SEARCH,3446,121,93.02,3,303.12,3.53,0.77,31.01,3.26
2025-10-13,C002,Generic - Electronics,SEARCH,2842,109,62.2,3,741.34,3.86,0.57,20.73,11.92
2025-10-13,C003,Generic - Home & Garden,SEARCH,2792,100,76.27,2,248.57,3.62,0.76,38.13,3.26
2025-10-13,C004,Shopping - All Products,SHOPPING,7384,140,42.6,3,369.72,1.9,0.3,14.2,8.68
2025-10-13,C005,Display - Retargeting,DISPLAY,14579,59,15.58,0,0.0,0.41,0.26,15.58,0.0
2025-10-13,C006,YouTube - Brand Awareness,VIDEO,8583,90,10.37,0,0.0,1.06,0.12,10.37,0.0
2025-10-14,C001,Brand - Olist,SEARCH,2975,108,98.09,4,459.77,3.64,0.91,24.52,4.69
2025-10-14,C002,Generic - Electronics,SEARCH,2897,108,86.44,2,265.17,3.74,0.8,43.22,3.07
2025-10-14,C003,Generic - Home & Garden,SEARCH,4280,130,109.3,3,736.71,3.04,0.84,36.43,6.74
2025-10-14,C004,Shopping - All Products,SHOPPING,4654,109,54.32,2,314.3,2.36,0.5,27.16,5.79
2025-10-14,C005,Display - Retargeting,DISPLAY,19641,113,24.5,0,0.0,0.58,0.22,24.5,0.0
2025-10-14,C006,YouTube - Brand Awareness,VIDEO,10720,136,24.39,0,0.0,1.27,0.18,24.39,0.0
2025-10-15,C001,Brand - Olist,SEARCH,6401,234,145.35,7,866.78,3.66,0.62,20.76,5.96
2025-10-15,C002,Generic - Electronics,SEARCH,4235,160,144.84,3,545.35,3.8,0.91,48.28,3.77
2025-10-15,C003,Generic - Home & Garden,SEARCH,4831,175,134.41,6,745.11,3.64,0.77,22.4,5.54
2025-10-15,C004,Shopping - All Products,SHOPPING,7042,149,79.58,3,440.33,2.13,0.53,26.53,5.53
2025-10-15,C005,Display - Retargeting,DISPLAY,18738,84,17.01,0,0.0,0.45,0.2,17.01,0.0
2025-10-15,C006,YouTube - Brand Awareness,VIDEO,17940,246,49.25,1,106.87,1.37,0.2,49.25,2.17
2025-10-16,C001,Brand - Olist,SEARCH,3564,138,88.25,4,832.35,3.9,0.64,22.06,9.43
2025-10-16,C002,Generic - Electronics,SEARCH,4237,158,98.07,3,595.65,3.74,0.62,32.69,6.07
2025-10-16,C003,Generic - Home & Garden,SEARCH,4173,120,105.78,4,481.54,2.9,0.88,26.45,4.55
2025-10-16,C004,Shopping - All Products,SHOPPING,7243,148,59.91,4,441.86,2.05,0.4,14.98,7.38
2025-10-16,C005,Display - Retargeting,DISPLAY,14986,69,17.2,0,0.0,0.47,0.25,17.2,0.0
2025-10-16,C006,YouTube - Brand Awareness,VIDEO,10853,126,18.29,0,0.0,1.17,0.15,18.29,0.0
2025-10-17,C001,Brand - Olist,SEARCH,6460,208,127.58,5,668.88,3.22,0.61,25.52,5.24
2025-10-17,C002,Generic - Electronics,SEARCH,3791,129,102.71,3,692.08,3.41,0.8,34.24,6.74
2025-10-17,C003,Generic - Home & Garden,SEARCH,4406,167,160.18,3,428.2,3.8,0.96,53.39,2.67
2025-10-17,C004,Shopping - All Products,SHOPPING,8442,158,60.47,4,619.41,1.88,0.38,15.12,10.24
2025-10-17,C005,Display - Retargeting,DISPLAY,21502,107,35.06,0,0.0,0.5,0.33,35.06,0.0
2025-10-17,C006,YouTube - Brand Awareness,VIDEO,16977,172,21.27,0,0.0,1.01,0.12,21.27,0.0
2025-10-18,C001,Brand - Olist,SEARCH,5163,190,155.41,3,730.25,3.68,0.82,51.8,4.7
2025-10-18,C002,Generic - Electronics,SEARCH,5750,211,165.26,5,962.34,3.68,0.78,33.05,5.82
2025-10-18,C003,Generic - Home & Garden,SEARCH,5401,180,172.78,3,469.82,3.34,0.96,57.59,2.72
2025-10-18,C004,Shopping - All Products,SHOPPING,9241,188,97.8,6,535.71,2.04,0.52,16.3,5.48
2025-10-18,C005,Display - Retargeting,DISPLAY,19892,83,16.85,0,0.0,0.42,0.2,16.85,0.0
2025-10-18,C006,YouTube - Brand Awareness,VIDEO,19021,213,36.67,0,0.0,1.12,0.17,36.67,0.0
2025-10-19,C001,Brand - Olist,SEARCH,3500,135,140.32,5,1172.18,3.87,1.04,28.06,8.35
2025-10-19,C002,Generic - Electronics,SEARCH,5071,185,219.77,4,444.29,3.65,1.19,54.94,2.02
2025-10-19,C003,Generic - Home & Garden,SEARCH,6187,237,155.91,8,1796.71,3.84,0.66,19.49,11.52
2025-10-19,C004,Shopping - All Products,SHOPPING,5831,116,62.07,3,657.12,2.0,0.54,20.69,10.59
2025-10-19,C005,Display - Retargeting,DISPLAY,18492,105,21.37,0,0.0,0.57,0.2,21.37,0.0
2025-10-19,C006,YouTube - Brand Awareness,VIDEO,13919,187,32.46,0,0.0,1.35,0.17,32.46,0.0
2025-10-20,C001,Brand - Olist,SEARCH,3232,118,115.24,3,608.5,3.68,0.98,38.41,5.28
2025-10-20,C002,Generic - Electronics,SEARCH,4441,184,133.03,5,1248.85,4.15,0.72,26.61,9.39
2025-10-20,C003,Generic - Home & Garden,SEARCH,3282,115,92.11,2,176.19,3.53,0.8,46.05,1.91
2025-10-20,C004,Shopping - All Products,SHOPPING,6678,124,46.17,1,241.58,1.87,0.37,46.17,5.23
2025-10-20,C005,Display - Retargeting,DISPLAY,16779,94,23.41,0,0.0,0.56,0.25,23.41,0.0
2025-10-20,C006,YouTube - Brand Awareness,VIDEO,11940,156,25.66,0,0.0,1.31,0.16,25.66,0.0
2025-10-21,C001,Brand - Olist,SEARCH,3974,116,96.33,4,371.75,2.93,0.83,24.08,3.86
2025-10-21,C002,Generic - Electronics,SEARCH,3636,143,140.26,5,819.3,3.95,0.98,28.05,5.84
2025-10-21,C003,Generic - Home & Garden,SEARCH,3996,166,192.32,3,406.09,4.17,1.16,64.11,2.11
2025-10-21,C004,Shopping - All Products,SHOPPING,4597,74,32.53,2,333.89,1.62,0.44,16.27,10.26
2025-10-21,C005,Display - Retargeting,DISPLAY,16626,66,14.04,0,0.0,0.4,0.21,14.04,0.0
2025-10-21,C006,YouTube - Brand Awareness,VIDEO,14657,185,23.88,0,0.0,1.27,0.13,23.88,0.0
2025-10-22,C001,Brand - Olist,SEARCH,5655,185,144.32,7,1451.12,3.29,0.78,20.62,10.05
2025-10-22,C002,Generic - Electronics,SEARCH,5343,181,174.27,3,441.5,3.39,0.96,58.09,2.53
2025-10-22,C003,Generic - Home & Garden,SEARCH,6291,231,148.98,5,607.2,3.68,0.64,29.8,4.08
2025-10-22,C004,Shopping - All Products,SHOPPING,7026,144,70.07,3,401.43,2.06,0.49,23.36,5.73
2025-10-22,C005,Display - Retargeting,DISPLAY,23384,101,31.51,0,0.0,0.44,0.31,31.51,0.0
2025-10-22,C006,YouTube - Brand Awareness,VIDEO,16503,164,31.88,0,0.0,1.0,0.19,31.88,0.0
2025-10-23,C001,Brand - Olist,SEARCH,5718,166,164.21,5,809.06,2.91,0.99,32.84,4.93
2025-10-23,C002,Generic - Electronics,SEARCH,5724,186,165.26,7,1663.21,3.26,0.89,23.61,10.06
2025-10-23,C003,Generic - Home & Garden,SEARCH,4287,133,102.69,3,430.85,3.13,0.77,34.23,4.2
2025-10-23,C004,Shopping - All Products,SHOPPING,8579,189,103.33,2,176.23,2.21,0.55,51.66,1.71
2025-10-23,C005,Display - Retargeting,DISPLAY,23472,118,32.59,0,0.0,0.51,0.28,32.59,0.0
2025-10-23,C006,YouTube - Brand Awareness,VIDEO,18232,255,40.17,1,171.4,1.4,0.16,40.17,4.27
2025-10-24,C001,Brand - Olist,SEARCH,5050,205,162.27,4,676.58,4.07,0.79,40.57,4.17
2025-10-24,C002,Generic - Electronics,SEARCH,6027,178,190.07,6,1104.24,2.96,1.07,31.68,5.81
2025-10-24,C003,Generic - Home & Garden,SEARCH,4079,141,141.1,3,698.68,3.46,1.0,47.03,4.95
2025-10-24,C004,Shopping - All Products,SHOPPING,8092,162,54.21,2,339.64,2.0,0.33,27.11,6.27
2025-10-24,C005,Display - Retargeting,DISPLAY,23642,104,27.8,1,175.94,0.44,0.27,27.8,6.33
2025-10-24,C006,YouTube - Brand Awareness,VIDEO,18203,252,43.63,0,0.0,1.39,0.17,43.63,0.0
2025-10-25,C001,Brand - Olist,SEARCH,5444,221,144.43,5,770.09,4.07,0.65,28.89,5.33
2025-10-25,C002,Generic - Electronics,SEARCH,3720,130,115.59,3,552.68,3.5,0.89,38.53,4.78
2025-10-25,C003,Generic - Home & Garden,SEARCH,6134,253,227.13,10,1999.97,4.14,0.9,22.71,8.81
2025-10-25,C004,Shopping - All Products,SHOPPING,7212,123,44.3,1,233.37,1.72,0.36,44.3,5.27
2025-10-25,C005,Display - Retargeting,DISPLAY,20489,110,35.19,1,244.43,0.54,0.32,35.19,6.95
2025-10-25,C006,YouTube - Brand Awareness,VIDEO,14451,204,36.91,0,0.0,1.42,0.18,36.91,0.0
2025-10-26,C001,Brand - Olist,SEARCH,6217,206,135.37,5,452.91,3.32,0.66,27.07,3.35
2025-10-26,C002,Generic - Electronics,SEARCH,5065,199,142.85,4,402.07,3.94,0.72,35.71,2.81
2025-10-26,C003,Generic - Home & Garden,SEARCH,5032,146,137.89,2,347.0,2.91,0.94,68.94,2.52
2025-10-26,C004,Shopping - All Products,SHOPPING,8438,136,67.4,3,306.9,1.62,0.5,22.47,4.55
2025-10-26,C005,Display - Retargeting,DISPLAY,21109,112,20.33,1,224.58,0.53,0.18,20.33,11.05
2025-10-26,C006,YouTube - Brand Awareness,VIDEO,17921,236,40.48,0,0.0,1.32,0.17,40.48,0.0
2025-10-27,C001,Brand - Olist,SEARCH,3586,119,134.32,4,969.25,3.33,1.13,33.58,7.22
2025-10-27,C002,Generic - Electronics,SEARCH,4494,188,188.77,7,898.71,4.19,1.0,26.97,4.76
2025-10-27,C003,Generic - Home & Garden,SEARCH,3870,125,94.35,3,563.0,3.24,0.75,31.45,5.97
2025-10-27,C004,Shopping - All Products,SHOPPING,7602,139,53.14,3,699.58,1.84,0.38,17.71,13.16
2025-10-27,C005,Display - Retargeting,DISPLAY,11353,64,17.04,0,0.0,0.57,0.27,17.04,0.0
2025-10-27,C006,YouTube - Brand Awareness,VIDEO,10036,108,17.06,0,0.0,1.08,0.16,17.06,0.0
2025-10-28,C001,Brand - Olist,SEARCH,4094,139,151.81,3,357.35,3.4,1.09,50.6,2.35
2025-10-28,C002,Generic - Electronics,SEARCH,4267,150,89.94,5,962.55,3.53,0.6,17.99,10.7
2025-10-28,C003,Generic - Home & Garden,SEARCH,2965,98,112.85,2,213.4,3.31,1.15,56.42,1.89
2025-10-28,C004,Shopping - All Products,SHOPPING,6204,116,61.47,2,181.16,1.88,0.53,30.73,2.95
2025-10-28,C005,Display - Retargeting,DISPLAY,19817,80,27.34,0,0.0,0.41,0.34,27.34,0.0
2025-10-28,C006,YouTube - Brand Awareness,VIDEO,8693,103,15.69,0,0.0,1.19,0.15,15.69,0.0
2025-10-29,C001,Brand - Olist,SEARCH,5484,166,156.81,4,948.85,3.03,0.94,39.2,6.05
2025-10-29,C002,Generic - Electronics,SEARCH,4000,126,79.71,4,534.16,3.17,0.63,19.93,6.7
2025-10-29,C003,Generic - Home & Garden,SEARCH,3991,113,78.45,2,248.05,2.86,0.69,39.23,3.16
2025-10-29,C004,Shopping - All Products,SHOPPING,9802,197,107.31,4,645.84,2.01,0.54,26.83,6.02
2025-10-29,C005,Display - Retargeting,DISPLAY,16237,68,22.26,0,0.0,0.42,0.33,22.26,0.0
2025-10-29,C006,YouTube - Brand Awareness,VIDEO,19124,191,32.96,0,0.0,1.0,0.17,32.96,0.0
2025-10-30,C001,Brand - Olist,SEARCH,3988,122,137.17,3,630.75,3.08,1.12,45.72,4.6
2025-10-30,C002,Generic - Electronics,SEARCH,5719,213,231.58,6,721.7,3.73,1.09,38.6,3.12
2025-10-30,C003,Generic - Home & Garden,SEARCH,5731,198,152.54,6,1436.09,3.46,0.77,25.42,9.41
2025-10-30,C004,Shopping - All Products,SHOPPING,6394,135,52.91,2,383.1,2.12,0.39,26.45,7.24
2025-10-30,C005,Display - Retargeting,DISPLAY,23493,110,37.62,0,0.0,0.47,0.34,37.62,0.0
2025-10-30,C006,YouTube - Brand Awareness,VIDEO,13169,144,28.58,0,0.0,1.1,0.2,28.58,0.0
2025-10-31,C001,Brand - Olist,SEARCH,5144,150,122.94,4,769.61,2.93,0.82,30.73,6.26
2025-10-31,C002,Generic - Electronics,SEARCH,5610,167,180.14,6,938.32,2.99,1.08,30.02,5.21
2025-10-31,C003,Generic - Home & Garden,SEARCH,6181,247,211.4,9,1814.2,4.01,0.86,23.49,8.58
2025-10-31,C004,Shopping - All Products,SHOPPING,10055,224,113.55,4,978.81,2.24,0.51,28.39,8.62
2025-10-31,C005,Display - Retargeting,DISPLAY,17833,74,22.11,0,0.0,0.42,0.3,22.11,0.0
2025-10-31,C006,YouTube - Brand Awareness,VIDEO,14720,142,26.68,0,0.0,0.97,0.19,26.68,0.0
2025-11-01,C001,Brand - Olist,SEARCH,5484,178,148.34,4,896.73,3.25,0.83,37.09,6.05
2025-11-01,C002,Generic - Electronics,SEARCH,4950,196,128.89,8,1439.37,3.97,0.66,16.11,11.17
2025-11-01,C003,Generic - Home & Garden,SEARCH,5029,177,127.99,3,532.4,3.53,0.72,42.66,4.16
2025-11-01,C004,Shopping - All Products,SHOPPING,8339,194,93.27,4,382.1,2.33,0.48,23.32,4.1
2025-11-01,C005,Display - Retargeting,DISPLAY,16445,66,17.48,0,0.0,0.41,0.26,17.48,0.0
2025-11-01,C006,YouTube - Brand Awareness,VIDEO,16977,169,21.72,0,0.0,1.0,0.13,21.72,0.0
2025-11-02,C001,Brand - Olist,SEARCH,5937,212,163.73,7,1571.64,3.59,0.77,23.39,9.6
2025-11-02,C002,Generic - Electronics,SEARCH,4561,163,156.67,5,601.16,3.58,0.96,31.33,3.84
2025-11-02,C003,Generic - Home & Garden,SEARCH,3930,130,134.53,3,567.84,3.32,1.03,44.84,4.22
2025-11-02,C004,Shopping - All Products,SHOPPING,6094,141,69.67,4,494.41,2.32,0.49,17.42,7.1
2025-11-02,C005,Display - Retargeting,DISPLAY,20350,120,22.88,1,131.1,0.59,0.19,22.88,5.73
2025-11-02,C006,YouTube - Brand Awareness,VIDEO,18253,257,47.15,0,0.0,1.41,0.18,47.15,0.0
2025-11-03,C001,Brand - Olist,SEARCH,4795,191,145.58,3,624.06,3.99,0.76,48.53,4.29
2025-11-03,C002,Generic - Electronics,SEARCH,4543,185,190.49,6,1123.3,4.08,1.03,31.75,5.9
2025-11-03,C003,Generic - Home & Garden,SEARCH,3824,155,152.26,2,258.84,4.06,0.98,76.13,1.7
2025-11-03,C004,Shopping - All Products,SHOPPING,6567,119,45.78,1,216.07,1.82,0.38,45.78,4.72
2025-11-03,C005,Display - Retargeting,DISPLAY,15849,81,16.26,0,0.0,0.51,0.2,16.26,0.0
2025-11-03,C006,YouTube - Brand Awareness,VIDEO,13945,148,25.12,0,0.0,1.07,0.17,25.12,0.0
2025-11-04,C001,Brand - Olist,SEARCH,4151,156,156.63,5,1214.77,3.78,1.0,31.33,7.76
2025-11-04,C002,Generic - Electronics,SEARCH,4231,156,171.65,5,599.04,3.69,1.1,34.33,3.49
2025-11-04,C003,Generic - Home & Garden,SEARCH,3691,110,98.55,4,735.62,3.01,0.9,24.64,7.46
2025-11-04,C004,Shopping - All Products,SHOPPING,7499,140,80.77,3,390.16,1.87,0.58,26.92,4.83
2025-11-04,C005,Display - Retargeting,DISPLAY,16466,86,23.92,0,0.0,0.53,0.28,23.92,0.0
2025-11-04,C006,YouTube - Brand Awareness,VIDEO,13205,188,36.17,0,0.0,1.43,0.19,36.17,0.0
2025-11-05,C001,Brand - Olist,SEARCH,3512,107,63.92,2,266.28,3.06,0.6,31.96,4.17
2025-11-05,C002,Generic - Electronics,SEARCH,5785,229,269.14,6,791.37,3.97,1.18,44.86,2.94
2025-11-05,C003,Generic - Home & Garden,SEARCH,4166,129,108.16,2,227.05,3.1,0.84,54.08,2.1
2025-11-05,C004,Shopping - All Products,SHOPPING,6504,141,60.07,2,297.7,2.17,0.43,30.04,4.96
2025-11-05,C005,Display - Retargeting,DISPLAY,15238,77,14.79,0,0.0,0.51,0.19,14.79,0.0
2025-11-05,C006,YouTube - Brand Awareness,VIDEO,14266,163,18.8,0,0.0,1.14,0.12,18.8,0.0
2025-11-06,C001,Brand - Olist,SEARCH,5721,226,139.32,7,655.58,3.97,0.62,19.9,4.71
2025-11-06,C002,Generic - Electronics,SEARCH,5583,186,125.33,6,841.82,3.33,0.67,20.89,6.72
2025-11-06,C003,Generic - Home & Garden,SEARCH,3592,127,145.33,5,515.98,3.55,1.14,29.07,3.55
2025-11-06,C004,Shopping - All Products,SHOPPING,8327,186,89.38,4,735.98,2.24,0.48,22.34,8.23
2025-11-06,C005,Display - Retargeting,DISPLAY,22744,125,38.74,0,0.0,0.55,0.31,38.74,0.0
2025-11-06,C006,YouTube - Brand Awareness,VIDEO,17485,247,27.98,0,0.0,1.42,0.11,27.98,0.0
2025-11-07,C001,Brand - Olist,SEARCH,5017,183,109.95,6,1464.82,3.65,0.6,18.32,13.32
2025-11-07,C002,Generic - Electronics,SEARCH,4041,146,123.93,4,852.02,3.63,0.85,30.98,6.88
2025-11-07,C003,Generic - Home & Garden,SEARCH,3569,148,159.38,5,730.7,4.16,1.08,31.88,4.58
2025-11-07,C004,Shopping - All Products,SHOPPING,9207,175,104.67,3,521.18,1.91,0.6,34.89,4.98
2025-11-07,C005,Display - Retargeting,DISPLAY,17830,86,22.46,0,0.0,0.48,0.26,22.46,0.0
2025-11-07,C006,YouTube - Brand Awareness,VIDEO,12729,147,23.4,0,0.0,1.16,0.16,23.4,0.0
2025-11-08,C001,Brand - Olist,SEARCH,4638,153,126.7,3,495.97,3.3,0.83,42.23,3.91
2025-11-08,C002,Generic - Electronics,SEARCH,5371,167,170.78,4,870.65,3.13,1.02,42.7,5.1
2025-11-08,C003,Generic - Home & Garden,SEARCH,4230,170,157.9,6,1313.93,4.04,0.93,26.32,8.32
2025-11-08,C004,Shopping - All Products,SHOPPING,8487,186,83.98,2,190.55,2.2,0.45,41.99,2.27
2025-11-08,C005,Display - Retargeting,DISPLAY,23953,98,20.06,0,0.0,0.41,0.2,20.06,0.0
2025-11-08,C006,YouTube - Brand Awareness,VIDEO,15756,196,36.57,0,0.0,1.25,0.19,36.57,0.0
2025-11-09,C001,Brand - Olist,SEARCH,4995,182,147.04,4,322.41,3.65,0.81,36.76,2.19
2025-11-09,C002,Generic - Electronics,SEARCH,5340,151,135.14,4,503.35,2.84,0.89,33.78,3.72
2025-11-09,C003,Generic - Home & Garden,SEARCH,5858,186,191.79,3,701.62,3.18,1.03,63.93,3.66
2025-11-09,C004,Shopping - All Products,SHOPPING,6563,156,49.5,2,164.76,2.39,0.32,24.75,3.33
2025-11-09,C005,Display - Retargeting,DISPLAY,22788,122,38.27,0,0.0,0.54,0.31,38.27,0.0
2025-11-09,C006,YouTube - Brand Awareness,VIDEO,14457,187,32.08,0,0.0,1.29,0.17,32.08,0.0
2025-11-10,C001,Brand - Olist,SEARCH,4374,131,98.83,3,356.18,3.02,0.75,32.94,3.6
2025-11-10,C002,Generic - Electronics,SEARCH,4732,174,162.07,6,675.01,3.69,0.93,27.01,4.16
2025-11-10,C003,Generic - Home & Garden,SEARCH,4707,195,200.39,6,701.81,4.15,1.03,33.4,3.5
2025-11-10,C004,Shopping - All Products,SHOPPING,5262,97,30.77,1,218.58,1.86,0.32,30.77,7.1
2025-11-10,C005,Display - Retargeting,DISPLAY,14648,72,24.77,0,0.0,0.5,0.34,24.77,0.0
2025-11-10,C006,YouTube - Brand Awareness,VIDEO,9991,119,16.87,0,0.0,1.2,0.14,16.87,0.0
2025-11-11,C001,Brand - Olist,SEARCH,4670,146,152.34,5,1066.12,3.13,1.04,30.47,7.0
2025-11-11,C002,Generic - Electronics,SEARCH,3779,157,128.87,3,740.03,4.17,0.82,42.96,5.74
2025-11-11,C003,Generic - Home & Garden,SEARCH,4489,173,109.71,6,1165.21,3.85,0.63,18.29,10.62
2025-11-11,C004,Shopping - All Products,SHOPPING,5600,111,38.83,2,278.69,1.99,0.35,19.41,7.18
2025-11-11,C005,Display - Retargeting,DISPLAY,12760,56,10.55,0,0.0,0.45,0.19,10.55,0.0
2025-11-11,C006,YouTube - Brand Awareness,VIDEO,12252,154,31.08,0,0.0,1.26,0.2,31.08,0.0
2025-11-12,C001,Brand - Olist,SEARCH,4613,130,88.77,5,637.04,2.83,0.68,17.75,7.18
2025-11-12,C002,Generic - Electronics,SEARCH,6270,262,249.4,4,647.48,4.19,0.95,62.35,2.6
2025-11-12,C003,Generic - Home & Garden,SEARCH,4718,172,147.25,5,989.67,3.65,0.86,29.45,6.72
2025-11-12,C004,Shopping - All Products,SHOPPING,9903,170,65.85,2,334.28,1.72,0.39,32.92,5.08
2025-11-12,C005,Display - Retargeting,DISPLAY,17854,86,29.84,0,0.0,0.48,0.35,29.84,0.0
2025-11-12,C006,YouTube - Brand Awareness,VIDEO,13366,162,33.11,0,0.0,1.21,0.2,33.11,0.0
2025-11-13,C001,Brand - Olist,SEARCH,4724,147,137.02,4,734.43,3.12,0.93,34.26,5.36
2025-11-13,C002,Generic - Electronics,SEARCH,5718,161,228.24,5,676.8,2.83,1.42,45.65,2.97
2025-11-13,C003,Generic - Home & Garden,SEARCH,5910,197,188.84,5,1156.07,3.34,0.96,37.77,6.12
2025-11-13,C004,Shopping - All Products,SHOPPING,10696,183,110.07,4,421.11,1.72,0.6,27.52,3.83
2025-11-13,C005,Display - Retargeting,DISPLAY,29296,134,40.92,1,238.37,0.46,0.31,40.92,5.83
2025-11-13,C006,YouTube - Brand Awareness,VIDEO,22640,218,52.79,0,0.0,0.96,0.24,52.79,0.0
2025-11-14,C001,Brand - Olist,SEARCH,5927,216,163.03,4,506.34,3.65,0.75,40.76,3.11
2025-11-14,C002,Generic - Electronics,SEARCH,7514,218,250.53,6,1188.12,2.91,1.15,41.76,4.74
2025-11-14,C003,Generic - Home & Garden,SEARCH,4821,192,156.28,3,518.06,3.99,0.81,52.09,3.31
2025-11-14,C004,Shopping - All Products,SHOPPING,10577,248,163.05,7,1129.34,2.35,0.66,23.29,6.93
2025-11-14,C005,Display - Retargeting,DISPLAY,24881,129,38.2,0,0.0,0.52,0.3,38.2,0.0
2025-11-14,C006,YouTube - Brand Awareness,VIDEO,20400,284,67.41,1,147.02,1.39,0.24,67.41,2.18
2025-11-15,C001,Brand - Olist,SEARCH,5885,239,161.86,4,898.06,4.07,0.68,40.47,5.55
2025-11-15,C002,Generic - Electronics,SEARCH,7614,251,272.16,7,1742.25,3.31,1.08,38.88,6.4
2025-11-15,C003,Generic - Home & Garden,SEARCH,5840,221,249.71,8,1382.77,3.8,1.13,31.21,5.54
2025-11-15,C004,Shopping - All Products,SHOPPING,9091,153,80.59,4,491.14,1.69,0.53,20.15,6.09
2025-11-15,C005,Display - Retargeting,DISPLAY,21915,94,33.37,0,0.0,0.43,0.35,33.37,0.0
2025-11-15,C006,YouTube - Brand Awareness,VIDEO,18577,186,40.53,0,0.0,1.0,0.22,40.53,0.0
2025-11-16,C001,Brand - Olist,SEARCH,7022,273,164.7,8,788.08,3.89,0.6,20.59,4.78
2025-11-16,C002,Generic - Electronics,SEARCH,5852,228,167.31,4,817.1,3.9,0.73,41.83,4.88
2025-11-16,C003,Generic - Home & Garden,SEARCH,6004,199,157.09,4,500.42,3.32,0.79,39.27,3.19
2025-11-16,C004,Shopping - All Products,SHOPPING,10477,214,110.21,3,645.36,2.05,0.52,36.74,5.86
2025-11-16,C005,Display - Retargeting,DISPLAY,20102,86,32.19,0,0.0,0.43,0.37,32.19,0.0
2025-11-16,C006,YouTube - Brand Awareness,VIDEO,21654,288,48.16,0,0.0,1.33,0.17,48.16,0.0
2025-11-17,C001,Brand - Olist,SEARCH,3413,114,87.49,3,466.64,3.35,0.77,29.16,5.33
2025-11-17,C002,Generic - Electronics,SEARCH,3490,115,144.22,4,571.25,3.31,1.25,36.05,3.96
2025-11-17,C003,Generic - Home & Garden,SEARCH,4578,164,228.42,2,366.71,3.59,1.39,114.21,1.61
2025-11-17,C004,Shopping - All Products,SHOPPING,9749,233,130.72,6,1046.75,2.39,0.56,21.79,8.01
2025-11-17,C005,Display - Retargeting,DISPLAY,20744,119,43.64,0,0.0,0.57,0.37,43.64,0.0
2025-11-17,C006,YouTube - Brand Awareness,VIDEO,14017,165,21.13,0,0.0,1.18,0.13,21.13,0.0
2025-11-18,C001,Brand - Olist,SEARCH,4162,146,138.14,5,1126.47,3.53,0.95,27.63,8.15
2025-11-18,C002,Generic - Electronics,SEARCH,3586,136,130.86,3,361.76,3.81,0.96,43.62,2.76
2025-11-18,C003,Generic - Home & Garden,SEARCH,4995,198,168.59,3,708.66,3.97,0.85,56.2,4.2
2025-11-18,C004,Shopping - All Products,SHOPPING,5749,134,75.51,4,993.46,2.33,0.56,18.88,13.16
2025-11-18,C005,Display - Retargeting,DISPLAY,20930,89,28.15,0,0.0,0.43,0.32,28.15,0.0
2025-11-18,C006,YouTube - Brand Awareness,VIDEO,10241,133,28.7,0,0.0,1.3,0.22,28.7,0.0
2025-11-19,C001,Brand - Olist,SEARCH,6656,194,143.42,5,1057.33,2.92,0.74,28.68,7.37
2025-11-19,C002,Generic - Electronics,SEARCH,6740,199,226.09,4,899.98,2.97,1.14,56.52,3.98
2025-11-19,C003,Generic - Home & Garden,SEARCH,6729,261,238.9,10,1411.71,3.88,0.92,23.89,5.91
2025-11-19,C004,Shopping - All Products,SHOPPING,7082,147,62.5,3,686.11,2.08,0.43,20.83,10.98
2025-11-19,C005,Display - Retargeting,DISPLAY,28101,118,34.22,0,0.0,0.42,0.29,34.22,0.0
2025-11-19,C006,YouTube - Brand Awareness,VIDEO,20545,198,46.9,0,0.0,0.97,0.24,46.9,0.0
2025-11-20,C001,Brand - Olist,SEARCH,7313,259,145.54,6,813.21,3.55,0.56,24.26,5.59
2025-11-20,C002,Generic - Electronics,SEARCH,5074,185,251.02,3,667.67,3.65,1.36,83.67,2.66
2025-11-20,C003,Generic - Home & Garden,SEARCH,6870,281,232.21,8,1475.63,4.1,0.83,29.03,6.35
2025-11-20,C004,Shopping - All Products,SHOPPING,9485,197,87.9,5,767.8,2.08,0.45,17.58,8.73
2025-11-20,C005,Display - Retargeting,DISPLAY,26584,130,36.41,1,83.93,0.49,0.28,36.41,2.31
2025-11-20,C006,YouTube - Brand Awareness,VIDEO,19820,270,46.08,1,124.83,1.37,0.17,46.08,2.71
2025-11-21,C001,Brand - Olist,SEARCH,4655,154,143.82,4,602.58,3.32,0.93,35.95,4.19
2025-11-21,C002,Generic - Electronics,SEARCH,4623,150,184.73,2,215.53,3.26,1.23,92.36,1.17
2025-11-21,C003,Generic - Home & Garden,SEARCH,6506,256,246.66,5,664.67,3.94,0.96,49.33,2.69
2025-11-21,C004,Shopping - All Products,SHOPPING,6836,151,79.97,4,883.55,2.21,0.53,19.99,11.05
2025-11-21,C005,Display - Retargeting,DISPLAY,20913,91,37.68,0,0.0,0.44,0.41,37.68,0.0
2025-11-21,C006,YouTube - Brand Awareness,VIDEO,16428,216,29.34,0,0.0,1.32,0.14,29.34,0.0
2025-11-22,C001,Brand - Olist,SEARCH,5049,161,127.81,3,381.59,3.2,0.79,42.6,2.99
2025-11-22,C002,Generic - Electronics,SEARCH,7433,256,254.46,10,842.56,3.45,0.99,25.45,3.31
2025-11-22,C003,Generic - Home & Garden,SEARCH,5813,212,199.59,8,1923.06,3.66,0.94,24.95,9.64
2025-11-22,C004,Shopping - All Products,SHOPPING,8252,146,108.03,2,400.38,1.78,0.74,54.02,3.71
2025-11-22,C005,Display - Retargeting,DISPLAY,20895,94,37.1,0,0.0,0.45,0.39,37.1,0.0
2025-11-22,C006,YouTube - Brand Awareness,VIDEO,19155,195,36.16,0,0.0,1.02,0.19,36.16,0.0
2025-11-23,C001,Brand - Olist,SEARCH,7142,223,147.92,4,805.7,3.13,0.66,36.98,5.45
2025-11-23,C002,Generic - Electronics,SEARCH,4983,151,146.45,3,333.67,3.05,0.97,48.82,2.28
2025-11-23,C003,Generic - Home & Garden,SEARCH,4235,146,148.93,2,305.95,3.46,1.02,74.47,2.05
2025-11-23,C004,Shopping - All Products,SHOPPING,11260,244,171.62,7,966.28,2.17,0.7,24.52,5.63
2025-11-23,C005,Display - Retargeting,DISPLAY,31061,139,42.95,1,223.19,0.45,0.31,42.95,5.2
2025-11-23,C006,YouTube - Brand Awareness,VIDEO,20661,296,60.18,0,0.0,1.44,0.2,60.18,0.0
2025-11-24,C001,Brand - Olist,SEARCH,4948,187,151.43,7,758.04,3.78,0.81,21.63,5.01
2025-11-24,C002,Generic - Electronics,SEARCH,4202,126,161.23,2,261.49,3.01,1.28,80.61,1.62
2025-11-24,C003,Generic - Home & Garden,SEARCH,4840,163,121.6,6,764.94,3.37,0.75,20.27,6.29
2025-11-24,C004,Shopping - All Products,SHOPPING,8746,180,84.2,4,605.08,2.06,0.47,21.05,7.19
2025-11-24,C005,Display - Retargeting,DISPLAY,16794,94,29.24,0,0.0,0.56,0.31,29.24,0.0
2025-11-24,C006,YouTube - Brand Awareness,VIDEO,12827,155,34.78,0,0.0,1.21,0.22,34.78,0.0
2025-11-25,C001,Brand - Olist,SEARCH,6070,223,155.39,4,913.04,3.68,0.7,38.85,5.88
2025-11-25,C002,Generic - Electronics,SEARCH,4847,161,121.51,6,501.4,3.34,0.75,20.25,4.13
2025-11-25,C003,Generic - Home & Garden,SEARCH,4726,193,192.21,6,952.2,4.1,1.0,32.04,4.95
2025-11-25,C004,Shopping - All Products,SHOPPING,6152,99,60.24,1,115.86,1.61,0.61,60.24,1.92
2025-11-25,C005,Display - Retargeting,DISPLAY,17705,99,26.39,0,0.0,0.56,0.27,26.39,0.0
2025-11-25,C006,YouTube - Brand Awareness,VIDEO,14924,190,32.74,0,0.0,1.28,0.17,32.74,0.0
2025-11-26,C001,Brand - Olist,SEARCH,5623,224,150.51,6,612.49,4.0,0.67,25.08,4.07
2025-11-26,C002,Generic - Electronics,SEARCH,7226,281,297.97,11,2523.79,3.9,1.06,27.09,8.47
2025-11-26,C003,Generic - Home & Garden,SEARCH,6519,216,249.54,5,660.67,3.32,1.16,49.91,2.65
2025-11-26,C004,Shopping - All Products,SHOPPING,9064,186,100.41,5,851.75,2.06,0.54,20.08,8.48
2025-11-26,C005,Display - Retargeting,DISPLAY,17774,84,33.25,0,0.0,0.47,0.4,33.25,0.0
2025-11-26,C006,YouTube - Brand Awareness,VIDEO,13427,190,29.82,0,0.0,1.42,0.16,29.82,0.0
2025-11-27,C001,Brand - Olist,SEARCH,6140,240,147.04,6,631.14,3.92,0.61,24.51,4.29
2025-11-27,C002,Generic - Electronics,SEARCH,4371,161,122.36,4,455.04,3.7,0.76,30.59,3.72
2025-11-27,C003,Generic - Home & Garden,SEARCH,6142,187,192.1,5,526.39,3.06,1.03,38.42,2.74
2025-11-27,C004,Shopping - All Products,SHOPPING,10889,190,124.86,4,898.98,1.75,0.66,31.21,7.2
2025-11-27,C005,Display - Retargeting,DISPLAY,27003,109,29.67,0,0.0,0.41,0.27,29.67,0.0
2025-11-27,C006,YouTube - Brand Awareness,VIDEO,20460,257,57.01,0,0.0,1.26,0.22,57.01,0.0
2025-11-28,C001,Brand - Olist,SEARCH,6524,219,156.5,8,1010.22,3.36,0.71,19.56,6.46
2025-11-28,C002,Generic - Electronics,SEARCH,5431,222,250.21,7,1739.01,4.1,1.13,35.74,6.95
2025-11-28,C003,Generic - Home & Garden,SEARCH,7164,275,237.2,8,1849.43,3.84,0.86,29.65,7.8
2025-11-28,C004,Shopping - All Products,SHOPPING,8619,142,79.22,3,728.12,1.65,0.56,26.41,9.19
2025-11-28,C005,Display - Retargeting,DISPLAY,26750,154,46.99,1,200.85,0.58,0.31,46.99,4.27
2025-11-28,C006,YouTube - Brand Awareness,VIDEO,18083,227,48.64,0,0.0,1.26,0.21,48.64,0.0
2025-11-29,C001,Brand - Olist,SEARCH,5874,222,154.87,6,1379.28,3.78,0.7,25.81,8.91
2025-11-29,C002,Generic - Electronics,SEARCH,5816,167,219.94,6,621.32,2.89,1.32,36.66,2.82
2025-11-29,C003,Generic - Home & Garden,SEARCH,4310,177,145.05,6,1202.88,4.11,0.82,24.18,8.29
2025-11-29,C004,Shopping - All Products,SHOPPING,7476,159,113.54,3,465.86,2.13,0.71,37.85,4.1
2025-11-29,C005,Display - Retargeting,DISPLAY,17984,104,40.82,0,0.0,0.58,0.39,40.82,0.0
2025-11-29,C006,YouTube - Brand Awareness,VIDEO,14788,189,39.29,0,0.0,1.28,0.21,39.29,0.0
2025-11-30,C001,Brand - Olist,SEARCH,7327,294,160.38,9,1302.08,4.02,0.55,17.82,8.12
2025-11-30,C002,Generic - Electronics,SEARCH,4403,165,156.48,5,1175.01,3.75,0.95,31.3,7.51
2025-11-30,C003,Generic - Home & Garden,SEARCH,7171,246,236.99,6,593.27,3.43,0.96,39.5,2.5
2025-11-30,C004,Shopping - All Products,SHOPPING,12313,253,107.86,6,1023.54,2.06,0.43,17.98,9.49
2025-11-30,C005,Display - Retargeting,DISPLAY,17311,102,27.32,0,0.0,0.59,0.27,27.32,0.0
2025-11-30,C006,YouTube - Brand Awareness,VIDEO,14088,138,23.99,0,0.0,0.98,0.17,23.99,0.0
2025-12-01,C001,Brand - Olist,SEARCH,4563,137,137.56,2,336.74,3.02,1.0,68.78,2.45
2025-12-01,C002,Generic - Electronics,SEARCH,4073,119,120.98,4,874.62,2.93,1.02,30.25,7.23
2025-12-01,C003,Generic - Home & Garden,SEARCH,5871,244,255.42,6,665.28,4.16,1.05,42.57,2.6
2025-12-01,C004,Shopping - All Products,SHOPPING,8540,204,113.15,4,613.71,2.4,0.55,28.29,5.42
2025-12-01,C005,Display - Retargeting,DISPLAY,18166,90,25.83,0,0.0,0.5,0.29,25.83,0.0
2025-12-01,C006,YouTube - Brand Awareness,VIDEO,12047,167,28.23,0,0.0,1.39,0.17,28.23,0.0
2025-12-02,C001,Brand - Olist,SEARCH,3512,116,142.58,3,576.66,3.32,1.23,47.53,4.04
2025-12-02,C002,Generic - Electronics,SEARCH,5473,221,226.05,5,767.34,4.06,1.02,45.21,3.39
2025-12-02,C003,Generic - Home & Garden,SEARCH,5416,152,142.8,5,1021.98,2.82,0.94,28.56,7.16
2025-12-02,C004,Shopping - All Products,SHOPPING,9116,202,128.44,6,1060.45,2.23,0.64,21.41,8.26
2025-12-02,C005,Display - Retargeting,DISPLAY,15775,72,25.61,0,0.0,0.46,0.36,25.61,0.0
2025-12-02,C006,YouTube - Brand Awareness,VIDEO,17696,247,39.72,0,0.0,1.4,0.16,39.72,0.0
2025-12-03,C001,Brand - Olist,SEARCH,7357,217,141.25,5,495.99,2.95,0.65,28.25,3.51
2025-12-03,C002,Generic - Electronics,SEARCH,4436,171,142.15,4,776.01,3.86,0.83,35.54,5.46
2025-12-03,C003,Generic - Home & Garden,SEARCH,5011,157,176.52,5,1044.14,3.14,1.12,35.3,5.92
2025-12-03,C004,Shopping - All Products,SHOPPING,10583,207,147.94,6,1315.76,1.96,0.71,24.66,8.89
2025-12-03,C005,Display - Retargeting,DISPLAY,17438,80,26.41,0,0.0,0.46,0.33,26.41,0.0
2025-12-03,C006,YouTube - Brand Awareness,VIDEO,15652,164,21.78,0,0.0,1.05,0.13,21.78,0.0
2025-12-04,C001,Brand - Olist,SEARCH,6408,184,144.42,4,776.51,2.87,0.78,36.1,5.38
2025-12-04,C002,Generic - Electronics,SEARCH,7194,287,240.2,10,2115.77,3.99,0.84,24.02,8.81
2025-12-04,C003,Generic - Home & Garden,SEARCH,7024,219,186.47,7,939.78,3.12,0.85,26.64,5.04
2025-12-04,C004,Shopping - All Products,SHOPPING,7323,159,78.11,2,267.07,2.17,0.49,39.05,3.42
2025-12-04,C005,Display - Retargeting,DISPLAY,25334,119,25.51,0,0.0,0.47,0.21,25.51,0.0
2025-12-04,C006,YouTube - Brand Awareness,VIDEO,13663,167,23.56,0,0.0,1.23,0.14,23.56,0.0
2025-12-05,C001,Brand - Olist,SEARCH,6616,228,137.97,4,528.39,3.45,0.61,34.49,3.83
2025-12-05,C002,Generic - Electronics,SEARCH,6957,224,225.26,4,958.81,3.23,1.01,56.31,4.26
2025-12-05,C003,Generic - Home & Garden,SEARCH,6174,240,250.71,4,757.06,3.9,1.04,62.68,3.02
2025-12-05,C004,Shopping - All Products,SHOPPING,7614,147,90.52,3,582.48,1.93,0.62,30.17,6.43
2025-12-05,C005,Display - Retargeting,DISPLAY,18946,88,19.27,1,124.9,0.47,0.22,19.27,6.48
2025-12-05,C006,YouTube - Brand Awareness,VIDEO,13547,160,37.43,0,0.0,1.19,0.23,37.43,0.0
2025-12-06,C001,Brand - Olist,SEARCH,7183,214,148.52,5,791.9,2.98,0.69,29.7,5.33
2025-12-06,C002,Generic - Electronics,SEARCH,7204,268,202.69,5,1033.73,3.72,0.76,40.54,5.1
2025-12-06,C003,Generic - Home & Garden,SEARCH,6490,198,165.51,5,956.39,3.06,0.84,33.1,5.78
2025-12-06,C004,Shopping - All Products,SHOPPING,9623,209,116.86,4,904.17,2.18,0.56,29.21,7.74
2025-12-06,C005,Display - Retargeting,DISPLAY,23539,104,42.25,0,0.0,0.44,0.41,42.25,0.0
2025-12-06,C006,YouTube - Brand Awareness,VIDEO,20105,208,32.42,0,0.0,1.04,0.16,32.42,0.0
2025-12-07,C001,Brand - Olist,SEARCH,5125,165,140.15,3,586.22,3.23,0.85,46.72,4.18
2025-12-07,C002,Generic - Electronics,SEARCH,7004,245,238.58,6,1459.18,3.5,0.97,39.76,6.12
2025-12-07,C003,Generic - Home & Garden,SEARCH,6965,215,212.49,6,957.55,3.09,0.99,35.41,4.51
2025-12-07,C004,Shopping - All Products,SHOPPING,11386,252,143.38,7,1486.51,2.21,0.57,20.48,10.37
2025-12-07,C005,Display - Retargeting,DISPLAY,30572,138,36.74,1,237.51,0.45,0.27,36.74,6.46
2025-12-07,C006,YouTube - Brand Awareness,VIDEO,13281,167,24.09,0,0.0,1.26,0.14,24.09,0.0
2025-12-08,C001,Brand - Olist,SEARCH,3395,125,121.29,3,326.16,3.68,0.97,40.43,2.69
2025-12-08,C002,Generic - Electronics,SEARCH,6072,197,187.63,6,1204.38,3.25,0.95,31.27,6.42
2025-12-08,C003,Generic - Home & Garden,SEARCH,5191,214,184.42,8,1441.0,4.12,0.86,23.05,7.81
2025-12-08,C004,Shopping - All Products,SHOPPING,8428,178,71.21,5,854.21,2.12,0.4,14.24,12.0
2025-12-08,C005,Display - Retargeting,DISPLAY,17798,98,31.37,0,0.0,0.55,0.32,31.37,0.0
2025-12-08,C006,YouTube - Brand Awareness,VIDEO,11506,163,25.14,0,0.0,1.42,0.15,25.14,0.0
2025-12-09,C001,Brand - Olist,SEARCH,4441,146,135.29,5,885.73,3.29,0.93,27.06,6.55
2025-12-09,C002,Generic - Electronics,SEARCH,6199,224,168.79,8,1784.05,3.63,0.75,21.1,10.57
2025-12-09,C003,Generic - Home & Garden,SEARCH,4356,159,169.11,6,1483.52,3.67,1.06,28.19,8.77
2025-12-09,C004,Shopping - All Products,SHOPPING,9368,218,100.31,5,1218.37,2.33,0.46,20.06,12.15
2025-12-09,C005,Display - Retargeting,DISPLAY,20020,83,27.84,0,0.0,0.42,0.34,27.84,0.0
2025-12-09,C006,YouTube - Brand Awareness,VIDEO,15251,173,29.97,0,0.0,1.14,0.17,29.97,0.0
2025-12-10,C001,Brand - Olist,SEARCH,4204,162,135.29,4,732.59,3.87,0.84,33.82,5.41
2025-12-10,C002,Generic - Electronics,SEARCH,5829,226,230.02,9,1090.32,3.89,1.02,25.56,4.74
2025-12-10,C003,Generic - Home & Garden,SEARCH,6783,203,192.63,4,625.97,3.0,0.95,48.16,3.25
2025-12-10,C004,Shopping - All Products,SHOPPING,7625,156,98.11,4,445.9,2.05,0.63,24.53,4.54
2025-12-10,C005,Display - Retargeting,DISPLAY,20045,106,32.69,0,0.0,0.53,0.31,32.69,0.0
2025-12-10,C006,YouTube - Brand Awareness,VIDEO,19264,197,34.11,0,0.0,1.02,0.17,34.11,0.0
2025-12-11,C001,Brand - Olist,SEARCH,5541,173,160.3,4,614.67,3.14,0.93,40.08,3.83
2025-12-11,C002,Generic - Electronics,SEARCH,7459,269,285.71,8,1423.24,3.61,1.06,35.71,4.98
2025-12-11,C003,Generic - Home & Garden,SEARCH,5628,235,262.48,7,1109.85,4.19,1.12,37.5,4.23
2025-12-11,C004,Shopping - All Products,SHOPPING,7785,143,95.89,4,420.58,1.84,0.67,23.97,4.39
2025-12-11,C005,Display - Retargeting,DISPLAY,24120,127,40.45,1,99.69,0.53,0.32,40.45,2.46
2025-12-11,C006,YouTube - Brand Awareness,VIDEO,14003,143,30.29,0,0.0,1.02,0.21,30.29,0.0
2025-12-12,C001,Brand - Olist,SEARCH,6459,250,151.19,4,599.33,3.88,0.6,37.8,3.96
2025-12-12,C002,Generic - Electronics,SEARCH,6164,212,287.72,7,1006.6,3.45,1.36,41.1,3.5
2025-12-12,C003,Generic - Home & Garden,SEARCH,6782,227,199.78,4,545.61,3.35,0.88,49.95,2.73
2025-12-12,C004,Shopping - All Products,SHOPPING,9373,221,109.72,3,337.39,2.36,0.5,36.57,3.08
2025-12-12,C005,Display - Retargeting,DISPLAY,24273,129,28.29,1,136.27,0.53,0.22,28.29,4.82
2025-12-12,C006,YouTube - Brand Awareness,VIDEO,20296,244,35.67,0,0.0,1.21,0.15,35.67,0.0
2025-12-13,C001,Brand - Olist,SEARCH,7007,290,153.48,7,1367.03,4.15,0.53,21.93,8.91
2025-12-13,C002,Generic - Electronics,SEARCH,5868,200,264.96,7,1573.96,3.41,1.32,37.85,5.94
2025-12-13,C003,Generic - Home & Garden,SEARCH,6022,209,203.22,4,721.35,3.49,0.97,50.8,3.55
2025-12-13,C004,Shopping - All Products,SHOPPING,10646,249,167.56,3,430.6,2.35,0.67,55.85,2.57
2025-12-13,C005,Display - Retargeting,DISPLAY,18799,108,39.68,1,166.2,0.58,0.37,39.68,4.19
2025-12-13,C006,YouTube - Brand Awareness,VIDEO,14219,159,22.78,0,0.0,1.12,0.14,22.78,0.0
2025-12-14,C001,Brand - Olist,SEARCH,6692,230,144.44,5,995.33,3.44,0.63,28.89,6.89
2025-12-14,C002,Generic - Electronics,SEARCH,4609,182,228.84,6,1161.88,3.96,1.26,38.14,5.08
2025-12-14,C003,Generic - Home & Garden,SEARCH,6893,211,174.4,5,1074.62,3.06,0.83,34.88,6.16
2025-12-14,C004,Shopping - All Products,SHOPPING,10970,256,102.44,6,764.87,2.34,0.4,17.07,7.47
2025-12-14,C005,Display - Retargeting,DISPLAY,21610,110,25.47,0,0.0,0.51,0.23,25.47,0.0
2025-12-14,C006,YouTube - Brand Awareness,VIDEO,21607,225,54.74,0,0.0,1.04,0.24,54.74,0.0
2025-12-15,C001,Brand - Olist,SEARCH,5101,171,153.18,5,1176.04,3.37,0.9,30.64,7.68
2025-12-15,C002,Generic - Electronics,SEARCH,4446,138,158.45,3,488.17,3.11,1.15,52.82,3.08
2025-12-15,C003,Generic - Home & Garden,SEARCH,6123,234,185.55,9,1831.49,3.83,0.79,20.62,9.87
2025-12-15,C004,Shopping - All Products,SHOPPING,9592,176,115.88,3,520.92,1.84,0.66,38.63,4.5
2025-12-15,C005,Display - Retargeting,DISPLAY,20667,102,39.14,1,216.58,0.5,0.38,39.14,5.53
2025-12-15,C006,YouTube - Brand Awareness,VIDEO,14297,163,37.61,0,0.0,1.14,0.23,37.61,0.0
2025-12-16,C001,Brand - Olist,SEARCH,3768,141,134.49,5,1060.35,3.77,0.95,26.9,7.88
2025-12-16,C002,Generic - Electronics,SEARCH,5626,206,270.51,6,1460.35,3.67,1.31,45.09,5.4
2025-12-16,C003,Generic - Home & Garden,SEARCH,3911,161,161.1,3,515.45,4.12,1.0,53.7,3.2
2025-12-16,C004,Shopping - All Products,SHOPPING,8192,196,146.34,3,745.55,2.4,0.75,48.78,5.09
2025-12-16,C005,Display - Retargeting,DISPLAY,18687,106,27.08,1,241.0,0.57,0.26,27.08,8.9
2025-12-16,C006,YouTube - Brand Awareness,VIDEO,15987,214,31.72,0,0.0,1.34,0.15,31.72,0.0
2025-12-17,C001,Brand - Olist,SEARCH,4607,135,139.25,3,422.06,2.95,1.03,46.42,3.03
2025-12-17,C002,Generic - Electronics,SEARCH,6181,234,281.48,6,885.77,3.79,1.2,46.91,3.15
2025-12-17,C003,Generic - Home & Garden,SEARCH,7302,238,214.01,6,1343.94,3.26,0.9,35.67,6.28
2025-12-17,C004,Shopping - All Products,SHOPPING,8608,186,73.48,3,656.51,2.16,0.4,24.49,8.93
2025-12-17,C005,Display - Retargeting,DISPLAY,30725,151,57.87,1,217.89,0.49,0.38,57.87,3.77
2025-12-17,C006,YouTube - Brand Awareness,VIDEO,13436,174,33.66,0,0.0,1.3,0.19,33.66,0.0
2025-12-18,C001,Brand - Olist,SEARCH,7533,295,159.2,5,644.66,3.92,0.54,31.84,4.05
2025-12-18,C002,Generic - Electronics,SEARCH,4310,126,109.65,4,906.14,2.93,0.87,27.41,8.26
2025-12-18,C003,Generic - Home & Garden,SEARCH,6418,263,269.45,7,889.9,4.1,1.02,38.49,3.3
2025-12-18,C004,Shopping - All Products,SHOPPING,11998,229,130.14,6,1494.93,1.91,0.57,21.69,11.49
2025-12-18,C005,Display - Retargeting,DISPLAY,17167,99,20.87,0,0.0,0.58,0.21,20.87,0.0
2025-12-18,C006,YouTube - Brand Awareness,VIDEO,13146,161,26.27,0,0.0,1.23,0.16,26.27,0.0
2025-12-19,C001,Brand - Olist,SEARCH,5005,159,154.79,2,242.24,3.19,0.97,77.39,1.56
2025-12-19,C002,Generic - Electronics,SEARCH,5751,187,251.57,6,824.8,3.26,1.35,41.93,3.28
2025-12-19,C003,Generic - Home & Garden,SEARCH,6722,267,264.22,9,1594.76,3.98,0.99,29.36,6.04
2025-12-19,C004,Shopping - All Products,SHOPPING,8518,187,85.3,5,1098.82,2.2,0.46,17.06,12.88
2025-12-19,C005,Display - Retargeting,DISPLAY,23609,103,23.79,1,190.64,0.44,0.23,23.79,8.01
2025-12-19,C006,YouTube - Brand Awareness,VIDEO,14156,199,49.87,0,0.0,1.41,0.25,49.87,0.0
2025-12-20,C001,Brand - Olist,SEARCH,6851,284,152.42,9,2081.85,4.15,0.54,16.94,13.66
2025-12-20,C002,Generic - Electronics,SEARCH,7346,306,319.85,8,1214.35,4.17,1.05,39.98,3.8
2025-12-20,C003,Generic - Home & Garden,SEARCH,5112,201,237.82,3,655.93,3.95,1.18,79.27,2.76
2025-12-20,C004,Shopping - All Products,SHOPPING,10292,243,115.02,5,472.65,2.37,0.47,23.0,4.11
2025-12-20,C005,Display - Retargeting,DISPLAY,20569,87,22.36,1,127.36,0.43,0.26,22.36,5.7
2025-12-20,C006,YouTube - Brand Awareness,VIDEO,17394,242,51.14,0,0.0,1.39,0.21,51.14,0.0
2025-12-21,C001,Brand - Olist,SEARCH,7359,272,151.06,6,1377.68,3.7,0.56,25.18,9.12
2025-12-21,C002,Generic - Electronics,SEARCH,6149,250,185.67,10,1224.41,4.07,0.74,18.57,6.59
2025-12-21,C003,Generic - Home & Garden,SEARCH,7589,313,253.18,10,2278.35,4.14,0.81,25.32,9.0
2025-12-21,C004,Shopping - All Products,SHOPPING,11189,235,176.08,7,628.29,2.1,0.75,25.15,3.57
2025-12-21,C005,Display - Retargeting,DISPLAY,18801,92,26.76,0,0.0,0.49,0.29,26.76,0.0
2025-12-21,C006,YouTube - Brand Awareness,VIDEO,16002,186,29.87,0,0.0,1.17,0.16,29.87,0.0
2025-12-22,C001,Brand - Olist,SEARCH,5507,168,148.2,3,463.11,3.06,0.88,49.4,3.12
2025-12-22,C002,Generic - Electronics,SEARCH,3426,112,135.86,4,938.46,3.29,1.21,33.97,6.91
2025-12-22,C003,Generic - Home & Garden,SEARCH,3662,153,141.74,2,298.9,4.19,0.93,70.87,2.11
2025-12-22,C004,Shopping - All Products,SHOPPING,8278,154,106.92,3,614.5,1.87,0.69,35.64,5.75
2025-12-22,C005,Display - Retargeting,DISPLAY,24274,101,27.7,0,0.0,0.42,0.27,27.7,0.0
2025-12-22,C006,YouTube - Brand Awareness,VIDEO,12677,162,33.58,0,0.0,1.28,0.21,33.58,0.0
2025-12-23,C001,Brand - Olist,SEARCH,4385,152,149.42,2,309.2,3.49,0.98,74.71,2.07
2025-12-23,C002,Generic - Electronics,SEARCH,5723,222,239.88,6,1054.98,3.89,1.08,39.98,4.4
2025-12-23,C003,Generic - Home & Garden,SEARCH,6239,230,249.57,5,1091.01,3.7,1.09,49.91,4.37
2025-12-23,C004,Shopping - All Products,SHOPPING,7656,183,100.79,4,351.72,2.4,0.55,25.2,3.49
2025-12-23,C005,Display - Retargeting,DISPLAY,16325,76,27.76,0,0.0,0.47,0.37,27.76,0.0
2025-12-23,C006,YouTube - Brand Awareness,VIDEO,13634,191,36.09,0,0.0,1.4,0.19,36.09,0.0
2025-12-24,C001,Brand - Olist,SEARCH,6795,276,148.43,9,865.6,4.07,0.54,16.49,5.83
2025-12-24,C002,Generic - Electronics,SEARCH,5678,233,238.88,4,808.12,4.12,1.03,59.72,3.38
2025-12-24,C003,Generic - Home & Garden,SEARCH,6291,220,231.48,8,1580.09,3.5,1.05,28.93,6.83
2025-12-24,C004,Shopping - All Products,SHOPPING,8211,190,102.65,3,673.97,2.32,0.54,34.22,6.57
2025-12-24,C005,Display - Retargeting,DISPLAY,25967,111,38.45,0,0.0,0.43,0.35,38.45,0.0
2025-12-24,C006,YouTube - Brand Awareness,VIDEO,12837,136,26.33,0,0.0,1.06,0.19,26.33,0.0
2025-12-25,C001,Brand - Olist,SEARCH,6666,252,161.44,8,1609.73,3.79,0.64,20.18,9.97
2025-12-25,C002,Generic - Electronics,SEARCH,5198,145,193.12,2,287.2,2.8,1.33,96.56,1.49
2025-12-25,C003,Generic - Home & Garden,SEARCH,6580,244,232.01,6,579.17,3.71,0.95,38.67,2.5
2025-12-25,C004,Shopping - All Products,SHOPPING,8964,144,103.33,4,360.74,1.61,0.72,25.83,3.49
2025-12-25,C005,Display - Retargeting,DISPLAY,20075,90,26.21,0,0.0,0.45,0.29,26.21,0.0
2025-12-25,C006,YouTube - Brand Awareness,VIDEO,13301,132,29.27,0,0.0,1.0,0.22,29.27,0.0
2025-12-26,C001,Brand - Olist,SEARCH,4687,140,156.64,3,279.49,3.0,1.12,52.21,1.78
2025-12-26,C002,Generic - Electronics,SEARCH,4243,135,97.28,3,301.92,3.2,0.72,32.43,3.1
2025-12-26,C003,Generic - Home & Garden,SEARCH,4575,185,209.42,4,780.46,4.06,1.13,52.35,3.73
2025-12-26,C004,Shopping - All Products,SHOPPING,7899,165,70.45,5,871.66,2.09,0.43,14.09,12.37
2025-12-26,C005,Display - Retargeting,DISPLAY,30147,140,39.04,1,176.19,0.47,0.28,39.04,4.51
2025-12-26,C006,YouTube - Brand Awareness,VIDEO,22593,219,47.14,0,0.0,0.97,0.22,47.14,0.0
2025-12-27,C001,Brand - Olist,SEARCH,6018,180,147.24,4,535.94,2.99,0.82,36.81,3.64
2025-12-27,C002,Generic - Electronics,SEARCH,4734,132,185.69,3,747.48,2.81,1.41,61.9,4.03
2025-12-27,C003,Generic - Home & Garden,SEARCH,6625,191,152.43,6,1340.05,2.9,0.8,25.41,8.79
2025-12-27,C004,Shopping - All Products,SHOPPING,11894,232,91.95,3,336.26,1.96,0.4,30.65,3.66
2025-12-27,C005,Display - Retargeting,DISPLAY,22711,96,23.52,0,0.0,0.42,0.24,23.52,0.0
2025-12-27,C006,YouTube - Brand Awareness,VIDEO,17235,218,53.21,0,0.0,1.27,0.24,53.21,0.0
2025-12-28,C001,Brand - Olist,SEARCH,6023,233,159.87,9,1692.29,3.87,0.69,17.76,10.59
2025-12-28,C002,Generic - Electronics,SEARCH,4581,185,236.77,3,647.47,4.05,1.28,78.92,2.73
2025-12-28,C003,Generic - Home & Garden,SEARCH,4696,146,164.41,4,733.49,3.11,1.13,41.1,4.46
2025-12-28,C004,Shopping - All Products,SHOPPING,7342,156,113.45,3,414.35,2.12,0.73,37.82,3.65
2025-12-28,C005,Display - Retargeting,DISPLAY,23418,107,30.43,1,186.22,0.46,0.28,30.43,6.12
2025-12-28,C006,YouTube - Brand Awareness,VIDEO,18007,206,39.96,0,0.0,1.14,0.19,39.96,0.0
2025-12-29,C001,Brand - Olist,SEARCH,4154,126,140.04,2,171.13,3.05,1.11,70.02,1.22
2025-12-29,C002,Generic - Electronics,SEARCH,4070,169,220.67,6,934.18,4.17,1.31,36.78,4.23
2025-12-29,C003,Generic - Home & Garden,SEARCH,6191,199,176.23,5,932.41,3.21,0.89,35.25,5.29
2025-12-29,C004,Shopping - All Products,SHOPPING,6781,142,68.48,4,920.58,2.09,0.48,17.12,13.44
2025-12-29,C005,Display - Retargeting,DISPLAY,24623,133,47.0,0,0.0,0.54,0.35,47.0,0.0
2025-12-29,C006,YouTube - Brand Awareness,VIDEO,12581,174,25.72,0,0.0,1.39,0.15,25.72,0.0
2025-12-30,C001,Brand - Olist,SEARCH,3677,116,142.98,2,227.18,3.18,1.23,71.49,1.59
2025-12-30,C002,Generic - Electronics,SEARCH,3731,116,136.02,3,302.41,3.13,1.17,45.34,2.22
2025-12-30,C003,Generic - Home & Garden,SEARCH,5670,221,161.2,4,858.63,3.9,0.73,40.3,5.33
2025-12-30,C004,Shopping - All Products,SHOPPING,8773,203,94.87,3,429.33,2.32,0.47,31.62,4.53
2025-12-30,C005,Display - Retargeting,DISPLAY,19456,79,28.45,0,0.0,0.41,0.36,28.45,0.0
2025-12-30,C006,YouTube - Brand Awareness,VIDEO,17884,257,62.15,1,177.54,1.44,0.24,62.15,2.86
2025-12-31,C001,Brand - Olist,SEARCH,4884,183,164.56,5,630.66,3.75,0.9,32.91,3.83
2025-12-31,C002,Generic - Electronics,SEARCH,6661,277,232.83,8,871.49,4.17,0.84,29.1,3.74
2025-12-31,C003,Generic - Home & Garden,SEARCH,4279,139,185.13,3,628.72,3.27,1.33,61.71,3.4
2025-12-31,C004,Shopping - All Products,SHOPPING,12210,291,156.41,4,827.22,2.39,0.54,39.1,5.29
2025-12-31,C005,Display - Retargeting,DISPLAY,26055,117,37.03,1,140.84,0.45,0.32,37.03,3.8
2025-12-31,C006,YouTube - Brand Awareness,VIDEO,19361,200,30.4,0,0.0,1.04,0.15,30.4,0.0
2026-01-01,C001,Brand - Olist,SEARCH,5265,159,149.84,3,613.94,3.03,0.94,49.95,4.1
2026-01-01,C002,Generic - Electronics,SEARCH,5502,168,159.77,5,809.61,3.06,0.95,31.95,5.07
2026-01-01,C003,Generic - Home & Garden,SEARCH,6092,182,248.81,6,497.98,2.99,1.37,41.47,2.0
2026-01-01,C004,Shopping - All Products,SHOPPING,9813,206,155.32,6,545.11,2.1,0.75,25.89,3.51
2026-01-01,C005,Display - Retargeting,DISPLAY,30527,159,60.13,1,158.75,0.52,0.38,60.13,2.64
2026-01-01,C006,YouTube - Brand Awareness,VIDEO,14186,160,37.45,0,0.0,1.13,0.23,37.45,0.0
2026-01-02,C001,Brand - Olist,SEARCH,5651,237,139.36,9,2069.54,4.2,0.59,15.48,14.85
2026-01-02,C002,Generic - Electronics,SEARCH,4316,166,196.21,4,994.14,3.85,1.18,49.05,5.07
2026-01-02,C003,Generic - Home & Garden,SEARCH,4357,136,135.61,5,876.0,3.13,1.0,27.12,6.46
2026-01-02,C004,Shopping - All Products,SHOPPING,6979,134,71.75,3,564.18,1.93,0.54,23.92,7.86
2026-01-02,C005,Display - Retargeting,DISPLAY,27070,149,51.16,1,204.46,0.55,0.34,51.16,4.0
2026-01-02,C006,YouTube - Brand Awareness,VIDEO,20612,296,67.23,1,105.69,1.44,0.23,67.23,1.57
2026-01-03,C001,Brand - Olist,SEARCH,5991,216,160.18,7,1417.85,3.61,0.74,22.88,8.85
2026-01-03,C002,Generic - Electronics,SEARCH,7789,246,303.08,6,643.8,3.16,1.23,50.51,2.12
2026-01-03,C003,Generic - Home & Garden,SEARCH,7425,269,252.27,6,824.3,3.63,0.94,42.05,3.27
2026-01-03,C004,Shopping - All Products,SHOPPING,8917,212,80.59,6,1496.07,2.38,0.38,13.43,18.56
2026-01-03,C005,Display - Retargeting,DISPLAY,23662,140,41.03,0,0.0,0.59,0.29,41.03,0.0
2026-01-03,C006,YouTube - Brand Awareness,VIDEO,12748,155,21.01,0,0.0,1.22,0.14,21.01,0.0
2026-01-04,C001,Brand - Olist,SEARCH,6327,257,164.13,7,1320.07,4.06,0.64,23.45,8.04
2026-01-04,C002,Generic - Electronics,SEARCH,6274,218,287.33,8,1709.45,3.48,1.32,35.92,5.95
2026-01-04,C003,Generic - Home & Garden,SEARCH,4887,181,155.04,6,1497.18,3.71,0.86,25.84,9.66
2026-01-04,C004,Shopping - All Products,SHOPPING,6895,115,46.82,3,670.47,1.67,0.41,15.61,14.32
2026-01-04,C005,Display - Retargeting,DISPLAY,27412,158,43.89,0,0.0,0.58,0.28,43.89,0.0
2026-01-04,C006,YouTube - Brand Awareness,VIDEO,20488,265,44.73,1,90.85,1.3,0.17,44.73,2.03
2026-01-05,C001,Brand - Olist,SEARCH,5588,180,133.54,4,811.06,3.23,0.74,33.38,6.07
2026-01-05,C002,Generic - Electronics,SEARCH,5398,191,242.39,4,819.2,3.55,1.27,60.6,3.38
2026-01-05,C003,Generic - Home & Garden,SEARCH,5056,142,192.8,5,1150.33,2.82,1.36,38.56,5.97
2026-01-05,C004,Shopping - All Products,SHOPPING,7426,148,79.2,4,855.94,2.01,0.54,19.8,10.81
2026-01-05,C005,Display - Retargeting,DISPLAY,14897,77,32.27,0,0.0,0.52,0.42,32.27,0.0
2026-01-05,C006,YouTube - Brand Awareness,VIDEO,13106,149,32.37,0,0.0,1.14,0.22,32.37,0.0
2026-01-06,C001,Brand - Olist,SEARCH,5599,178,143.75,5,690.82,3.18,0.81,28.75,4.81
2026-01-06,C002,Generic - Electronics,SEARCH,4996,143,154.15,4,607.32,2.87,1.08,38.54,3.94
2026-01-06,C003,Generic - Home & Garden,SEARCH,4178,169,142.96,6,1029.44,4.07,0.85,23.83,7.2
2026-01-06,C004,Shopping - All Products,SHOPPING,9414,160,90.34,2,310.71,1.7,0.56,45.17,3.44
2026-01-06,C005,Display - Retargeting,DISPLAY,17691,94,38.26,0,0.0,0.53,0.41,38.26,0.0
2026-01-06,C006,YouTube - Brand Awareness,VIDEO,14012,186,33.83,0,0.0,1.33,0.18,33.83,0.0
2026-01-07,C001,Brand - Olist,SEARCH,6050,218,141.62,4,612.9,3.61,0.65,35.41,4.33
2026-01-07,C002,Generic - Electronics,SEARCH,7541,266,226.41,7,1301.68,3.53,0.85,32.34,5.75
2026-01-07,C003,Generic - Home & Garden,SEARCH,5784,193,215.62,3,252.45,3.35,1.12,71.87,1.17
2026-01-07,C004,Shopping - All Products,SHOPPING,8167,136,68.7,3,551.57,1.67,0.51,22.9,8.03
2026-01-07,C005,Display - Retargeting,DISPLAY,29076,132,52.25,1,148.91,0.46,0.4,52.25,2.85
2026-01-07,C006,YouTube - Brand Awareness,VIDEO,13659,195,27.97,0,0.0,1.43,0.14,27.97,0.0
2026-01-08,C001,Brand - Olist,SEARCH,4748,135,124.57,3,303.08,2.86,0.92,41.52,2.43
2026-01-08,C002,Generic - Electronics,SEARCH,6524,273,240.21,11,1214.31,4.2,0.88,21.84,5.06
2026-01-08,C003,Generic - Home & Garden,SEARCH,6040,189,260.76,7,934.59,3.14,1.38,37.25,3.58
2026-01-08,C004,Shopping - All Products,SHOPPING,9044,162,115.78,3,574.83,1.79,0.71,38.59,4.96
2026-01-08,C005,Display - Retargeting,DISPLAY,19183,93,31.86,0,0.0,0.49,0.34,31.86,0.0
2026-01-08,C006,YouTube - Brand Awareness,VIDEO,21286,295,73.2,0,0.0,1.39,0.25,73.2,0.0
2026-01-09,C001,Brand - Olist,SEARCH,7797,282,155.47,10,816.44,3.63,0.55,15.55,5.25
2026-01-09,C002,Generic - Electronics,SEARCH,4992,186,251.68,5,707.32,3.73,1.35,50.34,2.81
2026-01-09,C003,Generic - Home & Garden,SEARCH,6856,263,239.57,10,1738.2,3.84,0.91,23.96,7.26
2026-01-09,C004,Shopping - All Products,SHOPPING,11273,199,101.1,2,334.19,1.77,0.51,50.55,3.31
2026-01-09,C005,Display - Retargeting,DISPLAY,23736,130,35.0,1,177.19,0.55,0.27,35.0,5.06
2026-01-09,C006,YouTube - Brand Awareness,VIDEO,13730,144,36.27,0,0.0,1.05,0.25,36.27,0.0
2026-01-10,C001,Brand - Olist,SEARCH,7388,284,135.32,11,1711.53,3.86,0.48,12.3,12.65
2026-01-10,C002,Generic - Electronics,SEARCH,7553,263,274.16,9,1237.13,3.49,1.04,30.46,4.51
2026-01-10,C003,Generic - Home & Garden,SEARCH,5464,162,132.65,4,926.54,2.97,0.82,33.16,6.98
2026-01-10,C004,Shopping - All Products,SHOPPING,8841,192,78.58,4,985.01,2.18,0.41,19.64,12.54
2026-01-10,C005,Display - Retargeting,DISPLAY,28985,142,52.93,1,92.69,0.49,0.37,52.93,1.75
2026-01-10,C006,YouTube - Brand Awareness,VIDEO,16359,174,37.69,0,0.0,1.07,0.22,37.69,0.0
2026-01-11,C001,Brand - Olist,SEARCH,4511,172,162.11,5,1040.55,3.83,0.94,32.42,6.42
2026-01-11,C002,Generic - Electronics,SEARCH,6907,208,172.9,5,802.48,3.02,0.83,34.58,4.64
2026-01-11,C003,Generic - Home & Garden,SEARCH,7792,265,259.67,5,449.73,3.4,0.98,51.93,1.73
2026-01-11,C004,Shopping - All Products,SHOPPING,9864,213,160.89,6,869.57,2.16,0.76,26.81,5.4
2026-01-11,C005,Display - Retargeting,DISPLAY,26727,138,30.52,0,0.0,0.52,0.22,30.52,0.0
2026-01-11,C006,YouTube - Brand Awareness,VIDEO,20654,215,43.5,0,0.0,1.04,0.2,43.5,0.0
2026-01-12,C001,Brand - Olist,SEARCH,5593,197,159.28,4,517.04,3.53,0.81,39.82,3.25
2026-01-12,C002,Generic - Electronics,SEARCH,3889,145,174.58,3,291.09,3.74,1.2,58.19,1.67
2026-01-12,C003,Generic - Home & Garden,SEARCH,5984,210,210.96,4,410.13,3.51,1.0,52.74,1.94
2026-01-12,C004,Shopping - All Products,SHOPPING,7244,129,60.67,3,486.57,1.78,0.47,20.22,8.02
2026-01-12,C005,Display - Retargeting,DISPLAY,21382,126,29.43,1,104.85,0.59,0.23,29.43,3.56
2026-01-12,C006,YouTube - Brand Awareness,VIDEO,12647,150,31.96,0,0.0,1.19,0.21,31.96,0.0
2026-01-13,C001,Brand - Olist,SEARCH,3876,155,149.12,6,557.1,4.01,0.96,24.85,3.74
2026-01-13,C002,Generic - Electronics,SEARCH,2808,93,88.6,2,202.46,3.33,0.95,44.3,2.29
2026-01-13,C003,Generic - Home & Garden,SEARCH,3209,128,142.26,4,726.42,3.99,1.11,35.56,5.11
2026-01-13,C004,Shopping - All Products,SHOPPING,5259,102,54.49,1,242.1,1.94,0.53,54.49,4.44
2026-01-13,C005,Display - Retargeting,DISPLAY,19310,87,24.61,0,0.0,0.45,0.28,24.61,0.0
2026-01-13,C006,YouTube - Brand Awareness,VIDEO,11684,135,26.02,0,0.0,1.16,0.19,26.02,0.0
2026-01-14,C001,Brand - Olist,SEARCH,3628,122,124.74,4,787.22,3.37,1.02,31.18,6.31
2026-01-14,C002,Generic - Electronics,SEARCH,4265,155,155.39,3,555.77,3.64,1.0,51.8,3.58
2026-01-14,C003,Generic - Home & Garden,SEARCH,6433,218,180.52,4,696.15,3.4,0.83,45.13,3.86
2026-01-14,C004,Shopping - All Products,SHOPPING,7177,121,55.89,2,195.95,1.7,0.46,27.95,3.51
2026-01-14,C005,Display - Retargeting,DISPLAY,14291,80,26.83,0,0.0,0.56,0.34,26.83,0.0
2026-01-14,C006,YouTube - Brand Awareness,VIDEO,14942,174,23.19,0,0.0,1.17,0.13,23.19,0.0
2026-01-15,C001,Brand - Olist,SEARCH,5803,216,149.03,6,925.76,3.73,0.69,24.84,6.21
2026-01-15,C002,Generic - Electronics,SEARCH,4678,163,148.24,5,720.98,3.5,0.91,29.65,4.86
2026-01-15,C003,Generic - Home & Garden,SEARCH,4740,157,143.54,6,1190.29,3.32,0.91,23.92,8.29
2026-01-15,C004,Shopping - All Products,SHOPPING,9913,214,132.86,6,641.33,2.17,0.62,22.14,4.83
2026-01-15,C005,Display - Retargeting,DISPLAY,14629,75,26.03,0,0.0,0.52,0.35,26.03,0.0
2026-01-15,C006,YouTube - Brand Awareness,VIDEO,16339,181,32.59,0,0.0,1.11,0.18,32.59,0.0
2026-01-16,C001,Brand - Olist,SEARCH,4480,148,122.8,5,710.54,3.32,0.83,24.56,5.79
2026-01-16,C002,Generic - Electronics,SEARCH,6139,251,152.99,8,1347.73,4.1,0.61,19.12,8.81
2026-01-16,C003,Generic - Home & Garden,SEARCH,4668,164,129.26,3,556.77,3.53,0.79,43.09,4.31
2026-01-16,C004,Shopping - All Products,SHOPPING,6921,111,54.29,2,184.58,1.61,0.49,27.14,3.4
2026-01-16,C005,Display - Retargeting,DISPLAY,24720,129,25.19,1,90.27,0.52,0.2,25.19,3.58
2026-01-16,C006,YouTube - Brand Awareness,VIDEO,15961,215,39.48,0,0.0,1.35,0.18,39.48,0.0
2026-01-17,C001,Brand - Olist,SEARCH,6339,183,152.91,4,844.54,2.9,0.84,38.23,5.52
2026-01-17,C002,Generic - Electronics,SEARCH,5380,152,145.46,3,747.83,2.83,0.96,48.49,5.14
2026-01-17,C003,Generic - Home & Garden,SEARCH,6191,198,181.55,7,1667.09,3.21,0.92,25.94,9.18
2026-01-17,C004,Shopping - All Products,SHOPPING,7322,164,77.41,5,833.84,2.24,0.47,15.48,10.77
2026-01-17,C005,Display - Retargeting,DISPLAY,19608,104,22.95,1,195.35,0.53,0.22,22.95,8.51
2026-01-17,C006,YouTube - Brand Awareness,VIDEO,17939,195,31.61,0,0.0,1.09,0.16,31.61,0.0
2026-01-18,C001,Brand - Olist,SEARCH,5032,168,115.91,7,1236.61,3.34,0.69,16.56,10.67
2026-01-18,C002,Generic - Electronics,SEARCH,5824,233,235.82,4,368.27,4.0,1.01,58.95,1.56
2026-01-18,C003,Generic - Home & Garden,SEARCH,3529,113,93.62,2,340.15,3.23,0.83,46.81,3.63
2026-01-18,C004,Shopping - All Products,SHOPPING,6911,154,48.9,4,806.97,2.24,0.32,12.22,16.5
2026-01-18,C005,Display - Retargeting,DISPLAY,22803,133,28.14,1,203.52,0.59,0.21,28.14,7.23
2026-01-18,C006,YouTube - Brand Awareness,VIDEO,13749,168,29.18,0,0.0,1.22,0.17,29.18,0.0
2026-01-19,C001,Brand - Olist,SEARCH,3653,124,93.01,2,284.57,3.41,0.75,46.51,3.06
2026-01-19,C002,Generic - Electronics,SEARCH,3984,115,133.19,4,437.55,2.89,1.16,33.3,3.29
2026-01-19,C003,Generic - Home & Garden,SEARCH,4249,150,176.94,4,898.55,3.54,1.18,44.23,5.08
2026-01-19,C004,Shopping - All Products,SHOPPING,5075,81,43.13,1,206.6,1.61,0.53,43.13,4.79
2026-01-19,C005,Display - Retargeting,DISPLAY,13797,72,24.16,0,0.0,0.53,0.34,24.16,0.0
2026-01-19,C006,YouTube - Brand Awareness,VIDEO,9339,92,10.51,0,0.0,0.99,0.11,10.51,0.0
2026-01-20,C001,Brand - Olist,SEARCH,4888,190,138.07,6,850.09,3.9,0.73,23.01,6.16
2026-01-20,C002,Generic - Electronics,SEARCH,3005,119,94.75,4,933.45,3.98,0.8,23.69,9.85
2026-01-20,C003,Generic - Home & Garden,SEARCH,3613,119,111.85,2,361.74,3.3,0.94,55.92,3.23
2026-01-20,C004,Shopping - All Products,SHOPPING,8138,147,88.39,2,416.43,1.81,0.6,44.2,4.71
2026-01-20,C005,Display - Retargeting,DISPLAY,13492,73,22.96,0,0.0,0.55,0.31,22.96,0.0
2026-01-20,C006,YouTube - Brand Awareness,VIDEO,10981,114,13.07,0,0.0,1.04,0.11,13.07,0.0
2026-01-21,C001,Brand - Olist,SEARCH,4807,170,129.42,4,635.18,3.55,0.76,32.35,4.91
2026-01-21,C002,Generic - Electronics,SEARCH,5065,209,199.45,4,997.61,4.13,0.95,49.86,5.0
2026-01-21,C003,Generic - Home & Garden,SEARCH,5818,234,196.91,7,790.97,4.03,0.84,28.13,4.02
2026-01-21,C004,Shopping - All Products,SHOPPING,8909,206,75.51,5,632.22,2.32,0.37,15.1,8.37
2026-01-21,C005,Display - Retargeting,DISPLAY,21486,115,26.6,1,227.73,0.54,0.23,26.6,8.56
2026-01-21,C006,YouTube - Brand Awareness,VIDEO,17369,239,25.6,0,0.0,1.38,0.11,25.6,0.0
2026-01-22,C001,Brand - Olist,SEARCH,6169,213,144.82,5,1161.23,3.45,0.68,28.96,8.02
2026-01-22,C002,Generic - Electronics,SEARCH,4777,186,136.86,5,1045.43,3.91,0.74,27.37,7.64
2026-01-22,C003,Generic - Home & Garden,SEARCH,3768,131,148.18,2,263.26,3.49,1.13,74.09,1.78
2026-01-22,C004,Shopping - All Products,SHOPPING,7727,134,73.02,2,385.52,1.74,0.54,36.51,5.28
2026-01-22,C005,Display - Retargeting,DISPLAY,19785,108,37.07,1,119.16,0.55,0.34,37.07,3.21
2026-01-22,C006,YouTube - Brand Awareness,VIDEO,14230,138,16.46,0,0.0,0.98,0.12,16.46,0.0
2026-01-23,C001,Brand - Olist,SEARCH,5725,238,142.25,5,671.86,4.16,0.6,28.45,4.72
2026-01-23,C002,Generic - Electronics,SEARCH,4479,167,152.11,3,251.29,3.74,0.91,50.7,1.65
2026-01-23,C003,Generic - Home & Garden,SEARCH,4156,122,129.61,4,582.25,2.95,1.06,32.4,4.49
2026-01-23,C004,Shopping - All Products,SHOPPING,5952,133,66.18,4,350.78,2.25,0.5,16.55,5.3
2026-01-23,C005,Display - Retargeting,DISPLAY,16421,90,26.92,0,0.0,0.55,0.3,26.92,0.0
2026-01-23,C006,YouTube - Brand Awareness,VIDEO,13323,140,22.29,0,0.0,1.05,0.16,22.29,0.0
2026-01-24,C001,Brand - Olist,SEARCH,5217,177,163.97,3,313.26,3.4,0.93,54.66,1.91
2026-01-24,C002,Generic - Electronics,SEARCH,6238,233,199.36,8,1691.32,3.74,0.86,24.92,8.48
2026-01-24,C003,Generic - Home & Garden,SEARCH,6259,212,163.15,5,905.41,3.4,0.77,32.63,5.55
2026-01-24,C004,Shopping - All Products,SHOPPING,7615,131,60.64,3,491.6,1.72,0.46,20.21,8.11
2026-01-24,C005,Display - Retargeting,DISPLAY,15982,77,24.07,0,0.0,0.48,0.31,24.07,0.0
2026-01-24,C006,YouTube - Brand Awareness,VIDEO,12671,170,19.35,0,0.0,1.34,0.11,19.35,0.0
2026-01-25,C001,Brand - Olist,SEARCH,5008,175,157.34,6,897.75,3.5,0.9,26.22,5.71
2026-01-25,C002,Generic - Electronics,SEARCH,5395,194,164.09,7,789.54,3.61,0.85,23.44,4.81
2026-01-25,C003,Generic - Home & Garden,SEARCH,6217,178,138.57,5,511.54,2.87,0.78,27.71,3.69
2026-01-25,C004,Shopping - All Products,SHOPPING,9835,222,115.53,7,1548.59,2.26,0.52,16.5,13.4
2026-01-25,C005,Display - Retargeting,DISPLAY,19991,108,29.61,0,0.0,0.54,0.27,29.61,0.0
2026-01-25,C006,YouTube - Brand Awareness,VIDEO,11203,126,22.44,0,0.0,1.13,0.18,22.44,0.0
2026-01-26,C001,Brand - Olist,SEARCH,4255,130,131.13,3,580.87,3.06,1.01,43.71,4.43
2026-01-26,C002,Generic - Electronics,SEARCH,3544,101,110.09,1,92.71,2.87,1.09,110.09,0.84
2026-01-26,C003,Generic - Home & Garden,SEARCH,3404,103,108.74,3,328.66,3.05,1.06,36.25,3.02
2026-01-26,C004,Shopping - All Products,SHOPPING,6372,137,71.29,4,475.4,2.15,0.52,17.82,6.67
2026-01-26,C005,Display - Retargeting,DISPLAY,15939,91,17.17,0,0.0,0.58,0.19,17.17,0.0
2026-01-26,C006,YouTube - Brand Awareness,VIDEO,10271,107,16.39,0,0.0,1.05,0.15,16.39,0.0
2026-01-27,C001,Brand - Olist,SEARCH,4272,176,158.49,4,505.13,4.12,0.9,39.62,3.19
2026-01-27,C002,Generic - Electronics,SEARCH,3890,152,131.71,6,553.47,3.93,0.87,21.95,4.2
2026-01-27,C003,Generic - Home & Garden,SEARCH,2908,87,71.66,3,251.8,3.01,0.82,23.89,3.51
2026-01-27,C004,Shopping - All Products,SHOPPING,5692,99,60.24,3,735.89,1.75,0.61,20.08,12.22
2026-01-27,C005,Display - Retargeting,DISPLAY,15972,71,14.83,0,0.0,0.45,0.21,14.83,0.0
2026-01-27,C006,YouTube - Brand Awareness,VIDEO,8769,109,18.79,0,0.0,1.25,0.17,18.79,0.0
2026-01-28,C001,Brand - Olist,SEARCH,5100,150,160.39,2,293.06,2.95,1.07,80.19,1.83
2026-01-28,C002,Generic - Electronics,SEARCH,4962,149,165.58,5,970.35,3.01,1.11,33.12,5.86
2026-01-28,C003,Generic - Home & Garden,SEARCH,5294,162,117.66,3,416.18,3.07,0.73,39.22,3.54
2026-01-28,C004,Shopping - All Products,SHOPPING,9599,181,100.04,5,1229.83,1.89,0.55,20.01,12.29
2026-01-28,C005,Display - Retargeting,DISPLAY,16878,96,27.25,0,0.0,0.57,0.28,27.25,0.0
2026-01-28,C006,YouTube - Brand Awareness,VIDEO,12552,124,19.99,0,0.0,0.99,0.16,19.99,0.0
2026-01-29,C001,Brand - Olist,SEARCH,5981,231,135.43,4,916.57,3.88,0.59,33.86,6.77
2026-01-29,C002,Generic - Electronics,SEARCH,6009,193,147.59,7,1487.17,3.21,0.76,21.08,10.08
2026-01-29,C003,Generic - Home & Garden,SEARCH,5316,166,150.7,6,874.7,3.14,0.91,25.12,5.8
2026-01-29,C004,Shopping - All Products,SHOPPING,9601,182,104.58,3,553.9,1.91,0.57,34.86,5.3
2026-01-29,C005,Display - Retargeting,DISPLAY,14843,87,23.96,0,0.0,0.59,0.28,23.96,0.0
2026-01-29,C006,YouTube - Brand Awareness,VIDEO,15200,213,23.81,0,0.0,1.41,0.11,23.81,0.0
2026-01-30,C001,Brand - Olist,SEARCH,4892,159,132.89,5,1247.74,3.26,0.84,26.58,9.39
2026-01-30,C002,Generic - Electronics,SEARCH,5860,186,139.93,7,592.47,3.18,0.75,19.99,4.23
2026-01-30,C003,Generic - Home & Garden,SEARCH,4190,170,165.88,3,679.94,4.07,0.98,55.29,4.1
2026-01-30,C004,Shopping - All Products,SHOPPING,9890,178,79.65,5,1091.83,1.8,0.45,15.93,13.71
2026-01-30,C005,Display - Retargeting,DISPLAY,20220,117,27.15,1,171.69,0.58,0.23,27.15,6.32
2026-01-30,C006,YouTube - Brand Awareness,VIDEO,18191,181,35.04,0,0.0,1.0,0.19,35.04,0.0
2026-01-31,C001,Brand - Olist,SEARCH,5328,202,141.46,6,1329.85,3.8,0.7,23.58,9.4
2026-01-31,C002,Generic - Electronics,SEARCH,4470,140,106.54,3,241.84,3.15,0.76,35.51,2.27
2026-01-31,C003,Generic - Home & Garden,SEARCH,5845,220,147.73,7,1155.93,3.78,0.67,21.1,7.82
2026-01-31,C004,Shopping - All Products,SHOPPING,7434,172,67.4,2,418.1,2.32,0.39,33.7,6.2
2026-01-31,C005,Display - Retargeting,DISPLAY,21146,110,23.46,1,140.84,0.52,0.21,23.46,6.0
2026-01-31,C006,YouTube - Brand Awareness,VIDEO,17712,199,36.74,0,0.0,1.13,0.18,36.74,0.0
2026-02-01,C001,Brand - Olist,SEARCH,6443,205,136.89,7,1236.6,3.19,0.67,19.56,9.03
2026-02-01,C002,Generic - Electronics,SEARCH,4655,137,158.69,3,418.61,2.96,1.16,52.9,2.64
2026-02-01,C003,Generic - Home & Garden,SEARCH,4312,157,180.29,4,882.02,3.64,1.15,45.07,4.89
2026-02-01,C004,Shopping - All Products,SHOPPING,7630,137,85.59,2,496.5,1.8,0.62,42.8,5.8
2026-02-01,C005,Display - Retargeting,DISPLAY,15607,86,29.13,0,0.0,0.55,0.34,29.13,0.0
2026-02-01,C006,YouTube - Brand Awareness,VIDEO,11504,133,25.0,0,0.0,1.16,0.19,25.0,0.0
2026-02-02,C001,Brand - Olist,SEARCH,4196,167,130.0,5,655.45,4.0,0.78,26.0,5.04
2026-02-02,C002,Generic - Electronics,SEARCH,3508,115,111.03,4,710.94,3.31,0.97,27.76,6.4
2026-02-02,C003,Generic - Home & Garden,SEARCH,5008,143,114.24,3,679.62,2.86,0.8,38.08,5.95
2026-02-02,C004,Shopping - All Products,SHOPPING,4620,90,31.68,2,371.84,1.95,0.35,15.84,11.74
2026-02-02,C005,Display - Retargeting,DISPLAY,18272,85,28.92,0,0.0,0.47,0.34,28.92,0.0
2026-02-02,C006,YouTube - Brand Awareness,VIDEO,15014,185,33.15,0,0.0,1.24,0.18,33.15,0.0
2026-02-03,C001,Brand - Olist,SEARCH,4258,149,141.25,5,1205.94,3.5,0.95,28.25,8.54
2026-02-03,C002,Generic - Electronics,SEARCH,4938,160,133.85,5,865.73,3.25,0.84,26.77,6.47
2026-02-03,C003,Generic - Home & Garden,SEARCH,5023,178,160.45,3,243.78,3.55,0.9,53.48,1.52
2026-02-03,C004,Shopping - All Products,SHOPPING,7986,153,70.78,3,550.85,1.93,0.46,23.59,7.78
2026-02-03,C005,Display - Retargeting,DISPLAY,14046,79,16.12,0,0.0,0.57,0.2,16.12,0.0
2026-02-03,C006,YouTube - Brand Awareness,VIDEO,10432,133,17.01,0,0.0,1.28,0.13,17.01,0.0
2026-02-04,C001,Brand - Olist,SEARCH,5026,205,164.06,6,1169.33,4.09,0.8,27.34,7.13
2026-02-04,C002,Generic - Electronics,SEARCH,5375,197,134.46,5,776.16,3.67,0.68,26.89,5.77
2026-02-04,C003,Generic - Home & Garden,SEARCH,5070,151,122.14,6,600.9,2.98,0.81,20.36,4.92
2026-02-04,C004,Shopping - All Products,SHOPPING,6840,158,73.79,3,299.09,2.31,0.47,24.6,4.05
2026-02-04,C005,Display - Retargeting,DISPLAY,16402,67,16.86,0,0.0,0.41,0.25,16.86,0.0
2026-02-04,C006,YouTube - Brand Awareness,VIDEO,12305,138,26.74,0,0.0,1.13,0.19,26.74,0.0
2026-02-05,C001,Brand - Olist,SEARCH,6011,195,155.34,7,833.28,3.25,0.8,22.19,5.36
2026-02-05,C002,Generic - Electronics,SEARCH,6418,187,118.89,6,1460.1,2.92,0.64,19.82,12.28
2026-02-05,C003,Generic - Home & Garden,SEARCH,4714,133,126.85,3,489.12,2.84,0.95,42.28,3.86
2026-02-05,C004,Shopping - All Products,SHOPPING,5909,117,52.57,3,334.46,1.99,0.45,17.52,6.36
2026-02-05,C005,Display - Retargeting,DISPLAY,16473,74,15.27,0,0.0,0.45,0.21,15.27,0.0
2026-02-05,C006,YouTube - Brand Awareness,VIDEO,15960,184,25.36,0,0.0,1.16,0.14,25.36,0.0
2026-02-06,C001,Brand - Olist,SEARCH,4370,169,113.87,6,607.4,3.88,0.67,18.98,5.33
2026-02-06,C002,Generic - Electronics,SEARCH,6430,268,299.76,6,1073.65,4.18,1.12,49.96,3.58
2026-02-06,C003,Generic - Home & Garden,SEARCH,4759,146,123.67,2,273.36,3.09,0.85,61.84,2.21
2026-02-06,C004,Shopping - All Products,SHOPPING,5685,125,64.6,4,335.38,2.2,0.52,16.15,5.19
2026-02-06,C005,Display - Retargeting,DISPLAY,21079,117,36.61,1,236.14,0.56,0.31,36.61,6.45
2026-02-06,C006,YouTube - Brand Awareness,VIDEO,15552,185,20.3,0,0.0,1.19,0.11,20.3,0.0
2026-02-07,C001,Brand - Olist,SEARCH,4711,176,115.34,3,263.22,3.76,0.66,38.45,2.28
2026-02-07,C002,Generic - Electronics,SEARCH,5123,200,191.64,6,826.44,3.91,0.96,31.94,4.31
2026-02-07,C003,Generic - Home & Garden,SEARCH,4585,148,150.77,2,362.71,3.24,1.02,75.39,2.41
2026-02-07,C004,Shopping - All Products,SHOPPING,10123,211,118.5,4,808.51,2.09,0.56,29.62,6.82
2026-02-07,C005,Display - Retargeting,DISPLAY,23889,106,24.79,0,0.0,0.44,0.23,24.79,0.0
2026-02-07,C006,YouTube - Brand Awareness,VIDEO,13606,155,30.28,0,0.0,1.14,0.2,30.28,0.0
2026-02-08,C001,Brand - Olist,SEARCH,4971,186,120.15,5,820.61,3.75,0.65,24.03,6.83
2026-02-08,C002,Generic - Electronics,SEARCH,6397,266,288.94,10,1971.88,4.16,1.09,28.89,6.82
2026-02-08,C003,Generic - Home & Garden,SEARCH,4678,176,106.45,6,1138.49,3.78,0.6,17.74,10.7
2026-02-08,C004,Shopping - All Products,SHOPPING,7348,146,87.62,3,301.37,2.0,0.6,29.21,3.44
2026-02-08,C005,Display - Retargeting,DISPLAY,17524,104,26.16,0,0.0,0.6,0.25,26.16,0.0
2026-02-08,C006,YouTube - Brand Awareness,VIDEO,15935,206,30.05,0,0.0,1.29,0.15,30.05,0.0
2026-02-09,C001,Brand - Olist,SEARCH,5077,209,155.54,7,1274.65,4.12,0.74,22.22,8.19
2026-02-09,C002,Generic - Electronics,SEARCH,3122,104,121.98,4,383.38,3.35,1.17,30.5,3.14
2026-02-09,C003,Generic - Home & Garden,SEARCH,3602,118,73.83,2,444.86,3.29,0.63,36.91,6.03
2026-02-09,C004,Shopping - All Products,SHOPPING,4723,86,27.37,2,379.29,1.84,0.32,13.69,13.86
2026-02-09,C005,Display - Retargeting,DISPLAY,14794,65,19.57,0,0.0,0.44,0.3,19.57,0.0
2026-02-09,C006,YouTube - Brand Awareness,VIDEO,10190,106,19.3,0,0.0,1.04,0.18,19.3,0.0
2026-02-10,C001,Brand - Olist,SEARCH,5119,204,148.8,6,864.3,3.99,0.73,24.8,5.81
2026-02-10,C002,Generic - Electronics,SEARCH,2986,100,94.84,3,317.06,3.36,0.95,31.61,3.34
2026-02-10,C003,Generic - Home & Garden,SEARCH,3681,109,91.11,2,296.25,2.97,0.84,45.55,3.25
2026-02-10,C004,Shopping - All Products,SHOPPING,6316,128,51.41,2,267.5,2.03,0.4,25.7,5.2
2026-02-10,C005,Display - Retargeting,DISPLAY,19169,97,22.62,1,247.04,0.51,0.23,22.62,10.92
2026-02-10,C006,YouTube - Brand Awareness,VIDEO,13384,152,20.44,0,0.0,1.14,0.13,20.44,0.0
2026-02-11,C001,Brand - Olist,SEARCH,6144,200,162.19,7,1727.88,3.26,0.81,23.17,10.65
2026-02-11,C002,Generic - Electronics,SEARCH,5824,199,181.29,6,740.51,3.43,0.91,30.21,4.08
2026-02-11,C003,Generic - Home & Garden,SEARCH,4806,169,110.28,3,446.51,3.52,0.65,36.76,4.05
2026-02-11,C004,Shopping - All Products,SHOPPING,9462,186,107.92,5,578.05,1.97,0.58,21.58,5.36
2026-02-11,C005,Display - Retargeting,DISPLAY,14459,83,25.45,0,0.0,0.57,0.31,25.45,0.0
2026-02-11,C006,YouTube - Brand Awareness,VIDEO,19059,229,35.39,0,0.0,1.2,0.15,35.39,0.0
2026-02-12,C001,Brand - Olist,SEARCH,4857,138,103.49,5,909.04,2.85,0.75,20.7,8.78
2026-02-12,C002,Generic - Electronics,SEARCH,5791,239,233.79,5,558.33,4.14,0.98,46.76,2.39
2026-02-12,C003,Generic - Home & Garden,SEARCH,4709,162,182.69,3,618.74,3.46,1.13,60.9,3.39
2026-02-12,C004,Shopping - All Products,SHOPPING,8027,138,68.54,4,719.03,1.73,0.5,17.14,10.49
2026-02-12,C005,Display - Retargeting,DISPLAY,18524,77,19.8,0,0.0,0.42,0.26,19.8,0.0
2026-02-12,C006,YouTube - Brand Awareness,VIDEO,18882,255,43.86,0,0.0,1.35,0.17,43.86,0.0
2026-02-13,C001,Brand - Olist,SEARCH,5081,150,156.23,3,471.37,2.96,1.04,52.08,3.02
2026-02-13,C002,Generic - Electronics,SEARCH,5353,220,235.54,4,833.13,4.11,1.07,58.88,3.54
2026-02-13,C003,Generic - Home & Garden,SEARCH,5288,157,133.3,3,684.36,2.99,0.85,44.43,5.13
2026-02-13,C004,Shopping - All Products,SHOPPING,5561,123,59.47,3,639.01,2.23,0.48,19.82,10.75
2026-02-13,C005,Display - Retargeting,DISPLAY,23946,113,31.67,0,0.0,0.47,0.28,31.67,0.0
2026-02-13,C006,YouTube - Brand Awareness,VIDEO,10002,109,16.73,0,0.0,1.1,0.15,16.73,0.0
2026-02-14,C001,Brand - Olist,SEARCH,4686,184,150.9,3,426.51,3.94,0.82,50.3,2.83
2026-02-14,C002,Generic - Electronics,SEARCH,3720,140,117.04,4,462.55,3.77,0.84,29.26,3.95
2026-02-14,C003,Generic - Home & Garden,SEARCH,5961,171,180.31,5,657.21,2.88,1.05,36.06,3.64
2026-02-14,C004,Shopping - All Products,SHOPPING,9728,177,84.16,5,855.88,1.83,0.48,16.83,10.17
2026-02-14,C005,Display - Retargeting,DISPLAY,24590,132,26.52,0,0.0,0.54,0.2,26.52,0.0
2026-02-14,C006,YouTube - Brand Awareness,VIDEO,16476,204,21.12,0,0.0,1.24,0.1,21.12,0.0
2026-02-15,C001,Brand - Olist,SEARCH,6044,248,141.62,7,826.92,4.12,0.57,20.23,5.84
2026-02-15,C002,Generic - Electronics,SEARCH,4065,148,87.07,5,723.65,3.66,0.59,17.41,8.31
2026-02-15,C003,Generic - Home & Garden,SEARCH,4793,165,175.55,3,467.89,3.45,1.06,58.52,2.67
2026-02-15,C004,Shopping - All Products,SHOPPING,7276,172,60.49,5,1162.18,2.37,0.35,12.1,19.21
2026-02-15,C005,Display - Retargeting,DISPLAY,23237,116,32.01,0,0.0,0.5,0.28,32.01,0.0
2026-02-15,C006,YouTube - Brand Awareness,VIDEO,10091,112,21.59,0,0.0,1.12,0.19,21.59,0.0
2026-02-16,C001,Brand - Olist,SEARCH,3377,124,123.47,4,347.36,3.68,1.0,30.87,2.81
2026-02-16,C002,Generic - Electronics,SEARCH,4762,146,155.5,5,970.92,3.07,1.07,31.1,6.24
2026-02-16,C003,Generic - Home & Garden,SEARCH,3061,125,88.0,4,391.99,4.09,0.7,22.0,4.45
2026-02-16,C004,Shopping - All Products,SHOPPING,5065,101,55.32,2,401.82,2.0,0.55,27.66,7.26
2026-02-16,C005,Display - Retargeting,DISPLAY,18488,108,32.04,0,0.0,0.59,0.3,32.04,0.0
2026-02-16,C006,YouTube - Brand Awareness,VIDEO,12834,184,31.88,0,0.0,1.44,0.17,31.88,0.0
2026-02-17,C001,Brand - Olist,SEARCH,4232,161,141.7,6,1190.6,3.81,0.88,23.62,8.4
2026-02-17,C002,Generic - Electronics,SEARCH,3199,104,112.98,2,173.02,3.25,1.09,56.49,1.53
2026-02-17,C003,Generic - Home & Garden,SEARCH,2770,88,81.04,2,403.88,3.2,0.92,40.52,4.98
2026-02-17,C004,Shopping - All Products,SHOPPING,4325,72,29.29,1,188.96,1.68,0.41,29.29,6.45
2026-02-17,C005,Display - Retargeting,DISPLAY,18075,99,29.91,0,0.0,0.55,0.3,29.91,0.0
2026-02-17,C006,YouTube - Brand Awareness,VIDEO,14772,154,18.66,0,0.0,1.05,0.12,18.66,0.0
2026-02-18,C001,Brand - Olist,SEARCH,5590,205,164.12,7,1684.23,3.68,0.8,23.45,10.26
2026-02-18,C002,Generic - Electronics,SEARCH,4227,138,144.68,5,831.35,3.27,1.05,28.94,5.75
2026-02-18,C003,Generic - Home & Garden,SEARCH,5965,195,189.14,6,994.46,3.27,0.97,31.52,5.26
2026-02-18,C004,Shopping - All Products,SHOPPING,9730,209,78.26,3,429.52,2.15,0.37,26.09,5.49
2026-02-18,C005,Display - Retargeting,DISPLAY,14464,83,17.75,0,0.0,0.58,0.21,17.75,0.0
2026-02-18,C006,YouTube - Brand Awareness,VIDEO,11181,148,28.24,0,0.0,1.33,0.19,28.24,0.0
2026-02-19,C001,Brand - Olist,SEARCH,5232,182,136.02,6,514.01,3.49,0.75,22.67,3.78
2026-02-19,C002,Generic - Electronics,SEARCH,4622,139,143.28,3,458.66,3.01,1.03,47.76,3.2
2026-02-19,C003,Generic - Home & Garden,SEARCH,5526,191,193.14,4,695.04,3.47,1.01,48.28,3.6
2026-02-19,C004,Shopping - All Products,SHOPPING,9638,159,49.63,4,591.32,1.66,0.31,12.41,11.91
2026-02-19,C005,Display - Retargeting,DISPLAY,22711,94,18.7,0,0.0,0.41,0.2,18.7,0.0
2026-02-19,C006,YouTube - Brand Awareness,VIDEO,11036,155,20.73,0,0.0,1.41,0.13,20.73,0.0
2026-02-20,C001,Brand - Olist,SEARCH,5736,226,152.66,5,986.37,3.95,0.68,30.53,6.46
2026-02-20,C002,Generic - Electronics,SEARCH,4205,167,114.92,3,337.44,3.98,0.69,38.31,2.94
2026-02-20,C003,Generic - Home & Garden,SEARCH,4773,147,146.51,5,891.7,3.09,1.0,29.3,6.09
2026-02-20,C004,Shopping - All Products,SHOPPING,9817,235,131.47,4,832.23,2.4,0.56,32.87,6.33
2026-02-20,C005,Display - Retargeting,DISPLAY,24206,97,24.8,0,0.0,0.4,0.26,24.8,0.0
2026-02-20,C006,YouTube - Brand Awareness,VIDEO,14897,182,35.58,0,0.0,1.22,0.2,35.58,0.0
2026-02-21,C001,Brand - Olist,SEARCH,4573,158,114.2,5,893.16,3.46,0.72,22.84,7.82
2026-02-21,C002,Generic - Electronics,SEARCH,5138,169,125.7,3,369.05,3.29,0.74,41.9,2.94
2026-02-21,C003,Generic - Home & Garden,SEARCH,3445,99,69.58,2,382.69,2.9,0.7,34.79,5.5
2026-02-21,C004,Shopping - All Products,SHOPPING,5598,109,62.4,2,474.43,1.95,0.57,31.2,7.6
2026-02-21,C005,Display - Retargeting,DISPLAY,17057,70,23.21,0,0.0,0.41,0.33,23.21,0.0
2026-02-21,C006,YouTube - Brand Awareness,VIDEO,15714,165,19.75,0,0.0,1.05,0.12,19.75,0.0
2026-02-22,C001,Brand - Olist,SEARCH,5555,160,133.69,5,449.71,2.88,0.84,26.74,3.36
2026-02-22,C002,Generic - Electronics,SEARCH,4518,163,98.22,5,843.39,3.62,0.6,19.64,8.59
2026-02-22,C003,Generic - Home & Garden,SEARCH,3786,134,144.87,4,370.08,3.55,1.08,36.22,2.55
2026-02-22,C004,Shopping - All Products,SHOPPING,5349,92,39.17,1,186.36,1.72,0.43,39.17,4.76
2026-02-22,C005,Display - Retargeting,DISPLAY,17987,80,20.14,0,0.0,0.45,0.25,20.14,0.0
2026-02-22,C006,YouTube - Brand Awareness,VIDEO,12869,172,20.8,0,0.0,1.34,0.12,20.8,0.0
2026-02-23,C001,Brand - Olist,SEARCH,3664,135,129.86,5,922.98,3.71,0.96,25.97,7.11
2026-02-23,C002,Generic - Electronics,SEARCH,3034,85,85.68,1,177.72,2.83,1.01,85.68,2.07
2026-02-23,C003,Generic - Home & Garden,SEARCH,4035,151,118.94,6,756.52,3.76,0.79,19.82,6.36
2026-02-23,C004,Shopping - All Products,SHOPPING,6820,159,80.23,2,341.94,2.34,0.5,40.12,4.26
2026-02-23,C005,Display - Retargeting,DISPLAY,15770,85,28.22,0,0.0,0.54,0.33,28.22,0.0
2026-02-23,C006,YouTube - Brand Awareness,VIDEO,13061,133,21.52,0,0.0,1.03,0.16,21.52,0.0
2026-02-24,C001,Brand - Olist,SEARCH,4634,167,152.24,3,327.14,3.62,0.91,50.75,2.15
2026-02-24,C002,Generic - Electronics,SEARCH,4915,187,110.91,5,661.13,3.82,0.59,22.18,5.96
2026-02-24,C003,Generic - Home & Garden,SEARCH,3011,119,71.56,2,214.71,3.98,0.6,35.78,3.0
2026-02-24,C004,Shopping - All Products,SHOPPING,6109,98,38.15,1,141.28,1.61,0.39,38.15,3.7
2026-02-24,C005,Display - Retargeting,DISPLAY,14955,76,22.85,0,0.0,0.51,0.3,22.85,0.0
2026-02-24,C006,YouTube - Brand Awareness,VIDEO,12922,129,13.15,0,0.0,1.0,0.1,13.15,0.0
2026-02-25,C001,Brand - Olist,SEARCH,3932,115,110.48,2,169.58,2.93,0.96,55.24,1.53
2026-02-25,C002,Generic - Electronics,SEARCH,4488,162,156.22,5,494.25,3.62,0.96,31.24,3.16
2026-02-25,C003,Generic - Home & Garden,SEARCH,5270,220,236.97,5,1038.17,4.18,1.08,47.39,4.38
2026-02-25,C004,Shopping - All Products,SHOPPING,9201,197,73.72,4,408.27,2.14,0.37,18.43,5.54
2026-02-25,C005,Display - Retargeting,DISPLAY,14551,77,18.4,0,0.0,0.53,0.24,18.4,0.0
2026-02-25,C006,YouTube - Brand Awareness,VIDEO,16177,171,28.82,0,0.0,1.06,0.17,28.82,0.0
2026-02-26,C001,Brand - Olist,SEARCH,5705,190,108.61,5,1206.65,3.35,0.57,21.72,11.11
2026-02-26,C002,Generic - Electronics,SEARCH,6006,183,122.59,6,486.14,3.05,0.67,20.43,3.97
2026-02-26,C003,Generic - Home & Garden,SEARCH,3687,131,92.38,3,379.85,3.55,0.71,30.79,4.11
2026-02-26,C004,Shopping - All Products,SHOPPING,7650,182,61.23,5,1145.34,2.38,0.34,12.25,18.71
2026-02-26,C005,Display - Retargeting,DISPLAY,17794,96,17.36,1,171.37,0.54,0.18,17.36,9.87
2026-02-26,C006,YouTube - Brand Awareness,VIDEO,14237,149,24.28,0,0.0,1.05,0.16,24.28,0.0
2026-02-27,C001,Brand - Olist,SEARCH,4888,177,120.81,4,803.97,3.63,0.68,30.2,6.65
2026-02-27,C002,Generic - Electronics,SEARCH,5052,201,147.21,7,1030.06,3.98,0.73,21.03,7.0
2026-02-27,C003,Generic - Home & Garden,SEARCH,3596,113,124.99,2,224.46,3.16,1.11,62.49,1.8
2026-02-27,C004,Shopping - All Products,SHOPPING,8999,163,64.89,3,449.78,1.82,0.4,21.63,6.93
2026-02-27,C005,Display - Retargeting,DISPLAY,19042,107,32.36,0,0.0,0.56,0.3,32.36,0.0
2026-02-27,C006,YouTube - Brand Awareness,VIDEO,11003,112,21.76,0,0.0,1.02,0.19,21.76,0.0
2026-02-28,C001,Brand - Olist,SEARCH,6144,224,157.63,5,542.06,3.65,0.7,31.53,3.44
2026-02-28,C002,Generic - Electronics,SEARCH,5489,180,115.49,4,976.35,3.28,0.64,28.87,8.45
2026-02-28,C003,Generic - Home & Garden,SEARCH,5314,188,209.23,5,1169.83,3.54,1.11,41.85,5.59
2026-02-28,C004,Shopping - All Products,SHOPPING,7163,127,46.85,2,384.04,1.78,0.37,23.43,8.2
2026-02-28,C005,Display - Retargeting,DISPLAY,21121,85,14.89,0,0.0,0.4,0.18,14.89,0.0
2026-02-28,C006,YouTube - Brand Awareness,VIDEO,14696,182,23.65,0,0.0,1.24,0.13,23.65,0.0
2026-03-01,C001,Brand - Olist,SEARCH,5714,204,137.62,8,928.14,3.58,0.67,17.2,6.74
2026-03-01,C002,Generic - Electronics,SEARCH,4054,121,118.78,2,457.48,3.01,0.98,59.39,3.85
2026-03-01,C003,Generic - Home & Garden,SEARCH,4914,160,121.55,4,549.19,3.26,0.76,30.39,4.52
2026-03-01,C004,Shopping - All Products,SHOPPING,7818,173,86.69,4,891.29,2.22,0.5,21.67,10.28
2026-03-01,C005,Display - Retargeting,DISPLAY,14077,58,15.01,0,0.0,0.42,0.26,15.01,0.0
2026-03-01,C006,YouTube - Brand Awareness,VIDEO,15500,217,25.3,0,0.0,1.4,0.12,25.3,0.0
2026-03-02,C001,Brand - Olist,SEARCH,3918,131,135.13,3,350.75,3.34,1.03,45.04,2.6
2026-03-02,C002,Generic - Electronics,SEARCH,4355,124,128.38,4,423.75,2.86,1.04,32.09,3.3
2026-03-02,C003,Generic - Home & Garden,SEARCH,4097,115,120.12,3,612.6,2.82,1.04,40.04,5.1
2026-03-02,C004,Shopping - All Products,SHOPPING,4600,93,35.94,2,409.31,2.02,0.39,17.97,11.39
2026-03-02,C005,Display - Retargeting,DISPLAY,19155,89,28.13,0,0.0,0.47,0.32,28.13,0.0
2026-03-02,C006,YouTube - Brand Awareness,VIDEO,8105,91,9.25,0,0.0,1.13,0.1,9.25,0.0
2026-03-03,C001,Brand - Olist,SEARCH,4462,137,115.0,2,424.71,3.08,0.84,57.5,3.69
2026-03-03,C002,Generic - Electronics,SEARCH,3342,103,90.72,4,918.44,3.1,0.88,22.68,10.12
2026-03-03,C003,Generic - Home & Garden,SEARCH,3762,124,92.91,3,650.54,3.3,0.75,30.97,7.0
2026-03-03,C004,Shopping - All Products,SHOPPING,5389,94,41.5,2,336.24,1.75,0.44,20.75,8.1
2026-03-03,C005,Display - Retargeting,DISPLAY,15166,69,21.85,0,0.0,0.46,0.32,21.85,0.0
2026-03-03,C006,YouTube - Brand Awareness,VIDEO,14003,183,20.16,0,0.0,1.31,0.11,20.16,0.0
2026-03-04,C001,Brand - Olist,SEARCH,3706,136,127.81,4,768.47,3.69,0.94,31.95,6.01
2026-03-04,C002,Generic - Electronics,SEARCH,5508,198,141.11,3,426.95,3.61,0.71,47.04,3.03
2026-03-04,C003,Generic - Home & Garden,SEARCH,5402,183,106.01,6,1464.16,3.4,0.58,17.67,13.81
2026-03-04,C004,Shopping - All Products,SHOPPING,7836,157,61.94,2,252.8,2.01,0.39,30.97,4.08
2026-03-04,C005,Display - Retargeting,DISPLAY,18419,80,14.46,0,0.0,0.44,0.18,14.46,0.0
2026-03-04,C006,YouTube - Brand Awareness,VIDEO,15258,150,26.05,0,0.0,0.99,0.17,26.05,0.0
2026-03-05,C001,Brand - Olist,SEARCH,5393,222,155.8,5,1186.05,4.13,0.7,31.16,7.61
2026-03-05,C002,Generic - Electronics,SEARCH,3836,156,115.75,5,402.12,4.07,0.74,23.15,3.47
2026-03-05,C003,Generic - Home & Garden,SEARCH,5696,180,191.76,6,852.63,3.17,1.07,31.96,4.45
2026-03-05,C004,Shopping - All Products,SHOPPING,5590,126,44.15,3,485.95,2.26,0.35,14.72,11.01
2026-03-05,C005,Display - Retargeting,DISPLAY,15564,66,12.32,0,0.0,0.43,0.19,12.32,0.0
2026-03-05,C006,YouTube - Brand Awareness,VIDEO,11672,118,18.56,0,0.0,1.01,0.16,18.56,0.0
2026-03-06,C001,Brand - Olist,SEARCH,3461,135,106.41,2,472.38,3.92,0.79,53.2,4.44
2026-03-06,C002,Generic - Electronics,SEARCH,3640,146,127.44,4,875.87,4.01,0.87,31.86,6.87
2026-03-06,C003,Generic - Home & Garden,SEARCH,5394,187,196.61,7,1567.27,3.48,1.05,28.09,7.97
2026-03-06,C004,Shopping - All Products,SHOPPING,8549,192,88.7,4,561.69,2.25,0.46,22.18,6.33
2026-03-06,C005,Display - Retargeting,DISPLAY,19785,89,21.31,0,0.0,0.45,0.24,21.31,0.0
2026-03-06,C006,YouTube - Brand Awareness,VIDEO,17259,197,34.35,0,0.0,1.14,0.17,34.35,0.0
2026-03-07,C001,Brand - Olist,SEARCH,3720,136,123.57,3,680.29,3.66,0.91,41.19,5.51
2026-03-07,C002,Generic - Electronics,SEARCH,3821,108,100.85,4,734.54,2.83,0.93,25.21,7.28
2026-03-07,C003,Generic - Home & Garden,SEARCH,4665,158,140.49,6,1118.15,3.4,0.89,23.42,7.96
2026-03-07,C004,Shopping - All Products,SHOPPING,6158,126,42.73,3,570.73,2.05,0.34,14.24,13.36
2026-03-07,C005,Display - Retargeting,DISPLAY,19954,87,23.19,0,0.0,0.44,0.27,23.19,0.0
2026-03-07,C006,YouTube - Brand Awareness,VIDEO,15577,216,39.87,0,0.0,1.39,0.18,39.87,0.0
2026-03-08,C001,Brand - Olist,SEARCH,6050,242,137.26,4,889.57,4.01,0.57,34.31,6.48
2026-03-08,C002,Generic - Electronics,SEARCH,4720,185,137.29,6,1413.63,3.94,0.74,22.88,10.3
2026-03-08,C003,Generic - Home & Garden,SEARCH,3575,143,144.93,3,263.7,4.01,1.01,48.31,1.82
2026-03-08,C004,Shopping - All Products,SHOPPING,5391,106,34.75,3,531.22,1.98,0.33,11.58,15.29
2026-03-08,C005,Display - Retargeting,DISPLAY,20523,89,27.06,0,0.0,0.44,0.3,27.06,0.0
2026-03-08,C006,YouTube - Brand Awareness,VIDEO,17198,225,38.92,0,0.0,1.31,0.17,38.92,0.0
2026-03-09,C001,Brand - Olist,SEARCH,2679,80,85.04,3,544.62,3.02,1.06,28.35,6.4
2026-03-09,C002,Generic - Electronics,SEARCH,3200,111,76.49,4,337.84,3.5,0.69,19.12,4.42
2026-03-09,C003,Generic - Home & Garden,SEARCH,4820,183,111.96,6,703.16,3.81,0.61,18.66,6.28
2026-03-09,C004,Shopping - All Products,SHOPPING,7022,117,52.15,3,623.3,1.67,0.45,17.38,11.95
2026-03-09,C005,Display - Retargeting,DISPLAY,12088,56,10.8,0,0.0,0.47,0.19,10.8,0.0
2026-03-09,C006,YouTube - Brand Awareness,VIDEO,14424,185,22.38,0,0.0,1.28,0.12,22.38,0.0
2026-03-10,C001,Brand - Olist,SEARCH,4184,149,113.81,2,318.53,3.58,0.76,56.91,2.8
2026-03-10,C002,Generic - Electronics,SEARCH,4428,127,122.42,4,328.8,2.89,0.96,30.61,2.69
2026-03-10,C003,Generic - Home & Garden,SEARCH,3070,100,69.73,3,391.46,3.28,0.7,23.24,5.61
2026-03-10,C004,Shopping - All Products,SHOPPING,7647,167,64.2,2,490.17,2.19,0.38,32.1,7.64
2026-03-10,C005,Display - Retargeting,DISPLAY,15357,88,19.7,0,0.0,0.58,0.22,19.7,0.0
2026-03-10,C006,YouTube - Brand Awareness,VIDEO,14218,161,28.5,0,0.0,1.13,0.18,28.5,0.0
2026-03-11,C001,Brand - Olist,SEARCH,4651,186,146.8,7,615.88,4.01,0.79,20.97,4.2
2026-03-11,C002,Generic - Electronics,SEARCH,5553,171,124.31,4,673.99,3.09,0.73,31.08,5.42
2026-03-11,C003,Generic - Home & Garden,SEARCH,4877,159,105.62,4,663.97,3.26,0.66,26.41,6.29
2026-03-11,C004,Shopping - All Products,SHOPPING,8259,192,98.11,5,1240.95,2.33,0.51,19.62,12.65
2026-03-11,C005,Display - Retargeting,DISPLAY,18686,110,28.3,0,0.0,0.59,0.26,28.3,0.0
2026-03-11,C006,YouTube - Brand Awareness,VIDEO,11939,120,12.3,0,0.0,1.01,0.1,12.3,0.0
2026-03-12,C001,Brand - Olist,SEARCH,4159,173,126.32,3,372.92,4.18,0.73,42.11,2.95
2026-03-12,C002,Generic - Electronics,SEARCH,3462,124,122.73,3,248.47,3.58,0.99,40.91,2.02
2026-03-12,C003,Generic - Home & Garden,SEARCH,5717,222,133.42,9,1319.8,3.89,0.6,14.82,9.89
2026-03-12,C004,Shopping - All Products,SHOPPING,7719,145,69.26,4,846.81,1.88,0.48,17.32,12.23
2026-03-12,C005,Display - Retargeting,DISPLAY,17909,89,20.07,0,0.0,0.5,0.23,20.07,0.0
2026-03-12,C006,YouTube - Brand Awareness,VIDEO,10078,121,23.95,0,0.0,1.21,0.2,23.95,0.0
2026-03-13,C001,Brand - Olist,SEARCH,4335,177,163.36,6,1049.31,4.09,0.92,27.23,6.42
2026-03-13,C002,Generic - Electronics,SEARCH,5008,178,171.75,5,503.37,3.55,0.96,34.35,2.93
2026-03-13,C003,Generic - Home & Garden,SEARCH,4082,162,174.33,2,475.17,3.97,1.08,87.17,2.73
2026-03-13,C004,Shopping - All Products,SHOPPING,8521,164,78.44,3,692.27,1.93,0.48,26.15,8.83
2026-03-13,C005,Display - Retargeting,DISPLAY,15136,63,10.5,0,0.0,0.42,0.17,10.5,0.0
2026-03-13,C006,YouTube - Brand Awareness,VIDEO,10071,107,14.22,0,0.0,1.07,0.13,14.22,0.0
2026-03-14,C001,Brand - Olist,SEARCH,3601,130,146.87,2,430.43,3.63,1.13,73.44,2.93
2026-03-14,C002,Generic - Electronics,SEARCH,4332,125,91.57,3,577.15,2.89,0.73,30.52,6.3
2026-03-14,C003,Generic - Home & Garden,SEARCH,5459,171,127.76,4,999.77,3.14,0.75,31.94,7.83
2026-03-14,C004,Shopping - All Products,SHOPPING,8867,211,106.91,4,652.24,2.38,0.51,26.73,6.1
2026-03-14,C005,Display - Retargeting,DISPLAY,18052,102,24.84,1,225.25,0.57,0.24,24.84,9.07
2026-03-14,C006,YouTube - Brand Awareness,VIDEO,13569,173,18.27,0,0.0,1.28,0.11,18.27,0.0
2026-03-15,C001,Brand - Olist,SEARCH,5071,163,160.55,3,609.51,3.22,0.98,53.52,3.8
2026-03-15,C002,Generic - Electronics,SEARCH,4791,141,131.63,4,950.0,2.96,0.93,32.91,7.22
2026-03-15,C003,Generic - Home & Garden,SEARCH,4810,201,171.47,5,554.98,4.19,0.85,34.29,3.24
2026-03-15,C004,Shopping - All Products,SHOPPING,8042,173,76.02,3,281.54,2.15,0.44,25.34,3.7
2026-03-15,C005,Display - Retargeting,DISPLAY,21076,117,38.17,1,176.48,0.56,0.33,38.17,4.62
2026-03-15,C006,YouTube - Brand Awareness,VIDEO,17862,225,25.71,0,0.0,1.26,0.11,25.71,0.0
2026-03-16,C001,Brand - Olist,SEARCH,3966,123,130.79,4,513.01,3.12,1.06,32.7,3.92
2026-03-16,C002,Generic - Electronics,SEARCH,3645,125,114.44,5,468.08,3.46,0.92,22.89,4.09
2026-03-16,C003,Generic - Home & Garden,SEARCH,4145,124,89.51,2,498.72,3.0,0.72,44.76,5.57
2026-03-16,C004,Shopping - All Products,SHOPPING,8803,149,78.67,2,495.04,1.7,0.53,39.34,6.29
2026-03-16,C005,Display - Retargeting,DISPLAY,17823,102,24.56,1,149.24,0.57,0.24,24.56,6.08
2026-03-16,C006,YouTube - Brand Awareness,VIDEO,11391,127,14.3,0,0.0,1.12,0.11,14.3,0.0
2026-03-17,C001,Brand - Olist,SEARCH,5077,209,148.21,6,1350.6,4.12,0.71,24.7,9.11
2026-03-17,C002,Generic - Electronics,SEARCH,5857,208,231.77,5,1229.4,3.56,1.11,46.35,5.3
2026-03-17,C003,Generic - Home & Garden,SEARCH,5867,224,150.6,7,1348.76,3.82,0.67,21.51,8.96
2026-03-17,C004,Shopping - All Products,SHOPPING,6908,134,65.78,3,258.78,1.94,0.49,21.93,3.93
2026-03-17,C005,Display - Retargeting,DISPLAY,22185,130,32.35,0,0.0,0.59,0.25,32.35,0.0
2026-03-17,C006,YouTube - Brand Awareness,VIDEO,16875,199,31.58,0,0.0,1.18,0.16,31.58,0.0
2026-03-18,C001,Brand - Olist,SEARCH,6116,223,160.51,7,1645.31,3.66,0.72,22.93,10.25
2026-03-18,C002,Generic - Electronics,SEARCH,5089,176,111.85,5,638.0,3.48,0.64,22.37,5.7
2026-03-18,C003,Generic - Home & Garden,SEARCH,3625,132,83.65,2,180.05,3.66,0.63,41.83,2.15
2026-03-18,C004,Shopping - All Products,SHOPPING,9401,213,76.44,3,447.57,2.27,0.36,25.48,5.86
2026-03-18,C005,Display - Retargeting,DISPLAY,16497,69,19.46,0,0.0,0.42,0.28,19.46,0.0
2026-03-18,C006,YouTube - Brand Awareness,VIDEO,16350,212,22.85,0,0.0,1.3,0.11,22.85,0.0
2026-03-19,C001,Brand - Olist,SEARCH,4304,139,119.81,5,438.55,3.25,0.86,23.96,3.66
2026-03-19,C002,Generic - Electronics,SEARCH,5033,205,199.2,3,322.66,4.07,0.97,66.4,1.62
2026-03-19,C003,Generic - Home & Garden,SEARCH,5964,232,238.98,6,548.79,3.9,1.03,39.83,2.3
2026-03-19,C004,Shopping - All Products,SHOPPING,9314,160,55.97,3,675.9,1.73,0.35,18.66,12.08
2026-03-19,C005,Display - Retargeting,DISPLAY,15336,82,19.79,0,0.0,0.54,0.24,19.79,0.0
2026-03-19,C006,YouTube - Brand Awareness,VIDEO,16337,224,40.3,0,0.0,1.37,0.18,40.3,0.0
2026-03-20,C001,Brand - Olist,SEARCH,4701,169,129.9,4,597.44,3.61,0.77,32.48,4.6
2026-03-20,C002,Generic - Electronics,SEARCH,4438,175,134.54,5,746.1,3.94,0.77,26.91,5.55
2026-03-20,C003,Generic - Home & Garden,SEARCH,3387,128,137.58,2,226.79,3.78,1.07,68.79,1.65
2026-03-20,C004,Shopping - All Products,SHOPPING,8414,198,100.74,3,493.42,2.36,0.51,33.58,4.9
2026-03-20,C005,Display - Retargeting,DISPLAY,14781,80,19.41,0,0.0,0.55,0.24,19.41,0.0
2026-03-20,C006,YouTube - Brand Awareness,VIDEO,16331,199,20.15,0,0.0,1.22,0.1,20.15,0.0
2026-03-21,C001,Brand - Olist,SEARCH,2974,113,85.61,3,697.28,3.82,0.76,28.54,8.14
2026-03-21,C002,Generic - Electronics,SEARCH,3063,96,73.01,2,214.22,3.17,0.76,36.51,2.93
2026-03-21,C003,Generic - Home & Garden,SEARCH,4097,118,104.23,2,418.25,2.88,0.88,52.12,4.01
2026-03-21,C004,Shopping - All Products,SHOPPING,6061,111,53.01,2,334.66,1.84,0.48,26.5,6.31
2026-03-21,C005,Display - Retargeting,DISPLAY,14572,82,15.31,0,0.0,0.57,0.19,15.31,0.0
2026-03-21,C006,YouTube - Brand Awareness,VIDEO,12976,126,11.57,0,0.0,0.97,0.09,11.57,0.0
2026-03-22,C001,Brand - Olist,SEARCH,3893,159,95.68,5,412.39,4.1,0.6,19.14,4.31
2026-03-22,C002,Generic - Electronics,SEARCH,3015,118,95.77,2,333.13,3.93,0.81,47.88,3.48
2026-03-22,C003,Generic - Home & Garden,SEARCH,4112,116,65.39,3,309.34,2.84,0.56,21.8,4.73
2026-03-22,C004,Shopping - All Products,SHOPPING,6546,115,36.71,2,220.27,1.77,0.32,18.36,6.0
2026-03-22,C005,Display - Retargeting,DISPLAY,14606,64,9.7,0,0.0,0.44,0.15,9.7,0.0
2026-03-22,C006,YouTube - Brand Awareness,VIDEO,14652,159,22.41,0,0.0,1.09,0.14,22.41,0.0
2026-03-23,C001,Brand - Olist,SEARCH,3562,122,86.17,4,751.43,3.44,0.71,21.54,8.72
2026-03-23,C002,Generic - Electronics,SEARCH,5946,217,132.91,4,805.02,3.66,0.61,33.23,6.06
2026-03-23,C003,Generic - Home & Garden,SEARCH,3433,107,75.89,3,348.01,3.14,0.71,25.3,4.59
2026-03-23,C004,Shopping - All Products,SHOPPING,8408,200,97.26,3,267.5,2.38,0.49,32.42,2.75
2026-03-23,C005,Display - Retargeting,DISPLAY,20944,122,20.91,0,0.0,0.58,0.17,20.91,0.0
2026-03-23,C006,YouTube - Brand Awareness,VIDEO,10090,102,18.27,0,0.0,1.02,0.18,18.27,0.0
2026-03-24,C001,Brand - Olist,SEARCH,3744,111,119.33,2,394.41,2.98,1.08,59.66,3.31
2026-03-24,C002,Generic - Electronics,SEARCH,3496,127,81.24,2,481.74,3.64,0.64,40.62,5.93
2026-03-24,C003,Generic - Home & Garden,SEARCH,5559,163,150.78,6,618.61,2.94,0.93,25.13,4.1
2026-03-24,C004,Shopping - All Products,SHOPPING,7558,165,64.21,3,356.41,2.2,0.39,21.4,5.55
2026-03-24,C005,Display - Retargeting,DISPLAY,18863,88,15.33,0,0.0,0.47,0.17,15.33,0.0
2026-03-24,C006,YouTube - Brand Awareness,VIDEO,18316,261,41.66,0,0.0,1.43,0.16,41.66,0.0
2026-03-25,C001,Brand - Olist,SEARCH,3704,149,152.66,2,344.07,4.04,1.02,76.33,2.25
2026-03-25,C002,Generic - Electronics,SEARCH,5359,168,181.88,5,401.54,3.14,1.08,36.38,2.21
2026-03-25,C003,Generic - Home & Garden,SEARCH,4142,146,133.09,5,737.09,3.54,0.91,26.62,5.54
2026-03-25,C004,Shopping - All Products,SHOPPING,8771,144,43.61,2,430.19,1.65,0.3,21.8,9.86
2026-03-25,C005,Display - Retargeting,DISPLAY,17112,100,17.41,0,0.0,0.59,0.17,17.41,0.0
2026-03-25,C006,YouTube - Brand Awareness,VIDEO,16049,207,22.54,0,0.0,1.29,0.11,22.54,0.0
2026-03-26,C001,Brand - Olist,SEARCH,5105,185,118.59,7,1727.14,3.64,0.64,16.94,14.56
2026-03-26,C002,Generic - Electronics,SEARCH,4701,170,178.28,3,561.85,3.63,1.05,59.43,3.15
2026-03-26,C003,Generic - Home & Garden,SEARCH,4416,140,92.68,3,484.13,3.19,0.66,30.89,5.22
2026-03-26,C004,Shopping - All Products,SHOPPING,5705,125,42.25,2,203.76,2.19,0.34,21.12,4.82
2026-03-26,C005,Display - Retargeting,DISPLAY,21064,109,29.07,0,0.0,0.52,0.27,29.07,0.0
2026-03-26,C006,YouTube - Brand Awareness,VIDEO,13745,148,25.1,0,0.0,1.08,0.17,25.1,0.0
2026-03-27,C001,Brand - Olist,SEARCH,5465,191,136.61,6,1121.16,3.51,0.72,22.77,8.21
2026-03-27,C002,Generic - Electronics,SEARCH,3573,144,141.62,2,256.7,4.04,0.98,70.81,1.81
2026-03-27,C003,Generic - Home & Garden,SEARCH,4830,154,173.96,5,902.4,3.19,1.13,34.79,5.19
2026-03-27,C004,Shopping - All Products,SHOPPING,9737,208,65.99,4,978.26,2.14,0.32,16.5,14.82
2026-03-27,C005,Display - Retargeting,DISPLAY,19190,112,22.11,0,0.0,0.59,0.2,22.11,0.0
2026-03-27,C006,YouTube - Brand Awareness,VIDEO,16659,194,23.91,0,0.0,1.17,0.12,23.91,0.0
2026-03-28,C001,Brand - Olist,SEARCH,4655,144,85.9,3,471.18,3.11,0.6,28.63,5.49
2026-03-28,C002,Generic - Electronics,SEARCH,3488,98,81.75,2,303.05,2.81,0.83,40.88,3.71
2026-03-28,C003,Generic - Home & Garden,SEARCH,4923,204,144.96,5,793.13,4.16,0.71,28.99,5.47
2026-03-28,C004,Shopping - All Products,SHOPPING,7268,125,48.27,3,741.85,1.73,0.39,16.09,15.37
2026-03-28,C005,Display - Retargeting,DISPLAY,14600,86,13.87,0,0.0,0.59,0.16,13.87,0.0
2026-03-28,C006,YouTube - Brand Awareness,VIDEO,10407,129,15.51,0,0.0,1.24,0.12,15.51,0.0
2026-03-29,C001,Brand - Olist,SEARCH,3848,147,102.32,2,342.04,3.83,0.7,51.16,3.34
2026-03-29,C002,Generic - Electronics,SEARCH,4297,162,93.56,4,333.02,3.79,0.58,23.39,3.56
2026-03-29,C003,Generic - Home & Garden,SEARCH,3203,90,43.88,2,422.42,2.84,0.49,21.94,9.63
2026-03-29,C004,Shopping - All Products,SHOPPING,5590,97,31.95,3,276.8,1.75,0.33,10.65,8.66
2026-03-29,C005,Display - Retargeting,DISPLAY,18480,93,19.51,0,0.0,0.51,0.21,19.51,0.0
2026-03-29,C006,YouTube - Brand Awareness,VIDEO,8190,91,9.94,0,0.0,1.11,0.11,9.94,0.0
2026-03-30,C001,Brand - Olist,SEARCH,3680,152,143.76,2,420.2,4.14,0.95,71.88,2.92
2026-03-30,C002,Generic - Electronics,SEARCH,3683,148,136.13,2,235.56,4.04,0.92,68.06,1.73
2026-03-30,C003,Generic - Home & Garden,SEARCH,3646,152,159.15,4,865.33,4.17,1.05,39.79,5.44
2026-03-30,C004,Shopping - All Products,SHOPPING,7105,167,82.48,3,428.09,2.35,0.49,27.49,5.19
2026-03-30,C005,Display - Retargeting,DISPLAY,18680,102,20.82,1,188.44,0.55,0.2,20.82,9.05
2026-03-30,C006,YouTube - Brand Awareness,VIDEO,11668,154,23.29,0,0.0,1.32,0.15,23.29,0.0
2026-03-31,C001,Brand - Olist,SEARCH,5109,209,160.48,3,705.56,4.1,0.77,53.49,4.4
2026-03-31,C002,Generic - Electronics,SEARCH,5835,165,132.58,3,264.87,2.83,0.8,44.19,2.0
2026-03-31,C003,Generic - Home & Garden,SEARCH,4808,167,177.45,5,794.25,3.48,1.06,35.49,4.48
2026-03-31,C004,Shopping - All Products,SHOPPING,8366,165,82.43,3,522.56,1.98,0.5,27.48,6.34
2026-03-31,C005,Display - Retargeting,DISPLAY,22375,119,29.24,1,110.87,0.54,0.25,29.24,3.79
2026-03-31,C006,YouTube - Brand Awareness,VIDEO,13485,172,21.56,0,0.0,1.28,0.13,21.56,0.0
2026-04-01,C001,Brand - Olist,SEARCH,5820,202,129.31,4,733.62,3.48,0.64,32.33,5.67
2026-04-01,C002,Generic - Electronics,SEARCH,4767,169,118.4,3,286.96,3.56,0.7,39.47,2.42
2026-04-01,C003,Generic - Home & Garden,SEARCH,5006,208,237.28,8,1726.74,4.16,1.14,29.66,7.28
2026-04-01,C004,Shopping - All Products,SHOPPING,7763,168,90.85,3,516.24,2.17,0.54,30.28,5.68
2026-04-01,C005,Display - Retargeting,DISPLAY,17957,106,34.16,0,0.0,0.59,0.32,34.16,0.0
2026-04-01,C006,YouTube - Brand Awareness,VIDEO,15200,146,25.04,0,0.0,0.96,0.17,25.04,0.0
2026-04-02,C001,Brand - Olist,SEARCH,4956,181,135.26,6,688.42,3.67,0.75,22.54,5.09
2026-04-02,C002,Generic - Electronics,SEARCH,4616,186,200.35,5,667.0,4.04,1.08,40.07,3.33
2026-04-02,C003,Generic - Home & Garden,SEARCH,5730,197,222.92,4,700.67,3.45,1.13,55.73,3.14
2026-04-02,C004,Shopping - All Products,SHOPPING,5896,106,59.14,2,498.5,1.8,0.56,29.57,8.43
2026-04-02,C005,Display - Retargeting,DISPLAY,25633,148,34.64,1,130.7,0.58,0.23,34.64,3.77
2026-04-02,C006,YouTube - Brand Awareness,VIDEO,14783,185,24.64,0,0.0,1.26,0.13,24.64,0.0
2026-04-03,C001,Brand - Olist,SEARCH,5927,240,152.55,4,750.94,4.06,0.64,38.14,4.92
2026-04-03,C002,Generic - Electronics,SEARCH,6184,251,200.38,10,2195.77,4.07,0.8,20.04,10.96
2026-04-03,C003,Generic - Home & Garden,SEARCH,3701,135,122.47,5,1144.23,3.65,0.91,24.49,9.34
2026-04-03,C004,Shopping - All Products,SHOPPING,9854,233,82.54,5,934.63,2.37,0.35,16.51,11.32
2026-04-03,C005,Display - Retargeting,DISPLAY,16914,71,20.37,0,0.0,0.42,0.29,20.37,0.0
2026-04-03,C006,YouTube - Brand Awareness,VIDEO,13034,162,29.08,0,0.0,1.25,0.18,29.08,0.0
2026-04-04,C001,Brand - Olist,SEARCH,4811,142,129.09,4,975.3,2.96,0.91,32.27,7.56
2026-04-04,C002,Generic - Electronics,SEARCH,4209,172,124.72,5,449.29,4.09,0.73,24.94,3.6
2026-04-04,C003,Generic - Home & Garden,SEARCH,3119,121,69.5,2,349.07,3.9,0.57,34.75,5.02
2026-04-04,C004,Shopping - All Products,SHOPPING,5790,111,54.46,1,159.37,1.92,0.49,54.46,2.93
2026-04-04,C005,Display - Retargeting,DISPLAY,12624,65,17.09,0,0.0,0.52,0.26,17.09,0.0
2026-04-04,C006,YouTube - Brand Awareness,VIDEO,14921,144,22.84,0,0.0,0.97,0.16,22.84,0.0
2026-04-05,C001,Brand - Olist,SEARCH,3897,112,65.5,1,222.57,2.88,0.58,65.5,3.4
2026-04-05,C002,Generic - Electronics,SEARCH,4977,205,119.31,7,1415.85,4.12,0.58,17.04,11.87
2026-04-05,C003,Generic - Home & Garden,SEARCH,4386,169,84.68,3,509.77,3.86,0.5,28.23,6.02
2026-04-05,C004,Shopping - All Products,SHOPPING,6578,112,35.53,1,248.26,1.72,0.32,35.53,6.99
2026-04-05,C005,Display - Retargeting,DISPLAY,19622,86,20.09,0,0.0,0.44,0.23,20.09,0.0
2026-04-05,C006,YouTube - Brand Awareness,VIDEO,10381,136,15.39,0,0.0,1.31,0.11,15.39,0.0
2026-04-06,C001,Brand - Olist,SEARCH,5445,199,138.75,7,821.73,3.65,0.7,19.82,5.92
2026-04-06,C002,Generic - Electronics,SEARCH,4441,148,155.3,4,422.89,3.34,1.05,38.83,2.72
2026-04-06,C003,Generic - Home & Garden,SEARCH,4836,176,139.94,3,259.47,3.64,0.8,46.65,1.85
2026-04-06,C004,Shopping - All Products,SHOPPING,8617,161,67.1,3,288.83,1.87,0.42,22.37,4.3
2026-04-06,C005,Display - Retargeting,DISPLAY,23359,122,34.5,1,105.74,0.52,0.28,34.5,3.06
2026-04-06,C006,YouTube - Brand Awareness,VIDEO,10518,140,16.08,0,0.0,1.34,0.11,16.08,0.0
2026-04-07,C001,Brand - Olist,SEARCH,5314,208,136.79,6,1154.16,3.93,0.66,22.8,8.44
2026-04-07,C002,Generic - Electronics,SEARCH,5060,159,100.53,4,582.56,3.15,0.63,25.13,5.79
2026-04-07,C003,Generic - Home & Garden,SEARCH,4102,120,132.81,4,958.09,2.94,1.11,33.2,7.21
2026-04-07,C004,Shopping - All Products,SHOPPING,9289,164,97.38,3,703.1,1.77,0.59,32.46,7.22
2026-04-07,C005,Display - Retargeting,DISPLAY,22333,112,36.31,0,0.0,0.5,0.32,36.31,0.0
2026-04-07,C006,YouTube - Brand Awareness,VIDEO,17519,208,24.96,0,0.0,1.19,0.12,24.96,0.0
2026-04-08,C001,Brand - Olist,SEARCH,4996,170,102.54,6,1408.02,3.42,0.6,17.09,13.73
2026-04-08,C002,Generic - Electronics,SEARCH,6490,259,200.63,6,1167.31,4.01,0.77,33.44,5.82
2026-04-08,C003,Generic - Home & Garden,SEARCH,5814,162,115.79,4,865.01,2.8,0.71,28.95,7.47
2026-04-08,C004,Shopping - All Products,SHOPPING,9478,168,102.43,3,369.32,1.78,0.61,34.14,3.61
2026-04-08,C005,Display - Retargeting,DISPLAY,24079,103,27.09,0,0.0,0.43,0.26,27.09,0.0
2026-04-08,C006,YouTube - Brand Awareness,VIDEO,13432,137,23.0,0,0.0,1.02,0.17,23.0,0.0
2026-04-09,C001,Brand - Olist,SEARCH,5775,179,163.49,6,1380.52,3.1,0.91,27.25,8.44
2026-04-09,C002,Generic - Electronics,SEARCH,4285,160,175.28,6,1487.94,3.74,1.1,29.21,8.49
2026-04-09,C003,Generic - Home & Garden,SEARCH,3999,112,70.59,2,479.63,2.81,0.63,35.3,6.79
2026-04-09,C004,Shopping - All Products,SHOPPING,5945,136,55.66,1,247.36,2.29,0.41,55.66,4.44
2026-04-09,C005,Display - Retargeting,DISPLAY,23787,125,31.74,1,208.94,0.53,0.25,31.74,6.58
2026-04-09,C006,YouTube - Brand Awareness,VIDEO,12625,147,18.61,0,0.0,1.17,0.13,18.61,0.0
2026-04-10,C001,Brand - Olist,SEARCH,5766,236,153.14,7,808.03,4.1,0.65,21.88,5.28
2026-04-10,C002,Generic - Electronics,SEARCH,6079,229,151.52,5,1176.14,3.77,0.66,30.3,7.76
2026-04-10,C003,Generic - Home & Garden,SEARCH,5076,157,99.15,2,499.64,3.1,0.63,49.58,5.04
2026-04-10,C004,Shopping - All Products,SHOPPING,6417,130,70.08,3,584.79,2.04,0.54,23.36,8.34
2026-04-10,C005,Display - Retargeting,DISPLAY,14152,65,19.95,0,0.0,0.46,0.31,19.95,0.0
2026-04-10,C006,YouTube - Brand Awareness,VIDEO,14442,147,25.89,0,0.0,1.02,0.18,25.89,0.0
2026-04-11,C001,Brand - Olist,SEARCH,2966,93,71.8,1,180.07,3.14,0.77,71.8,2.51
2026-04-11,C002,Generic - Electronics,SEARCH,3183,94,75.67,2,161.21,2.96,0.81,37.84,2.13
2026-04-11,C003,Generic - Home & Garden,SEARCH,2976,84,79.73,2,244.04,2.85,0.95,39.87,3.06
2026-04-11,C004,Shopping - All Products,SHOPPING,5214,106,27.95,3,712.48,2.05,0.26,9.32,25.49
2026-04-11,C005,Display - Retargeting,DISPLAY,12994,60,9.49,0,0.0,0.46,0.16,9.49,0.0
2026-04-11,C006,YouTube - Brand Awareness,VIDEO,13853,156,21.63,0,0.0,1.13,0.14,21.63,0.0
2026-04-12,C001,Brand - Olist,SEARCH,2980,121,84.01,4,448.4,4.07,0.69,21.0,5.34
2026-04-12,C002,Generic - Electronics,SEARCH,3051,95,62.15,2,389.42,3.14,0.65,31.07,6.27
2026-04-12,C003,Generic - Home & Garden,SEARCH,4973,140,132.1,5,1149.35,2.82,0.94,26.42,8.7
2026-04-12,C004,Shopping - All Products,SHOPPING,5179,104,41.2,2,457.3,2.02,0.4,20.6,11.1
2026-04-12,C005,Display - Retargeting,DISPLAY,14035,62,9.53,0,0.0,0.44,0.15,9.53,0.0
2026-04-12,C006,YouTube - Brand Awareness,VIDEO,15182,192,24.99,0,0.0,1.27,0.13,24.99,0.0
2026-04-13,C001,Brand - Olist,SEARCH,5023,170,160.86,3,390.76,3.38,0.95,53.62,2.43
2026-04-13,C002,Generic - Electronics,SEARCH,4186,131,91.37,4,933.95,3.14,0.7,22.84,10.22
2026-04-13,C003,Generic - Home & Garden,SEARCH,5148,175,199.4,5,553.34,3.42,1.14,39.88,2.78
2026-04-13,C004,Shopping - All Products,SHOPPING,6612,113,39.51,2,416.62,1.72,0.35,19.75,10.54
2026-04-13,C005,Display - Retargeting,DISPLAY,18476,110,27.46,0,0.0,0.6,0.25,27.46,0.0
2026-04-13,C006,YouTube - Brand Awareness,VIDEO,10771,142,23.38,0,0.0,1.32,0.16,23.38,0.0
2026-04-14,C001,Brand - Olist,SEARCH,3974,156,122.79,6,1142.01,3.93,0.79,20.46,9.3
2026-04-14,C002,Generic - Electronics,SEARCH,5197,171,120.27,4,777.22,3.3,0.7,30.07,6.46
2026-04-14,C003,Generic - Home & Garden,SEARCH,5886,189,119.91,6,1327.24,3.22,0.63,19.98,11.07
2026-04-14,C004,Shopping - All Products,SHOPPING,10104,184,61.62,3,460.87,1.82,0.33,20.54,7.48
2026-04-14,C005,Display - Retargeting,DISPLAY,23526,130,40.3,0,0.0,0.55,0.31,40.3,0.0
2026-04-14,C006,YouTube - Brand Awareness,VIDEO,18134,201,38.73,0,0.0,1.11,0.19,38.73,0.0
2026-04-15,C001,Brand - Olist,SEARCH,5654,197,148.04,4,391.9,3.5,0.75,37.01,2.65
2026-04-15,C002,Generic - Electronics,SEARCH,6335,179,170.47,6,1465.84,2.83,0.95,28.41,8.6
2026-04-15,C003,Generic - Home & Garden,SEARCH,6481,269,227.19,10,1266.49,4.15,0.84,22.72,5.57
2026-04-15,C004,Shopping - All Products,SHOPPING,9313,149,76.32,3,670.25,1.61,0.51,25.44,8.78
2026-04-15,C005,Display - Retargeting,DISPLAY,15272,73,22.69,0,0.0,0.48,0.31,22.69,0.0
2026-04-15,C006,YouTube - Brand Awareness,VIDEO,15145,148,26.07,0,0.0,0.98,0.18,26.07,0.0
2026-04-16,C001,Brand - Olist,SEARCH,4419,185,143.99,4,969.65,4.2,0.78,36.0,6.73
2026-04-16,C002,Generic - Electronics,SEARCH,5420,154,113.33,6,1212.79,2.85,0.74,18.89,10.7
2026-04-16,C003,Generic - Home & Garden,SEARCH,5004,193,116.47,3,698.86,3.87,0.6,38.82,6.0
2026-04-16,C004,Shopping - All Products,SHOPPING,9123,180,101.22,3,645.87,1.98,0.56,33.74,6.38
2026-04-16,C005,Display - Retargeting,DISPLAY,25044,126,38.91,1,82.45,0.5,0.31,38.91,2.12
2026-04-16,C006,YouTube - Brand Awareness,VIDEO,10978,108,14.22,0,0.0,0.99,0.13,14.22,0.0
2026-04-17,C001,Brand - Olist,SEARCH,5609,198,132.87,5,963.73,3.55,0.67,26.57,7.25
2026-04-17,C002,Generic - Electronics,SEARCH,6169,199,192.79,5,1239.36,3.23,0.97,38.56,6.43
2026-04-17,C003,Generic - Home & Garden,SEARCH,6279,225,210.65,5,857.71,3.59,0.94,42.13,4.07
2026-04-17,C004,Shopping - All Products,SHOPPING,6679,135,47.78,2,334.26,2.02,0.35,23.89,7.0
2026-04-17,C005,Display - Retargeting,DISPLAY,22634,91,16.9,0,0.0,0.41,0.19,16.9,0.0
2026-04-17,C006,YouTube - Brand Awareness,VIDEO,12300,128,14.48,0,0.0,1.05,0.11,14.48,0.0
2026-04-18,C001,Brand - Olist,SEARCH,4207,158,129.3,3,611.56,3.76,0.82,43.1,4.73
2026-04-18,C002,Generic - Electronics,SEARCH,3303,134,83.97,4,795.59,4.06,0.63,20.99,9.47
2026-04-18,C003,Generic - Home & Garden,SEARCH,3714,104,52.77,4,751.99,2.81,0.51,13.19,14.25
2026-04-18,C004,Shopping - All Products,SHOPPING,5418,91,40.12,1,196.52,1.68,0.44,40.12,4.9
2026-04-18,C005,Display - Retargeting,DISPLAY,15719,69,18.85,0,0.0,0.44,0.27,18.85,0.0
2026-04-18,C006,YouTube - Brand Awareness,VIDEO,9635,127,20.52,0,0.0,1.33,0.16,20.52,0.0
2026-04-19,C001,Brand - Olist,SEARCH,4933,143,116.4,4,467.75,2.9,0.81,29.1,4.02
2026-04-19,C002,Generic - Electronics,SEARCH,4783,144,132.68,4,514.31,3.02,0.92,33.17,3.88
2026-04-19,C003,Generic - Home & Garden,SEARCH,4611,140,123.34,2,491.69,3.04,0.88,61.67,3.99
2026-04-19,C004,Shopping - All Products,SHOPPING,7043,132,46.22,2,250.79,1.88,0.35,23.11,5.43
2026-04-19,C005,Display - Retargeting,DISPLAY,17810,84,13.59,0,0.0,0.48,0.16,13.59,0.0
2026-04-19,C006,YouTube - Brand Awareness,VIDEO,11879,163,14.19,0,0.0,1.37,0.09,14.19,0.0
2026-04-20,C001,Brand - Olist,SEARCH,5541,190,156.08,3,372.23,3.44,0.82,52.03,2.38
2026-04-20,C002,Generic - Electronics,SEARCH,4070,126,81.76,2,303.39,3.12,0.65,40.88,3.71
2026-04-20,C003,Generic - Home & Garden,SEARCH,4289,172,164.96,6,1154.09,4.02,0.96,27.49,7.0
2026-04-20,C004,Shopping - All Products,SHOPPING,10366,224,90.42,7,1474.36,2.16,0.4,12.92,16.31
2026-04-20,C005,Display - Retargeting,DISPLAY,25332,103,24.73,0,0.0,0.41,0.24,24.73,0.0
2026-04-20,C006,YouTube - Brand Awareness,VIDEO,11451,125,15.46,0,0.0,1.1,0.12,15.46,0.0
2026-04-21,C001,Brand - Olist,SEARCH,4308,138,91.65,4,688.1,3.22,0.66,22.91,7.51
2026-04-21,C002,Generic - Electronics,SEARCH,3561,126,90.55,3,253.82,3.55,0.72,30.18,2.8
2026-04-21,C003,Generic - Home & Garden,SEARCH,5765,229,226.27,6,1190.28,3.98,0.99,37.71,5.26
2026-04-21,C004,Shopping - All Products,SHOPPING,5907,97,32.65,1,143.37,1.64,0.34,32.65,4.39
2026-04-21,C005,Display - Retargeting,DISPLAY,20678,87,16.75,0,0.0,0.42,0.19,16.75,0.0
2026-04-21,C006,YouTube - Brand Awareness,VIDEO,12487,123,17.44,0,0.0,0.99,0.14,17.44,0.0
2026-04-22,C001,Brand - Olist,SEARCH,3539,121,101.1,3,417.29,3.44,0.84,33.7,4.13
2026-04-22,C002,Generic - Electronics,SEARCH,6270,236,194.97,5,1038.36,3.76,0.83,38.99,5.33
2026-04-22,C003,Generic - Home & Garden,SEARCH,3724,118,82.33,2,184.48,3.18,0.7,41.16,2.24
2026-04-22,C004,Shopping - All Products,SHOPPING,8200,168,81.77,4,958.33,2.06,0.49,20.44,11.72
2026-04-22,C005,Display - Retargeting,DISPLAY,16827,76,16.3,0,0.0,0.46,0.21,16.3,0.0
2026-04-22,C006,YouTube - Brand Awareness,VIDEO,12446,122,21.54,0,0.0,0.98,0.18,21.54,0.0
2026-04-23,C001,Brand - Olist,SEARCH,5684,173,151.23,6,650.48,3.06,0.87,25.2,4.3
2026-04-23,C002,Generic - Electronics,SEARCH,4034,152,146.03,5,822.17,3.79,0.96,29.21,5.63
2026-04-23,C003,Generic - Home & Garden,SEARCH,3501,128,101.1,3,601.98,3.66,0.79,33.7,5.95
2026-04-23,C004,Shopping - All Products,SHOPPING,9442,215,87.98,4,706.35,2.29,0.41,22.0,8.03
2026-04-23,C005,Display - Retargeting,DISPLAY,20561,114,29.1,1,229.15,0.56,0.26,29.1,7.87
2026-04-23,C006,YouTube - Brand Awareness,VIDEO,17485,183,28.51,0,0.0,1.05,0.16,28.51,0.0
2026-04-24,C001,Brand - Olist,SEARCH,6331,243,154.3,6,1359.56,3.84,0.63,25.72,8.81
2026-04-24,C002,Generic - Electronics,SEARCH,5064,144,134.07,4,472.97,2.86,0.93,33.52,3.53
2026-04-24,C003,Generic - Home & Garden,SEARCH,5254,211,137.7,3,586.27,4.02,0.65,45.9,4.26
2026-04-24,C004,Shopping - All Products,SHOPPING,7691,174,80.31,4,572.32,2.27,0.46,20.08,7.13
2026-04-24,C005,Display - Retargeting,DISPLAY,20540,91,21.4,0,0.0,0.45,0.24,21.4,0.0
2026-04-24,C006,YouTube - Brand Awareness,VIDEO,14433,165,23.92,0,0.0,1.14,0.14,23.92,0.0
2026-04-25,C001,Brand - Olist,SEARCH,4277,139,111.98,3,741.32,3.26,0.81,37.33,6.62
2026-04-25,C002,Generic - Electronics,SEARCH,4315,156,147.61,2,167.53,3.62,0.95,73.81,1.13
2026-04-25,C003,Generic - Home & Garden,SEARCH,4061,114,75.81,4,390.37,2.82,0.67,18.95,5.15
2026-04-25,C004,Shopping - All Products,SHOPPING,6390,133,46.13,1,230.79,2.08,0.35,46.13,5.0
2026-04-25,C005,Display - Retargeting,DISPLAY,12268,69,18.4,0,0.0,0.57,0.27,18.4,0.0
2026-04-25,C006,YouTube - Brand Awareness,VIDEO,12081,125,12.39,0,0.0,1.04,0.1,12.39,0.0
2026-04-26,C001,Brand - Olist,SEARCH,4218,137,82.57,5,540.98,3.27,0.6,16.51,6.55
2026-04-26,C002,Generic - Electronics,SEARCH,3489,118,97.47,2,160.88,3.4,0.83,48.73,1.65
2026-04-26,C003,Generic - Home & Garden,SEARCH,4754,173,150.37,7,1369.29,3.64,0.87,21.48,9.11
2026-04-26,C004,Shopping - All Products,SHOPPING,6222,104,33.68,2,267.76,1.67,0.32,16.84,7.95
2026-04-26,C005,Display - Retargeting,DISPLAY,12897,59,10.75,0,0.0,0.46,0.18,10.75,0.0
2026-04-26,C006,YouTube - Brand Awareness,VIDEO,8985,127,20.31,0,0.0,1.41,0.16,20.31,0.0
2026-04-27,C001,Brand - Olist,SEARCH,5178,195,130.63,3,587.27,3.77,0.67,43.54,4.5
2026-04-27,C002,Generic - Electronics,SEARCH,5472,159,170.16,5,611.35,2.91,1.07,34.03,3.59
2026-04-27,C003,Generic - Home & Garden,SEARCH,3598,147,142.69,3,438.04,4.09,0.97,47.56,3.07
2026-04-27,C004,Shopping - All Products,SHOPPING,10187,237,86.84,6,1199.38,2.33,0.37,14.47,13.81
2026-04-27,C005,Display - Retargeting,DISPLAY,22339,112,30.19,0,0.0,0.5,0.27,30.19,0.0
2026-04-27,C006,YouTube - Brand Awareness,VIDEO,17461,204,22.31,0,0.0,1.17,0.11,22.31,0.0
2026-04-28,C001,Brand - Olist,SEARCH,5738,162,136.14,3,486.57,2.82,0.84,45.38,3.57
2026-04-28,C002,Generic - Electronics,SEARCH,5305,189,162.09,3,740.49,3.57,0.86,54.03,4.57
2026-04-28,C003,Generic - Home & Garden,SEARCH,5713,230,138.43,5,717.41,4.04,0.6,27.69,5.18
2026-04-28,C004,Shopping - All Products,SHOPPING,9713,164,90.01,4,674.71,1.69,0.55,22.5,7.5
2026-04-28,C005,Display - Retargeting,DISPLAY,19883,113,30.75,0,0.0,0.57,0.27,30.75,0.0
2026-04-28,C006,YouTube - Brand Awareness,VIDEO,17838,181,19.27,0,0.0,1.02,0.11,19.27,0.0
2026-04-29,C001,Brand - Olist,SEARCH,4504,151,129.04,5,942.94,3.36,0.85,25.81,7.31
2026-04-29,C002,Generic - Electronics,SEARCH,5201,146,107.24,5,749.41,2.81,0.73,21.45,6.99
2026-04-29,C003,Generic - Home & Garden,SEARCH,5463,184,136.54,6,1002.35,3.38,0.74,22.76,7.34
2026-04-29,C004,Shopping - All Products,SHOPPING,7826,142,63.65,1,124.07,1.82,0.45,63.65,1.95
2026-04-29,C005,Display - Retargeting,DISPLAY,22819,117,26.25,1,188.32,0.52,0.22,26.25,7.17
2026-04-29,C006,YouTube - Brand Awareness,VIDEO,14991,151,22.4,0,0.0,1.01,0.15,22.4,0.0
2026-04-30,C001,Brand - Olist,SEARCH,5207,207,158.01,3,260.72,3.99,0.76,52.67,1.65
2026-04-30,C002,Generic - Electronics,SEARCH,5085,187,157.17,6,869.19,3.68,0.84,26.19,5.53
2026-04-30,C003,Generic - Home & Garden,SEARCH,5630,180,189.85,3,423.23,3.2,1.05,63.28,2.23
2026-04-30,C004,Shopping - All Products,SHOPPING,6283,127,56.31,4,424.53,2.03,0.44,14.08,7.54
2026-04-30,C005,Display - Retargeting,DISPLAY,18823,75,24.55,0,0.0,0.4,0.33,24.55,0.0
2026-04-30,C006,YouTube - Brand Awareness,VIDEO,17558,208,41.42,0,0.0,1.19,0.2,41.42,0.0
2026-05-01,C001,Brand - Olist,SEARCH,3915,148,147.44,3,539.7,3.78,1.0,49.15,3.66
2026-05-01,C002,Generic - Electronics,SEARCH,6600,220,242.91,8,1767.18,3.34,1.1,30.36,7.28
2026-05-01,C003,Generic - Home & Garden,SEARCH,6000,191,220.03,5,1071.18,3.2,1.15,44.01,4.87
2026-05-01,C004,Shopping - All Products,SHOPPING,10842,250,98.58,3,459.25,2.31,0.39,32.86,4.66
2026-05-01,C005,Display - Retargeting,DISPLAY,23072,119,28.17,0,0.0,0.52,0.24,28.17,0.0
2026-05-01,C006,YouTube - Brand Awareness,VIDEO,13209,129,19.02,0,0.0,0.98,0.15,19.02,0.0
2026-05-02,C001,Brand - Olist,SEARCH,4584,173,102.99,4,735.83,3.79,0.6,25.75,7.14
2026-05-02,C002,Generic - Electronics,SEARCH,3235,135,125.1,4,452.26,4.18,0.93,31.27,3.62
2026-05-02,C003,Generic - Home & Garden,SEARCH,4279,161,135.77,3,464.69,3.77,0.84,45.26,3.42
2026-05-02,C004,Shopping - All Products,SHOPPING,8702,198,59.48,4,981.3,2.28,0.3,14.87,16.5
2026-05-02,C005,Display - Retargeting,DISPLAY,18729,86,26.01,0,0.0,0.46,0.3,26.01,0.0
2026-05-02,C006,YouTube - Brand Awareness,VIDEO,16872,228,22.67,0,0.0,1.36,0.1,22.67,0.0
2026-05-03,C001,Brand - Olist,SEARCH,4535,130,134.92,4,847.36,2.89,1.04,33.73,6.28
2026-05-03,C002,Generic - Electronics,SEARCH,3868,149,137.2,5,796.43,3.87,0.92,27.44,5.8
2026-05-03,C003,Generic - Home & Garden,SEARCH,5682,201,157.47,7,1423.65,3.54,0.78,22.5,9.04
2026-05-03,C004,Shopping - All Products,SHOPPING,7089,158,43.94,4,829.73,2.23,0.28,10.98,18.88
2026-05-03,C005,Display - Retargeting,DISPLAY,15158,73,15.06,0,0.0,0.48,0.21,15.06,0.0
2026-05-03,C006,YouTube - Brand Awareness,VIDEO,12591,170,19.94,0,0.0,1.36,0.12,19.94,0.0
2026-05-04,C001,Brand - Olist,SEARCH,6382,234,139.72,7,1538.63,3.68,0.6,19.96,11.01
2026-05-04,C002,Generic - Electronics,SEARCH,6586,261,279.8,5,679.62,3.96,1.07,55.96,2.43
2026-05-04,C003,Generic - Home & Garden,SEARCH,4106,167,180.66,3,600.99,4.09,1.08,60.22,3.33
2026-05-04,C004,Shopping - All Products,SHOPPING,10950,238,160.6,4,701.89,2.18,0.67,40.15,4.37
2026-05-04,C005,Display - Retargeting,DISPLAY,16129,66,25.03,0,0.0,0.41,0.38,25.03,0.0
2026-05-04,C006,YouTube - Brand Awareness,VIDEO,18639,247,32.75,0,0.0,1.33,0.13,32.75,0.0
2026-05-05,C001,Brand - Olist,SEARCH,4736,175,138.66,6,587.34,3.71,0.79,23.11,4.24
2026-05-05,C002,Generic - Electronics,SEARCH,4866,145,129.01,5,455.4,3.0,0.89,25.8,3.53
2026-05-05,C003,Generic - Home & Garden,SEARCH,6627,249,239.22,5,1036.67,3.77,0.96,47.84,4.33
2026-05-05,C004,Shopping - All Products,SHOPPING,6575,136,49.58,2,260.81,2.08,0.36,24.79,5.26
2026-05-05,C005,Display - Retargeting,DISPLAY,27448,164,42.71,1,126.71,0.6,0.26,42.71,2.97
2026-05-05,C006,YouTube - Brand Awareness,VIDEO,21095,260,48.64,0,0.0,1.24,0.19,48.64,0.0
2026-05-06,C001,Brand - Olist,SEARCH,6717,235,146.72,5,479.31,3.51,0.62,29.34,3.27
2026-05-06,C002,Generic - Electronics,SEARCH,4505,177,156.72,6,1008.89,3.94,0.89,26.12,6.44
2026-05-06,C003,Generic - Home & Garden,SEARCH,6117,197,233.92,3,455.29,3.22,1.19,77.97,1.95
2026-05-06,C004,Shopping - All Products,SHOPPING,6823,115,69.92,2,271.63,1.69,0.61,34.96,3.88
2026-05-06,C005,Display - Retargeting,DISPLAY,25302,114,35.95,1,170.51,0.45,0.32,35.95,4.74
2026-05-06,C006,YouTube - Brand Awareness,VIDEO,21181,274,49.23,0,0.0,1.29,0.18,49.23,0.0
2026-05-07,C001,Brand - Olist,SEARCH,4758,194,152.7,8,1412.08,4.09,0.79,19.09,9.25
2026-05-07,C002,Generic - Electronics,SEARCH,7082,233,271.97,8,1887.73,3.3,1.17,34.0,6.94
2026-05-07,C003,Generic - Home & Garden,SEARCH,5554,221,145.32,7,1383.69,3.99,0.66,20.76,9.52
2026-05-07,C004,Shopping - All Products,SHOPPING,6281,110,56.05,1,80.49,1.76,0.51,56.05,1.44
2026-05-07,C005,Display - Retargeting,DISPLAY,27070,109,41.1,1,173.49,0.4,0.38,41.1,4.22
2026-05-07,C006,YouTube - Brand Awareness,VIDEO,17786,173,33.72,0,0.0,0.98,0.19,33.72,0.0
2026-05-08,C001,Brand - Olist,SEARCH,5281,181,156.63,5,1084.38,3.45,0.87,31.33,6.92
2026-05-08,C002,Generic - Electronics,SEARCH,6881,242,250.76,5,424.75,3.53,1.04,50.15,1.69
2026-05-08,C003,Generic - Home & Garden,SEARCH,5772,228,238.43,8,1280.99,3.97,1.05,29.8,5.37
2026-05-08,C004,Shopping - All Products,SHOPPING,6649,145,55.78,3,431.91,2.18,0.38,18.59,7.74
2026-05-08,C005,Display - Retargeting,DISPLAY,16303,72,26.25,0,0.0,0.44,0.36,26.25,0.0
2026-05-08,C006,YouTube - Brand Awareness,VIDEO,17981,216,33.64,0,0.0,1.2,0.16,33.64,0.0
2026-05-09,C001,Brand - Olist,SEARCH,3427,100,94.65,4,805.37,2.93,0.95,23.66,8.51
2026-05-09,C002,Generic - Electronics,SEARCH,4863,198,110.78,5,900.35,4.08,0.56,22.16,8.13
2026-05-09,C003,Generic - Home & Garden,SEARCH,3511,146,126.3,5,541.6,4.16,0.87,25.26,4.29
2026-05-09,C004,Shopping - All Products,SHOPPING,6545,107,51.45,3,378.89,1.64,0.48,17.15,7.36
2026-05-09,C005,Display - Retargeting,DISPLAY,12541,66,14.39,0,0.0,0.53,0.22,14.39,0.0
2026-05-09,C006,YouTube - Brand Awareness,VIDEO,14225,169,20.16,0,0.0,1.19,0.12,20.16,0.0
2026-05-10,C001,Brand - Olist,SEARCH,5245,169,98.23,4,931.56,3.24,0.58,24.56,9.48
2026-05-10,C002,Generic - Electronics,SEARCH,3712,126,99.65,3,551.87,3.42,0.79,33.22,5.54
2026-05-10,C003,Generic - Home & Garden,SEARCH,4777,141,101.38,3,441.29,2.97,0.72,33.79,4.35
2026-05-10,C004,Shopping - All Products,SHOPPING,7592,157,64.51,2,230.79,2.08,0.41,32.26,3.58
2026-05-10,C005,Display - Retargeting,DISPLAY,19254,108,32.63,1,230.18,0.56,0.3,32.63,7.05
2026-05-10,C006,YouTube - Brand Awareness,VIDEO,11351,121,16.55,0,0.0,1.07,0.14,16.55,0.0
2026-05-11,C001,Brand - Olist,SEARCH,7092,246,152.72,7,883.95,3.48,0.62,21.82,5.79
2026-05-11,C002,Generic - Electronics,SEARCH,5908,191,233.57,4,623.65,3.24,1.22,58.39,2.67
2026-05-11,C003,Generic - Home & Garden,SEARCH,6488,227,231.38,5,794.6,3.51,1.02,46.28,3.43
2026-05-11,C004,Shopping - All Products,SHOPPING,6518,149,76.04,3,434.62,2.29,0.51,25.35,5.72
2026-05-11,C005,Display - Retargeting,DISPLAY,23671,128,44.06,1,125.45,0.54,0.34,44.06,2.85
2026-05-11,C006,YouTube - Brand Awareness,VIDEO,14474,191,43.19,0,0.0,1.32,0.23,43.19,0.0
2026-05-12,C001,Brand - Olist,SEARCH,5816,190,145.91,6,792.6,3.28,0.77,24.32,5.43
2026-05-12,C002,Generic - Electronics,SEARCH,6103,247,286.23,6,630.61,4.06,1.16,47.71,2.2
2026-05-12,C003,Generic - Home & Garden,SEARCH,4534,172,135.44,3,388.19,3.81,0.79,45.15,2.87
2026-05-12,C004,Shopping - All Products,SHOPPING,6614,125,66.92,1,203.73,1.9,0.54,66.92,3.04
2026-05-12,C005,Display - Retargeting,DISPLAY,25267,115,23.73,1,135.35,0.46,0.21,23.73,5.7
2026-05-12,C006,YouTube - Brand Awareness,VIDEO,17412,194,44.35,0,0.0,1.12,0.23,44.35,0.0
2026-05-13,C001,Brand - Olist,SEARCH,4147,154,161.29,4,589.6,3.72,1.05,40.32,3.66
2026-05-13,C002,Generic - Electronics,SEARCH,4136,125,117.28,4,540.49,3.04,0.94,29.32,4.61
2026-05-13,C003,Generic - Home & Garden,SEARCH,6093,172,172.02,6,720.03,2.83,1.0,28.67,4.19
2026-05-13,C004,Shopping - All Products,SHOPPING,10120,186,128.86,5,1006.21,1.84,0.69,25.77,7.81
2026-05-13,C005,Display - Retargeting,DISPLAY,27800,158,58.98,1,90.36,0.57,0.37,58.98,1.53
2026-05-13,C006,YouTube - Brand Awareness,VIDEO,11603,128,21.53,0,0.0,1.11,0.17,21.53,0.0
2026-05-14,C001,Brand - Olist,SEARCH,5904,172,146.18,5,498.86,2.91,0.85,29.24,3.41
2026-05-14,C002,Generic - Electronics,SEARCH,6949,233,288.38,4,768.38,3.36,1.24,72.09,2.66
2026-05-14,C003,Generic - Home & Garden,SEARCH,4820,164,191.47,5,437.35,3.41,1.17,38.29,2.28
2026-05-14,C004,Shopping - All Products,SHOPPING,9838,234,108.46,4,890.12,2.38,0.46,27.11,8.21
2026-05-14,C005,Display - Retargeting,DISPLAY,24543,129,33.33,1,135.77,0.53,0.26,33.33,4.07
2026-05-14,C006,YouTube - Brand Awareness,VIDEO,17621,238,28.17,1,239.59,1.35,0.12,28.17,8.51
2026-05-15,C001,Brand - Olist,SEARCH,6477,187,161.21,5,1153.96,2.89,0.86,32.24,7.16
2026-05-15,C002,Generic - Electronics,SEARCH,5119,172,117.55,3,364.31,3.37,0.68,39.18,3.1
2026-05-15,C003,Generic - Home & Garden,SEARCH,4660,131,162.28,5,461.78,2.82,1.24,32.46,2.85
2026-05-15,C004,Shopping - All Products,SHOPPING,11126,188,119.64,4,814.53,1.69,0.64,29.91,6.81
2026-05-15,C005,Display - Retargeting,DISPLAY,19539,115,36.19,1,212.63,0.59,0.31,36.19,5.88
2026-05-15,C006,YouTube - Brand Awareness,VIDEO,16387,213,25.7,0,0.0,1.3,0.12,25.7,0.0
2026-05-16,C001,Brand - Olist,SEARCH,3735,121,84.73,2,308.13,3.24,0.7,42.37,3.64
2026-05-16,C002,Generic - Electronics,SEARCH,4315,170,156.64,3,479.57,3.94,0.92,52.21,3.06
2026-05-16,C003,Generic - Home & Garden,SEARCH,4698,195,104.84,6,996.75,4.16,0.54,17.47,9.51
2026-05-16,C004,Shopping - All Products,SHOPPING,8914,145,63.95,2,287.76,1.63,0.44,31.98,4.5
2026-05-16,C005,Display - Retargeting,DISPLAY,21253,115,29.81,0,0.0,0.54,0.26,29.81,0.0
2026-05-16,C006,YouTube - Brand Awareness,VIDEO,15688,169,28.83,0,0.0,1.08,0.17,28.83,0.0
2026-05-17,C001,Brand - Olist,SEARCH,4317,131,132.91,3,287.97,3.05,1.01,44.3,2.17
2026-05-17,C002,Generic - Electronics,SEARCH,4495,185,174.86,7,1269.4,4.14,0.95,24.98,7.26
2026-05-17,C003,Generic - Home & Garden,SEARCH,4346,166,173.16,6,1186.74,3.82,1.04,28.86,6.85
2026-05-17,C004,Shopping - All Products,SHOPPING,5742,123,54.46,2,475.73,2.14,0.44,27.23,8.74
2026-05-17,C005,Display - Retargeting,DISPLAY,15336,70,17.46,0,0.0,0.46,0.25,17.46,0.0
2026-05-17,C006,YouTube - Brand Awareness,VIDEO,16983,220,30.34,0,0.0,1.3,0.14,30.34,0.0
2026-05-18,C001,Brand - Olist,SEARCH,4118,138,125.69,4,510.69,3.36,0.91,31.42,4.06
2026-05-18,C002,Generic - Electronics,SEARCH,6253,221,234.75,8,1219.7,3.54,1.06,29.34,5.2
2026-05-18,C003,Generic - Home & Garden,SEARCH,6852,249,228.51,6,1121.35,3.64,0.92,38.09,4.91
2026-05-18,C004,Shopping - All Products,SHOPPING,9259,214,95.39,3,340.95,2.31,0.45,31.8,3.57
2026-05-18,C005,Display - Retargeting,DISPLAY,23239,120,35.49,0,0.0,0.52,0.3,35.49,0.0
2026-05-18,C006,YouTube - Brand Awareness,VIDEO,15122,203,25.52,0,0.0,1.35,0.13,25.52,0.0
2026-05-19,C001,Brand - Olist,SEARCH,5437,226,149.01,4,329.37,4.17,0.66,37.25,2.21
2026-05-19,C002,Generic - Electronics,SEARCH,6508,240,159.47,8,775.83,3.69,0.66,19.93,4.87
2026-05-19,C003,Generic - Home & Garden,SEARCH,6292,191,238.0,3,674.19,3.04,1.25,79.33,2.83
2026-05-19,C004,Shopping - All Products,SHOPPING,6226,114,65.32,1,96.13,1.83,0.57,65.32,1.47
2026-05-19,C005,Display - Retargeting,DISPLAY,20607,91,26.02,0,0.0,0.44,0.29,26.02,0.0
2026-05-19,C006,YouTube - Brand Awareness,VIDEO,18833,222,42.57,0,0.0,1.18,0.19,42.57,0.0
2026-05-20,C001,Brand - Olist,SEARCH,5412,167,112.78,6,901.94,3.09,0.68,18.8,8.0
2026-05-20,C002,Generic - Electronics,SEARCH,5596,203,205.66,7,1095.0,3.63,1.01,29.38,5.32
2026-05-20,C003,Generic - Home & Garden,SEARCH,4358,123,141.92,2,175.16,2.84,1.15,70.96,1.23
2026-05-20,C004,Shopping - All Products,SHOPPING,10726,193,67.77,3,534.85,1.81,0.35,22.59,7.89
2026-05-20,C005,Display - Retargeting,DISPLAY,27383,131,34.57,0,0.0,0.48,0.26,34.57,0.0
2026-05-20,C006,YouTube - Brand Awareness,VIDEO,14860,192,43.58,0,0.0,1.3,0.23,43.58,0.0
2026-05-21,C001,Brand - Olist,SEARCH,4757,170,132.7,5,512.99,3.58,0.78,26.54,3.87
2026-05-21,C002,Generic - Electronics,SEARCH,4754,153,149.45,3,429.75,3.22,0.98,49.82,2.88
2026-05-21,C003,Generic - Home & Garden,SEARCH,6115,217,193.99,5,928.35,3.56,0.89,38.8,4.79
2026-05-21,C004,Shopping - All Products,SHOPPING,6794,157,97.48,3,303.35,2.31,0.62,32.49,3.11
2026-05-21,C005,Display - Retargeting,DISPLAY,24805,106,37.18,1,234.9,0.43,0.35,37.18,6.32
2026-05-21,C006,YouTube - Brand Awareness,VIDEO,12434,162,27.38,0,0.0,1.31,0.17,27.38,0.0
2026-05-22,C001,Brand - Olist,SEARCH,6468,233,158.72,4,467.62,3.61,0.68,39.68,2.95
2026-05-22,C002,Generic - Electronics,SEARCH,4352,127,157.98,2,303.3,2.93,1.24,78.99,1.92
2026-05-22,C003,Generic - Home & Garden,SEARCH,6121,228,190.69,8,1218.92,3.73,0.84,23.84,6.39
2026-05-22,C004,Shopping - All Products,SHOPPING,10963,207,110.58,3,324.95,1.89,0.53,36.86,2.94
2026-05-22,C005,Display - Retargeting,DISPLAY,20154,117,38.86,0,0.0,0.58,0.33,38.86,0.0
2026-05-22,C006,YouTube - Brand Awareness,VIDEO,19909,207,41.95,0,0.0,1.04,0.2,41.95,0.0
2026-05-23,C001,Brand - Olist,SEARCH,5312,215,156.5,8,1083.98,4.06,0.73,19.56,6.93
2026-05-23,C002,Generic - Electronics,SEARCH,4805,175,137.91,4,712.88,3.66,0.79,34.48,5.17
2026-05-23,C003,Generic - Home & Garden,SEARCH,4936,188,172.1,7,663.25,3.82,0.92,24.59,3.85
2026-05-23,C004,Shopping - All Products,SHOPPING,7882,130,48.02,3,276.56,1.65,0.37,16.01,5.76
2026-05-23,C005,Display - Retargeting,DISPLAY,19784,83,18.25,0,0.0,0.42,0.22,18.25,0.0
2026-05-23,C006,YouTube - Brand Awareness,VIDEO,16020,209,20.47,0,0.0,1.31,0.1,20.47,0.0
2026-05-24,C001,Brand - Olist,SEARCH,4851,151,153.04,3,307.02,3.12,1.01,51.01,2.01
2026-05-24,C002,Generic - Electronics,SEARCH,4399,125,118.91,4,787.63,2.85,0.95,29.73,6.62
2026-05-24,C003,Generic - Home & Garden,SEARCH,4862,167,92.61,5,848.81,3.44,0.55,18.52,9.17
2026-05-24,C004,Shopping - All Products,SHOPPING,6811,112,47.52,2,356.91,1.65,0.42,23.76,7.51
2026-05-24,C005,Display - Retargeting,DISPLAY,13282,55,15.67,0,0.0,0.42,0.28,15.67,0.0
2026-05-24,C006,YouTube - Brand Awareness,VIDEO,16175,175,26.54,0,0.0,1.08,0.15,26.54,0.0
2026-05-25,C001,Brand - Olist,SEARCH,3865,154,154.25,5,1113.79,3.99,1.0,30.85,7.22
2026-05-25,C002,Generic - Electronics,SEARCH,4987,202,217.36,8,885.68,4.06,1.08,27.17,4.07
2026-05-25,C003,Generic - Home & Garden,SEARCH,4236,155,183.3,5,605.15,3.67,1.18,36.66,3.3
2026-05-25,C004,Shopping - All Products,SHOPPING,7529,142,52.31,4,625.5,1.89,0.37,13.08,11.96
2026-05-25,C005,Display - Retargeting,DISPLAY,15509,84,26.75,0,0.0,0.54,0.32,26.75,0.0
2026-05-25,C006,YouTube - Brand Awareness,VIDEO,16512,162,36.74,0,0.0,0.98,0.23,36.74,0.0
2026-05-26,C001,Brand - Olist,SEARCH,6132,176,140.13,4,608.57,2.88,0.8,35.03,4.34
2026-05-26,C002,Generic - Electronics,SEARCH,4572,153,175.09,5,1173.66,3.36,1.14,35.02,6.7
2026-05-26,C003,Generic - Home & Garden,SEARCH,4103,133,100.34,4,548.73,3.26,0.75,25.09,5.47
2026-05-26,C004,Shopping - All Products,SHOPPING,7835,159,79.95,2,369.41,2.04,0.5,39.98,4.62
2026-05-26,C005,Display - Retargeting,DISPLAY,21053,96,21.27,1,182.25,0.46,0.22,21.27,8.57
2026-05-26,C006,YouTube - Brand Awareness,VIDEO,13402,161,21.79,0,0.0,1.21,0.14,21.79,0.0
2026-05-27,C001,Brand - Olist,SEARCH,4115,142,153.91,4,535.78,3.46,1.08,38.48,3.48
2026-05-27,C002,Generic - Electronics,SEARCH,6749,199,222.25,5,1002.01,2.96,1.12,44.45,4.51
2026-05-27,C003,Generic - Home & Garden,SEARCH,6862,220,225.3,6,1145.23,3.21,1.02,37.55,5.08
2026-05-27,C004,Shopping - All Products,SHOPPING,6918,165,57.3,3,502.15,2.39,0.35,19.1,8.76
2026-05-27,C005,Display - Retargeting,DISPLAY,17666,102,25.2,1,215.14,0.58,0.25,25.2,8.54
2026-05-27,C006,YouTube - Brand Awareness,VIDEO,21171,254,50.21,0,0.0,1.2,0.2,50.21,0.0
2026-05-28,C001,Brand - Olist,SEARCH,5626,169,130.51,3,677.8,3.01,0.77,43.5,5.19
2026-05-28,C002,Generic - Electronics,SEARCH,6965,286,293.16,11,1724.93,4.11,1.03,26.65,5.88
2026-05-28,C003,Generic - Home & Garden,SEARCH,5836,164,213.27,4,472.33,2.82,1.3,53.32,2.21
2026-05-28,C004,Shopping - All Products,SHOPPING,9613,186,90.13,2,212.27,1.94,0.48,45.06,2.36
2026-05-28,C005,Display - Retargeting,DISPLAY,20568,102,30.05,0,0.0,0.5,0.29,30.05,0.0
2026-05-28,C006,YouTube - Brand Awareness,VIDEO,17141,229,27.16,0,0.0,1.34,0.12,27.16,0.0
