date,campaign_id,campaign_name,objective,impressions,reach,spend,link_clicks,ctr,cpc,cpm,purchases,purchase_value,cost_per_purchase,roas
2024-07-16,META_C001,Prospecting - Lookalike Purchasers,CONVERSIONS,16192,10445,112.82,400,2.47,0.28,6.97,21,3415.23,5.37,30.27
2024-07-16,META_C002,Retargeting - Add to Cart,CONVERSIONS,14501,8964,37.69,137,0.94,0.28,2.6,5,568.49,7.54,15.08
2024-07-16,META_C003,Brand Awareness - Video,AWARENESS,16154,11492,92.7,217,1.34,0.43,5.74,4,510.68,23.18,5.51
2024-07-16,META_C004,Catalog Sales - Dynamic,CATALOG_SALES,15315,11433,55.39,136,0.89,0.41,3.62,6,829.81,9.23,14.98
2024-07-16,META_C005,Instagram Stories - Flash Sales,CONVERSIONS,14453,12022,86.72,152,1.05,0.57,6.0,7,984.74,12.39,11.36
2024-07-17,META_C001,Prospecting - Lookalike Purchasers,CONVERSIONS,5794,4517,22.02,135,2.33,0.16,3.8,4,483.62,5.5,21.96
2024-07-17,META_C002,Retargeting - Add to Cart,CONVERSIONS,14256,11710,34.24,299,2.1,0.11,2.4,6,863.15,5.71,25.21
2024-07-17,META_C003,Brand Awareness - Video,AWARENESS,5978,4702,38.66,130,2.17,0.3,6.47,6,768.96,6.44,19.89
2024-07-17,META_C004,Catalog Sales - Dynamic,CATALOG_SALES,13911,8346,95.61,257,1.85,0.37,6.87,11,1669.26,8.69,17.46
2024-07-17,META_C005,Instagram Stories - Flash Sales,CONVERSIONS,16109,12120,108.85,175,1.09,0.62,6.76,9,1484.81,12.09,13.64
2024-07-18,META_C001,Prospecting - Lookalike Purchasers,CONVERSIONS,14029,11873,38.73,169,1.2,0.23,2.76,7,1251.24,5.53,32.31
2024-07-18,META_C002,Retargeting - Add to Cart,CONVERSIONS,17555,12528,108.38,344,1.96,0.32,6.17,7,1098.05,15.48,10.13
2024-07-18,META_C003,Brand Awareness - Video,AWARENESS,17603,14907,96.52,200,1.14,0.48,5.48,4,779.27,24.13,8.07
2024-07-18,META_C004,Catalog Sales - Dynamic,CATALOG_SALES,6585,4265,29.1,120,1.82,0.24,4.42,2,382.54,14.55,13.15
2024-07-18,META_C005,Instagram Stories - Flash Sales,CONVERSIONS,16879,11781,75.7,325,1.93,0.23,4.48,9,1220.1,8.41,16.12
2024-07-19,META_C001,Prospecting - Lookalike Purchasers,CONVERSIONS,9394,6189,43.2,193,2.05,0.22,4.6,9,1180.98,4.8,27.34
2024-07-19,META_C002,Retargeting - Add to Cart,CONVERSIONS,14893,8960,69.85,278,1.87,0.25,4.69,9,1448.2,7.76,20.73
2024-07-19,META_C003,Brand Awareness - Video,AWARENESS,16771,12437,104.61,335,2.0,0.31,6.24,12,1129.48,8.72,10.8
2024-07-19,META_C004,Catalog Sales - Dynamic,CATALOG_SALES,9743,7223,60.67,236,2.42,0.26,6.23,5,859.51,12.13,14.17
2024-07-19,META_C005,Instagram Stories - Flash Sales,CONVERSIONS,10331,7453,64.59,99,0.96,0.65,6.25,3,444.5,21.53,6.88
2024-07-20,META_C001,Prospecting - Lookalike Purchasers,CONVERSIONS,15322,12902,40.84,300,1.96,0.14,2.67,17,3292.64,2.4,80.62
2024-07-20,META_C002,Retargeting - Add to Cart,CONVERSIONS,14204,10375,45.1,254,1.79,0.18,3.18,11,1758.83,4.1,39.0
2024-07-20,META_C003,Brand Awareness - Video,AWARENESS,14226,10061,83.83,153,1.08,0.55,5.89,2,375.99,41.91,4.49
2024-07-20,META_C004,Catalog Sales - Dynamic,CATALOG_SALES,5803,4644,20.43,136,2.34,0.15,3.52,5,565.56,4.09,27.68
2024-07-20,META_C005,Instagram Stories - Flash Sales,CONVERSIONS,8549,7096,38.05,135,1.58,0.28,4.45,3,343.68,12.68,9.03
2024-07-21,META_C001,Prospecting - Lookalike Purchasers,CONVERSIONS,13857,10802,51.54,312,2.25,0.17,3.72,17,1831.47,3.03,35.53
2024-07-21,META_C002,Retargeting - Add to Cart,CONVERSIONS,8811,7181,29.54,200,2.27,0.15,3.35,5,677.97,5.91,22.95
2024-07-21,META_C003,Brand Awareness - Video,AWARENESS,10691,8681,43.0,197,1.84,0.22,4.02,7,880.72,6.14,20.48
2024-07-21,META_C004,Catalog Sales - Dynamic,CATALOG_SALES,8016,6060,36.43,131,1.63,0.28,4.55,4,543.36,9.11,14.92
2024-07-21,META_C005,Instagram Stories - Flash Sales,CONVERSIONS,15218,10747,56.2,276,1.81,0.2,3.69,10,1571.9,5.62,27.97
2024-07-22,META_C001,Prospecting - Lookalike Purchasers,CONVERSIONS,14288,9691,36.61,145,1.01,0.25,2.56,6,594.33,6.1,16.23
2024-07-22,META_C002,Retargeting - Add to Cart,CONVERSIONS,9754,6006,47.86,106,1.09,0.45,4.91,3,576.98,15.95,12.06
2024-07-22,META_C003,Brand Awareness - Video,AWARENESS,10639,8517,72.88,247,2.32,0.3,6.85,6,1175.3,12.15,16.13
2024-07-22,META_C004,Catalog Sales - Dynamic,CATALOG_SALES,15523,12562,38.39,329,2.12,0.12,2.47,15,1484.52,2.56,38.67
2024-07-22,META_C005,Instagram Stories - Flash Sales,CONVERSIONS,7869,6614,37.8,175,2.22,0.22,4.8,2,271.73,18.9,7.19
2024-07-23,META_C001,Prospecting - Lookalike Purchasers,CONVERSIONS,9759,6708,37.83,106,1.09,0.36,3.88,4,764.53,9.46,20.21
2024-07-23,META_C002,Retargeting - Add to Cart,CONVERSIONS,11516,7767,36.44,282,2.45,0.13,3.16,7,854.03,5.21,23.44
2024-07-23,META_C003,Brand Awareness - Video,AWARENESS,12739,10112,58.42,257,2.02,0.23,4.59,14,1514.16,4.17,25.92
2024-07-23,META_C004,Catalog Sales - Dynamic,CATALOG_SALES,17965,12540,105.48,292,1.63,0.36,5.87,13,1735.93,8.11,16.46
2024-07-23,META_C005,Instagram Stories - Flash Sales,CONVERSIONS,6464,4668,31.71,154,2.38,0.21,4.91,3,405.05,10.57,12.77
2024-07-24,META_C001,Prospecting - Lookalike Purchasers,CONVERSIONS,6845,5023,26.54,80,1.17,0.33,3.88,1,175.71,26.54,6.62
2024-07-24,META_C002,Retargeting - Add to Cart,CONVERSIONS,13262,9086,34.85,144,1.09,0.24,2.63,8,1141.16,4.36,32.74
2024-07-24,META_C003,Brand Awareness - Video,AWARENESS,9293,7299,61.42,138,1.48,0.45,6.61,4,765.82,15.36,12.47
2024-07-24,META_C004,Catalog Sales - Dynamic,CATALOG_SALES,13941,9227,45.84,173,1.24,0.26,3.29,3,487.31,15.28,10.63
2024-07-24,META_C005,Instagram Stories - Flash Sales,CONVERSIONS,6330,4410,34.18,57,0.9,0.6,5.4,0,0.0,34.18,0.0
2024-07-25,META_C001,Prospecting - Lookalike Purchasers,CONVERSIONS,15833,12103,42.9,201,1.27,0.21,2.71,7,1032.56,6.13,24.07
2024-07-25,META_C002,Retargeting - Add to Cart,CONVERSIONS,11150,7566,34.14,255,2.29,0.13,3.06,14,1350.27,2.44,39.55
2024-07-25,META_C003,Brand Awareness - Video,AWARENESS,14566,11385,90.06,300,2.06,0.3,6.95,3,478.31,30.02,5.31
2024-07-25,META_C004,Catalog Sales - Dynamic,CATALOG_SALES,9431,7471,61.72,159,1.69,0.39,6.54,2,271.72,30.86,4.4
2024-07-25,META_C005,Instagram Stories - Flash Sales,CONVERSIONS,9562,6174,64.0,179,1.87,0.36,6.69,9,1712.85,7.11,26.76
2024-07-26,META_C001,Prospecting - Lookalike Purchasers,CONVERSIONS,15270,9834,96.56,361,2.36,0.27,6.32,16,2822.07,6.04,29.23
2024-07-26,META_C002,Retargeting - Add to Cart,CONVERSIONS,5922,4415,37.55,50,0.84,0.75,6.34,2,189.53,18.77,5.05
2024-07-26,META_C003,Brand Awareness - Video,AWARENESS,12911,9984,37.64,275,2.13,0.14,2.92,8,814.26,4.71,21.63
2024-07-26,META_C004,Catalog Sales - Dynamic,CATALOG_SALES,14867,12076,77.6,122,0.82,0.64,5.22,5,752.58,15.52,9.7
2024-07-26,META_C005,Instagram Stories - Flash Sales,CONVERSIONS,13390,10756,60.04,321,2.4,0.19,4.48,11,1734.51,5.46,28.89
2024-07-27,META_C001,Prospecting - Lookalike Purchasers,CONVERSIONS,17121,14260,88.11,427,2.49,0.21,5.15,18,2428.7,4.89,27.56
2024-07-27,META_C002,Retargeting - Add to Cart,CONVERSIONS,12189,8580,81.23,268,2.2,0.3,6.66,13,2348.8,6.25,28.92
2024-07-27,META_C003,Brand Awareness - Video,AWARENESS,14332,11662,61.04,319,2.23,0.19,4.26,11,1144.12,5.55,18.74
2024-07-27,META_C004,Catalog Sales - Dynamic,CATALOG_SALES,6322,4044,37.96,72,1.14,0.53,6.0,3,362.83,12.65,9.56
2024-07-27,META_C005,Instagram Stories - Flash Sales,CONVERSIONS,15267,11025,90.25,212,1.39,0.43,5.91,11,1032.72,8.2,11.44
2024-07-28,META_C001,Prospecting - Lookalike Purchasers,CONVERSIONS,17666,13462,79.07,178,1.01,0.44,4.48,6,1190.16,13.18,15.05
2024-07-28,META_C002,Retargeting - Add to Cart,CONVERSIONS,7905,6170,35.48,90,1.14,0.39,4.49,3,593.43,11.83,16.73
2024-07-28,META_C003,Brand Awareness - Video,AWARENESS,7377,5599,38.09,136,1.84,0.28,5.16,4,367.45,9.52,9.65
2024-07-28,META_C004,Catalog Sales - Dynamic,CATALOG_SALES,16681,13457,53.98,351,2.1,0.15,3.24,20,3892.5,2.7,72.11
2024-07-28,META_C005,Instagram Stories - Flash Sales,CONVERSIONS,16671,10662,113.19,240,1.44,0.47,6.79,7,984.13,16.17,8.69
2024-07-29,META_C001,Prospecting - Lookalike Purchasers,CONVERSIONS,13461,8954,33.79,208,1.55,0.16,2.51,5,870.48,6.76,25.76
2024-07-29,META_C002,Retargeting - Add to Cart,CONVERSIONS,6208,5148,41.58,127,2.05,0.33,6.7,1,138.2,41.58,3.32
2024-07-29,META_C003,Brand Awareness - Video,AWARENESS,6534,5533,26.13,138,2.11,0.19,4.0,7,1211.77,3.73,46.37
2024-07-29,META_C004,Catalog Sales - Dynamic,CATALOG_SALES,13703,9818,72.71,315,2.3,0.23,5.31,11,1038.56,6.61,14.28
2024-07-29,META_C005,Instagram Stories - Flash Sales,CONVERSIONS,16942,12237,111.3,370,2.18,0.3,6.57,4,468.71,27.82,4.21
2024-07-30,META_C001,Prospecting - Lookalike Purchasers,CONVERSIONS,16357,13490,75.22,179,1.09,0.42,4.6,10,1134.45,7.52,15.08
2024-07-30,META_C002,Retargeting - Add to Cart,CONVERSIONS,7320,5601,26.1,59,0.81,0.44,3.57,0,0.0,26.1,0.0
2024-07-30,META_C003,Brand Awareness - Video,AWARENESS,11242,7204,53.67,260,2.31,0.21,4.77,2,394.78,26.84,7.36
2024-07-30,META_C004,Catalog Sales - Dynamic,CATALOG_SALES,13041,8319,34.23,156,1.2,0.22,2.62,3,350.89,11.41,10.25
2024-07-30,META_C005,Instagram Stories - Flash Sales,CONVERSIONS,13382,9881,37.13,287,2.14,0.13,2.77,4,751.49,9.28,20.24
2024-07-31,META_C001,Prospecting - Lookalike Purchasers,CONVERSIONS,12433,10414,38.68,235,1.89,0.16,3.11,9,1320.13,4.3,34.13
2024-07-31,META_C002,Retargeting - Add to Cart,CONVERSIONS,5112,4268,28.07,42,0.82,0.67,5.49,0,0.0,28.07,0.0
2024-07-31,META_C003,Brand Awareness - Video,AWARENESS,12905,9355,49.97,216,1.67,0.23,3.87,2,242.14,24.98,4.85
2024-07-31,META_C004,Catalog Sales - Dynamic,CATALOG_SALES,5502,4539,32.36,72,1.31,0.45,5.88,3,469.01,10.79,14.49
2024-07-31,META_C005,Instagram Stories - Flash Sales,CONVERSIONS,10781,7068,64.09,129,1.2,0.5,5.94,2,333.17,32.05,5.2
2024-08-01,META_C001,Prospecting - Lookalike Purchasers,CONVERSIONS,17696,13935,66.64,257,1.45,0.26,3.77,13,2273.06,5.13,34.11
2024-08-01,META_C002,Retargeting - Add to Cart,CONVERSIONS,12574,8408,86.79,308,2.45,0.28,6.9,12,2163.97,7.23,24.93
2024-08-01,META_C003,Brand Awareness - Video,AWARENESS,15532,10629,85.44,327,2.11,0.26,7.03,19,2418.32,4.5,28.3
2024-08-01,META_C004,Catalog Sales - Dynamic,CATALOG_SALES,13355,9890,80.87,243,1.82,0.33,6.06,12,1492.22,6.74,18.45
2024-08-01,META_C005,Instagram Stories - Flash Sales,CONVERSIONS,7817,5531,44.19,152,1.94,0.29,5.65,4,710.05,11.05,16.07
2024-08-02,META_C001,Prospecting - Lookalike Purchasers,CONVERSIONS,5286,4054,29.17,106,2.01,0.28,5.52,5,947.53,5.83,32.48
2024-08-02,META_C002,Retargeting - Add to Cart,CONVERSIONS,13710,9220,90.14,208,1.52,0.43,6.57,9,1669.01,10.02,18.52
2024-08-02,META_C003,Brand Awareness - Video,AWARENESS,17678,14815,70.03,174,0.98,0.4,3.96,3,561.2,23.34,8.01
2024-08-02,META_C004,Catalog Sales - Dynamic,CATALOG_SALES,9563,7221,53.52,106,1.11,0.5,5.6,2,278.63,26.76,5.21
2024-08-02,META_C005,Instagram Stories - Flash Sales,CONVERSIONS,9615,8131,61.61,220,2.29,0.28,6.41,6,1058.65,10.27,17.18
2024-08-03,META_C001,Prospecting - Lookalike Purchasers,CONVERSIONS,7752,6147,35.59,98,1.26,0.36,4.59,2,344.84,17.8,9.69
2024-08-03,META_C002,Retargeting - Add to Cart,CONVERSIONS,5763,4408,33.64,120,2.08,0.28,5.84,2,309.16,16.82,9.19
2024-08-03,META_C003,Brand Awareness - Video,AWARENESS,17223,12963,91.87,235,1.36,0.39,5.33,10,1907.86,9.19,20.77
2024-08-03,META_C004,Catalog Sales - Dynamic,CATALOG_SALES,4943,4041,17.05,111,2.25,0.15,3.45,5,940.56,3.41,55.16
2024-08-03,META_C005,Instagram Stories - Flash Sales,CONVERSIONS,17213,12252,95.54,240,1.39,0.4,5.55,7,1202.17,13.65,12.58
2024-08-04,META_C001,Prospecting - Lookalike Purchasers,CONVERSIONS,11419,9175,68.25,213,1.87,0.32,5.98,6,841.38,11.38,12.33
2024-08-04,META_C002,Retargeting - Add to Cart,CONVERSIONS,15602,11497,103.77,271,1.74,0.38,6.65,12,1130.62,8.65,10.9
2024-08-04,META_C003,Brand Awareness - Video,AWARENESS,5157,3201,23.21,127,2.46,0.18,4.5,4,651.46,5.8,28.07
2024-08-04,META_C004,Catalog Sales - Dynamic,CATALOG_SALES,8480,5770,34.01,136,1.6,0.25,4.01,4,620.48,8.5,18.24
2024-08-04,META_C005,Instagram Stories - Flash Sales,CONVERSIONS,14948,9306,91.62,289,1.93,0.32,6.13,7,945.23,13.09,10.32
2024-08-05,META_C001,Prospecting - Lookalike Purchasers,CONVERSIONS,7851,6632,37.57,128,1.63,0.29,4.79,2,291.64,18.79,7.76
2024-08-05,META_C002,Retargeting - Add to Cart,CONVERSIONS,5322,4396,33.68,97,1.82,0.35,6.33,3,598.92,11.23,17.78
2024-08-05,META_C003,Brand Awareness - Video,AWARENESS,8469,6732,43.96,186,2.2,0.24,5.19,11,1701.87,4.0,38.71
2024-08-05,META_C004,Catalog Sales - Dynamic,CATALOG_SALES,7499,5443,43.59,60,0.8,0.73,5.81,2,231.75,21.8,5.32
2024-08-05,META_C005,Instagram Stories - Flash Sales,CONVERSIONS,16348,10433,91.53,229,1.4,0.4,5.6,13,1513.84,7.04,16.54
2024-08-06,META_C001,Prospecting - Lookalike Purchasers,CONVERSIONS,6054,3737,29.19,82,1.35,0.36,4.82,3,290.14,9.73,9.94
2024-08-06,META_C002,Retargeting - Add to Cart,CONVERSIONS,16116,12959,114.91,226,1.4,0.51,7.13,6,1032.34,19.15,8.98
2024-08-06,META_C003,Brand Awareness - Video,AWARENESS,6569,4457,19.5,114,1.74,0.17,2.97,2,185.86,9.75,9.53
2024-08-06,META_C004,Catalog Sales - Dynamic,CATALOG_SALES,14295,8648,101.1,275,1.92,0.37,7.07,8,772.51,12.64,7.64
2024-08-06,META_C005,Instagram Stories - Flash Sales,CONVERSIONS,11032,8044,71.74,103,0.93,0.7,6.5,2,248.62,35.87,3.47
2024-08-07,META_C001,Prospecting - Lookalike Purchasers,CONVERSIONS,6336,4525,45.14,130,2.05,0.35,7.12,5,917.45,9.03,20.32
2024-08-07,META_C002,Retargeting - Add to Cart,CONVERSIONS,7647,6029,50.7,106,1.39,0.48,6.63,6,1055.32,8.45,20.81
2024-08-07,META_C003,Brand Awareness - Video,AWARENESS,8530,6320,37.03,119,1.4,0.31,4.34,2,328.45,18.52,8.87
2024-08-07,META_C004,Catalog Sales - Dynamic,CATALOG_SALES,15076,12339,47.42,185,1.23,0.26,3.15,5,945.79,9.48,19.94
2024-08-07,META_C005,Instagram Stories - Flash Sales,CONVERSIONS,10799,7011,34.2,226,2.09,0.15,3.17,13,2295.99,2.63,67.13
2024-08-08,META_C001,Prospecting - Lookalike Purchasers,CONVERSIONS,16376,12887,109.69,389,2.38,0.28,6.7,11,2105.15,9.97,19.19
2024-08-08,META_C002,Retargeting - Add to Cart,CONVERSIONS,5799,4516,34.4,122,2.1,0.28,5.93,3,453.89,11.47,13.19
2024-08-08,META_C003,Brand Awareness - Video,AWARENESS,9638,6255,34.63,167,1.73,0.21,3.59,9,1713.6,3.85,49.48
2024-08-08,META_C004,Catalog Sales - Dynamic,CATALOG_SALES,5522,3423,19.75,53,0.96,0.37,3.58,1,154.65,19.75,7.83
2024-08-08,META_C005,Instagram Stories - Flash Sales,CONVERSIONS,12431,9147,50.04,274,2.2,0.18,4.03,7,695.86,7.15,13.91
2024-08-09,META_C001,Prospecting - Lookalike Purchasers,CONVERSIONS,8711,5525,40.45,138,1.58,0.29,4.64,2,342.52,20.23,8.47
2024-08-09,META_C002,Retargeting - Add to Cart,CONVERSIONS,5163,3813,16.59,117,2.27,0.14,3.21,5,504.42,3.32,30.41
2024-08-09,META_C003,Brand Awareness - Video,AWARENESS,13565,10213,63.38,313,2.31,0.2,4.67,6,802.88,10.56,12.67
2024-08-09,META_C004,Catalog Sales - Dynamic,CATALOG_SALES,9144,7249,62.17,197,2.15,0.32,6.8,11,1833.54,5.65,29.49
2024-08-09,META_C005,Instagram Stories - Flash Sales,CONVERSIONS,14713,12442,35.8,302,2.05,0.12,2.43,16,2995.57,2.24,83.68
2024-08-10,META_C001,Prospecting - Lookalike Purchasers,CONVERSIONS,15913,13310,79.24,130,0.82,0.61,4.98,4,551.52,19.81,6.96
2024-08-10,META_C002,Retargeting - Add to Cart,CONVERSIONS,10756,7530,73.2,242,2.25,0.3,6.81,13,1884.29,5.63,25.74
2024-08-10,META_C003,Brand Awareness - Video,AWARENESS,10699,8454,62.04,104,0.97,0.6,5.8,2,208.83,31.02,3.37
2024-08-10,META_C004,Catalog Sales - Dynamic,CATALOG_SALES,8690,5782,47.46,170,1.96,0.28,5.46,9,1586.29,5.27,33.42
2024-08-10,META_C005,Instagram Stories - Flash Sales,CONVERSIONS,14407,10135,57.04,337,2.34,0.17,3.96,10,909.97,5.7,15.95
2024-08-11,META_C001,Prospecting - Lookalike Purchasers,CONVERSIONS,15261,10244,37.35,256,1.68,0.15,2.45,11,2096.77,3.4,56.14
2024-08-11,META_C002,Retargeting - Add to Cart,CONVERSIONS,11943,8668,45.33,257,2.15,0.18,3.8,8,863.9,5.67,19.06
2024-08-11,META_C003,Brand Awareness - Video,AWARENESS,6047,4343,28.01,96,1.59,0.29,4.63,1,145.86,28.01,5.21
2024-08-11,META_C004,Catalog Sales - Dynamic,CATALOG_SALES,16769,10729,95.76,347,2.07,0.28,5.71,6,1161.46,15.96,12.13
2024-08-11,META_C005,Instagram Stories - Flash Sales,CONVERSIONS,12996,10549,46.57,276,2.12,0.17,3.58,8,1057.88,5.82,22.72
2024-08-12,META_C001,Prospecting - Lookalike Purchasers,CONVERSIONS,13482,8404,79.96,151,1.12,0.53,5.93,6,604.89,13.33,7.56
2024-08-12,META_C002,Retargeting - Add to Cart,CONVERSIONS,17628,14403,95.3,407,2.31,0.23,5.41,9,1650.92,10.59,17.32
2024-08-12,META_C003,Brand Awareness - Video,AWARENESS,7371,5184,37.44,62,0.84,0.6,5.08,1,156.94,37.44,4.19
2024-08-12,META_C004,Catalog Sales - Dynamic,CATALOG_SALES,9517,7554,52.61,99,1.04,0.53,5.53,4,558.21,13.15,10.61
2024-08-12,META_C005,Instagram Stories - Flash Sales,CONVERSIONS,7030,4791,27.1,121,1.72,0.22,3.85,5,766.51,5.42,28.28
2024-08-13,META_C001,Prospecting - Lookalike Purchasers,CONVERSIONS,15707,9925,70.54,306,1.95,0.23,4.49,13,2212.42,5.43,31.36
2024-08-13,META_C002,Retargeting - Add to Cart,CONVERSIONS,13398,8354,76.87,333,2.49,0.23,5.74,14,2317.72,5.49,30.15
2024-08-13,META_C003,Brand Awareness - Video,AWARENESS,11595,9472,83.31,213,1.84,0.39,7.18,2,339.88,41.66,4.08
2024-08-13,META_C004,Catalog Sales - Dynamic,CATALOG_SALES,14153,11235,42.43,184,1.3,0.23,3.0,8,931.53,5.3,21.95
2024-08-13,META_C005,Instagram Stories - Flash Sales,CONVERSIONS,13828,9316,33.78,137,0.99,0.25,2.44,5,959.09,6.76,28.39
2024-08-14,META_C001,Prospecting - Lookalike Purchasers,CONVERSIONS,17594,11594,110.57,410,2.33,0.27,6.28,20,1962.63,5.53,17.75
2024-08-14,META_C002,Retargeting - Add to Cart,CONVERSIONS,10174,6962,62.76,199,1.96,0.32,6.17,7,1381.24,8.97,22.01
2024-08-14,META_C003,Brand Awareness - Video,AWARENESS,17178,12143,100.89,399,2.32,0.25,5.87,5,616.14,20.18,6.11
2024-08-14,META_C004,Catalog Sales - Dynamic,CATALOG_SALES,9027,6396,29.0,173,1.92,0.17,3.21,6,979.42,4.83,33.77
2024-08-14,META_C005,Instagram Stories - Flash Sales,CONVERSIONS,5677,4649,39.21,130,2.29,0.3,6.91,2,355.44,19.61,9.07
2024-08-15,META_C001,Prospecting - Lookalike Purchasers,CONVERSIONS,6372,4473,25.2,83,1.3,0.3,3.95,3,391.24,8.4,15.53
2024-08-15,META_C002,Retargeting - Add to Cart,CONVERSIONS,16162,12258,55.49,362,2.24,0.15,3.43,10,1489.38,5.55,26.84
2024-08-15,META_C003,Brand Awareness - Video,AWARENESS,13366,9181,50.94,155,1.16,0.33,3.81,3,290.49,16.98,5.7
2024-08-15,META_C004,Catalog Sales - Dynamic,CATALOG_SALES,8812,5993,61.83,188,2.13,0.33,7.02,2,203.44,30.91,3.29
2024-08-15,META_C005,Instagram Stories - Flash Sales,CONVERSIONS,15551,11754,51.58,266,1.71,0.19,3.32,13,1256.39,3.97,24.36
2024-08-16,META_C001,Prospecting - Lookalike Purchasers,CONVERSIONS,21127,16463,249.79,268,1.27,0.93,11.82,12,2087.53,20.82,8.36
2024-08-16,META_C002,Retargeting - Add to Cart,CONVERSIONS,24054,19364,130.45,235,0.98,0.56,11.23,11,1295.37,11.86,9.93
2024-08-16,META_C003,Brand Awareness - Video,AWARENESS,9287,6503,87.53,180,1.94,0.49,10.56,1,102.07,87.53,1.17
2024-08-16,META_C004,Catalog Sales - Dynamic,CATALOG_SALES,15718,9759,169.24,327,2.08,0.52,10.77,7,1032.9,24.18,6.1
2024-08-16,META_C005,Instagram Stories - Flash Sales,CONVERSIONS,12052,8078,97.96,115,0.95,0.85,8.13,2,383.86,48.98,3.92
2024-08-17,META_C001,Prospecting - Lookalike Purchasers,CONVERSIONS,17440,14557,208.08,224,1.28,0.93,11.93,11,1182.77,18.92,5.68
2024-08-17,META_C002,Retargeting - Add to Cart,CONVERSIONS,13545,10784,101.17,258,1.9,0.39,7.47,12,1245.09,8.43,12.31
2024-08-17,META_C003,Brand Awareness - Video,AWARENESS,14093,9235,99.2,283,2.01,0.35,7.04,12,1088.3,8.27,10.97
2024-08-17,META_C004,Catalog Sales - Dynamic,CATALOG_SALES,11127,7297,68.72,166,1.49,0.41,6.18,2,345.0,34.36,5.02
2024-08-17,META_C005,Instagram Stories - Flash Sales,CONVERSIONS,25329,18833,119.49,618,2.44,0.19,4.72,12,2010.12,9.96,16.82
2024-08-18,META_C001,Prospecting - Lookalike Purchasers,CONVERSIONS,26522,19492,174.69,443,1.67,0.39,6.59,13,2499.67,13.44,14.31
2024-08-18,META_C002,Retargeting - Add to Cart,CONVERSIONS,24365,16088,148.16,252,1.03,0.59,8.68,7,1327.27,21.17,8.96
2024-08-18,META_C003,Brand Awareness - Video,AWARENESS,20477,13397,95.36,354,1.73,0.27,4.98,9,1434.11,10.6,15.04
2024-08-18,META_C004,Catalog Sales - Dynamic,CATALOG_SALES,9511,6051,79.61,218,2.29,0.37,8.37,3,492.39,26.54,6.19
2024-08-18,META_C005,Instagram Stories - Flash Sales,CONVERSIONS,16606,11623,168.04,337,2.03,0.5,10.12,11,1707.42,15.28,10.16
2024-08-19,META_C001,Prospecting - Lookalike Purchasers,CONVERSIONS,24735,18596,220.76,596,2.41,0.37,8.92,17,2609.21,12.99,11.82
2024-08-19,META_C002,Retargeting - Add to Cart,CONVERSIONS,9898,6826,72.22,165,1.67,0.44,7.3,7,644.64,10.32,8.93
2024-08-19,META_C003,Brand Awareness - Video,AWARENESS,18218,15035,85.63,279,1.53,0.31,5.79,12,1679.89,7.14,19.62
2024-08-19,META_C004,Catalog Sales - Dynamic,CATALOG_SALES,18119,13905,109.35,192,1.06,0.57,6.04,5,810.8,21.87,7.41
2024-08-19,META_C005,Instagram Stories - Flash Sales,CONVERSIONS,26224,20923,184.36,264,1.01,0.7,9.77,5,925.66,36.87,5.02
2024-08-20,META_C001,Prospecting - Lookalike Purchasers,CONVERSIONS,26861,22506,123.77,511,1.9,0.24,4.61,23,3698.97,5.38,29.89
2024-08-20,META_C002,Retargeting - Add to Cart,CONVERSIONS,24940,17205,133.64,204,0.82,0.66,5.44,5,500.46,26.73,3.74
2024-08-20,META_C003,Brand Awareness - Video,AWARENESS,15072,11410,101.79,185,1.23,0.55,11.16,3,333.71,33.93,3.28
2024-08-20,META_C004,Catalog Sales - Dynamic,CATALOG_SALES,29361,21649,160.31,432,1.47,0.37,5.46,23,2729.51,6.97,17.03
2024-08-20,META_C005,Instagram Stories - Flash Sales,CONVERSIONS,16650,12091,185.5,295,1.77,0.63,11.14,6,806.22,30.92,4.35
2024-08-21,META_C001,Prospecting - Lookalike Purchasers,CONVERSIONS,29463,22154,234.99,502,1.7,0.47,10.25,15,2509.82,15.67,10.68
2024-08-21,META_C002,Retargeting - Add to Cart,CONVERSIONS,26732,19429,137.71,294,1.1,0.47,7.85,16,1996.3,8.61,14.5
2024-08-21,META_C003,Brand Awareness - Video,AWARENESS,25615,19949,103.74,476,1.86,0.22,10.33,26,2819.61,3.99,27.18
2024-08-21,META_C004,Catalog Sales - Dynamic,CATALOG_SALES,21787,17278,134.49,462,2.12,0.29,6.17,23,2861.59,5.85,21.28
2024-08-21,META_C005,Instagram Stories - Flash Sales,CONVERSIONS,22995,15546,188.52,417,1.81,0.45,9.91,12,1293.82,15.71,6.86
2024-08-22,META_C001,Prospecting - Lookalike Purchasers,CONVERSIONS,11916,7380,106.58,99,0.83,1.08,8.94,1,140.32,106.58,1.32
2024-08-22,META_C002,Retargeting - Add to Cart,CONVERSIONS,24229,15492,134.46,358,1.48,0.38,6.17,7,901.5,19.21,6.7
2024-08-22,META_C003,Brand Awareness - Video,AWARENESS,24027,18086,97.75,387,1.61,0.25,4.65,21,2558.29,4.65,26.17
2024-08-22,META_C004,Catalog Sales - Dynamic,CATALOG_SALES,23975,18765,138.38,391,1.63,0.35,5.77,17,1802.75,8.14,13.03
2024-08-22,META_C005,Instagram Stories - Flash Sales,CONVERSIONS,13671,10205,89.58,196,1.43,0.46,6.55,8,1148.69,11.2,12.82
2024-08-23,META_C001,Prospecting - Lookalike Purchasers,CONVERSIONS,8101,6176,59.76,77,0.95,0.78,7.38,1,114.61,59.76,1.92
2024-08-23,META_C002,Retargeting - Add to Cart,CONVERSIONS,28578,20236,123.93,267,0.93,0.46,4.34,10,1105.28,12.39,8.92
2024-08-23,META_C003,Brand Awareness - Video,AWARENESS,18968,13135,91.41,299,1.58,0.31,10.43,13,1789.69,7.03,19.58
2024-08-23,META_C004,Catalog Sales - Dynamic,CATALOG_SALES,25450,19479,185.38,622,2.44,0.3,7.28,26,4928.29,7.13,26.58
2024-08-23,META_C005,Instagram Stories - Flash Sales,CONVERSIONS,11932,8600,134.47,291,2.44,0.46,11.27,4,757.18,33.62,5.63
2024-08-24,META_C001,Prospecting - Lookalike Purchasers,CONVERSIONS,17794,11004,196.38,149,0.84,1.32,11.04,2,325.01,98.19,1.66
2024-08-24,META_C002,Retargeting - Add to Cart,CONVERSIONS,29511,18528,132.92,609,2.06,0.22,7.7,9,1047.44,14.77,7.88
2024-08-24,META_C003,Brand Awareness - Video,AWARENESS,12320,9093,95.22,110,0.89,0.87,10.99,4,710.91,23.8,7.47
2024-08-24,META_C004,Catalog Sales - Dynamic,CATALOG_SALES,10907,6742,60.02,196,1.8,0.31,5.5,7,822.1,8.57,13.7
2024-08-24,META_C005,Instagram Stories - Flash Sales,CONVERSIONS,15309,12882,90.71,273,1.78,0.33,5.93,4,565.62,22.68,6.24
2024-08-25,META_C001,Prospecting - Lookalike Purchasers,CONVERSIONS,28868,20341,225.32,511,1.77,0.44,10.91,26,4973.17,8.67,22.07
2024-08-25,META_C002,Retargeting - Add to Cart,CONVERSIONS,18688,14201,75.2,238,1.27,0.32,4.02,3,362.3,25.07,4.82
2024-08-25,META_C003,Brand Awareness - Video,AWARENESS,15064,12686,93.52,373,2.48,0.25,9.35,6,854.19,15.59,9.13
2024-08-25,META_C004,Catalog Sales - Dynamic,CATALOG_SALES,22235,13649,216.48,230,1.03,0.94,9.74,4,768.71,54.12,3.55
2024-08-25,META_C005,Instagram Stories - Flash Sales,CONVERSIONS,23031,17592,181.71,427,1.85,0.43,8.44,13,1377.95,13.98,7.58
2024-08-26,META_C001,Prospecting - Lookalike Purchasers,CONVERSIONS,23171,14653,128.03,445,1.92,0.29,5.53,18,2448.04,7.11,19.12
2024-08-26,META_C002,Retargeting - Add to Cart,CONVERSIONS,16718,12915,142.81,409,2.45,0.35,9.92,23,3113.45,6.21,21.8
2024-08-26,META_C003,Brand Awareness - Video,AWARENESS,26053,19170,86.1,462,1.77,0.19,8.09,25,4395.37,3.44,51.05
2024-08-26,META_C004,Catalog Sales - Dynamic,CATALOG_SALES,25298,16190,173.74,338,1.34,0.51,6.87,13,1691.64,13.36,9.74
2024-08-26,META_C005,Instagram Stories - Flash Sales,CONVERSIONS,20335,14430,127.97,470,2.31,0.27,6.29,4,360.73,31.99,2.82
2024-08-27,META_C001,Prospecting - Lookalike Purchasers,CONVERSIONS,26189,22239,213.26,310,1.18,0.69,9.82,18,3221.04,11.85,15.1
2024-08-27,META_C002,Retargeting - Add to Cart,CONVERSIONS,20469,13493,84.23,376,1.84,0.22,4.11,4,797.2,21.06,9.46
2024-08-27,META_C003,Brand Awareness - Video,AWARENESS,12034,9358,63.06,112,0.93,0.56,5.24,5,771.71,12.61,12.24
2024-08-27,META_C004,Catalog Sales - Dynamic,CATALOG_SALES,9895,8036,82.88,233,2.35,0.36,8.38,13,1281.23,6.38,15.46
2024-08-27,META_C005,Instagram Stories - Flash Sales,CONVERSIONS,10661,9029,84.23,224,2.1,0.38,7.9,5,849.97,16.85,10.09
2024-08-28,META_C001,Prospecting - Lookalike Purchasers,CONVERSIONS,26420,21032,163.6,396,1.5,0.41,6.19,13,1409.34,12.58,8.61
2024-08-28,META_C002,Retargeting - Add to Cart,CONVERSIONS,17954,13065,148.19,301,1.68,0.49,8.25,6,977.66,24.7,6.6
2024-08-28,META_C003,Brand Awareness - Video,AWARENESS,25540,17363,87.94,352,1.38,0.25,9.16,19,3614.63,4.63,41.1
2024-08-28,META_C004,Catalog Sales - Dynamic,CATALOG_SALES,20657,16021,223.76,337,1.63,0.66,10.83,12,1628.65,18.65,7.28
2024-08-28,META_C005,Instagram Stories - Flash Sales,CONVERSIONS,9583,6762,98.94,222,2.32,0.45,10.33,2,295.97,49.47,2.99
2024-08-29,META_C001,Prospecting - Lookalike Purchasers,CONVERSIONS,10363,6737,116.08,216,2.08,0.54,11.2,2,271.7,58.04,2.34
2024-08-29,META_C002,Retargeting - Add to Cart,CONVERSIONS,22833,14461,129.44,435,1.91,0.3,6.61,25,4524.38,5.18,34.95
2024-08-29,META_C003,Brand Awareness - Video,AWARENESS,29441,23888,96.54,494,1.68,0.2,10.84,14,2519.87,6.9,26.1
2024-08-29,META_C004,Catalog Sales - Dynamic,CATALOG_SALES,12005,7371,139.06,295,2.46,0.47,11.58,13,1639.75,10.7,11.79
2024-08-29,META_C005,Instagram Stories - Flash Sales,CONVERSIONS,23352,18785,139.25,506,2.17,0.28,5.96,11,1040.73,12.66,7.47
2024-08-30,META_C001,Prospecting - Lookalike Purchasers,CONVERSIONS,12490,8120,56.48,180,1.44,0.31,4.52,9,1059.65,6.28,18.76
2024-08-30,META_C002,Retargeting - Add to Cart,CONVERSIONS,17971,13653,143.24,257,1.43,0.56,11.02,13,1613.65,11.02,11.27
2024-08-30,META_C003,Brand Awareness - Video,AWARENESS,9747,6932,85.62,175,1.8,0.49,10.28,6,1152.84,14.27,13.46
2024-08-30,META_C004,Catalog Sales - Dynamic,CATALOG_SALES,14302,9578,107.61,293,2.05,0.37,7.52,12,2081.78,8.97,19.35
2024-08-30,META_C005,Instagram Stories - Flash Sales,CONVERSIONS,26040,21632,193.93,303,1.16,0.64,7.45,13,1933.63,14.92,9.97
2024-08-31,META_C001,Prospecting - Lookalike Purchasers,CONVERSIONS,25971,18678,259.01,531,2.04,0.49,10.27,25,2434.73,10.36,9.4
2024-08-31,META_C002,Retargeting - Add to Cart,CONVERSIONS,12509,10552,119.4,178,1.42,0.67,9.55,2,261.21,59.7,2.19
2024-08-31,META_C003,Brand Awareness - Video,AWARENESS,18976,12388,95.17,340,1.79,0.28,5.39,7,1082.29,13.6,11.37
2024-08-31,META_C004,Catalog Sales - Dynamic,CATALOG_SALES,27807,19973,301.96,266,0.96,1.14,10.86,3,427.09,100.65,1.41
2024-08-31,META_C005,Instagram Stories - Flash Sales,CONVERSIONS,20938,14792,138.43,168,0.8,0.82,6.61,9,1039.76,15.38,7.51
2024-09-01,META_C001,Prospecting - Lookalike Purchasers,CONVERSIONS,28176,17673,166.37,702,2.49,0.24,5.9,7,1122.52,23.77,6.75
2024-09-01,META_C002,Retargeting - Add to Cart,CONVERSIONS,27133,20840,156.25,629,2.32,0.25,6.9,19,2908.26,8.22,18.61
2024-09-01,META_C003,Brand Awareness - Video,AWARENESS,29285,24764,101.95,384,1.31,0.27,7.6,10,1081.3,10.2,10.61
2024-09-01,META_C004,Catalog Sales - Dynamic,CATALOG_SALES,12602,9630,101.9,187,1.48,0.54,8.09,5,993.05,20.38,9.75
2024-09-01,META_C005,Instagram Stories - Flash Sales,CONVERSIONS,26778,18664,183.71,518,1.93,0.35,11.31,30,3987.92,6.12,21.71
2024-09-02,META_C001,Prospecting - Lookalike Purchasers,CONVERSIONS,22957,15472,140.74,565,2.46,0.25,6.13,18,3476.52,7.82,24.7
2024-09-02,META_C002,Retargeting - Add to Cart,CONVERSIONS,28115,18652,146.8,472,1.68,0.31,7.21,6,1195.84,24.47,8.15
2024-09-02,META_C003,Brand Awareness - Video,AWARENESS,24558,17422,86.75,403,1.64,0.22,8.95,22,4149.77,3.94,47.84
2024-09-02,META_C004,Catalog Sales - Dynamic,CATALOG_SALES,15422,11301,147.73,140,0.91,1.06,9.58,4,624.72,36.93,4.23
2024-09-02,META_C005,Instagram Stories - Flash Sales,CONVERSIONS,8128,5071,45.99,139,1.71,0.33,5.66,3,361.14,15.33,7.85
2024-09-03,META_C001,Prospecting - Lookalike Purchasers,CONVERSIONS,27125,17258,216.01,505,1.86,0.43,7.96,23,3161.03,9.39,14.63
2024-09-03,META_C002,Retargeting - Add to Cart,CONVERSIONS,8438,6425,76.41,133,1.58,0.57,9.06,7,787.92,10.92,10.31
2024-09-03,META_C003,Brand Awareness - Video,AWARENESS,18144,12977,101.49,379,2.09,0.27,10.49,10,979.24,10.15,9.65
2024-09-03,META_C004,Catalog Sales - Dynamic,CATALOG_SALES,15688,12078,150.95,246,1.57,0.61,9.62,10,1493.11,15.09,9.89
2024-09-03,META_C005,Instagram Stories - Flash Sales,CONVERSIONS,11313,8092,94.56,160,1.41,0.59,8.36,9,1346.88,10.51,14.24
2024-09-04,META_C001,Prospecting - Lookalike Purchasers,CONVERSIONS,13334,8639,68.45,111,0.83,0.62,5.13,3,596.17,22.82,8.71
2024-09-04,META_C002,Retargeting - Add to Cart,CONVERSIONS,22742,17964,112.62,292,1.28,0.39,4.95,15,1649.13,7.51,14.64
2024-09-04,META_C003,Brand Awareness - Video,AWARENESS,18092,13514,101.6,215,1.19,0.47,8.11,6,1062.78,16.93,10.46
2024-09-04,META_C004,Catalog Sales - Dynamic,CATALOG_SALES,19617,13742,83.09,481,2.45,0.17,4.24,19,3500.17,4.37,42.13
2024-09-04,META_C005,Instagram Stories - Flash Sales,CONVERSIONS,19371,12744,79.72,317,1.64,0.25,4.12,15,2496.23,5.31,31.31
2024-09-05,META_C001,Prospecting - Lookalike Purchasers,CONVERSIONS,29734,21633,220.55,478,1.61,0.46,7.42,25,2366.71,8.82,10.73
2024-09-05,META_C002,Retargeting - Add to Cart,CONVERSIONS,29513,25036,137.45,348,1.18,0.39,8.78,8,764.09,17.18,5.56
2024-09-05,META_C003,Brand Awareness - Video,AWARENESS,18452,11335,92.44,210,1.14,0.44,9.75,7,1379.79,13.21,14.93
2024-09-05,META_C004,Catalog Sales - Dynamic,CATALOG_SALES,23292,16838,237.94,539,2.31,0.44,10.22,10,1844.77,23.79,7.75
2024-09-05,META_C005,Instagram Stories - Flash Sales,CONVERSIONS,14622,12213,91.37,356,2.43,0.26,6.25,6,1183.17,15.23,12.95
2024-09-06,META_C001,Prospecting - Lookalike Purchasers,CONVERSIONS,9885,6471,74.66,161,1.63,0.46,7.55,6,998.32,12.44,13.37
2024-09-06,META_C002,Retargeting - Add to Cart,CONVERSIONS,29302,23319,136.59,283,0.97,0.48,5.79,11,1208.7,12.42,8.85
2024-09-06,META_C003,Brand Awareness - Video,AWARENESS,13662,11230,90.36,201,1.47,0.45,6.61,2,259.83,45.18,2.88
2024-09-06,META_C004,Catalog Sales - Dynamic,CATALOG_SALES,16977,13987,111.97,361,2.13,0.31,6.6,17,3022.79,6.59,27.0
2024-09-06,META_C005,Instagram Stories - Flash Sales,CONVERSIONS,28982,23153,202.86,482,1.66,0.42,7.26,11,1356.53,18.44,6.69
2024-09-07,META_C001,Prospecting - Lookalike Purchasers,CONVERSIONS,12924,8222,70.77,298,2.31,0.24,5.48,16,2472.72,4.42,34.94
2024-09-07,META_C002,Retargeting - Add to Cart,CONVERSIONS,26490,17109,142.69,242,0.91,0.59,11.21,4,495.95,35.67,3.48
2024-09-07,META_C003,Brand Awareness - Video,AWARENESS,8958,6067,40.13,112,1.25,0.36,4.48,6,695.46,6.69,17.33
2024-09-07,META_C004,Catalog Sales - Dynamic,CATALOG_SALES,13262,10234,144.22,303,2.28,0.48,10.87,8,893.37,18.03,6.19
2024-09-07,META_C005,Instagram Stories - Flash Sales,CONVERSIONS,15252,11474,105.81,183,1.2,0.58,6.94,8,1025.75,13.23,9.69
2024-09-08,META_C001,Prospecting - Lookalike Purchasers,CONVERSIONS,18029,13331,171.09,400,2.22,0.43,9.49,18,2083.51,9.51,12.18
2024-09-08,META_C002,Retargeting - Add to Cart,CONVERSIONS,29449,22563,132.23,502,1.7,0.26,7.62,9,1235.2,14.69,9.34
2024-09-08,META_C003,Brand Awareness - Video,AWARENESS,16991,13252,94.11,230,1.35,0.41,5.54,7,1224.7,13.44,13.01
2024-09-08,META_C004,Catalog Sales - Dynamic,CATALOG_SALES,21758,14730,154.26,394,1.81,0.39,7.09,10,1698.27,15.43,11.01
2024-09-08,META_C005,Instagram Stories - Flash Sales,CONVERSIONS,20755,13209,134.54,303,1.46,0.44,6.48,10,1457.44,13.45,10.83
2024-09-09,META_C001,Prospecting - Lookalike Purchasers,CONVERSIONS,24599,15922,229.64,322,1.31,0.71,11.57,14,2500.5,16.4,10.89
2024-09-09,META_C002,Retargeting - Add to Cart,CONVERSIONS,16326,12843,150.5,140,0.86,1.07,11.07,7,1226.35,21.5,8.15
2024-09-09,META_C003,Brand Awareness - Video,AWARENESS,22724,17952,93.62,207,0.91,0.45,11.84,6,570.65,15.6,6.1
2024-09-09,META_C004,Catalog Sales - Dynamic,CATALOG_SALES,14473,10807,93.74,318,2.2,0.29,6.48,9,1701.14,10.42,18.15
2024-09-09,META_C005,Instagram Stories - Flash Sales,CONVERSIONS,9756,7902,103.69,127,1.3,0.82,10.63,3,537.76,34.56,5.19
2024-09-10,META_C001,Prospecting - Lookalike Purchasers,CONVERSIONS,26296,17945,219.45,419,1.59,0.52,8.74,25,2686.81,8.78,12.24
2024-09-10,META_C002,Retargeting - Add to Cart,CONVERSIONS,28846,23251,132.89,335,1.16,0.4,11.78,3,509.15,44.3,3.83
2024-09-10,META_C003,Brand Awareness - Video,AWARENESS,22170,14288,90.98,228,1.03,0.4,10.33,7,700.05,13.0,7.69
2024-09-10,META_C004,Catalog Sales - Dynamic,CATALOG_SALES,13791,9554,149.15,214,1.55,0.7,10.81,9,1372.96,16.57,9.21
2024-09-10,META_C005,Instagram Stories - Flash Sales,CONVERSIONS,15498,12111,146.73,286,1.85,0.51,9.47,12,1587.6,12.23,10.82
2024-09-11,META_C001,Prospecting - Lookalike Purchasers,CONVERSIONS,27119,17371,229.61,274,1.01,0.84,11.07,10,1313.59,22.96,5.72
2024-09-11,META_C002,Retargeting - Add to Cart,CONVERSIONS,25940,18357,136.75,299,1.15,0.46,9.35,8,1253.99,17.09,9.17
2024-09-11,META_C003,Brand Awareness - Video,AWARENESS,22452,16716,98.82,535,2.38,0.18,11.9,8,774.01,12.35,7.83
2024-09-11,META_C004,Catalog Sales - Dynamic,CATALOG_SALES,14841,9411,121.8,263,1.77,0.46,8.21,12,2362.16,10.15,19.39
2024-09-11,META_C005,Instagram Stories - Flash Sales,CONVERSIONS,27321,17201,180.23,300,1.1,0.6,6.71,11,1659.45,16.38,9.21
2024-09-12,META_C001,Prospecting - Lookalike Purchasers,CONVERSIONS,12999,10112,128.21,191,1.47,0.67,9.86,10,1472.35,12.82,11.48
2024-09-12,META_C002,Retargeting - Add to Cart,CONVERSIONS,15647,10380,93.05,342,2.19,0.27,5.95,4,488.61,23.26,5.25
2024-09-12,META_C003,Brand Awareness - Video,AWARENESS,9004,7161,38.85,159,1.77,0.24,4.31,4,484.2,9.71,12.46
2024-09-12,META_C004,Catalog Sales - Dynamic,CATALOG_SALES,14054,11235,165.72,121,0.86,1.37,11.79,1,173.51,165.72,1.05
2024-09-12,META_C005,Instagram Stories - Flash Sales,CONVERSIONS,20152,16038,193.06,464,2.3,0.42,9.58,22,3129.96,8.78,16.21
2024-09-13,META_C001,Prospecting - Lookalike Purchasers,CONVERSIONS,14778,10740,118.47,164,1.11,0.72,8.02,7,981.58,16.92,8.29
2024-09-13,META_C002,Retargeting - Add to Cart,CONVERSIONS,21644,14282,133.81,495,2.29,0.27,7.48,17,1950.72,7.87,14.58
2024-09-13,META_C003,Brand Awareness - Video,AWARENESS,8906,6848,50.92,152,1.71,0.34,5.72,3,487.03,16.97,9.56
2024-09-13,META_C004,Catalog Sales - Dynamic,CATALOG_SALES,14054,11314,90.87,257,1.83,0.35,6.47,13,1274.13,6.99,14.02
2024-09-13,META_C005,Instagram Stories - Flash Sales,CONVERSIONS,15662,12284,144.72,220,1.4,0.66,9.24,5,787.35,28.94,5.44
2024-09-14,META_C001,Prospecting - Lookalike Purchasers,CONVERSIONS,15580,10551,88.17,176,1.13,0.5,5.66,10,1069.95,8.82,12.14
2024-09-14,META_C002,Retargeting - Add to Cart,CONVERSIONS,28092,19864,134.44,528,1.88,0.25,7.02,23,3252.95,5.85,24.2
2024-09-14,META_C003,Brand Awareness - Video,AWARENESS,9225,7653,93.62,170,1.84,0.55,11.84,5,627.03,18.72,6.7
2024-09-14,META_C004,Catalog Sales - Dynamic,CATALOG_SALES,9701,6926,102.32,173,1.78,0.59,10.55,9,1025.37,11.37,10.02
2024-09-14,META_C005,Instagram Stories - Flash Sales,CONVERSIONS,12031,9541,72.68,173,1.44,0.42,6.04,5,930.76,14.54,12.81
2024-09-15,META_C001,Prospecting - Lookalike Purchasers,CONVERSIONS,21605,15155,178.78,214,0.99,0.84,8.28,4,783.51,44.7,4.38
2024-09-15,META_C002,Retargeting - Add to Cart,CONVERSIONS,29061,18723,140.13,257,0.88,0.55,5.16,10,985.25,14.01,7.03
2024-09-15,META_C003,Brand Awareness - Video,AWARENESS,9276,6690,93.54,130,1.4,0.72,11.66,7,1039.62,13.36,11.11
2024-09-15,META_C004,Catalog Sales - Dynamic,CATALOG_SALES,16255,11321,90.37,251,1.54,0.36,5.56,5,538.3,18.07,5.96
2024-09-15,META_C005,Instagram Stories - Flash Sales,CONVERSIONS,14847,10796,66.32,357,2.4,0.19,4.47,13,1260.73,5.1,19.01
2024-09-16,META_C001,Prospecting - Lookalike Purchasers,CONVERSIONS,23247,14307,230.4,443,1.91,0.52,9.91,20,1993.52,11.52,8.65
2024-09-16,META_C002,Retargeting - Add to Cart,CONVERSIONS,23989,15213,155.78,396,1.65,0.39,6.72,23,2294.97,6.77,14.73
2024-09-16,META_C003,Brand Awareness - Video,AWARENESS,18506,11392,86.57,203,1.1,0.43,9.04,4,689.45,21.64,7.96
2024-09-16,META_C004,Catalog Sales - Dynamic,CATALOG_SALES,11607,9420,58.68,170,1.46,0.35,5.06,10,1021.38,5.87,17.41
2024-09-16,META_C005,Instagram Stories - Flash Sales,CONVERSIONS,10237,8064,66.51,116,1.13,0.57,6.5,3,357.55,22.17,5.38
2024-09-17,META_C001,Prospecting - Lookalike Purchasers,CONVERSIONS,17933,14207,181.05,426,2.38,0.43,10.1,9,1047.91,20.12,5.79
2024-09-17,META_C002,Retargeting - Add to Cart,CONVERSIONS,21503,16241,94.02,308,1.43,0.31,4.37,14,2504.48,6.72,26.64
2024-09-17,META_C003,Brand Awareness - Video,AWARENESS,20147,12096,99.98,246,1.22,0.41,9.09,8,1569.84,12.5,15.7
2024-09-17,META_C004,Catalog Sales - Dynamic,CATALOG_SALES,14558,9546,82.79,351,2.41,0.24,5.69,14,1727.12,5.91,20.86
2024-09-17,META_C005,Instagram Stories - Flash Sales,CONVERSIONS,22048,16672,176.38,414,1.88,0.43,8.78,13,1196.59,13.57,6.78
2024-09-18,META_C001,Prospecting - Lookalike Purchasers,CONVERSIONS,19874,16839,135.1,191,0.96,0.71,6.8,8,820.61,16.89,6.07
2024-09-18,META_C002,Retargeting - Add to Cart,CONVERSIONS,14018,10411,122.55,258,1.84,0.47,8.74,10,1903.59,12.25,15.53
2024-09-18,META_C003,Brand Awareness - Video,AWARENESS,17947,11778,93.0,361,2.01,0.26,5.29,4,416.78,23.25,4.48
2024-09-18,META_C004,Catalog Sales - Dynamic,CATALOG_SALES,10334,7712,61.41,186,1.8,0.33,5.94,8,1012.3,7.68,16.48
2024-09-18,META_C005,Instagram Stories - Flash Sales,CONVERSIONS,20720,12940,183.48,517,2.5,0.35,11.48,30,5270.12,6.12,28.72
2024-09-19,META_C001,Prospecting - Lookalike Purchasers,CONVERSIONS,8441,6211,39.63,180,2.13,0.22,4.69,10,1569.22,3.96,39.6
2024-09-19,META_C002,Retargeting - Add to Cart,CONVERSIONS,19487,14220,138.19,366,1.88,0.38,7.09,20,3110.95,6.91,22.51
2024-09-19,META_C003,Brand Awareness - Video,AWARENESS,26856,21906,91.95,506,1.88,0.18,8.15,16,1583.34,5.75,17.22
2024-09-19,META_C004,Catalog Sales - Dynamic,CATALOG_SALES,16311,13840,71.57,363,2.23,0.2,4.39,15,2290.08,4.77,32.0
2024-09-19,META_C005,Instagram Stories - Flash Sales,CONVERSIONS,23566,16669,111.49,361,1.53,0.31,4.73,15,2226.66,7.43,19.97
2024-09-20,META_C001,Prospecting - Lookalike Purchasers,CONVERSIONS,9202,7712,95.15,227,2.47,0.42,10.34,10,1419.55,9.52,14.92
2024-09-20,META_C002,Retargeting - Add to Cart,CONVERSIONS,21450,13442,129.71,370,1.72,0.35,8.48,13,2420.45,9.98,18.66
2024-09-20,META_C003,Brand Awareness - Video,AWARENESS,23951,15864,96.46,438,1.83,0.22,11.11,8,1474.84,12.06,15.29
2024-09-20,META_C004,Catalog Sales - Dynamic,CATALOG_SALES,28481,22606,273.14,644,2.26,0.42,11.53,22,2376.68,12.42,8.7
2024-09-20,META_C005,Instagram Stories - Flash Sales,CONVERSIONS,22713,17512,142.99,258,1.14,0.55,6.3,7,759.02,20.43,5.31
2024-09-21,META_C001,Prospecting - Lookalike Purchasers,CONVERSIONS,12268,8561,143.47,164,1.34,0.87,11.69,9,1449.19,15.94,10.1
2024-09-21,META_C002,Retargeting - Add to Cart,CONVERSIONS,18019,12920,131.29,262,1.45,0.5,7.29,9,1332.75,14.59,10.15
2024-09-21,META_C003,Brand Awareness - Video,AWARENESS,24758,17075,96.56,602,2.43,0.16,9.73,17,3215.27,5.68,33.3
2024-09-21,META_C004,Catalog Sales - Dynamic,CATALOG_SALES,26054,19785,240.64,629,2.41,0.38,9.24,9,1367.6,26.74,5.68
2024-09-21,META_C005,Instagram Stories - Flash Sales,CONVERSIONS,15261,10796,135.54,240,1.57,0.56,8.88,14,2172.93,9.68,16.03
2024-09-22,META_C001,Prospecting - Lookalike Purchasers,CONVERSIONS,11532,7466,112.19,186,1.61,0.6,9.73,3,412.96,37.4,3.68
2024-09-22,META_C002,Retargeting - Add to Cart,CONVERSIONS,24498,17508,130.03,349,1.42,0.37,5.31,4,617.11,32.51,4.75
2024-09-22,META_C003,Brand Awareness - Video,AWARENESS,21365,13150,93.28,292,1.37,0.32,7.22,11,1408.61,8.48,15.1
2024-09-22,META_C004,Catalog Sales - Dynamic,CATALOG_SALES,17161,13718,90.9,284,1.65,0.32,5.3,7,1190.2,12.99,13.09
2024-09-22,META_C005,Instagram Stories - Flash Sales,CONVERSIONS,20126,14477,188.0,493,2.45,0.38,9.34,20,3723.77,9.4,19.81
2024-09-23,META_C001,Prospecting - Lookalike Purchasers,CONVERSIONS,8024,5878,45.87,136,1.69,0.34,5.72,6,812.1,7.64,17.7
2024-09-23,META_C002,Retargeting - Add to Cart,CONVERSIONS,22742,16429,136.21,329,1.45,0.41,7.5,9,1449.73,15.13,10.64
2024-09-23,META_C003,Brand Awareness - Video,AWARENESS,10552,6575,95.93,161,1.53,0.6,9.28,2,270.43,47.97,2.82
2024-09-23,META_C004,Catalog Sales - Dynamic,CATALOG_SALES,25374,20867,244.11,492,1.94,0.5,9.62,10,1246.78,24.41,5.11
2024-09-23,META_C005,Instagram Stories - Flash Sales,CONVERSIONS,12309,9772,113.11,238,1.93,0.48,9.19,5,694.55,22.62,6.14
2024-09-24,META_C001,Prospecting - Lookalike Purchasers,CONVERSIONS,21931,16648,226.65,462,2.11,0.49,10.33,14,2292.07,16.19,10.11
2024-09-24,META_C002,Retargeting - Add to Cart,CONVERSIONS,18025,15089,97.96,320,1.78,0.31,5.43,5,486.3,19.59,4.96
2024-09-24,META_C003,Brand Awareness - Video,AWARENESS,25581,16355,104.57,516,2.02,0.2,5.49,11,1705.05,9.51,16.31
2024-09-24,META_C004,Catalog Sales - Dynamic,CATALOG_SALES,19750,16019,194.23,229,1.16,0.85,9.83,9,849.84,21.58,4.38
2024-09-24,META_C005,Instagram Stories - Flash Sales,CONVERSIONS,9516,7407,39.92,212,2.23,0.19,4.2,6,569.59,6.65,14.27
2024-09-25,META_C001,Prospecting - Lookalike Purchasers,CONVERSIONS,23704,19731,230.81,282,1.19,0.82,9.74,3,499.24,76.94,2.16
2024-09-25,META_C002,Retargeting - Add to Cart,CONVERSIONS,13082,10655,101.14,272,2.08,0.37,7.73,13,2088.99,7.78,20.65
2024-09-25,META_C003,Brand Awareness - Video,AWARENESS,28645,24221,101.48,572,2.0,0.18,11.58,24,2433.9,4.23,23.98
2024-09-25,META_C004,Catalog Sales - Dynamic,CATALOG_SALES,13972,8403,71.25,146,1.04,0.49,5.1,8,1429.02,8.91,20.06
2024-09-25,META_C005,Instagram Stories - Flash Sales,CONVERSIONS,9575,6340,101.04,230,2.4,0.44,10.55,13,2566.07,7.77,25.4
2024-09-26,META_C001,Prospecting - Lookalike Purchasers,CONVERSIONS,17023,11279,171.38,369,2.17,0.46,10.07,13,2305.32,13.18,13.45
2024-09-26,META_C002,Retargeting - Add to Cart,CONVERSIONS,14069,10228,119.76,176,1.25,0.68,8.51,10,1785.34,11.98,14.91
2024-09-26,META_C003,Brand Awareness - Video,AWARENESS,24079,19184,89.88,270,1.12,0.33,8.84,14,2376.71,6.42,26.44
2024-09-26,META_C004,Catalog Sales - Dynamic,CATALOG_SALES,12690,9565,96.19,216,1.7,0.45,7.58,5,502.93,19.24,5.23
2024-09-26,META_C005,Instagram Stories - Flash Sales,CONVERSIONS,18273,13659,79.95,226,1.24,0.35,4.38,2,207.65,39.98,2.6
2024-09-27,META_C001,Prospecting - Lookalike Purchasers,CONVERSIONS,11058,7140,115.3,116,1.05,0.99,10.43,1,122.77,115.3,1.06
2024-09-27,META_C002,Retargeting - Add to Cart,CONVERSIONS,25556,17662,134.91,445,1.74,0.3,5.28,5,795.2,26.98,5.89
2024-09-27,META_C003,Brand Awareness - Video,AWARENESS,16692,10055,99.25,311,1.86,0.32,9.39,8,1186.05,12.41,11.95
2024-09-27,META_C004,Catalog Sales - Dynamic,CATALOG_SALES,16517,12803,143.18,312,1.89,0.46,8.67,13,1700.1,11.01,11.87
2024-09-27,META_C005,Instagram Stories - Flash Sales,CONVERSIONS,27267,22106,147.28,422,1.55,0.35,5.4,19,3411.46,7.75,23.16
2024-09-28,META_C001,Prospecting - Lookalike Purchasers,CONVERSIONS,19112,13374,216.42,236,1.23,0.92,11.32,6,1107.25,36.07,5.12
2024-09-28,META_C002,Retargeting - Add to Cart,CONVERSIONS,28653,18768,135.25,702,2.45,0.19,10.91,27,2451.05,5.01,18.12
2024-09-28,META_C003,Brand Awareness - Video,AWARENESS,8750,5572,48.13,103,1.18,0.47,5.5,6,959.83,8.02,19.94
2024-09-28,META_C004,Catalog Sales - Dynamic,CATALOG_SALES,23235,15206,258.88,527,2.27,0.49,11.14,30,3114.62,8.63,12.03
2024-09-28,META_C005,Instagram Stories - Flash Sales,CONVERSIONS,10124,8107,110.65,143,1.41,0.77,10.93,6,741.74,18.44,6.7
2024-09-29,META_C001,Prospecting - Lookalike Purchasers,CONVERSIONS,13244,9562,75.88,321,2.42,0.24,5.73,16,3097.27,4.74,40.82
2024-09-29,META_C002,Retargeting - Add to Cart,CONVERSIONS,25739,17726,155.19,620,2.41,0.25,10.5,27,3057.76,5.75,19.7
2024-09-29,META_C003,Brand Awareness - Video,AWARENESS,8874,5650,94.24,199,2.24,0.47,11.72,6,976.14,15.71,10.36
2024-09-29,META_C004,Catalog Sales - Dynamic,CATALOG_SALES,8531,5651,63.9,93,1.09,0.69,7.49,4,520.34,15.97,8.14
2024-09-29,META_C005,Instagram Stories - Flash Sales,CONVERSIONS,25983,16226,181.73,559,2.15,0.33,9.44,16,2611.02,11.36,14.37
2024-09-30,META_C001,Prospecting - Lookalike Purchasers,CONVERSIONS,28554,17279,116.76,542,1.9,0.22,4.09,13,1876.99,8.98,16.08
2024-09-30,META_C002,Retargeting - Add to Cart,CONVERSIONS,8922,5782,65.99,144,1.61,0.46,7.4,5,930.56,13.2,14.1
2024-09-30,META_C003,Brand Awareness - Video,AWARENESS,14794,11467,89.05,208,1.41,0.43,10.89,12,2377.85,7.42,26.7
2024-09-30,META_C004,Catalog Sales - Dynamic,CATALOG_SALES,12911,7961,79.63,200,1.55,0.4,6.17,8,1511.56,9.95,18.98
2024-09-30,META_C005,Instagram Stories - Flash Sales,CONVERSIONS,15267,12404,72.49,252,1.65,0.29,4.75,3,399.52,24.16,5.51
2024-10-01,META_C001,Prospecting - Lookalike Purchasers,CONVERSIONS,27729,18311,227.62,243,0.88,0.94,9.65,9,1636.5,25.29,7.19
2024-10-01,META_C002,Retargeting - Add to Cart,CONVERSIONS,17008,12829,151.19,192,1.13,0.79,11.2,8,1161.67,18.9,7.68
2024-10-01,META_C003,Brand Awareness - Video,AWARENESS,24411,17664,96.4,399,1.63,0.24,5.02,14,2613.51,6.89,27.11
2024-10-01,META_C004,Catalog Sales - Dynamic,CATALOG_SALES,27686,19750,211.68,466,1.68,0.45,7.65,26,4197.29,8.14,19.83
2024-10-01,META_C005,Instagram Stories - Flash Sales,CONVERSIONS,14104,10336,127.19,253,1.79,0.5,9.02,4,374.78,31.8,2.95
2024-10-02,META_C001,Prospecting - Lookalike Purchasers,CONVERSIONS,15432,10908,69.36,213,1.38,0.33,4.49,11,1176.84,6.31,16.97
2024-10-02,META_C002,Retargeting - Add to Cart,CONVERSIONS,9252,6666,51.01,75,0.81,0.68,5.51,2,383.88,25.5,7.53
2024-10-02,META_C003,Brand Awareness - Video,AWARENESS,16457,10257,94.96,183,1.11,0.52,6.42,6,1091.99,15.83,11.5
2024-10-02,META_C004,Catalog Sales - Dynamic,CATALOG_SALES,27197,16653,143.8,492,1.81,0.29,5.29,13,2376.98,11.06,16.53
2024-10-02,META_C005,Instagram Stories - Flash Sales,CONVERSIONS,23766,14856,174.52,293,1.23,0.6,9.0,5,545.18,34.9,3.12
2024-10-03,META_C001,Prospecting - Lookalike Purchasers,CONVERSIONS,21560,15973,116.6,327,1.52,0.36,5.41,4,413.05,29.15,3.54
2024-10-03,META_C002,Retargeting - Add to Cart,CONVERSIONS,20845,17609,155.97,324,1.55,0.48,8.58,10,1450.01,15.6,9.3
2024-10-03,META_C003,Brand Awareness - Video,AWARENESS,23343,16151,85.59,361,1.55,0.24,10.91,12,1881.28,7.13,21.98
2024-10-03,META_C004,Catalog Sales - Dynamic,CATALOG_SALES,14073,9947,110.84,297,2.11,0.37,7.88,13,1658.46,8.53,14.96
2024-10-03,META_C005,Instagram Stories - Flash Sales,CONVERSIONS,29987,24354,177.8,399,1.33,0.45,6.08,13,2386.64,13.68,13.42
2024-10-04,META_C001,Prospecting - Lookalike Purchasers,CONVERSIONS,25123,20420,155.15,321,1.28,0.48,6.18,4,661.05,38.79,4.26
2024-10-04,META_C002,Retargeting - Add to Cart,CONVERSIONS,11145,8547,102.35,115,1.03,0.89,9.18,5,999.6,20.47,9.77
2024-10-04,META_C003,Brand Awareness - Video,AWARENESS,26722,21055,93.44,545,2.04,0.17,9.3,25,3986.62,3.74,42.67
2024-10-04,META_C004,Catalog Sales - Dynamic,CATALOG_SALES,25518,18173,126.83,319,1.25,0.4,4.97,9,827.24,14.09,6.52
2024-10-04,META_C005,Instagram Stories - Flash Sales,CONVERSIONS,16421,13172,136.98,262,1.6,0.52,8.34,6,855.18,22.83,6.24
2024-10-05,META_C001,Prospecting - Lookalike Purchasers,CONVERSIONS,16903,14080,73.18,379,2.24,0.19,4.33,21,2300.34,3.48,31.43
2024-10-05,META_C002,Retargeting - Add to Cart,CONVERSIONS,19688,12027,131.26,437,2.22,0.3,7.99,6,878.77,21.88,6.69
2024-10-05,META_C003,Brand Awareness - Video,AWARENESS,19464,16406,90.76,235,1.21,0.39,9.24,3,519.65,30.25,5.73
2024-10-05,META_C004,Catalog Sales - Dynamic,CATALOG_SALES,23196,17454,100.36,438,1.89,0.23,4.33,25,3864.81,4.01,38.51
2024-10-05,META_C005,Instagram Stories - Flash Sales,CONVERSIONS,14686,10212,79.4,294,2.0,0.27,5.41,5,537.17,15.88,6.77
2024-10-06,META_C001,Prospecting - Lookalike Purchasers,CONVERSIONS,9694,8026,56.85,123,1.27,0.46,5.86,3,505.64,18.95,8.89
2024-10-06,META_C002,Retargeting - Add to Cart,CONVERSIONS,27153,17531,138.08,669,2.46,0.21,9.49,16,1452.66,8.63,10.52
2024-10-06,META_C003,Brand Awareness - Video,AWARENESS,19344,12335,84.26,395,2.04,0.21,4.36,13,2137.95,6.48,25.37
2024-10-06,META_C004,Catalog Sales - Dynamic,CATALOG_SALES,19841,15028,174.08,226,1.14,0.77,8.77,5,691.98,34.82,3.98
2024-10-06,META_C005,Instagram Stories - Flash Sales,CONVERSIONS,17814,14137,123.61,218,1.22,0.57,6.94,4,681.93,30.9,5.52
2024-10-07,META_C001,Prospecting - Lookalike Purchasers,CONVERSIONS,18347,14258,134.48,453,2.47,0.3,7.33,19,3515.37,7.08,26.14
2024-10-07,META_C002,Retargeting - Add to Cart,CONVERSIONS,19174,15984,157.25,356,1.86,0.44,10.65,17,2545.16,9.25,16.19
2024-10-07,META_C003,Brand Awareness - Video,AWARENESS,13700,9435,86.12,247,1.8,0.35,11.15,7,927.75,12.3,10.77
2024-10-07,META_C004,Catalog Sales - Dynamic,CATALOG_SALES,27460,22337,241.39,441,1.61,0.55,8.79,13,1675.67,18.57,6.94
2024-10-07,META_C005,Instagram Stories - Flash Sales,CONVERSIONS,10261,7549,65.82,137,1.34,0.48,6.41,4,383.04,16.45,5.82
2024-10-08,META_C001,Prospecting - Lookalike Purchasers,CONVERSIONS,29835,21687,125.13,680,2.28,0.18,4.19,33,5514.29,3.79,44.07
2024-10-08,META_C002,Retargeting - Add to Cart,CONVERSIONS,11068,8460,112.12,256,2.31,0.44,10.13,6,699.82,18.69,6.24
2024-10-08,META_C003,Brand Awareness - Video,AWARENESS,27130,20519,92.06,612,2.26,0.15,4.01,6,542.14,15.34,5.89
2024-10-08,META_C004,Catalog Sales - Dynamic,CATALOG_SALES,14187,11753,159.06,246,1.73,0.65,11.21,6,700.87,26.51,4.41
2024-10-08,META_C005,Instagram Stories - Flash Sales,CONVERSIONS,25934,16249,195.38,253,0.98,0.77,7.9,9,1381.75,21.71,7.07
2024-10-09,META_C001,Prospecting - Lookalike Purchasers,CONVERSIONS,24334,16029,154.44,601,2.47,0.26,6.35,12,2381.39,12.87,15.42
2024-10-09,META_C002,Retargeting - Add to Cart,CONVERSIONS,23715,19126,111.87,212,0.89,0.53,4.72,6,1187.65,18.64,10.62
2024-10-09,META_C003,Brand Awareness - Video,AWARENESS,10316,7639,41.76,117,1.13,0.36,4.05,1,127.07,41.76,3.04
2024-10-09,META_C004,Catalog Sales - Dynamic,CATALOG_SALES,24962,15642,145.75,610,2.44,0.24,5.84,24,4060.54,6.07,27.86
2024-10-09,META_C005,Instagram Stories - Flash Sales,CONVERSIONS,22330,14203,175.26,330,1.48,0.53,8.76,12,1817.72,14.6,10.37
2024-10-10,META_C001,Prospecting - Lookalike Purchasers,CONVERSIONS,10619,6462,110.29,99,0.93,1.11,10.39,1,188.18,110.29,1.71
2024-10-10,META_C002,Retargeting - Add to Cart,CONVERSIONS,24920,21158,142.13,299,1.2,0.48,6.03,12,1232.35,11.84,8.67
2024-10-10,META_C003,Brand Awareness - Video,AWARENESS,10799,6673,94.88,199,1.84,0.48,9.55,10,1714.36,9.49,18.07
2024-10-10,META_C004,Catalog Sales - Dynamic,CATALOG_SALES,18157,15362,138.9,451,2.48,0.31,7.65,5,752.44,27.78,5.42
2024-10-10,META_C005,Instagram Stories - Flash Sales,CONVERSIONS,14800,10743,125.35,258,1.74,0.49,8.47,12,1431.79,10.45,11.42
2024-10-11,META_C001,Prospecting - Lookalike Purchasers,CONVERSIONS,16435,10963,173.63,374,2.28,0.46,10.56,6,588.56,28.94,3.39
2024-10-11,META_C002,Retargeting - Add to Cart,CONVERSIONS,10626,6803,87.82,149,1.4,0.59,8.26,8,753.62,10.98,8.58
2024-10-11,META_C003,Brand Awareness - Video,AWARENESS,28391,18320,86.12,684,2.41,0.13,11.3,13,1602.88,6.62,18.61
2024-10-11,META_C004,Catalog Sales - Dynamic,CATALOG_SALES,18800,13069,175.6,344,1.83,0.51,9.34,15,1495.21,11.71,8.51
2024-10-11,META_C005,Instagram Stories - Flash Sales,CONVERSIONS,21811,15561,185.53,426,1.95,0.44,11.09,9,1066.78,20.61,5.75
2024-10-12,META_C001,Prospecting - Lookalike Purchasers,CONVERSIONS,16274,11001,98.15,361,2.22,0.27,6.03,4,750.44,24.54,7.65
2024-10-12,META_C002,Retargeting - Add to Cart,CONVERSIONS,10760,6631,91.5,175,1.63,0.52,8.5,6,729.46,15.25,7.97
2024-10-12,META_C003,Brand Awareness - Video,AWARENESS,22584,16386,101.53,460,2.04,0.22,6.68,13,2382.09,7.81,23.46
2024-10-12,META_C004,Catalog Sales - Dynamic,CATALOG_SALES,28245,20737,161.55,316,1.12,0.51,5.72,3,378.07,53.85,2.34
2024-10-12,META_C005,Instagram Stories - Flash Sales,CONVERSIONS,23993,19933,208.07,229,0.95,0.91,9.1,2,312.92,104.03,1.5
2024-10-13,META_C001,Prospecting - Lookalike Purchasers,CONVERSIONS,29254,21229,129.07,355,1.21,0.36,4.41,9,853.17,14.34,6.61
2024-10-13,META_C002,Retargeting - Add to Cart,CONVERSIONS,27907,20341,129.52,248,0.89,0.52,9.37,9,1688.42,14.39,13.04
2024-10-13,META_C003,Brand Awareness - Video,AWARENESS,19626,16082,86.52,224,1.14,0.39,10.49,9,1249.07,9.61,14.44
2024-10-13,META_C004,Catalog Sales - Dynamic,CATALOG_SALES,14395,10143,108.85,140,0.97,0.78,7.56,3,447.4,36.28,4.11
2024-10-13,META_C005,Instagram Stories - Flash Sales,CONVERSIONS,23362,17700,201.82,408,1.75,0.49,11.53,8,1116.77,25.23,5.53
2024-10-14,META_C001,Prospecting - Lookalike Purchasers,CONVERSIONS,23254,18823,242.77,394,1.69,0.62,11.68,4,391.72,60.69,1.61
2024-10-14,META_C002,Retargeting - Add to Cart,CONVERSIONS,11434,7016,82.4,215,1.88,0.38,7.21,7,1088.9,11.77,13.21
2024-10-14,META_C003,Brand Awareness - Video,AWARENESS,18383,12306,86.73,440,2.39,0.2,11.62,11,1610.32,7.88,18.57
2024-10-14,META_C004,Catalog Sales - Dynamic,CATALOG_SALES,10394,6420,77.29,130,1.25,0.59,7.44,4,482.61,19.32,6.24
2024-10-14,META_C005,Instagram Stories - Flash Sales,CONVERSIONS,16549,13679,179.5,199,1.2,0.9,10.85,3,584.85,59.83,3.26
2024-10-15,META_C001,Prospecting - Lookalike Purchasers,CONVERSIONS,12459,9992,86.61,177,1.42,0.49,6.95,4,640.48,21.65,7.39
2024-10-15,META_C002,Retargeting - Add to Cart,CONVERSIONS,29153,24606,150.14,512,1.76,0.29,9.66,24,4429.82,6.26,29.5
2024-10-15,META_C003,Brand Awareness - Video,AWARENESS,18694,14113,96.25,432,2.31,0.22,8.3,12,1354.8,8.02,14.08
2024-10-15,META_C004,Catalog Sales - Dynamic,CATALOG_SALES,18038,11761,144.07,333,1.85,0.43,7.99,17,1840.78,8.47,12.78
2024-10-15,META_C005,Instagram Stories - Flash Sales,CONVERSIONS,27819,20876,118.34,672,2.42,0.18,4.25,9,1386.63,13.15,11.72
2024-10-16,META_C001,Prospecting - Lookalike Purchasers,CONVERSIONS,28140,16952,236.25,391,1.39,0.6,9.05,16,1532.76,14.77,6.49
2024-10-16,META_C002,Retargeting - Add to Cart,CONVERSIONS,24567,14767,142.62,353,1.44,0.4,6.46,8,1451.13,17.83,10.17
2024-10-16,META_C003,Brand Awareness - Video,AWARENESS,28566,23379,102.68,675,2.36,0.15,8.18,20,2423.58,5.13,23.6
2024-10-16,META_C004,Catalog Sales - Dynamic,CATALOG_SALES,10161,7313,117.57,196,1.93,0.6,11.57,3,317.36,39.19,2.7
2024-10-16,META_C005,Instagram Stories - Flash Sales,CONVERSIONS,18218,15263,125.45,182,1.0,0.69,6.89,7,1092.47,17.92,8.71
2024-10-17,META_C001,Prospecting - Lookalike Purchasers,CONVERSIONS,26917,16172,148.57,650,2.41,0.23,5.52,11,1034.72,13.51,6.96
2024-10-17,META_C002,Retargeting - Add to Cart,CONVERSIONS,19758,14465,155.97,338,1.71,0.46,10.75,19,3225.58,8.21,20.68
2024-10-17,META_C003,Brand Awareness - Video,AWARENESS,13820,11499,93.28,270,1.95,0.35,9.34,8,820.48,11.66,8.8
2024-10-17,META_C004,Catalog Sales - Dynamic,CATALOG_SALES,23817,19197,234.13,577,2.42,0.41,9.83,6,759.57,39.02,3.24
2024-10-17,META_C005,Instagram Stories - Flash Sales,CONVERSIONS,13722,8398,99.43,315,2.3,0.32,7.25,18,3220.02,5.52,32.38
2024-10-18,META_C001,Prospecting - Lookalike Purchasers,CONVERSIONS,18310,14298,196.81,390,2.13,0.5,10.75,13,1722.69,15.14,8.75
2024-10-18,META_C002,Retargeting - Add to Cart,CONVERSIONS,19573,15050,138.2,346,1.77,0.4,9.82,19,3750.49,7.27,27.14
2024-10-18,META_C003,Brand Awareness - Video,AWARENESS,12999,8426,93.29,109,0.84,0.86,9.41,2,357.48,46.65,3.83
2024-10-18,META_C004,Catalog Sales - Dynamic,CATALOG_SALES,25543,18484,198.74,299,1.17,0.66,7.78,10,912.15,19.87,4.59
2024-10-18,META_C005,Instagram Stories - Flash Sales,CONVERSIONS,18462,12628,173.52,267,1.45,0.65,9.4,2,235.5,86.76,1.36
2024-10-19,META_C001,Prospecting - Lookalike Purchasers,CONVERSIONS,21933,13556,106.62,457,2.08,0.23,4.86,11,1582.5,9.69,14.84
2024-10-19,META_C002,Retargeting - Add to Cart,CONVERSIONS,28805,24092,151.8,521,1.81,0.29,6.46,30,4276.12,5.06,28.17
2024-10-19,META_C003,Brand Awareness - Video,AWARENESS,25043,19834,100.91,311,1.24,0.32,7.98,5,683.84,20.18,6.78
2024-10-19,META_C004,Catalog Sales - Dynamic,CATALOG_SALES,28759,20855,261.19,294,1.02,0.89,9.08,8,1342.11,32.65,5.14
2024-10-19,META_C005,Instagram Stories - Flash Sales,CONVERSIONS,29383,18864,173.8,356,1.21,0.49,7.28,10,1494.71,17.38,8.6
2024-10-20,META_C001,Prospecting - Lookalike Purchasers,CONVERSIONS,13072,8586,133.63,176,1.35,0.76,10.22,7,828.72,19.09,6.2
2024-10-20,META_C002,Retargeting - Add to Cart,CONVERSIONS,28414,21828,128.98,516,1.82,0.25,10.42,18,2200.13,7.17,17.06
2024-10-20,META_C003,Brand Awareness - Video,AWARENESS,13773,10260,85.66,243,1.76,0.35,9.65,4,421.76,21.41,4.92
2024-10-20,META_C004,Catalog Sales - Dynamic,CATALOG_SALES,21708,14711,163.4,412,1.9,0.4,7.53,13,2547.75,12.57,15.59
2024-10-20,META_C005,Instagram Stories - Flash Sales,CONVERSIONS,15752,12366,95.43,273,1.73,0.35,6.06,7,993.27,13.63,10.41
2024-10-21,META_C001,Prospecting - Lookalike Purchasers,CONVERSIONS,14144,8507,80.98,298,2.11,0.27,5.73,7,944.19,11.57,11.66
2024-10-21,META_C002,Retargeting - Add to Cart,CONVERSIONS,8822,5816,90.28,101,1.14,0.89,10.23,2,359.7,45.14,3.98
2024-10-21,META_C003,Brand Awareness - Video,AWARENESS,12599,8611,96.22,199,1.58,0.48,9.31,10,1141.68,9.62,11.87
2024-10-21,META_C004,Catalog Sales - Dynamic,CATALOG_SALES,24311,15553,217.0,383,1.58,0.57,8.93,17,3064.14,12.76,14.12
2024-10-21,META_C005,Instagram Stories - Flash Sales,CONVERSIONS,10992,8534,124.86,122,1.11,1.02,11.36,1,118.57,124.86,0.95
2024-10-22,META_C001,Prospecting - Lookalike Purchasers,CONVERSIONS,10277,7485,46.84,159,1.55,0.29,4.56,5,760.97,9.37,16.25
2024-10-22,META_C002,Retargeting - Add to Cart,CONVERSIONS,23523,14391,109.26,357,1.52,0.31,4.64,4,688.28,27.32,6.3
2024-10-22,META_C003,Brand Awareness - Video,AWARENESS,12906,10773,93.93,274,2.12,0.34,7.89,12,1881.65,7.83,20.03
2024-10-22,META_C004,Catalog Sales - Dynamic,CATALOG_SALES,28573,20160,277.81,635,2.22,0.44,10.47,14,1705.47,19.84,6.14
2024-10-22,META_C005,Instagram Stories - Flash Sales,CONVERSIONS,22913,14966,133.66,447,1.95,0.3,5.83,24,3940.86,5.57,29.48
2024-10-23,META_C001,Prospecting - Lookalike Purchasers,CONVERSIONS,26211,19288,119.3,456,1.74,0.26,4.55,12,1371.15,9.94,11.49
2024-10-23,META_C002,Retargeting - Add to Cart,CONVERSIONS,18257,13996,129.26,375,2.05,0.34,7.08,17,3372.3,7.6,26.09
2024-10-23,META_C003,Brand Awareness - Video,AWARENESS,14495,11033,96.59,310,2.14,0.31,10.84,9,1394.59,10.73,14.44
2024-10-23,META_C004,Catalog Sales - Dynamic,CATALOG_SALES,9224,7807,95.93,182,1.97,0.53,10.4,3,280.24,31.98,2.92
2024-10-23,META_C005,Instagram Stories - Flash Sales,CONVERSIONS,27022,18890,165.13,409,1.51,0.4,6.11,17,2434.69,9.71,14.74
2024-10-24,META_C001,Prospecting - Lookalike Purchasers,CONVERSIONS,23339,18982,129.87,360,1.54,0.36,5.56,20,2603.73,6.49,20.05
2024-10-24,META_C002,Retargeting - Add to Cart,CONVERSIONS,16384,12507,120.48,380,2.32,0.32,7.35,13,2092.03,9.27,17.36
2024-10-24,META_C003,Brand Awareness - Video,AWARENESS,9276,7178,89.58,108,1.16,0.83,9.66,6,821.63,14.93,9.17
2024-10-24,META_C004,Catalog Sales - Dynamic,CATALOG_SALES,22381,13615,163.66,326,1.46,0.5,7.31,13,1470.09,12.59,8.98
2024-10-24,META_C005,Instagram Stories - Flash Sales,CONVERSIONS,17163,14278,146.43,400,2.33,0.37,8.53,22,4146.85,6.66,28.32
2024-10-25,META_C001,Prospecting - Lookalike Purchasers,CONVERSIONS,8072,6728,41.16,72,0.89,0.57,5.1,1,158.29,41.16,3.85
2024-10-25,META_C002,Retargeting - Add to Cart,CONVERSIONS,16850,10217,131.63,351,2.08,0.38,7.81,8,911.43,16.45,6.92
2024-10-25,META_C003,Brand Awareness - Video,AWARENESS,13630,9212,94.43,187,1.37,0.5,8.79,5,654.01,18.89,6.93
2024-10-25,META_C004,Catalog Sales - Dynamic,CATALOG_SALES,29392,19347,297.49,237,0.81,1.26,10.54,14,2424.92,21.25,8.15
2024-10-25,META_C005,Instagram Stories - Flash Sales,CONVERSIONS,23013,16139,180.13,197,0.86,0.91,8.44,10,1886.13,18.01,10.47
2024-10-26,META_C001,Prospecting - Lookalike Purchasers,CONVERSIONS,11574,9221,114.92,175,1.51,0.66,9.93,5,867.98,22.98,7.55
2024-10-26,META_C002,Retargeting - Add to Cart,CONVERSIONS,26428,16482,150.35,564,2.13,0.27,8.5,9,1330.25,16.71,8.85
2024-10-26,META_C003,Brand Awareness - Video,AWARENESS,26866,18258,101.09,255,0.95,0.4,7.4,13,1614.95,7.78,15.98
2024-10-26,META_C004,Catalog Sales - Dynamic,CATALOG_SALES,8031,5288,37.87,158,1.97,0.24,4.72,3,578.46,12.62,15.27
2024-10-26,META_C005,Instagram Stories - Flash Sales,CONVERSIONS,19361,13843,144.71,303,1.57,0.48,7.47,4,747.28,36.18,5.16
2024-10-27,META_C001,Prospecting - Lookalike Purchasers,CONVERSIONS,17424,10776,143.49,221,1.27,0.65,8.23,11,1800.43,13.04,12.55
2024-10-27,META_C002,Retargeting - Add to Cart,CONVERSIONS,22307,15731,135.73,397,1.78,0.34,11.7,10,1719.29,13.57,12.67
2024-10-27,META_C003,Brand Awareness - Video,AWARENESS,9051,5534,93.69,124,1.37,0.76,10.49,5,836.04,18.74,8.92
2024-10-27,META_C004,Catalog Sales - Dynamic,CATALOG_SALES,12426,8031,144.95,181,1.46,0.8,11.67,9,1329.91,16.11,9.17
2024-10-27,META_C005,Instagram Stories - Flash Sales,CONVERSIONS,13316,8677,95.54,120,0.9,0.8,7.17,2,376.49,47.77,3.94
2024-10-28,META_C001,Prospecting - Lookalike Purchasers,CONVERSIONS,10678,8087,60.95,154,1.44,0.4,5.71,2,308.14,30.48,5.06
2024-10-28,META_C002,Retargeting - Add to Cart,CONVERSIONS,23026,17731,142.51,387,1.68,0.37,9.1,16,2654.86,8.91,18.63
2024-10-28,META_C003,Brand Awareness - Video,AWARENESS,22407,16732,89.21,278,1.24,0.32,5.25,15,2603.0,5.95,29.18
2024-10-28,META_C004,Catalog Sales - Dynamic,CATALOG_SALES,20163,13368,98.54,467,2.32,0.21,4.89,7,1243.86,14.08,12.62
2024-10-28,META_C005,Instagram Stories - Flash Sales,CONVERSIONS,17826,12139,176.71,378,2.12,0.47,9.91,5,625.22,35.34,3.54
2024-10-29,META_C001,Prospecting - Lookalike Purchasers,CONVERSIONS,15024,10252,120.49,233,1.55,0.52,8.02,6,1025.3,20.08,8.51
2024-10-29,META_C002,Retargeting - Add to Cart,CONVERSIONS,21277,16243,120.95,177,0.83,0.68,5.68,2,238.31,60.48,1.97
2024-10-29,META_C003,Brand Awareness - Video,AWARENESS,9440,7086,87.02,207,2.19,0.42,11.99,3,491.07,29.01,5.64
2024-10-29,META_C004,Catalog Sales - Dynamic,CATALOG_SALES,22149,18287,108.79,211,0.95,0.52,4.91,6,1141.65,18.13,10.49
2024-10-29,META_C005,Instagram Stories - Flash Sales,CONVERSIONS,25193,19668,205.34,394,1.56,0.52,8.26,6,1092.81,34.22,5.32
2024-10-30,META_C001,Prospecting - Lookalike Purchasers,CONVERSIONS,14152,8680,70.88,259,1.83,0.27,5.01,5,849.95,14.18,11.99
2024-10-30,META_C002,Retargeting - Add to Cart,CONVERSIONS,25020,20769,150.88,520,2.08,0.29,8.68,11,1365.37,13.72,9.05
2024-10-30,META_C003,Brand Awareness - Video,AWARENESS,18526,11203,94.48,182,0.98,0.52,6.38,2,281.91,47.24,2.98
2024-10-30,META_C004,Catalog Sales - Dynamic,CATALOG_SALES,24081,19467,201.57,349,1.45,0.58,8.37,6,636.73,33.59,3.16
2024-10-30,META_C005,Instagram Stories - Flash Sales,CONVERSIONS,25421,18207,198.16,287,1.13,0.69,10.32,10,1388.42,19.82,7.01
2024-10-31,META_C001,Prospecting - Lookalike Purchasers,CONVERSIONS,17325,12745,205.42,404,2.33,0.51,11.86,4,421.75,51.35,2.05
2024-10-31,META_C002,Retargeting - Add to Cart,CONVERSIONS,9864,6567,74.33,162,1.64,0.46,7.54,8,1547.07,9.29,20.81
2024-10-31,META_C003,Brand Awareness - Video,AWARENESS,11597,9431,91.08,247,2.13,0.37,7.85,3,561.22,30.36,6.16
2024-10-31,META_C004,Catalog Sales - Dynamic,CATALOG_SALES,22758,18634,272.09,218,0.96,1.25,11.96,3,376.79,90.7,1.38
2024-10-31,META_C005,Instagram Stories - Flash Sales,CONVERSIONS,10278,8261,65.52,204,1.98,0.32,6.37,3,427.09,21.84,6.52
2024-11-01,META_C001,Prospecting - Lookalike Purchasers,CONVERSIONS,18271,13212,151.38,359,1.96,0.42,8.29,12,2124.07,12.62,14.03
2024-11-01,META_C002,Retargeting - Add to Cart,CONVERSIONS,25937,17057,113.8,638,2.46,0.18,4.39,20,2371.15,5.69,20.84
2024-11-01,META_C003,Brand Awareness - Video,AWARENESS,11446,7690,75.81,219,1.91,0.35,6.62,5,478.04,15.16,6.31
2024-11-01,META_C004,Catalog Sales - Dynamic,CATALOG_SALES,16212,13195,129.48,268,1.65,0.48,7.99,6,667.59,21.58,5.16
2024-11-01,META_C005,Instagram Stories - Flash Sales,CONVERSIONS,23279,17089,200.21,473,2.03,0.42,8.83,5,891.41,40.04,4.45
2024-11-02,META_C001,Prospecting - Lookalike Purchasers,CONVERSIONS,19719,13762,163.67,207,1.05,0.79,8.3,6,761.49,27.28,4.65
2024-11-02,META_C002,Retargeting - Add to Cart,CONVERSIONS,15708,9783,82.92,225,1.43,0.37,5.28,12,1351.96,6.91,16.3
2024-11-02,META_C003,Brand Awareness - Video,AWARENESS,17156,11630,86.0,194,1.13,0.44,10.3,3,597.68,28.67,6.95
2024-11-02,META_C004,Catalog Sales - Dynamic,CATALOG_SALES,20557,13048,126.99,208,1.01,0.61,6.18,10,1445.33,12.7,11.38
2024-11-02,META_C005,Instagram Stories - Flash Sales,CONVERSIONS,21886,14944,180.3,289,1.32,0.62,8.43,12,1278.46,15.03,7.09
2024-11-03,META_C001,Prospecting - Lookalike Purchasers,CONVERSIONS,21578,17544,107.1,201,0.93,0.53,4.96,5,785.78,21.42,7.34
2024-11-03,META_C002,Retargeting - Add to Cart,CONVERSIONS,20307,12673,156.69,225,1.11,0.7,10.39,12,1814.99,13.06,11.58
2024-11-03,META_C003,Brand Awareness - Video,AWARENESS,28590,18412,86.2,657,2.3,0.13,10.34,28,3660.38,3.08,42.46
2024-11-03,META_C004,Catalog Sales - Dynamic,CATALOG_SALES,12190,9802,107.59,189,1.55,0.57,8.83,9,1145.54,11.95,10.65
2024-11-03,META_C005,Instagram Stories - Flash Sales,CONVERSIONS,9971,8254,70.78,114,1.14,0.62,7.1,6,683.55,11.8,9.66
2024-11-04,META_C001,Prospecting - Lookalike Purchasers,CONVERSIONS,22006,18049,94.17,329,1.5,0.29,4.28,14,1833.5,6.73,19.47
2024-11-04,META_C002,Retargeting - Add to Cart,CONVERSIONS,23301,15461,97.29,192,0.82,0.51,4.18,9,977.45,10.81,10.05
2024-11-04,META_C003,Brand Awareness - Video,AWARENESS,16628,13395,93.91,273,1.64,0.34,5.65,7,1140.08,13.42,12.14
2024-11-04,META_C004,Catalog Sales - Dynamic,CATALOG_SALES,15510,10652,153.06,177,1.14,0.86,9.87,8,1428.73,19.13,9.33
2024-11-04,META_C005,Instagram Stories - Flash Sales,CONVERSIONS,18946,13862,181.29,285,1.5,0.64,9.57,17,1806.09,10.66,9.96
2024-11-05,META_C001,Prospecting - Lookalike Purchasers,CONVERSIONS,21040,17283,199.83,288,1.37,0.69,9.5,6,1101.84,33.3,5.51
2024-11-05,META_C002,Retargeting - Add to Cart,CONVERSIONS,16670,12959,86.38,288,1.73,0.3,5.18,6,866.37,14.4,10.03
2024-11-05,META_C003,Brand Awareness - Video,AWARENESS,23332,14068,95.83,274,1.17,0.35,9.1,13,1603.95,7.37,16.74
2024-11-05,META_C004,Catalog Sales - Dynamic,CATALOG_SALES,14090,10113,132.58,146,1.04,0.91,9.41,4,389.48,33.15,2.94
2024-11-05,META_C005,Instagram Stories - Flash Sales,CONVERSIONS,24688,17576,182.89,551,2.23,0.33,9.66,20,3875.94,9.14,21.19
2024-11-06,META_C001,Prospecting - Lookalike Purchasers,CONVERSIONS,9733,7091,98.61,81,0.83,1.22,10.13,4,491.24,24.65,4.98
2024-11-06,META_C002,Retargeting - Add to Cart,CONVERSIONS,13484,9727,112.42,198,1.47,0.57,8.34,6,893.07,18.74,7.94
2024-11-06,META_C003,Brand Awareness - Video,AWARENESS,16676,13818,94.1,133,0.8,0.71,10.81,7,725.74,13.44,7.71
2024-11-06,META_C004,Catalog Sales - Dynamic,CATALOG_SALES,13379,8537,72.76,238,1.78,0.31,5.44,13,1500.98,5.6,20.63
2024-11-06,META_C005,Instagram Stories - Flash Sales,CONVERSIONS,18683,15775,198.26,209,1.12,0.95,10.61,10,1282.32,19.83,6.47
2024-11-07,META_C001,Prospecting - Lookalike Purchasers,CONVERSIONS,19671,14798,174.58,378,1.92,0.46,8.87,5,701.54,34.92,4.02
2024-11-07,META_C002,Retargeting - Add to Cart,CONVERSIONS,22608,15237,131.24,341,1.51,0.38,6.5,20,2427.7,6.56,18.5
2024-11-07,META_C003,Brand Awareness - Video,AWARENESS,19691,15473,80.89,286,1.45,0.28,4.11,15,1414.26,5.39,17.48
2024-11-07,META_C004,Catalog Sales - Dynamic,CATALOG_SALES,11204,7625,75.78,91,0.81,0.83,6.76,3,313.33,25.26,4.13
2024-11-07,META_C005,Instagram Stories - Flash Sales,CONVERSIONS,26110,20748,178.51,490,1.88,0.36,8.0,8,887.22,22.31,4.97
2024-11-08,META_C001,Prospecting - Lookalike Purchasers,CONVERSIONS,21787,18471,242.16,373,1.71,0.65,11.13,22,3304.7,11.01,13.65
2024-11-08,META_C002,Retargeting - Add to Cart,CONVERSIONS,17242,14265,101.27,323,1.87,0.31,5.87,4,524.19,25.32,5.18
2024-11-08,META_C003,Brand Awareness - Video,AWARENESS,17318,12761,89.42,249,1.44,0.36,11.93,4,627.35,22.36,7.02
2024-11-08,META_C004,Catalog Sales - Dynamic,CATALOG_SALES,24008,17298,143.25,412,1.72,0.35,5.97,7,942.38,20.46,6.58
2024-11-08,META_C005,Instagram Stories - Flash Sales,CONVERSIONS,17574,14861,189.7,406,2.31,0.47,10.79,18,3408.74,10.54,17.97
2024-11-09,META_C001,Prospecting - Lookalike Purchasers,CONVERSIONS,9200,6568,91.77,100,1.09,0.92,9.98,2,249.91,45.88,2.72
2024-11-09,META_C002,Retargeting - Add to Cart,CONVERSIONS,13749,9428,111.63,283,2.06,0.39,8.12,14,2620.75,7.97,23.48
2024-11-09,META_C003,Brand Awareness - Video,AWARENESS,17155,11777,76.53,156,0.91,0.49,4.46,7,921.14,10.93,12.04
2024-11-09,META_C004,Catalog Sales - Dynamic,CATALOG_SALES,28873,20352,271.96,377,1.31,0.72,10.53,14,2796.89,19.43,10.28
2024-11-09,META_C005,Instagram Stories - Flash Sales,CONVERSIONS,19386,16169,199.48,298,1.54,0.67,10.29,8,888.89,24.93,4.46
2024-11-10,META_C001,Prospecting - Lookalike Purchasers,CONVERSIONS,29206,24528,227.31,355,1.22,0.64,9.98,21,2043.71,10.82,8.99
2024-11-10,META_C002,Retargeting - Add to Cart,CONVERSIONS,26558,18294,152.46,253,0.95,0.6,7.35,7,1363.06,21.78,8.94
2024-11-10,META_C003,Brand Awareness - Video,AWARENESS,23379,18439,86.21,267,1.14,0.32,10.06,9,1174.47,9.58,13.62
2024-11-10,META_C004,Catalog Sales - Dynamic,CATALOG_SALES,17040,13552,70.16,136,0.8,0.52,4.12,1,134.91,70.16,1.92
2024-11-10,META_C005,Instagram Stories - Flash Sales,CONVERSIONS,26500,16860,197.14,315,1.19,0.63,8.44,11,2092.8,17.92,10.62
2024-11-11,META_C001,Prospecting - Lookalike Purchasers,CONVERSIONS,19269,12319,173.85,162,0.84,1.07,9.02,2,214.49,86.92,1.23
2024-11-11,META_C002,Retargeting - Add to Cart,CONVERSIONS,10998,7312,83.95,254,2.31,0.33,7.63,10,1863.76,8.39,22.2
2024-11-11,META_C003,Brand Awareness - Video,AWARENESS,19594,12196,101.44,221,1.13,0.46,7.71,3,378.71,33.81,3.73
2024-11-11,META_C004,Catalog Sales - Dynamic,CATALOG_SALES,16555,11200,84.13,324,1.96,0.26,5.08,9,1436.22,9.35,17.07
2024-11-11,META_C005,Instagram Stories - Flash Sales,CONVERSIONS,19798,14596,118.56,166,0.84,0.71,5.99,5,764.94,23.71,6.45
2024-11-12,META_C001,Prospecting - Lookalike Purchasers,CONVERSIONS,12003,7971,69.09,167,1.39,0.41,5.76,9,1160.34,7.68,16.79
2024-11-12,META_C002,Retargeting - Add to Cart,CONVERSIONS,18131,13838,156.0,409,2.26,0.38,9.19,20,3893.58,7.8,24.96
2024-11-12,META_C003,Brand Awareness - Video,AWARENESS,13076,9862,97.48,321,2.45,0.3,11.1,4,553.31,24.37,5.68
2024-11-12,META_C004,Catalog Sales - Dynamic,CATALOG_SALES,29501,20500,256.82,584,1.98,0.44,9.92,33,4359.22,7.78,16.97
2024-11-12,META_C005,Instagram Stories - Flash Sales,CONVERSIONS,8468,5139,94.3,83,0.98,1.14,11.14,1,178.53,94.3,1.89
2024-11-13,META_C001,Prospecting - Lookalike Purchasers,CONVERSIONS,28398,17894,200.3,480,1.69,0.42,7.05,27,3858.76,7.42,19.26
2024-11-13,META_C002,Retargeting - Add to Cart,CONVERSIONS,25182,18318,139.46,299,1.19,0.47,12.7,7,1286.64,19.92,9.23
2024-11-13,META_C003,Brand Awareness - Video,AWARENESS,20850,14356,87.66,168,0.81,0.52,9.19,4,626.2,21.91,7.14
2024-11-13,META_C004,Catalog Sales - Dynamic,CATALOG_SALES,26022,20990,279.73,535,2.06,0.52,12.55,7,674.3,39.96,2.41
2024-11-13,META_C005,Instagram Stories - Flash Sales,CONVERSIONS,11820,8417,73.98,224,1.9,0.33,6.26,6,907.87,12.33,12.27
2024-11-14,META_C001,Prospecting - Lookalike Purchasers,CONVERSIONS,18780,12061,94.86,168,0.89,0.56,5.05,6,1065.17,15.81,11.23
2024-11-14,META_C002,Retargeting - Add to Cart,CONVERSIONS,17021,11859,134.18,170,1.0,0.79,11.58,5,805.4,26.84,6.0
2024-11-14,META_C003,Brand Awareness - Video,AWARENESS,23311,18146,93.56,281,1.21,0.33,4.9,13,2418.0,7.2,25.84
2024-11-14,META_C004,Catalog Sales - Dynamic,CATALOG_SALES,15608,9736,103.48,210,1.35,0.49,6.63,7,1379.73,14.78,13.33
2024-11-14,META_C005,Instagram Stories - Flash Sales,CONVERSIONS,18464,12094,108.34,208,1.13,0.52,5.87,10,967.13,10.83,8.93
2024-11-15,META_C001,Prospecting - Lookalike Purchasers,CONVERSIONS,32937,24066,230.38,649,1.97,0.35,9.19,21,2650.13,10.97,11.5
2024-11-15,META_C002,Retargeting - Add to Cart,CONVERSIONS,15216,12650,105.91,212,1.39,0.5,6.96,3,331.36,35.3,3.13
2024-11-15,META_C003,Brand Awareness - Video,AWARENESS,13385,10352,100.64,268,2.0,0.38,7.98,5,759.6,20.13,7.55
2024-11-15,META_C004,Catalog Sales - Dynamic,CATALOG_SALES,26778,20304,259.21,240,0.9,1.08,9.68,11,1319.91,23.56,5.09
2024-11-15,META_C005,Instagram Stories - Flash Sales,CONVERSIONS,22639,14954,189.22,428,1.89,0.44,11.78,21,3958.18,9.01,20.92
2024-11-16,META_C001,Prospecting - Lookalike Purchasers,CONVERSIONS,26515,16895,243.43,486,1.83,0.5,11.92,27,3169.03,9.02,13.02
2024-11-16,META_C002,Retargeting - Add to Cart,CONVERSIONS,14598,10631,140.92,274,1.88,0.51,11.01,8,1257.14,17.61,8.92
2024-11-16,META_C003,Brand Awareness - Video,AWARENESS,28698,18513,100.75,447,1.56,0.23,10.52,11,1006.39,9.16,9.99
2024-11-16,META_C004,Catalog Sales - Dynamic,CATALOG_SALES,28089,19156,211.91,462,1.64,0.46,7.54,20,3498.1,10.6,16.51
2024-11-16,META_C005,Instagram Stories - Flash Sales,CONVERSIONS,18300,14013,181.88,176,0.96,1.03,10.74,9,1480.34,20.21,8.14
2024-11-17,META_C001,Prospecting - Lookalike Purchasers,CONVERSIONS,24484,15050,240.8,548,2.24,0.44,11.6,32,6248.99,7.53,25.95
2024-11-17,META_C002,Retargeting - Add to Cart,CONVERSIONS,29517,17790,129.75,663,2.25,0.2,12.19,15,2356.61,8.65,18.16
2024-11-17,META_C003,Brand Awareness - Video,AWARENESS,9721,7706,52.33,212,2.18,0.25,5.38,9,815.98,5.81,15.59
2024-11-17,META_C004,Catalog Sales - Dynamic,CATALOG_SALES,18553,11326,191.59,355,1.91,0.54,10.33,7,903.53,27.37,4.72
2024-11-17,META_C005,Instagram Stories - Flash Sales,CONVERSIONS,32434,21277,186.02,683,2.11,0.27,9.34,36,4589.72,5.17,24.67
2024-11-18,META_C001,Prospecting - Lookalike Purchasers,CONVERSIONS,24781,18270,169.76,425,1.72,0.4,6.85,7,1254.32,24.25,7.39
2024-11-18,META_C002,Retargeting - Add to Cart,CONVERSIONS,10469,6528,77.59,168,1.6,0.46,7.41,5,847.0,15.52,10.92
2024-11-18,META_C003,Brand Awareness - Video,AWARENESS,31862,25119,103.71,467,1.47,0.22,5.98,15,2045.6,6.91,19.72
2024-11-18,META_C004,Catalog Sales - Dynamic,CATALOG_SALES,15589,12841,114.17,188,1.21,0.61,7.32,9,1576.46,12.69,13.81
2024-11-18,META_C005,Instagram Stories - Flash Sales,CONVERSIONS,15970,12303,169.19,290,1.82,0.58,10.59,11,1089.06,15.38,6.44
2024-11-19,META_C001,Prospecting - Lookalike Purchasers,CONVERSIONS,25020,17950,206.63,210,0.84,0.98,8.26,4,413.42,51.66,2.0
2024-11-19,META_C002,Retargeting - Add to Cart,CONVERSIONS,9655,6458,126.47,186,1.93,0.68,13.1,2,312.41,63.23,2.47
2024-11-19,META_C003,Brand Awareness - Video,AWARENESS,32624,21954,104.95,587,1.8,0.18,11.86,14,2297.24,7.5,21.89
2024-11-19,META_C004,Catalog Sales - Dynamic,CATALOG_SALES,29245,18799,245.14,374,1.28,0.66,8.38,19,2591.26,12.9,10.57
2024-11-19,META_C005,Instagram Stories - Flash Sales,CONVERSIONS,17005,12768,107.65,286,1.68,0.38,6.33,8,979.58,13.46,9.1
2024-11-20,META_C001,Prospecting - Lookalike Purchasers,CONVERSIONS,10105,7378,117.08,121,1.2,0.97,11.59,4,736.59,29.27,6.29
2024-11-20,META_C002,Retargeting - Add to Cart,CONVERSIONS,18691,15570,133.74,231,1.24,0.58,12.35,4,446.26,33.44,3.34
2024-11-20,META_C003,Brand Awareness - Video,AWARENESS,30770,25624,96.87,541,1.76,0.18,4.86,15,2392.3,6.46,24.7
2024-11-20,META_C004,Catalog Sales - Dynamic,CATALOG_SALES,31726,20385,173.21,450,1.42,0.38,5.46,12,1648.68,14.43,9.52
2024-11-20,META_C005,Instagram Stories - Flash Sales,CONVERSIONS,20980,16562,164.71,462,2.2,0.36,7.85,24,2774.5,6.86,16.84
2024-11-21,META_C001,Prospecting - Lookalike Purchasers,CONVERSIONS,16415,13235,83.7,256,1.56,0.33,5.1,4,439.16,20.93,5.25
2024-11-21,META_C002,Retargeting - Add to Cart,CONVERSIONS,19081,15047,156.88,176,0.92,0.89,11.79,3,519.69,52.29,3.31
2024-11-21,META_C003,Brand Awareness - Video,AWARENESS,21882,14921,90.61,334,1.53,0.27,6.21,6,1176.39,15.1,12.98
2024-11-21,META_C004,Catalog Sales - Dynamic,CATALOG_SALES,11403,9651,134.65,234,2.05,0.58,11.81,10,1134.62,13.46,8.43
2024-11-21,META_C005,Instagram Stories - Flash Sales,CONVERSIONS,17005,12384,170.27,272,1.6,0.63,10.01,8,1158.47,21.28,6.8
2024-11-22,META_C001,Prospecting - Lookalike Purchasers,CONVERSIONS,19311,14200,235.87,391,2.02,0.6,12.21,15,2410.98,15.72,10.22
2024-11-22,META_C002,Retargeting - Add to Cart,CONVERSIONS,22796,13830,128.51,335,1.47,0.38,13.2,5,503.31,25.7,3.92
2024-11-22,META_C003,Brand Awareness - Video,AWARENESS,28003,19783,90.46,346,1.24,0.26,11.45,7,1104.43,12.92,12.21
2024-11-22,META_C004,Catalog Sales - Dynamic,CATALOG_SALES,28522,20338,220.69,284,1.0,0.78,7.74,9,1214.4,24.52,5.5
2024-11-22,META_C005,Instagram Stories - Flash Sales,CONVERSIONS,11174,7453,51.96,204,1.83,0.25,4.65,10,1473.71,5.2,28.36
2024-11-23,META_C001,Prospecting - Lookalike Purchasers,CONVERSIONS,23308,18068,217.09,317,1.36,0.68,12.39,14,2735.86,15.51,12.6
2024-11-23,META_C002,Retargeting - Add to Cart,CONVERSIONS,32535,24711,131.08,783,2.41,0.17,6.1,24,2674.31,5.46,20.4
2024-11-23,META_C003,Brand Awareness - Video,AWARENESS,31400,19660,97.51,298,0.95,0.33,10.82,8,851.94,12.19,8.74
2024-11-23,META_C004,Catalog Sales - Dynamic,CATALOG_SALES,23428,16851,103.96,326,1.39,0.32,4.44,7,801.28,14.85,7.71
2024-11-23,META_C005,Instagram Stories - Flash Sales,CONVERSIONS,12643,10743,88.46,288,2.28,0.31,7.0,12,1566.68,7.37,17.71
2024-11-24,META_C001,Prospecting - Lookalike Purchasers,CONVERSIONS,30539,24047,195.62,723,2.37,0.27,6.41,25,4267.43,7.82,21.81
2024-11-24,META_C002,Retargeting - Add to Cart,CONVERSIONS,32300,24955,134.84,585,1.81,0.23,5.3,13,2539.28,10.37,18.83
2024-11-24,META_C003,Brand Awareness - Video,AWARENESS,18609,13292,95.48,269,1.45,0.35,10.57,3,466.83,31.83,4.89
2024-11-24,META_C004,Catalog Sales - Dynamic,CATALOG_SALES,29795,22985,231.12,651,2.18,0.36,7.76,37,4910.27,6.25,21.25
2024-11-24,META_C005,Instagram Stories - Flash Sales,CONVERSIONS,26433,18574,203.46,248,0.94,0.82,8.82,9,1022.47,22.61,5.03
2024-11-25,META_C001,Prospecting - Lookalike Purchasers,CONVERSIONS,17023,12956,78.98,218,1.28,0.36,4.64,9,950.17,8.78,12.03
2024-11-25,META_C002,Retargeting - Add to Cart,CONVERSIONS,26606,20258,154.84,340,1.28,0.46,12.95,3,486.27,51.61,3.14
2024-11-25,META_C003,Brand Awareness - Video,AWARENESS,23389,14193,96.69,549,2.35,0.18,5.48,30,3199.9,3.22,33.09
2024-11-25,META_C004,Catalog Sales - Dynamic,CATALOG_SALES,18106,11059,154.44,388,2.14,0.4,8.53,13,1307.09,11.88,8.46
2024-11-25,META_C005,Instagram Stories - Flash Sales,CONVERSIONS,18029,15018,115.76,373,2.07,0.31,6.42,17,3235.82,6.81,27.95
2024-11-26,META_C001,Prospecting - Lookalike Purchasers,CONVERSIONS,18192,13255,154.87,383,2.11,0.4,8.51,19,1988.18,8.15,12.84
2024-11-26,META_C002,Retargeting - Add to Cart,CONVERSIONS,27962,19803,128.78,545,1.95,0.24,4.61,15,2782.39,8.59,21.61
2024-11-26,META_C003,Brand Awareness - Video,AWARENESS,26569,16085,88.85,403,1.52,0.22,10.44,16,2975.98,5.55,33.49
2024-11-26,META_C004,Catalog Sales - Dynamic,CATALOG_SALES,19837,15911,223.96,327,1.65,0.68,11.29,14,1307.97,16.0,5.84
2024-11-26,META_C005,Instagram Stories - Flash Sales,CONVERSIONS,30357,24056,200.2,335,1.1,0.6,6.59,18,2262.46,11.12,11.3
2024-11-27,META_C001,Prospecting - Lookalike Purchasers,CONVERSIONS,27268,19471,220.29,343,1.26,0.64,10.88,5,925.83,44.06,4.2
2024-11-27,META_C002,Retargeting - Add to Cart,CONVERSIONS,15970,12354,154.54,156,0.98,0.99,11.62,8,893.58,19.32,5.78
2024-11-27,META_C003,Brand Awareness - Video,AWARENESS,26633,20832,89.41,435,1.63,0.21,4.47,13,2483.56,6.88,27.78
2024-11-27,META_C004,Catalog Sales - Dynamic,CATALOG_SALES,17505,14603,147.79,359,2.05,0.41,8.44,18,1827.66,8.21,12.37
2024-11-27,META_C005,Instagram Stories - Flash Sales,CONVERSIONS,22984,14610,161.33,467,2.03,0.35,7.02,5,742.02,32.27,4.6
2024-11-28,META_C001,Prospecting - Lookalike Purchasers,CONVERSIONS,22480,13931,197.96,200,0.89,0.99,8.81,9,1380.66,22.0,6.97
2024-11-28,META_C002,Retargeting - Add to Cart,CONVERSIONS,28964,18957,130.34,430,1.48,0.3,11.73,8,1490.9,16.29,11.44
2024-11-28,META_C003,Brand Awareness - Video,AWARENESS,25859,15679,90.82,269,1.04,0.34,4.48,11,1793.19,8.26,19.74
2024-11-28,META_C004,Catalog Sales - Dynamic,CATALOG_SALES,31595,26476,255.34,445,1.41,0.57,10.2,15,2173.65,17.02,8.51
2024-11-28,META_C005,Instagram Stories - Flash Sales,CONVERSIONS,23400,19659,174.36,293,1.25,0.6,12.19,15,2710.11,11.62,15.54
2024-11-29,META_C001,Prospecting - Lookalike Purchasers,CONVERSIONS,15463,12102,159.48,176,1.14,0.91,10.31,9,1481.07,17.72,9.29
2024-11-29,META_C002,Retargeting - Add to Cart,CONVERSIONS,12889,10004,140.81,151,1.17,0.93,10.92,8,854.99,17.6,6.07
2024-11-29,META_C003,Brand Awareness - Video,AWARENESS,23336,17835,94.5,540,2.31,0.17,8.09,22,3182.74,4.3,33.68
2024-11-29,META_C004,Catalog Sales - Dynamic,CATALOG_SALES,11906,7165,65.48,249,2.09,0.26,5.5,14,1314.99,4.68,20.08
2024-11-29,META_C005,Instagram Stories - Flash Sales,CONVERSIONS,25261,15436,185.24,243,0.96,0.76,11.28,9,1087.32,20.58,5.87
2024-11-30,META_C001,Prospecting - Lookalike Purchasers,CONVERSIONS,24761,18930,262.12,360,1.45,0.73,10.6,11,1963.58,23.83,7.49
2024-11-30,META_C002,Retargeting - Add to Cart,CONVERSIONS,22796,13889,129.04,248,1.09,0.52,11.82,3,295.72,43.01,2.29
2024-11-30,META_C003,Brand Awareness - Video,AWARENESS,9421,5782,78.13,95,1.01,0.82,8.29,4,459.49,19.53,5.88
2024-11-30,META_C004,Catalog Sales - Dynamic,CATALOG_SALES,9258,6523,66.03,144,1.56,0.46,7.13,6,946.88,11.01,14.34
2024-11-30,META_C005,Instagram Stories - Flash Sales,CONVERSIONS,31481,22963,178.54,656,2.08,0.27,8.56,11,1584.27,16.23,8.87
2024-12-01,META_C001,Prospecting - Lookalike Purchasers,CONVERSIONS,18995,14523,236.96,206,1.08,1.15,12.48,4,717.12,59.24,3.03
2024-12-01,META_C002,Retargeting - Add to Cart,CONVERSIONS,21342,15222,145.56,522,2.45,0.28,10.65,20,2825.14,7.28,19.41
2024-12-01,META_C003,Brand Awareness - Video,AWARENESS,21936,17595,97.94,537,2.45,0.18,9.79,21,2768.46,4.66,28.27
2024-12-01,META_C004,Catalog Sales - Dynamic,CATALOG_SALES,25530,19526,115.44,526,2.06,0.22,4.52,18,3163.65,6.41,27.41
2024-12-01,META_C005,Instagram Stories - Flash Sales,CONVERSIONS,19711,16672,137.53,301,1.53,0.46,6.98,11,1412.4,12.5,10.27
2024-12-02,META_C001,Prospecting - Lookalike Purchasers,CONVERSIONS,14663,11261,113.18,311,2.12,0.36,7.72,14,1837.98,8.08,16.24
2024-12-02,META_C002,Retargeting - Add to Cart,CONVERSIONS,22543,16059,153.86,312,1.38,0.49,12.06,4,433.74,38.47,2.82
2024-12-02,META_C003,Brand Awareness - Video,AWARENESS,17681,13102,91.63,342,1.93,0.27,10.18,19,3072.71,4.82,33.53
2024-12-02,META_C004,Catalog Sales - Dynamic,CATALOG_SALES,12637,9413,115.86,176,1.39,0.66,9.17,5,779.26,23.17,6.73
2024-12-02,META_C005,Instagram Stories - Flash Sales,CONVERSIONS,21491,16757,102.2,216,1.01,0.47,4.76,5,813.89,20.44,7.96
2024-12-03,META_C001,Prospecting - Lookalike Purchasers,CONVERSIONS,12609,8538,133.48,120,0.95,1.11,10.59,4,424.79,33.37,3.18
2024-12-03,META_C002,Retargeting - Add to Cart,CONVERSIONS,14904,10653,79.92,161,1.08,0.5,5.36,7,1268.98,11.42,15.88
2024-12-03,META_C003,Brand Awareness - Video,AWARENESS,32866,23241,104.15,359,1.09,0.29,12.09,12,1159.21,8.68,11.13
2024-12-03,META_C004,Catalog Sales - Dynamic,CATALOG_SALES,23821,17755,147.6,205,0.86,0.72,6.2,10,929.31,14.76,6.3
2024-12-03,META_C005,Instagram Stories - Flash Sales,CONVERSIONS,24695,15303,163.25,315,1.28,0.52,6.61,11,2097.45,14.84,12.85
2024-12-04,META_C001,Prospecting - Lookalike Purchasers,CONVERSIONS,10001,8028,49.75,100,1.0,0.5,4.97,5,549.1,9.95,11.04
2024-12-04,META_C002,Retargeting - Add to Cart,CONVERSIONS,30501,25856,146.43,647,2.12,0.23,7.78,19,2048.19,7.71,13.99
2024-12-04,META_C003,Brand Awareness - Video,AWARENESS,19297,15301,89.61,211,1.09,0.42,11.27,11,1043.24,8.15,11.64
2024-12-04,META_C004,Catalog Sales - Dynamic,CATALOG_SALES,26580,16256,309.32,347,1.31,0.89,11.77,4,571.5,77.33,1.85
2024-12-04,META_C005,Instagram Stories - Flash Sales,CONVERSIONS,16022,11284,164.26,225,1.4,0.73,10.25,11,1768.95,14.93,10.77
2024-12-05,META_C001,Prospecting - Lookalike Purchasers,CONVERSIONS,16695,12789,185.89,201,1.2,0.92,11.13,2,356.63,92.94,1.92
2024-12-05,META_C002,Retargeting - Add to Cart,CONVERSIONS,28707,22230,145.06,630,2.19,0.23,5.07,18,2012.04,8.06,13.87
2024-12-05,META_C003,Brand Awareness - Video,AWARENESS,23020,18567,96.94,435,1.89,0.22,4.83,17,2745.56,5.7,28.32
2024-12-05,META_C004,Catalog Sales - Dynamic,CATALOG_SALES,24079,15232,155.73,199,0.83,0.78,6.47,8,1305.54,19.47,8.38
2024-12-05,META_C005,Instagram Stories - Flash Sales,CONVERSIONS,14588,10934,132.75,231,1.58,0.57,9.1,12,1643.12,11.06,12.38
2024-12-06,META_C001,Prospecting - Lookalike Purchasers,CONVERSIONS,24042,14637,122.24,510,2.12,0.24,5.08,14,1610.52,8.73,13.18
2024-12-06,META_C002,Retargeting - Add to Cart,CONVERSIONS,26885,17273,140.43,366,1.36,0.38,6.57,14,1780.27,10.03,12.68
2024-12-06,META_C003,Brand Awareness - Video,AWARENESS,18309,14935,101.55,415,2.27,0.24,12.18,15,2416.28,6.77,23.79
2024-12-06,META_C004,Catalog Sales - Dynamic,CATALOG_SALES,22283,17746,206.09,484,2.17,0.43,9.25,23,4145.36,8.96,20.11
2024-12-06,META_C005,Instagram Stories - Flash Sales,CONVERSIONS,13408,8955,93.89,137,1.02,0.69,7.0,4,440.15,23.47,4.69
2024-12-07,META_C001,Prospecting - Lookalike Purchasers,CONVERSIONS,15207,11809,181.3,267,1.76,0.68,11.92,3,298.13,60.43,1.64
2024-12-07,META_C002,Retargeting - Add to Cart,CONVERSIONS,25863,20274,141.73,584,2.26,0.24,11.56,10,1174.69,14.17,8.29
2024-12-07,META_C003,Brand Awareness - Video,AWARENESS,12054,9635,77.29,224,1.86,0.35,6.41,3,284.82,25.76,3.69
2024-12-07,META_C004,Catalog Sales - Dynamic,CATALOG_SALES,11382,6829,119.89,131,1.15,0.92,10.53,2,358.41,59.95,2.99
2024-12-07,META_C005,Instagram Stories - Flash Sales,CONVERSIONS,20944,16223,175.6,513,2.45,0.34,8.38,19,1983.75,9.24,11.3
2024-12-08,META_C001,Prospecting - Lookalike Purchasers,CONVERSIONS,18627,12709,117.05,427,2.29,0.27,6.28,8,1029.89,14.63,8.8
2024-12-08,META_C002,Retargeting - Add to Cart,CONVERSIONS,27248,17769,148.49,520,1.91,0.29,9.61,23,3857.95,6.46,25.98
2024-12-08,META_C003,Brand Awareness - Video,AWARENESS,32148,22073,85.44,414,1.29,0.21,12.13,5,808.16,17.09,9.46
2024-12-08,META_C004,Catalog Sales - Dynamic,CATALOG_SALES,11239,9119,113.4,226,2.01,0.5,10.09,12,1952.68,9.45,17.22
2024-12-08,META_C005,Instagram Stories - Flash Sales,CONVERSIONS,9538,7768,103.45,129,1.35,0.8,10.85,4,741.52,25.86,7.17
2024-12-09,META_C001,Prospecting - Lookalike Purchasers,CONVERSIONS,14899,9315,178.92,349,2.34,0.51,12.01,8,1167.24,22.36,6.52
2024-12-09,META_C002,Retargeting - Add to Cart,CONVERSIONS,12001,9907,131.99,235,1.96,0.56,11.0,4,495.64,33.0,3.76
2024-12-09,META_C003,Brand Awareness - Video,AWARENESS,20581,15473,92.68,410,1.99,0.23,12.55,23,2455.51,4.03,26.49
2024-12-09,META_C004,Catalog Sales - Dynamic,CATALOG_SALES,29677,20927,272.61,405,1.36,0.67,10.85,4,787.42,68.15,2.89
2024-12-09,META_C005,Instagram Stories - Flash Sales,CONVERSIONS,28485,17759,194.2,641,2.25,0.3,13.2,8,1062.72,24.27,5.47
2024-12-10,META_C001,Prospecting - Lookalike Purchasers,CONVERSIONS,25005,15668,217.6,291,1.16,0.75,8.7,7,1374.68,31.09,6.32
2024-12-10,META_C002,Retargeting - Add to Cart,CONVERSIONS,15785,10313,143.94,320,2.03,0.45,9.12,15,1410.77,9.6,9.8
2024-12-10,META_C003,Brand Awareness - Video,AWARENESS,18329,14543,97.04,162,0.88,0.6,12.36,4,392.66,24.26,4.05
2024-12-10,META_C004,Catalog Sales - Dynamic,CATALOG_SALES,26914,16575,162.41,426,1.58,0.38,6.03,12,1691.68,13.53,10.42
2024-12-10,META_C005,Instagram Stories - Flash Sales,CONVERSIONS,26060,18041,182.13,365,1.4,0.5,9.22,14,2015.36,13.01,11.07
2024-12-11,META_C001,Prospecting - Lookalike Purchasers,CONVERSIONS,26297,19463,234.67,429,1.63,0.55,11.47,18,2058.06,13.04,8.77
2024-12-11,META_C002,Retargeting - Add to Cart,CONVERSIONS,18139,13716,84.42,329,1.81,0.26,4.65,19,3542.96,4.44,41.97
2024-12-11,META_C003,Brand Awareness - Video,AWARENESS,15593,11333,76.35,330,2.12,0.23,4.9,5,591.73,15.27,7.75
2024-12-11,META_C004,Catalog Sales - Dynamic,CATALOG_SALES,31645,25504,306.87,656,2.07,0.47,11.28,10,1468.22,30.69,4.78
2024-12-11,META_C005,Instagram Stories - Flash Sales,CONVERSIONS,19550,13250,188.57,176,0.9,1.07,11.74,4,460.59,47.14,2.44
2024-12-12,META_C001,Prospecting - Lookalike Purchasers,CONVERSIONS,30276,23066,237.83,576,1.9,0.41,9.33,27,4076.52,8.81,17.14
2024-12-12,META_C002,Retargeting - Add to Cart,CONVERSIONS,31506,26597,147.58,751,2.38,0.2,13.16,22,4060.21,6.71,27.51
2024-12-12,META_C003,Brand Awareness - Video,AWARENESS,30802,25443,93.13,329,1.07,0.28,11.71,8,1395.21,11.64,14.98
2024-12-12,META_C004,Catalog Sales - Dynamic,CATALOG_SALES,14435,10386,135.34,345,2.39,0.39,9.38,14,2470.9,9.67,18.26
2024-12-12,META_C005,Instagram Stories - Flash Sales,CONVERSIONS,22881,18496,153.77,543,2.37,0.28,6.72,24,3932.83,6.41,25.58
2024-12-13,META_C001,Prospecting - Lookalike Purchasers,CONVERSIONS,20108,13958,186.8,316,1.57,0.59,9.29,10,1492.17,18.68,7.99
2024-12-13,META_C002,Retargeting - Add to Cart,CONVERSIONS,24159,20277,154.01,421,1.74,0.37,10.14,17,1660.6,9.06,10.78
2024-12-13,META_C003,Brand Awareness - Video,AWARENESS,12024,8956,94.78,207,1.72,0.46,7.88,11,2166.52,8.62,22.86
2024-12-13,META_C004,Catalog Sales - Dynamic,CATALOG_SALES,12372,8644,126.84,155,1.25,0.82,10.25,7,1384.89,18.12,10.92
2024-12-13,META_C005,Instagram Stories - Flash Sales,CONVERSIONS,27526,20119,191.59,436,1.58,0.44,8.29,15,1685.7,12.77,8.8
2024-12-14,META_C001,Prospecting - Lookalike Purchasers,CONVERSIONS,30670,24187,260.0,393,1.28,0.66,10.39,5,904.38,52.0,3.48
2024-12-14,META_C002,Retargeting - Add to Cart,CONVERSIONS,32961,24543,150.91,305,0.93,0.49,4.92,11,1325.81,13.72,8.79
2024-12-14,META_C003,Brand Awareness - Video,AWARENESS,30943,22057,90.98,451,1.46,0.2,12.31,25,2803.61,3.64,30.82
2024-12-14,META_C004,Catalog Sales - Dynamic,CATALOG_SALES,22799,15893,255.64,351,1.54,0.73,11.21,15,2021.58,17.04,7.91
2024-12-14,META_C005,Instagram Stories - Flash Sales,CONVERSIONS,10216,7930,90.19,188,1.84,0.48,8.83,10,1022.13,9.02,11.33
2024-12-15,META_C001,Prospecting - Lookalike Purchasers,CONVERSIONS,23094,18063,116.0,366,1.58,0.32,5.02,18,1938.22,6.44,16.71
2024-12-15,META_C002,Retargeting - Add to Cart,CONVERSIONS,29046,22195,142.97,709,2.44,0.2,7.32,14,2029.28,10.21,14.19
2024-12-15,META_C003,Brand Awareness - Video,AWARENESS,23912,15172,85.27,323,1.35,0.26,4.78,4,713.66,21.32,8.37
2024-12-15,META_C004,Catalog Sales - Dynamic,CATALOG_SALES,32935,20265,256.54,338,1.03,0.76,8.21,8,1066.45,32.07,4.16
2024-12-15,META_C005,Instagram Stories - Flash Sales,CONVERSIONS,31542,22046,179.82,252,0.8,0.71,8.77,13,1286.85,13.83,7.16
2024-12-16,META_C001,Prospecting - Lookalike Purchasers,CONVERSIONS,32134,20331,262.47,332,1.03,0.79,9.72,10,1758.47,26.25,6.7
2024-12-16,META_C002,Retargeting - Add to Cart,CONVERSIONS,9579,7399,48.92,102,1.06,0.48,5.11,5,549.25,9.78,11.23
2024-12-16,META_C003,Brand Awareness - Video,AWARENESS,9778,7303,72.81,98,1.0,0.74,7.45,4,624.68,18.2,8.58
2024-12-16,META_C004,Catalog Sales - Dynamic,CATALOG_SALES,17614,11323,169.49,234,1.33,0.72,9.62,2,227.16,84.75,1.34
2024-12-16,META_C005,Instagram Stories - Flash Sales,CONVERSIONS,25314,21447,114.36,229,0.9,0.5,4.52,5,673.25,22.87,5.89
2024-12-17,META_C001,Prospecting - Lookalike Purchasers,CONVERSIONS,31084,19276,232.28,677,2.18,0.34,11.24,24,2263.7,9.68,9.75
2024-12-17,META_C002,Retargeting - Add to Cart,CONVERSIONS,31698,19674,153.83,296,0.93,0.52,9.66,11,1987.39,13.98,12.92
2024-12-17,META_C003,Brand Awareness - Video,AWARENESS,32669,25517,98.99,653,2.0,0.15,6.85,29,5335.09,3.41,53.9
2024-12-17,META_C004,Catalog Sales - Dynamic,CATALOG_SALES,10914,6844,109.55,173,1.59,0.63,10.04,10,1931.89,10.96,17.63
2024-12-17,META_C005,Instagram Stories - Flash Sales,CONVERSIONS,30650,25361,202.8,607,1.98,0.33,12.31,6,627.29,33.8,3.09
2024-12-18,META_C001,Prospecting - Lookalike Purchasers,CONVERSIONS,12048,7299,65.38,232,1.93,0.28,5.43,5,886.35,13.08,13.56
2024-12-18,META_C002,Retargeting - Add to Cart,CONVERSIONS,20618,13103,137.66,409,1.98,0.34,12.18,10,1450.08,13.77,10.53
2024-12-18,META_C003,Brand Awareness - Video,AWARENESS,28553,18250,86.4,487,1.71,0.18,13.0,27,5238.71,3.2,60.63
2024-12-18,META_C004,Catalog Sales - Dynamic,CATALOG_SALES,14417,9169,155.34,234,1.62,0.66,10.77,11,1667.91,14.12,10.74
2024-12-18,META_C005,Instagram Stories - Flash Sales,CONVERSIONS,13349,9634,166.96,270,2.02,0.62,12.51,7,775.13,23.85,4.64
2024-12-19,META_C001,Prospecting - Lookalike Purchasers,CONVERSIONS,14986,10989,102.89,300,2.0,0.34,6.87,14,1513.61,7.35,14.71
2024-12-19,META_C002,Retargeting - Add to Cart,CONVERSIONS,26960,20709,121.47,511,1.9,0.24,4.51,14,1485.0,8.68,12.23
2024-12-19,META_C003,Brand Awareness - Video,AWARENESS,9874,6317,99.55,167,1.69,0.6,12.83,9,1422.92,11.06,14.29
2024-12-19,META_C004,Catalog Sales - Dynamic,CATALOG_SALES,26360,17678,252.61,392,1.49,0.64,9.58,4,455.32,63.15,1.8
2024-12-19,META_C005,Instagram Stories - Flash Sales,CONVERSIONS,10611,7395,125.41,234,2.21,0.54,11.82,10,1460.48,12.54,11.65
2024-12-20,META_C001,Prospecting - Lookalike Purchasers,CONVERSIONS,14532,12069,70.87,269,1.85,0.26,4.88,8,931.48,8.86,13.14
2024-12-20,META_C002,Retargeting - Add to Cart,CONVERSIONS,19222,15727,155.74,254,1.32,0.61,11.76,7,644.42,22.25,4.14
2024-12-20,META_C003,Brand Awareness - Video,AWARENESS,31619,21575,103.16,536,1.7,0.19,7.96,20,2187.71,5.16,21.21
2024-12-20,META_C004,Catalog Sales - Dynamic,CATALOG_SALES,20867,17310,194.41,177,0.85,1.1,9.32,4,611.94,48.6,3.15
2024-12-20,META_C005,Instagram Stories - Flash Sales,CONVERSIONS,9831,7397,88.54,83,0.84,1.07,9.01,4,589.19,22.14,6.65
2024-12-21,META_C001,Prospecting - Lookalike Purchasers,CONVERSIONS,17766,14947,103.2,239,1.35,0.43,5.81,8,1206.0,12.9,11.69
2024-12-21,META_C002,Retargeting - Add to Cart,CONVERSIONS,10964,8390,109.46,104,0.95,1.05,9.98,2,323.02,54.73,2.95
2024-12-21,META_C003,Brand Awareness - Video,AWARENESS,12108,9315,59.56,271,2.24,0.22,4.92,13,2092.01,4.58,35.12
2024-12-21,META_C004,Catalog Sales - Dynamic,CATALOG_SALES,29865,23214,267.9,591,1.98,0.45,8.97,23,3104.44,11.65,11.59
2024-12-21,META_C005,Instagram Stories - Flash Sales,CONVERSIONS,30638,20647,137.29,302,0.99,0.45,4.48,7,1265.93,19.61,9.22
2024-12-22,META_C001,Prospecting - Lookalike Purchasers,CONVERSIONS,24567,15778,237.71,410,1.67,0.58,11.34,11,2036.19,21.61,8.57
2024-12-22,META_C002,Retargeting - Add to Cart,CONVERSIONS,16503,10290,116.58,316,1.91,0.37,7.06,6,613.78,19.43,5.26
2024-12-22,META_C003,Brand Awareness - Video,AWARENESS,24792,19067,101.86,610,2.46,0.17,7.62,12,1841.73,8.49,18.08
2024-12-22,META_C004,Catalog Sales - Dynamic,CATALOG_SALES,8929,6949,71.84,185,2.07,0.39,8.05,9,920.05,7.98,12.81
2024-12-22,META_C005,Instagram Stories - Flash Sales,CONVERSIONS,9792,6693,97.03,169,1.73,0.57,9.91,6,1067.91,16.17,11.01
2024-12-23,META_C001,Prospecting - Lookalike Purchasers,CONVERSIONS,21598,16258,193.14,259,1.2,0.75,8.94,6,624.45,32.19,3.23
2024-12-23,META_C002,Retargeting - Add to Cart,CONVERSIONS,28631,20125,156.94,680,2.38,0.23,7.46,39,4120.46,4.02,26.26
2024-12-23,META_C003,Brand Awareness - Video,AWARENESS,30368,20716,92.83,505,1.66,0.18,4.51,7,1044.01,13.26,11.25
2024-12-23,META_C004,Catalog Sales - Dynamic,CATALOG_SALES,28631,19881,214.83,678,2.37,0.32,7.5,8,1111.67,26.85,5.17
2024-12-23,META_C005,Instagram Stories - Flash Sales,CONVERSIONS,15203,12518,79.74,226,1.49,0.35,5.25,12,1364.45,6.64,17.11
2024-12-24,META_C001,Prospecting - Lookalike Purchasers,CONVERSIONS,24406,15463,242.15,455,1.86,0.53,12.79,14,1787.12,17.3,7.38
2024-12-24,META_C002,Retargeting - Add to Cart,CONVERSIONS,13946,10473,138.29,320,2.29,0.43,12.8,5,964.87,27.66,6.98
2024-12-24,META_C003,Brand Awareness - Video,AWARENESS,17281,12009,99.36,349,2.02,0.28,8.47,11,1623.02,9.03,16.33
2024-12-24,META_C004,Catalog Sales - Dynamic,CATALOG_SALES,9526,6440,70.92,166,1.74,0.43,7.44,7,1182.11,10.13,16.67
2024-12-24,META_C005,Instagram Stories - Flash Sales,CONVERSIONS,14492,11485,66.26,141,0.97,0.47,4.57,6,887.9,11.04,13.4
2024-12-25,META_C001,Prospecting - Lookalike Purchasers,CONVERSIONS,19381,14975,91.48,358,1.85,0.26,4.72,18,2374.59,5.08,25.96
2024-12-25,META_C002,Retargeting - Add to Cart,CONVERSIONS,15062,10990,140.1,344,2.28,0.41,9.88,12,1127.29,11.67,8.05
2024-12-25,META_C003,Brand Awareness - Video,AWARENESS,14197,10117,89.4,349,2.46,0.26,10.54,9,1337.16,9.93,14.96
2024-12-25,META_C004,Catalog Sales - Dynamic,CATALOG_SALES,9258,7602,105.0,220,2.38,0.48,11.34,5,830.7,21.0,7.91
2024-12-25,META_C005,Instagram Stories - Flash Sales,CONVERSIONS,28619,22472,204.57,712,2.49,0.29,12.47,13,1605.81,15.74,7.85
2024-12-26,META_C001,Prospecting - Lookalike Purchasers,CONVERSIONS,24196,18951,216.2,539,2.23,0.4,9.1,31,4172.81,6.97,19.3
2024-12-26,META_C002,Retargeting - Add to Cart,CONVERSIONS,14240,8612,92.39,334,2.35,0.28,6.49,4,603.43,23.1,6.53
2024-12-26,META_C003,Brand Awareness - Video,AWARENESS,25631,17149,99.3,570,2.22,0.17,9.42,18,3100.76,5.52,31.23
2024-12-26,META_C004,Catalog Sales - Dynamic,CATALOG_SALES,16103,10519,97.4,138,0.86,0.71,6.05,3,485.23,32.47,4.98
2024-12-26,META_C005,Instagram Stories - Flash Sales,CONVERSIONS,24479,15137,169.62,328,1.34,0.52,6.93,10,1684.09,16.96,9.93
2024-12-27,META_C001,Prospecting - Lookalike Purchasers,CONVERSIONS,9024,6037,51.01,219,2.43,0.23,5.65,6,887.88,8.5,17.41
2024-12-27,META_C002,Retargeting - Add to Cart,CONVERSIONS,26558,16249,152.46,601,2.26,0.25,6.52,17,2230.99,8.97,14.63
2024-12-27,META_C003,Brand Awareness - Video,AWARENESS,27116,18269,90.15,395,1.46,0.23,5.43,4,570.62,22.54,6.33
2024-12-27,META_C004,Catalog Sales - Dynamic,CATALOG_SALES,26708,19455,134.41,535,2.0,0.25,5.03,6,579.5,22.4,4.31
2024-12-27,META_C005,Instagram Stories - Flash Sales,CONVERSIONS,17768,11526,193.25,228,1.28,0.85,12.63,10,1312.42,19.32,6.79
2024-12-28,META_C001,Prospecting - Lookalike Purchasers,CONVERSIONS,11997,7909,120.64,151,1.26,0.8,10.06,3,336.37,40.21,2.79
2024-12-28,META_C002,Retargeting - Add to Cart,CONVERSIONS,25322,20421,146.87,597,2.36,0.25,10.7,7,758.96,20.98,5.17
2024-12-28,META_C003,Brand Awareness - Video,AWARENESS,18828,13049,89.13,198,1.05,0.45,8.08,7,1344.6,12.73,15.09
2024-12-28,META_C004,Catalog Sales - Dynamic,CATALOG_SALES,18285,11169,194.08,222,1.21,0.87,10.61,5,848.1,38.82,4.37
2024-12-28,META_C005,Instagram Stories - Flash Sales,CONVERSIONS,28615,21375,182.42,289,1.01,0.63,7.24,16,2563.13,11.4,14.05
2024-12-29,META_C001,Prospecting - Lookalike Purchasers,CONVERSIONS,9452,7236,78.78,207,2.19,0.38,8.33,3,507.64,26.26,6.44
2024-12-29,META_C002,Retargeting - Add to Cart,CONVERSIONS,20550,13290,143.92,175,0.85,0.82,10.55,7,1118.94,20.56,7.77
2024-12-29,META_C003,Brand Awareness - Video,AWARENESS,12286,8443,87.78,276,2.25,0.32,9.56,3,303.94,29.26,3.46
2024-12-29,META_C004,Catalog Sales - Dynamic,CATALOG_SALES,11609,8498,114.43,149,1.28,0.77,9.86,7,682.58,16.35,5.97
2024-12-29,META_C005,Instagram Stories - Flash Sales,CONVERSIONS,15583,9502,70.47,176,1.13,0.4,4.52,4,721.22,17.62,10.23
2024-12-30,META_C001,Prospecting - Lookalike Purchasers,CONVERSIONS,12744,10132,131.78,220,1.73,0.6,10.34,7,728.86,18.83,5.53
2024-12-30,META_C002,Retargeting - Add to Cart,CONVERSIONS,30753,22831,152.21,287,0.93,0.53,12.15,5,529.89,30.44,3.48
2024-12-30,META_C003,Brand Awareness - Video,AWARENESS,28904,23574,87.08,297,1.03,0.29,9.05,15,2883.16,5.81,33.11
2024-12-30,META_C004,Catalog Sales - Dynamic,CATALOG_SALES,13627,8214,99.65,300,2.2,0.33,7.31,10,1606.05,9.96,16.12
2024-12-30,META_C005,Instagram Stories - Flash Sales,CONVERSIONS,18757,12874,119.21,371,1.98,0.32,6.36,10,1253.23,11.92,10.51
2024-12-31,META_C001,Prospecting - Lookalike Purchasers,CONVERSIONS,8830,5438,87.28,135,1.53,0.65,9.88,6,872.57,14.55,10.0
2024-12-31,META_C002,Retargeting - Add to Cart,CONVERSIONS,18104,11592,144.79,173,0.96,0.84,11.62,7,957.3,20.68,6.61
2024-12-31,META_C003,Brand Awareness - Video,AWARENESS,28435,23593,99.63,254,0.89,0.39,9.68,9,1557.79,11.07,15.64
2024-12-31,META_C004,Catalog Sales - Dynamic,CATALOG_SALES,20821,15582,256.32,201,0.97,1.28,12.31,8,1444.11,32.04,5.63
2024-12-31,META_C005,Instagram Stories - Flash Sales,CONVERSIONS,29381,22341,198.03,278,0.95,0.71,11.73,13,1426.48,15.23,7.2
2025-01-01,META_C001,Prospecting - Lookalike Purchasers,CONVERSIONS,14525,10148,104.12,157,1.08,0.66,7.17,3,276.49,34.71,2.66
2025-01-01,META_C002,Retargeting - Add to Cart,CONVERSIONS,20244,16036,152.11,305,1.51,0.5,11.99,14,1703.35,10.87,11.2
2025-01-01,META_C003,Brand Awareness - Video,AWARENESS,10144,7800,101.03,187,1.84,0.54,10.11,3,551.54,33.68,5.46
2025-01-01,META_C004,Catalog Sales - Dynamic,CATALOG_SALES,23979,19228,268.86,222,0.93,1.21,11.21,4,400.86,67.22,1.49
2025-01-01,META_C005,Instagram Stories - Flash Sales,CONVERSIONS,14690,10501,181.86,296,2.01,0.61,12.38,3,382.66,60.62,2.1
2025-01-02,META_C001,Prospecting - Lookalike Purchasers,CONVERSIONS,25312,16003,258.23,354,1.4,0.73,11.45,16,1700.84,16.14,6.59
2025-01-02,META_C002,Retargeting - Add to Cart,CONVERSIONS,25517,15447,146.13,512,2.01,0.29,5.73,21,2992.71,6.96,20.48
2025-01-02,META_C003,Brand Awareness - Video,AWARENESS,25132,19940,102.77,540,2.15,0.19,12.91,24,3675.77,4.28,35.77
2025-01-02,META_C004,Catalog Sales - Dynamic,CATALOG_SALES,11718,7515,136.15,216,1.84,0.63,11.62,6,557.18,22.69,4.09
2025-01-02,META_C005,Instagram Stories - Flash Sales,CONVERSIONS,16717,11788,145.02,164,0.98,0.88,8.68,5,652.36,29.0,4.5
2025-01-03,META_C001,Prospecting - Lookalike Purchasers,CONVERSIONS,32760,26714,262.48,548,1.67,0.48,8.26,10,1511.46,26.25,5.76
2025-01-03,META_C002,Retargeting - Add to Cart,CONVERSIONS,14274,10835,151.09,180,1.26,0.84,12.65,4,390.49,37.77,2.58
2025-01-03,META_C003,Brand Awareness - Video,AWARENESS,15718,9794,99.17,326,2.07,0.3,8.8,4,509.58,24.79,5.14
2025-01-03,META_C004,Catalog Sales - Dynamic,CATALOG_SALES,15773,9875,119.71,296,1.88,0.4,7.59,16,2240.52,7.48,18.72
2025-01-03,META_C005,Instagram Stories - Flash Sales,CONVERSIONS,26869,17102,176.1,302,1.12,0.58,12.28,4,496.26,44.02,2.82
2025-01-04,META_C001,Prospecting - Lookalike Purchasers,CONVERSIONS,22168,18776,231.52,394,1.78,0.59,11.38,16,2888.0,14.47,12.47
2025-01-04,META_C002,Retargeting - Add to Cart,CONVERSIONS,26622,19762,149.88,273,1.03,0.55,10.29,5,828.72,29.98,5.53
2025-01-04,META_C003,Brand Awareness - Video,AWARENESS,29380,20634,89.32,443,1.51,0.2,13.02,12,2307.99,7.44,25.84
2025-01-04,META_C004,Catalog Sales - Dynamic,CATALOG_SALES,15706,11272,94.98,354,2.25,0.27,6.05,8,1433.5,11.87,15.09
2025-01-04,META_C005,Instagram Stories - Flash Sales,CONVERSIONS,30853,19074,180.21,338,1.1,0.53,11.06,13,2179.01,13.86,12.09
2025-01-05,META_C001,Prospecting - Lookalike Purchasers,CONVERSIONS,18353,11191,227.51,231,1.26,0.98,12.4,8,744.46,28.44,3.27
2025-01-05,META_C002,Retargeting - Add to Cart,CONVERSIONS,17010,12428,133.75,360,2.12,0.37,8.95,8,1230.76,16.72,9.2
2025-01-05,META_C003,Brand Awareness - Video,AWARENESS,15370,10855,95.7,234,1.52,0.41,6.23,2,186.2,47.85,1.95
2025-01-05,META_C004,Catalog Sales - Dynamic,CATALOG_SALES,20201,13045,192.89,386,1.91,0.5,9.55,22,3259.54,8.77,16.9
2025-01-05,META_C005,Instagram Stories - Flash Sales,CONVERSIONS,27854,21956,178.56,614,2.2,0.29,12.51,33,4395.73,5.41,24.62
2025-01-06,META_C001,Prospecting - Lookalike Purchasers,CONVERSIONS,16394,13738,162.68,351,2.14,0.46,9.92,8,875.24,20.34,5.38
2025-01-06,META_C002,Retargeting - Add to Cart,CONVERSIONS,21964,16287,141.21,479,2.18,0.29,11.67,12,1839.49,11.77,13.03
2025-01-06,META_C003,Brand Awareness - Video,AWARENESS,13845,9641,89.32,301,2.17,0.3,11.95,7,656.56,12.76,7.35
2025-01-06,META_C004,Catalog Sales - Dynamic,CATALOG_SALES,11460,9012,76.85,227,1.98,0.34,6.71,6,853.45,12.81,11.11
2025-01-06,META_C005,Instagram Stories - Flash Sales,CONVERSIONS,18571,15540,134.0,263,1.42,0.51,7.22,11,1833.81,12.18,13.69
2025-01-07,META_C001,Prospecting - Lookalike Purchasers,CONVERSIONS,31162,25566,216.18,645,2.07,0.34,6.94,36,4575.17,6.0,21.16
2025-01-07,META_C002,Retargeting - Add to Cart,CONVERSIONS,19555,16130,141.92,457,2.34,0.31,7.55,22,2569.1,6.45,18.1
2025-01-07,META_C003,Brand Awareness - Video,AWARENESS,16660,11466,104.98,352,2.11,0.3,12.43,12,1093.43,8.75,10.42
2025-01-07,META_C004,Catalog Sales - Dynamic,CATALOG_SALES,25679,17907,256.03,415,1.62,0.62,9.97,23,2128.56,11.13,8.31
2025-01-07,META_C005,Instagram Stories - Flash Sales,CONVERSIONS,26033,18287,197.01,212,0.81,0.93,10.68,5,554.0,39.4,2.81
2025-01-08,META_C001,Prospecting - Lookalike Purchasers,CONVERSIONS,12841,10043,83.57,156,1.21,0.54,6.51,6,1015.58,13.93,12.15
2025-01-08,META_C002,Retargeting - Add to Cart,CONVERSIONS,16812,12621,130.33,337,2.0,0.39,11.66,8,827.93,16.29,6.35
2025-01-08,META_C003,Brand Awareness - Video,AWARENESS,22004,14447,85.86,212,0.96,0.4,11.63,7,1083.49,12.27,12.62
2025-01-08,META_C004,Catalog Sales - Dynamic,CATALOG_SALES,26463,17593,312.19,436,1.65,0.72,11.81,20,2954.67,15.61,9.46
2025-01-08,META_C005,Instagram Stories - Flash Sales,CONVERSIONS,10481,7143,54.19,124,1.18,0.44,5.17,5,606.39,10.84,11.19
2025-01-09,META_C001,Prospecting - Lookalike Purchasers,CONVERSIONS,24608,16059,218.04,571,2.32,0.38,11.31,29,4775.4,7.52,21.9
2025-01-09,META_C002,Retargeting - Add to Cart,CONVERSIONS,10431,6802,124.78,111,1.06,1.12,11.96,4,480.64,31.2,3.85
2025-01-09,META_C003,Brand Awareness - Video,AWARENESS,14174,10544,87.81,242,1.71,0.36,7.68,7,1195.58,12.54,13.62
2025-01-09,META_C004,Catalog Sales - Dynamic,CATALOG_SALES,11286,8522,93.01,134,1.19,0.69,8.24,1,183.25,93.01,1.97
2025-01-09,META_C005,Instagram Stories - Flash Sales,CONVERSIONS,16699,12862,192.6,246,1.47,0.78,12.74,5,963.72,38.52,5.0
2025-01-10,META_C001,Prospecting - Lookalike Purchasers,CONVERSIONS,25306,19392,206.25,509,2.01,0.41,8.15,12,1871.44,17.19,9.07
2025-01-10,META_C002,Retargeting - Add to Cart,CONVERSIONS,19210,11557,131.18,320,1.67,0.41,11.51,8,1021.04,16.4,7.78
2025-01-10,META_C003,Brand Awareness - Video,AWARENESS,20352,17284,88.65,375,1.84,0.24,7.99,8,812.88,11.08,9.17
2025-01-10,META_C004,Catalog Sales - Dynamic,CATALOG_SALES,10014,6065,82.06,111,1.11,0.74,8.19,5,521.1,16.41,6.35
2025-01-10,META_C005,Instagram Stories - Flash Sales,CONVERSIONS,30950,23116,143.7,409,1.32,0.35,4.64,13,1576.5,11.05,10.97
2025-01-11,META_C001,Prospecting - Lookalike Purchasers,CONVERSIONS,26427,19064,147.06,537,2.03,0.27,5.56,11,1156.73,13.37,7.87
2025-01-11,META_C002,Retargeting - Add to Cart,CONVERSIONS,20886,16723,135.79,463,2.22,0.29,6.85,8,1262.72,16.97,9.3
2025-01-11,META_C003,Brand Awareness - Video,AWARENESS,31911,25858,91.4,332,1.04,0.28,4.94,19,3770.62,4.81,41.25
2025-01-11,META_C004,Catalog Sales - Dynamic,CATALOG_SALES,14486,11116,171.03,162,1.12,1.06,11.81,1,135.32,171.03,0.79
2025-01-11,META_C005,Instagram Stories - Flash Sales,CONVERSIONS,30566,25239,168.85,456,1.49,0.37,5.52,22,3460.68,7.67,20.5
2025-01-12,META_C001,Prospecting - Lookalike Purchasers,CONVERSIONS,21235,15883,111.41,528,2.49,0.21,5.25,7,1029.82,15.92,9.24
2025-01-12,META_C002,Retargeting - Add to Cart,CONVERSIONS,15954,11725,144.82,358,2.24,0.4,9.45,10,1467.99,14.48,10.14
2025-01-12,META_C003,Brand Awareness - Video,AWARENESS,9064,7227,60.58,113,1.25,0.54,6.68,1,107.03,60.58,1.77
2025-01-12,META_C004,Catalog Sales - Dynamic,CATALOG_SALES,32653,22202,174.94,433,1.33,0.4,5.36,5,731.32,34.99,4.18
2025-01-12,META_C005,Instagram Stories - Flash Sales,CONVERSIONS,13972,10197,78.78,253,1.81,0.31,5.64,3,401.59,26.26,5.1
2025-01-13,META_C001,Prospecting - Lookalike Purchasers,CONVERSIONS,14655,9673,129.5,274,1.87,0.47,8.84,4,485.71,32.38,3.75
2025-01-13,META_C002,Retargeting - Add to Cart,CONVERSIONS,12612,9271,96.97,269,2.13,0.36,7.69,3,591.72,32.32,6.1
2025-01-13,META_C003,Brand Awareness - Video,AWARENESS,10563,8379,73.37,97,0.92,0.76,6.95,2,253.8,36.69,3.46
2025-01-13,META_C004,Catalog Sales - Dynamic,CATALOG_SALES,29849,25263,164.72,510,1.71,0.32,5.52,9,976.1,18.3,5.93
2025-01-13,META_C005,Instagram Stories - Flash Sales,CONVERSIONS,29763,21226,149.01,373,1.25,0.4,5.01,13,1649.83,11.46,11.07
2025-01-14,META_C001,Prospecting - Lookalike Purchasers,CONVERSIONS,18010,11555,119.12,416,2.31,0.29,6.61,8,1386.07,14.89,11.64
2025-01-14,META_C002,Retargeting - Add to Cart,CONVERSIONS,15690,11274,99.32,350,2.23,0.28,6.33,8,933.15,12.41,9.4
2025-01-14,META_C003,Brand Awareness - Video,AWARENESS,22991,14916,86.89,426,1.85,0.2,9.12,15,1537.94,5.79,17.7
2025-01-14,META_C004,Catalog Sales - Dynamic,CATALOG_SALES,22280,15855,127.82,364,1.63,0.35,5.74,5,976.69,25.56,7.64
2025-01-14,META_C005,Instagram Stories - Flash Sales,CONVERSIONS,22642,14165,182.9,410,1.81,0.45,10.58,9,1536.07,20.32,8.4
2025-01-15,META_C001,Prospecting - Lookalike Purchasers,CONVERSIONS,23906,17642,141.7,346,1.45,0.41,5.93,5,635.71,28.34,4.49
2025-01-15,META_C002,Retargeting - Add to Cart,CONVERSIONS,23055,18621,134.51,510,2.21,0.26,6.66,27,3647.76,4.98,27.12
2025-01-15,META_C003,Brand Awareness - Video,AWARENESS,8591,6647,85.36,155,1.8,0.55,10.27,6,789.95,14.23,9.25
2025-01-15,META_C004,Catalog Sales - Dynamic,CATALOG_SALES,24494,17318,230.59,299,1.22,0.77,9.41,12,2052.72,19.22,8.9
2025-01-15,META_C005,Instagram Stories - Flash Sales,CONVERSIONS,29425,20451,132.88,547,1.86,0.24,4.52,31,3144.05,4.29,23.66
2025-01-16,META_C001,Prospecting - Lookalike Purchasers,CONVERSIONS,15524,9834,165.86,256,1.65,0.65,10.68,4,415.93,41.47,2.51
2025-01-16,META_C002,Retargeting - Add to Cart,CONVERSIONS,20939,15214,136.66,310,1.48,0.44,9.56,3,471.35,45.55,3.45
2025-01-16,META_C003,Brand Awareness - Video,AWARENESS,17309,14365,92.97,216,1.25,0.43,9.13,11,1009.68,8.45,10.86
2025-01-16,META_C004,Catalog Sales - Dynamic,CATALOG_SALES,15192,12698,140.26,174,1.15,0.81,9.23,8,899.7,17.53,6.41
2025-01-16,META_C005,Instagram Stories - Flash Sales,CONVERSIONS,13461,8722,70.87,245,1.82,0.29,5.27,10,1949.76,7.09,27.51
2025-01-17,META_C001,Prospecting - Lookalike Purchasers,CONVERSIONS,13072,7862,114.92,210,1.61,0.55,8.79,2,279.98,57.46,2.44
2025-01-17,META_C002,Retargeting - Add to Cart,CONVERSIONS,14326,9578,82.79,200,1.4,0.41,5.78,5,988.31,16.56,11.94
2025-01-17,META_C003,Brand Awareness - Video,AWARENESS,28520,21208,104.82,400,1.4,0.26,11.85,12,2345.96,8.73,22.38
2025-01-17,META_C004,Catalog Sales - Dynamic,CATALOG_SALES,21389,13971,203.52,294,1.37,0.69,9.52,6,701.69,33.92,3.45
2025-01-17,META_C005,Instagram Stories - Flash Sales,CONVERSIONS,8102,6645,51.59,76,0.94,0.68,6.37,2,398.44,25.8,7.72
2025-01-18,META_C001,Prospecting - Lookalike Purchasers,CONVERSIONS,11190,6992,84.0,145,1.3,0.58,7.51,3,410.08,28.0,4.88
2025-01-18,META_C002,Retargeting - Add to Cart,CONVERSIONS,14911,12358,64.65,324,2.17,0.2,4.34,16,1636.34,4.04,25.31
2025-01-18,META_C003,Brand Awareness - Video,AWARENESS,29422,22753,94.12,383,1.3,0.25,6.18,6,732.18,15.69,7.78
2025-01-18,META_C004,Catalog Sales - Dynamic,CATALOG_SALES,20762,16744,143.43,331,1.59,0.43,6.91,13,2244.81,11.03,15.65
2025-01-18,META_C005,Instagram Stories - Flash Sales,CONVERSIONS,15189,11339,108.07,164,1.08,0.66,7.11,3,410.6,36.02,3.8
2025-01-19,META_C001,Prospecting - Lookalike Purchasers,CONVERSIONS,27567,20491,217.66,436,1.58,0.5,11.72,13,2028.29,16.74,9.32
2025-01-19,META_C002,Retargeting - Add to Cart,CONVERSIONS,25863,20958,146.75,624,2.41,0.24,9.36,18,3268.91,8.15,22.28
2025-01-19,META_C003,Brand Awareness - Video,AWARENESS,28273,20438,92.54,302,1.07,0.31,9.83,11,1227.73,8.41,13.27
2025-01-19,META_C004,Catalog Sales - Dynamic,CATALOG_SALES,18067,14782,84.7,330,1.83,0.26,4.69,8,1087.79,10.59,12.84
2025-01-19,META_C005,Instagram Stories - Flash Sales,CONVERSIONS,16925,10521,68.18,198,1.17,0.34,4.03,6,1181.47,11.36,17.33
2025-01-20,META_C001,Prospecting - Lookalike Purchasers,CONVERSIONS,26188,16419,211.29,520,1.99,0.41,8.07,24,3367.68,8.8,15.94
2025-01-20,META_C002,Retargeting - Add to Cart,CONVERSIONS,11870,8501,109.0,109,0.92,1.0,9.18,1,196.18,109.0,1.8
2025-01-20,META_C003,Brand Awareness - Video,AWARENESS,11339,7638,93.19,125,1.1,0.75,10.14,4,610.34,23.3,6.55
2025-01-20,META_C004,Catalog Sales - Dynamic,CATALOG_SALES,17960,14902,112.75,177,0.99,0.64,6.28,5,857.55,22.55,7.61
2025-01-20,META_C005,Instagram Stories - Flash Sales,CONVERSIONS,12945,9675,67.67,218,1.68,0.31,5.23,9,922.23,7.52,13.63
2025-01-21,META_C001,Prospecting - Lookalike Purchasers,CONVERSIONS,28191,18505,139.82,306,1.09,0.46,4.96,4,711.05,34.95,5.09
2025-01-21,META_C002,Retargeting - Add to Cart,CONVERSIONS,18901,13176,138.63,204,1.08,0.68,11.61,4,465.15,34.66,3.36
2025-01-21,META_C003,Brand Awareness - Video,AWARENESS,18972,12765,98.39,402,2.12,0.24,8.13,18,2027.07,5.47,20.6
2025-01-21,META_C004,Catalog Sales - Dynamic,CATALOG_SALES,10549,7759,58.98,178,1.69,0.33,5.59,4,692.71,14.74,11.74
2025-01-21,META_C005,Instagram Stories - Flash Sales,CONVERSIONS,14912,12595,150.14,248,1.66,0.61,10.07,9,1498.35,16.68,9.98
2025-01-22,META_C001,Prospecting - Lookalike Purchasers,CONVERSIONS,18951,13661,131.59,456,2.41,0.29,6.94,11,1066.74,11.96,8.11
2025-01-22,META_C002,Retargeting - Add to Cart,CONVERSIONS,11680,9511,101.54,254,2.17,0.4,8.69,12,1806.81,8.46,17.79
2025-01-22,META_C003,Brand Awareness - Video,AWARENESS,11896,7578,92.33,208,1.75,0.44,8.59,7,1093.69,13.19,11.85
2025-01-22,META_C004,Catalog Sales - Dynamic,CATALOG_SALES,8706,5295,85.08,166,1.91,0.51,9.77,6,1187.98,14.18,13.96
2025-01-22,META_C005,Instagram Stories - Flash Sales,CONVERSIONS,26378,18551,174.69,384,1.46,0.45,8.93,17,2694.4,10.28,15.42
2025-01-23,META_C001,Prospecting - Lookalike Purchasers,CONVERSIONS,18658,12018,194.51,409,2.19,0.48,10.43,16,2096.01,12.16,10.78
2025-01-23,META_C002,Retargeting - Add to Cart,CONVERSIONS,8893,5852,98.82,158,1.78,0.63,11.11,5,805.93,19.76,8.16
2025-01-23,META_C003,Brand Awareness - Video,AWARENESS,18257,13894,101.77,363,1.99,0.28,6.46,9,1632.36,11.31,16.04
2025-01-23,META_C004,Catalog Sales - Dynamic,CATALOG_SALES,18721,12049,86.52,425,2.27,0.2,4.62,21,3404.55,4.12,39.35
2025-01-23,META_C005,Instagram Stories - Flash Sales,CONVERSIONS,11110,6927,75.11,270,2.43,0.28,6.76,5,869.15,15.02,11.57
2025-01-24,META_C001,Prospecting - Lookalike Purchasers,CONVERSIONS,20625,12539,172.08,261,1.27,0.66,8.34,14,1623.84,12.29,9.44
2025-01-24,META_C002,Retargeting - Add to Cart,CONVERSIONS,9682,6196,103.56,208,2.15,0.5,10.7,7,1000.03,14.79,9.66
2025-01-24,META_C003,Brand Awareness - Video,AWARENESS,25752,18177,87.01,484,1.88,0.18,10.42,21,3966.91,4.14,45.59
2025-01-24,META_C004,Catalog Sales - Dynamic,CATALOG_SALES,12935,9714,96.57,126,0.97,0.77,7.47,2,364.14,48.28,3.77
2025-01-24,META_C005,Instagram Stories - Flash Sales,CONVERSIONS,24494,17037,173.23,456,1.86,0.38,10.63,24,4374.6,7.22,25.25
2025-01-25,META_C001,Prospecting - Lookalike Purchasers,CONVERSIONS,16201,12738,120.21,275,1.7,0.44,7.42,13,1282.36,9.25,10.67
2025-01-25,META_C002,Retargeting - Add to Cart,CONVERSIONS,20980,15474,148.37,495,2.36,0.3,8.88,24,2739.84,6.18,18.47
2025-01-25,META_C003,Brand Awareness - Video,AWARENESS,26169,16500,102.66,254,0.97,0.4,8.98,13,2312.03,7.9,22.52
2025-01-25,META_C004,Catalog Sales - Dynamic,CATALOG_SALES,19083,12923,138.23,218,1.14,0.63,7.24,8,793.25,17.28,5.74
2025-01-25,META_C005,Instagram Stories - Flash Sales,CONVERSIONS,12793,10117,82.14,211,1.65,0.39,6.42,7,657.96,11.73,8.01
2025-01-26,META_C001,Prospecting - Lookalike Purchasers,CONVERSIONS,29043,18690,232.28,437,1.5,0.53,8.31,18,2930.94,12.9,12.62
2025-01-26,META_C002,Retargeting - Add to Cart,CONVERSIONS,11394,8259,117.63,123,1.08,0.96,10.32,3,340.09,39.21,2.89
2025-01-26,META_C003,Brand Awareness - Video,AWARENESS,10767,7476,86.46,196,1.82,0.44,8.33,11,2156.59,7.86,24.94
2025-01-26,META_C004,Catalog Sales - Dynamic,CATALOG_SALES,26241,17491,109.67,234,0.89,0.47,4.18,4,599.56,27.42,5.47
2025-01-26,META_C005,Instagram Stories - Flash Sales,CONVERSIONS,11924,9639,121.83,260,2.18,0.47,10.22,5,850.89,24.37,6.98
2025-01-27,META_C001,Prospecting - Lookalike Purchasers,CONVERSIONS,15816,12126,78.7,387,2.45,0.2,4.98,4,401.28,19.68,5.1
2025-01-27,META_C002,Retargeting - Add to Cart,CONVERSIONS,10720,7585,67.82,172,1.6,0.39,6.33,5,844.37,13.56,12.45
2025-01-27,META_C003,Brand Awareness - Video,AWARENESS,15963,10987,100.6,131,0.82,0.77,10.06,2,226.88,50.3,2.26
2025-01-27,META_C004,Catalog Sales - Dynamic,CATALOG_SALES,15735,10587,147.09,177,1.12,0.83,9.35,6,782.76,24.52,5.32
2025-01-27,META_C005,Instagram Stories - Flash Sales,CONVERSIONS,19127,14444,177.69,181,0.95,0.98,11.15,7,933.48,25.38,5.25
2025-01-28,META_C001,Prospecting - Lookalike Purchasers,CONVERSIONS,11583,7288,98.12,289,2.5,0.34,8.47,8,906.81,12.27,9.24
2025-01-28,META_C002,Retargeting - Add to Cart,CONVERSIONS,21834,14433,141.98,343,1.57,0.41,7.95,17,1935.07,8.35,13.63
2025-01-28,META_C003,Brand Awareness - Video,AWARENESS,27894,22254,88.61,355,1.27,0.25,6.66,9,1361.36,9.85,15.36
2025-01-28,META_C004,Catalog Sales - Dynamic,CATALOG_SALES,9020,7473,43.2,88,0.98,0.49,4.79,2,364.29,21.6,8.43
2025-01-28,META_C005,Instagram Stories - Flash Sales,CONVERSIONS,21533,14143,202.03,448,2.08,0.45,10.97,23,3637.71,8.78,18.01
2025-01-29,META_C001,Prospecting - Lookalike Purchasers,CONVERSIONS,19031,13197,110.19,440,2.31,0.25,5.79,17,3249.66,6.48,29.49
2025-01-29,META_C002,Retargeting - Add to Cart,CONVERSIONS,15852,12266,145.67,300,1.89,0.49,9.19,6,634.77,24.28,4.36
2025-01-29,META_C003,Brand Awareness - Video,AWARENESS,29529,18051,93.5,416,1.41,0.22,7.74,20,3439.77,4.67,36.79
2025-01-29,META_C004,Catalog Sales - Dynamic,CATALOG_SALES,27914,19508,237.64,694,2.49,0.34,8.51,40,6758.51,5.94,28.44
2025-01-29,META_C005,Instagram Stories - Flash Sales,CONVERSIONS,11151,6755,118.22,230,2.06,0.51,10.6,5,801.9,23.64,6.78
2025-01-30,META_C001,Prospecting - Lookalike Purchasers,CONVERSIONS,14957,10659,105.59,179,1.2,0.59,7.06,6,778.25,17.6,7.37
2025-01-30,META_C002,Retargeting - Add to Cart,CONVERSIONS,22587,16740,130.55,265,1.17,0.49,11.39,12,1566.8,10.88,12.0
2025-01-30,META_C003,Brand Awareness - Video,AWARENESS,11647,8453,85.9,150,1.29,0.57,9.22,7,1030.59,12.27,12.0
2025-01-30,META_C004,Catalog Sales - Dynamic,CATALOG_SALES,8778,5885,80.0,193,2.2,0.41,9.11,8,1134.81,10.0,14.19
2025-01-30,META_C005,Instagram Stories - Flash Sales,CONVERSIONS,28143,19642,165.5,499,1.77,0.33,5.88,13,1661.44,12.73,10.04
2025-01-31,META_C001,Prospecting - Lookalike Purchasers,CONVERSIONS,16760,11275,162.27,259,1.55,0.63,9.68,7,911.09,23.18,5.61
2025-01-31,META_C002,Retargeting - Add to Cart,CONVERSIONS,14236,8846,87.49,246,1.73,0.36,6.15,11,1468.8,7.95,16.79
2025-01-31,META_C003,Brand Awareness - Video,AWARENESS,28784,23224,102.52,532,1.85,0.19,11.88,21,2189.21,4.88,21.35
2025-01-31,META_C004,Catalog Sales - Dynamic,CATALOG_SALES,23892,17920,192.46,371,1.55,0.52,8.06,13,1739.64,14.8,9.04
2025-01-31,META_C005,Instagram Stories - Flash Sales,CONVERSIONS,23782,19481,201.44,195,0.82,1.03,10.73,10,1202.36,20.14,5.97
2025-02-01,META_C001,Prospecting - Lookalike Purchasers,CONVERSIONS,27535,17876,206.99,519,1.88,0.4,7.52,15,2469.73,13.8,11.93
2025-02-01,META_C002,Retargeting - Add to Cart,CONVERSIONS,20076,13429,133.63,397,1.98,0.34,9.17,4,601.46,33.41,4.5
2025-02-01,META_C003,Brand Awareness - Video,AWARENESS,16823,11368,97.91,410,2.44,0.24,8.13,21,3546.62,4.66,36.22
2025-02-01,META_C004,Catalog Sales - Dynamic,CATALOG_SALES,18537,12939,78.97,415,2.24,0.19,4.26,12,1689.29,6.58,21.39
2025-02-01,META_C005,Instagram Stories - Flash Sales,CONVERSIONS,13980,9346,62.84,218,1.56,0.29,4.49,8,1201.26,7.86,19.12
2025-02-02,META_C001,Prospecting - Lookalike Purchasers,CONVERSIONS,25574,20145,237.46,358,1.4,0.66,10.17,20,1919.39,11.87,8.08
2025-02-02,META_C002,Retargeting - Add to Cart,CONVERSIONS,11357,8005,101.21,229,2.02,0.44,8.91,8,1146.54,12.65,11.33
2025-02-02,META_C003,Brand Awareness - Video,AWARENESS,17316,12638,87.17,223,1.29,0.39,5.29,10,1547.12,8.72,17.75
2025-02-02,META_C004,Catalog Sales - Dynamic,CATALOG_SALES,18562,13789,157.3,179,0.96,0.88,8.47,9,1403.91,17.48,8.93
2025-02-02,META_C005,Instagram Stories - Flash Sales,CONVERSIONS,23350,16718,193.38,208,0.89,0.93,10.05,11,1359.7,17.58,7.03
2025-02-03,META_C001,Prospecting - Lookalike Purchasers,CONVERSIONS,11033,6862,107.72,219,1.98,0.49,9.76,12,1540.6,8.98,14.3
2025-02-03,META_C002,Retargeting - Add to Cart,CONVERSIONS,20344,15357,136.87,493,2.42,0.28,11.84,8,1392.32,17.11,10.17
2025-02-03,META_C003,Brand Awareness - Video,AWARENESS,21923,17631,86.56,201,0.92,0.43,4.23,7,1094.26,12.37,12.64
2025-02-03,META_C004,Catalog Sales - Dynamic,CATALOG_SALES,27934,20025,126.94,227,0.81,0.56,4.54,11,1976.88,11.54,15.57
2025-02-03,META_C005,Instagram Stories - Flash Sales,CONVERSIONS,29954,21059,124.44,538,1.8,0.23,4.15,31,3143.2,4.01,25.26
2025-02-04,META_C001,Prospecting - Lookalike Purchasers,CONVERSIONS,10674,8277,99.67,232,2.17,0.43,9.34,3,575.49,33.22,5.77
2025-02-04,META_C002,Retargeting - Add to Cart,CONVERSIONS,12422,7705,83.43,210,1.69,0.4,6.72,9,1296.01,9.27,15.53
2025-02-04,META_C003,Brand Awareness - Video,AWARENESS,22533,15575,95.17,494,2.19,0.19,4.22,6,836.46,15.86,8.79
2025-02-04,META_C004,Catalog Sales - Dynamic,CATALOG_SALES,21970,14228,189.47,253,1.15,0.75,8.62,4,693.94,47.37,3.66
2025-02-04,META_C005,Instagram Stories - Flash Sales,CONVERSIONS,15096,9978,149.5,191,1.27,0.78,9.9,10,1657.08,14.95,11.08
2025-02-05,META_C001,Prospecting - Lookalike Purchasers,CONVERSIONS,15606,11031,153.15,249,1.6,0.62,9.81,10,1493.45,15.32,9.75
2025-02-05,META_C002,Retargeting - Add to Cart,CONVERSIONS,21383,15749,119.61,364,1.7,0.33,5.59,17,2752.8,7.04,23.01
2025-02-05,META_C003,Brand Awareness - Video,AWARENESS,17385,14665,84.53,239,1.37,0.35,4.86,5,793.99,16.91,9.39
2025-02-05,META_C004,Catalog Sales - Dynamic,CATALOG_SALES,8870,5715,56.3,203,2.29,0.28,6.35,10,1100.29,5.63,19.54
2025-02-05,META_C005,Instagram Stories - Flash Sales,CONVERSIONS,20438,12416,132.53,322,1.58,0.41,6.48,5,691.2,26.51,5.22
2025-02-06,META_C001,Prospecting - Lookalike Purchasers,CONVERSIONS,12356,8628,97.65,295,2.39,0.33,7.9,11,2009.9,8.88,20.58
2025-02-06,META_C002,Retargeting - Add to Cart,CONVERSIONS,24736,18930,127.57,455,1.84,0.28,7.98,12,1235.45,10.63,9.68
2025-02-06,META_C003,Brand Awareness - Video,AWARENESS,17781,13938,92.48,306,1.72,0.3,11.69,16,2027.84,5.78,21.93
2025-02-06,META_C004,Catalog Sales - Dynamic,CATALOG_SALES,11129,7461,124.57,151,1.36,0.82,11.19,5,915.91,24.91,7.35
2025-02-06,META_C005,Instagram Stories - Flash Sales,CONVERSIONS,28629,20225,176.46,305,1.07,0.58,11.46,17,2483.1,10.38,14.07
2025-02-07,META_C001,Prospecting - Lookalike Purchasers,CONVERSIONS,12089,8728,124.1,274,2.27,0.45,10.27,10,1853.64,12.41,14.94
2025-02-07,META_C002,Retargeting - Add to Cart,CONVERSIONS,19220,14448,140.26,177,0.92,0.79,10.07,4,634.54,35.06,4.52
2025-02-07,META_C003,Brand Awareness - Video,AWARENESS,12231,7792,77.6,252,2.06,0.31,6.34,5,518.33,15.52,6.68
2025-02-07,META_C004,Catalog Sales - Dynamic,CATALOG_SALES,23380,18954,97.24,562,2.4,0.17,4.16,16,3091.92,6.08,31.8
2025-02-07,META_C005,Instagram Stories - Flash Sales,CONVERSIONS,14032,9184,80.16,326,2.32,0.25,5.71,19,3704.92,4.22,46.22
2025-02-08,META_C001,Prospecting - Lookalike Purchasers,CONVERSIONS,26744,21708,248.42,308,1.15,0.81,9.29,9,1444.43,27.6,5.81
2025-02-08,META_C002,Retargeting - Add to Cart,CONVERSIONS,27244,20844,141.72,550,2.02,0.26,10.71,32,3420.28,4.43,24.13
2025-02-08,META_C003,Brand Awareness - Video,AWARENESS,28392,20742,102.56,424,1.49,0.24,9.15,13,1923.87,7.89,18.76
2025-02-08,META_C004,Catalog Sales - Dynamic,CATALOG_SALES,8420,6097,53.29,79,0.94,0.67,6.33,2,388.44,26.64,7.29
2025-02-08,META_C005,Instagram Stories - Flash Sales,CONVERSIONS,27822,21571,181.23,396,1.42,0.46,8.71,5,882.36,36.25,4.87
2025-02-09,META_C001,Prospecting - Lookalike Purchasers,CONVERSIONS,15125,11600,103.77,263,1.74,0.39,6.86,13,1471.95,7.98,14.18
2025-02-09,META_C002,Retargeting - Add to Cart,CONVERSIONS,16772,10608,77.25,188,1.12,0.41,4.61,2,377.36,38.62,4.88
2025-02-09,META_C003,Brand Awareness - Video,AWARENESS,19754,12517,87.4,316,1.6,0.28,4.43,13,2087.03,6.72,23.88
2025-02-09,META_C004,Catalog Sales - Dynamic,CATALOG_SALES,11177,8476,80.91,241,2.16,0.34,7.24,6,637.02,13.48,7.87
2025-02-09,META_C005,Instagram Stories - Flash Sales,CONVERSIONS,27215,17772,172.88,533,1.96,0.32,6.35,26,2865.86,6.65,16.58
2025-02-10,META_C001,Prospecting - Lookalike Purchasers,CONVERSIONS,15750,9945,131.17,310,1.97,0.42,8.33,3,289.7,43.72,2.21
2025-02-10,META_C002,Retargeting - Add to Cart,CONVERSIONS,17516,14705,157.32,264,1.51,0.6,11.13,3,370.97,52.44,2.36
2025-02-10,META_C003,Brand Awareness - Video,AWARENESS,22866,14492,86.12,367,1.61,0.23,6.4,7,700.26,12.3,8.13
2025-02-10,META_C004,Catalog Sales - Dynamic,CATALOG_SALES,17046,11724,141.48,168,0.99,0.84,8.3,8,743.14,17.68,5.25
2025-02-10,META_C005,Instagram Stories - Flash Sales,CONVERSIONS,17748,13255,192.96,189,1.06,1.02,11.66,6,801.22,32.16,4.15
2025-02-11,META_C001,Prospecting - Lookalike Purchasers,CONVERSIONS,18545,12040,148.48,382,2.06,0.39,8.01,15,1479.57,9.9,9.96
2025-02-11,META_C002,Retargeting - Add to Cart,CONVERSIONS,27571,20791,128.87,516,1.87,0.25,6.53,14,2657.73,9.21,20.62
2025-02-11,META_C003,Brand Awareness - Video,AWARENESS,8767,5345,101.65,74,0.84,1.37,11.59,3,343.09,33.88,3.38
2025-02-11,META_C004,Catalog Sales - Dynamic,CATALOG_SALES,23430,19146,112.62,197,0.84,0.57,4.81,2,186.52,56.31,1.66
2025-02-11,META_C005,Instagram Stories - Flash Sales,CONVERSIONS,25615,17279,201.51,420,1.64,0.48,7.95,13,1186.55,15.5,5.89
2025-02-12,META_C001,Prospecting - Lookalike Purchasers,CONVERSIONS,20496,12936,207.36,398,1.94,0.52,10.12,16,2525.35,12.96,12.18
2025-02-12,META_C002,Retargeting - Add to Cart,CONVERSIONS,13872,9249,127.88,153,1.1,0.84,10.9,6,1079.25,21.31,8.44
2025-02-12,META_C003,Brand Awareness - Video,AWARENESS,15883,12124,86.29,294,1.85,0.29,8.46,14,2788.37,6.16,32.31
2025-02-12,META_C004,Catalog Sales - Dynamic,CATALOG_SALES,8652,6618,63.3,159,1.84,0.4,7.32,2,263.28,31.65,4.16
2025-02-12,META_C005,Instagram Stories - Flash Sales,CONVERSIONS,13750,9491,109.2,239,1.74,0.46,7.94,5,799.45,21.84,7.32
2025-02-13,META_C001,Prospecting - Lookalike Purchasers,CONVERSIONS,26782,17569,215.94,471,1.76,0.46,8.06,13,2088.35,16.61,9.67
2025-02-13,META_C002,Retargeting - Add to Cart,CONVERSIONS,8621,5969,71.22,143,1.66,0.5,8.26,6,1041.08,11.87,14.62
2025-02-13,META_C003,Brand Awareness - Video,AWARENESS,10494,8895,92.26,128,1.22,0.72,8.85,4,747.95,23.07,8.11
2025-02-13,META_C004,Catalog Sales - Dynamic,CATALOG_SALES,19452,14887,133.47,250,1.29,0.53,6.86,11,1424.62,12.13,10.67
2025-02-13,META_C005,Instagram Stories - Flash Sales,CONVERSIONS,12195,8443,132.08,166,1.36,0.8,10.83,9,884.08,14.68,6.69
2025-02-14,META_C001,Prospecting - Lookalike Purchasers,CONVERSIONS,9094,5746,44.85,174,1.91,0.26,4.93,6,967.42,7.48,21.57
2025-02-14,META_C002,Retargeting - Add to Cart,CONVERSIONS,23144,18265,130.94,413,1.78,0.32,5.66,23,2657.89,5.69,20.3
2025-02-14,META_C003,Brand Awareness - Video,AWARENESS,9291,7092,90.66,164,1.77,0.55,9.92,2,391.21,45.33,4.32
2025-02-14,META_C004,Catalog Sales - Dynamic,CATALOG_SALES,10418,6426,45.35,100,0.96,0.45,4.35,4,755.5,11.34,16.66
2025-02-14,META_C005,Instagram Stories - Flash Sales,CONVERSIONS,13724,10391,59.54,178,1.3,0.33,4.34,3,482.76,19.85,8.11
2025-02-15,META_C001,Prospecting - Lookalike Purchasers,CONVERSIONS,10865,8856,101.25,259,2.38,0.39,9.32,14,2109.54,7.23,20.83
2025-02-15,META_C002,Retargeting - Add to Cart,CONVERSIONS,18898,12923,143.65,450,2.38,0.32,9.72,9,1117.15,15.96,7.78
2025-02-15,META_C003,Brand Awareness - Video,AWARENESS,14953,11984,71.66,228,1.52,0.31,4.79,3,405.56,23.89,5.66
2025-02-15,META_C004,Catalog Sales - Dynamic,CATALOG_SALES,19294,11890,155.87,475,2.46,0.33,8.08,17,2493.23,9.17,16.0
2025-02-15,META_C005,Instagram Stories - Flash Sales,CONVERSIONS,14281,12128,88.45,114,0.8,0.78,6.19,3,293.58,29.48,3.32
2025-02-16,META_C001,Prospecting - Lookalike Purchasers,CONVERSIONS,24364,18035,208.98,532,2.18,0.39,8.58,5,633.48,41.8,3.03
2025-02-16,META_C002,Retargeting - Add to Cart,CONVERSIONS,22508,18613,132.28,385,1.71,0.34,5.88,20,1911.14,6.61,14.45
2025-02-16,META_C003,Brand Awareness - Video,AWARENESS,17338,11193,72.34,426,2.46,0.17,4.17,8,1542.83,9.04,21.33
2025-02-16,META_C004,Catalog Sales - Dynamic,CATALOG_SALES,12515,10422,115.6,223,1.78,0.52,9.24,5,660.73,23.12,5.72
2025-02-16,META_C005,Instagram Stories - Flash Sales,CONVERSIONS,17683,12478,164.68,240,1.36,0.69,9.31,13,2512.01,12.67,15.25
2025-02-17,META_C001,Prospecting - Lookalike Purchasers,CONVERSIONS,8895,5370,65.83,113,1.27,0.58,7.4,2,329.23,32.91,5.0
2025-02-17,META_C002,Retargeting - Add to Cart,CONVERSIONS,21237,13629,147.9,300,1.41,0.49,11.08,13,1331.09,11.38,9.0
2025-02-17,META_C003,Brand Awareness - Video,AWARENESS,18301,11753,79.27,193,1.05,0.41,4.33,8,1313.18,9.91,16.57
2025-02-17,META_C004,Catalog Sales - Dynamic,CATALOG_SALES,11271,6831,116.57,156,1.38,0.75,10.34,5,900.25,23.31,7.72
2025-02-17,META_C005,Instagram Stories - Flash Sales,CONVERSIONS,26448,20662,158.1,322,1.22,0.49,5.98,6,901.1,26.35,5.7
2025-02-18,META_C001,Prospecting - Lookalike Purchasers,CONVERSIONS,22934,14064,102.75,518,2.26,0.2,4.48,20,2743.42,5.14,26.7
2025-02-18,META_C002,Retargeting - Add to Cart,CONVERSIONS,26596,20803,137.09,302,1.14,0.45,8.64,9,1093.95,15.23,7.98
2025-02-18,META_C003,Brand Awareness - Video,AWARENESS,15463,11271,82.77,161,1.04,0.51,5.35,5,860.28,16.55,10.39
2025-02-18,META_C004,Catalog Sales - Dynamic,CATALOG_SALES,18670,12887,145.61,463,2.48,0.31,7.8,19,3368.3,7.66,23.13
2025-02-18,META_C005,Instagram Stories - Flash Sales,CONVERSIONS,8318,6821,96.76,173,2.08,0.56,11.63,6,728.89,16.13,7.53
2025-02-19,META_C001,Prospecting - Lookalike Purchasers,CONVERSIONS,26749,20040,230.98,603,2.25,0.38,8.64,28,3170.26,8.25,13.73
2025-02-19,META_C002,Retargeting - Add to Cart,CONVERSIONS,18270,15439,154.13,398,2.18,0.39,8.44,17,2183.31,9.07,14.17
2025-02-19,META_C003,Brand Awareness - Video,AWARENESS,14695,11180,100.98,307,2.09,0.33,7.46,7,1171.1,14.43,11.6
2025-02-19,META_C004,Catalog Sales - Dynamic,CATALOG_SALES,18880,12853,137.89,266,1.41,0.52,7.3,6,772.19,22.98,5.6
2025-02-19,META_C005,Instagram Stories - Flash Sales,CONVERSIONS,12721,9364,65.89,150,1.18,0.44,5.18,5,518.76,13.18,7.87
2025-02-20,META_C001,Prospecting - Lookalike Purchasers,CONVERSIONS,29525,21070,250.93,594,2.01,0.42,10.58,30,3031.53,8.36,12.08
2025-02-20,META_C002,Retargeting - Add to Cart,CONVERSIONS,22926,15279,156.21,534,2.33,0.29,10.29,8,1045.21,19.53,6.69
2025-02-20,META_C003,Brand Awareness - Video,AWARENESS,16015,10098,76.63,398,2.49,0.19,4.79,15,2375.94,5.11,31.01
2025-02-20,META_C004,Catalog Sales - Dynamic,CATALOG_SALES,18362,14057,213.98,167,0.91,1.28,11.65,5,996.01,42.8,4.65
2025-02-20,META_C005,Instagram Stories - Flash Sales,CONVERSIONS,16522,12366,80.18,377,2.28,0.21,4.85,9,1112.4,8.91,13.87
2025-02-21,META_C001,Prospecting - Lookalike Purchasers,CONVERSIONS,16518,13901,77.22,228,1.38,0.34,4.68,11,2190.02,7.02,28.36
2025-02-21,META_C002,Retargeting - Add to Cart,CONVERSIONS,15670,9908,80.78,163,1.04,0.5,5.16,3,337.45,26.93,4.18
2025-02-21,META_C003,Brand Awareness - Video,AWARENESS,15824,9788,102.2,237,1.5,0.43,10.85,9,1445.53,11.36,14.14
2025-02-21,META_C004,Catalog Sales - Dynamic,CATALOG_SALES,24483,17876,197.89,488,1.99,0.41,8.08,13,1642.43,15.22,8.3
2025-02-21,META_C005,Instagram Stories - Flash Sales,CONVERSIONS,13933,10271,95.88,207,1.49,0.46,6.88,10,980.44,9.59,10.23
2025-02-22,META_C001,Prospecting - Lookalike Purchasers,CONVERSIONS,20588,15315,145.55,444,2.16,0.33,7.07,10,1858.54,14.56,12.77
2025-02-22,META_C002,Retargeting - Add to Cart,CONVERSIONS,27719,21140,145.89,469,1.69,0.31,10.18,27,3269.49,5.4,22.41
2025-02-22,META_C003,Brand Awareness - Video,AWARENESS,11391,7653,88.7,267,2.34,0.33,8.92,8,1467.97,11.09,16.55
2025-02-22,META_C004,Catalog Sales - Dynamic,CATALOG_SALES,13483,9145,60.32,220,1.63,0.27,4.47,12,1593.35,5.03,26.41
2025-02-22,META_C005,Instagram Stories - Flash Sales,CONVERSIONS,22074,15604,96.56,201,0.91,0.48,4.37,10,1728.34,9.66,17.9
2025-02-23,META_C001,Prospecting - Lookalike Purchasers,CONVERSIONS,16330,12411,79.96,359,2.2,0.22,4.9,18,2182.87,4.44,27.3
2025-02-23,META_C002,Retargeting - Add to Cart,CONVERSIONS,13802,10080,155.12,194,1.41,0.8,11.74,9,1722.1,17.24,11.1
2025-02-23,META_C003,Brand Awareness - Video,AWARENESS,13740,11096,84.41,156,1.14,0.54,6.14,5,913.82,16.88,10.83
2025-02-23,META_C004,Catalog Sales - Dynamic,CATALOG_SALES,19617,12375,117.98,351,1.79,0.34,6.01,13,1280.11,9.08,10.85
2025-02-23,META_C005,Instagram Stories - Flash Sales,CONVERSIONS,24581,20337,198.72,578,2.35,0.34,8.08,24,3940.22,8.28,19.83
2025-02-24,META_C001,Prospecting - Lookalike Purchasers,CONVERSIONS,23870,15876,206.75,311,1.3,0.66,8.66,17,2690.11,12.16,13.01
2025-02-24,META_C002,Retargeting - Add to Cart,CONVERSIONS,17309,13082,124.88,280,1.62,0.45,7.21,15,2191.18,8.33,17.55
2025-02-24,META_C003,Brand Awareness - Video,AWARENESS,22528,19136,99.73,233,1.03,0.43,5.18,12,1867.32,8.31,18.72
2025-02-24,META_C004,Catalog Sales - Dynamic,CATALOG_SALES,28639,23383,131.71,521,1.82,0.25,4.6,18,1953.76,7.32,14.83
2025-02-24,META_C005,Instagram Stories - Flash Sales,CONVERSIONS,10845,8036,47.62,235,2.17,0.2,4.39,11,1009.36,4.33,21.2
2025-02-25,META_C001,Prospecting - Lookalike Purchasers,CONVERSIONS,9048,6672,108.17,125,1.38,0.87,11.96,2,328.35,54.09,3.04
2025-02-25,META_C002,Retargeting - Add to Cart,CONVERSIONS,22226,13898,147.51,364,1.64,0.41,7.74,15,2696.85,9.83,18.28
2025-02-25,META_C003,Brand Awareness - Video,AWARENESS,23087,17408,103.01,337,1.46,0.31,10.83,6,1079.79,17.17,10.48
2025-02-25,META_C004,Catalog Sales - Dynamic,CATALOG_SALES,12702,10571,53.13,228,1.79,0.23,4.18,11,1472.18,4.83,27.71
2025-02-25,META_C005,Instagram Stories - Flash Sales,CONVERSIONS,29817,19586,172.06,715,2.4,0.24,6.11,23,3777.38,7.48,21.95
2025-02-26,META_C001,Prospecting - Lookalike Purchasers,CONVERSIONS,23123,18929,215.49,464,2.01,0.46,9.32,22,2429.95,9.79,11.28
2025-02-26,META_C002,Retargeting - Add to Cart,CONVERSIONS,10412,6442,72.81,192,1.84,0.38,6.99,11,1390.25,6.62,19.09
2025-02-26,META_C003,Brand Awareness - Video,AWARENESS,24739,18129,97.31,604,2.44,0.16,5.76,9,1312.21,10.81,13.48
2025-02-26,META_C004,Catalog Sales - Dynamic,CATALOG_SALES,9135,6214,81.89,186,2.04,0.44,8.96,6,1140.09,13.65,13.92
2025-02-26,META_C005,Instagram Stories - Flash Sales,CONVERSIONS,14659,11558,114.22,315,2.15,0.36,7.79,17,1930.64,6.72,16.9
2025-02-27,META_C001,Prospecting - Lookalike Purchasers,CONVERSIONS,22699,17809,225.61,185,0.82,1.22,9.94,4,502.25,56.4,2.23
2025-02-27,META_C002,Retargeting - Add to Cart,CONVERSIONS,26744,21668,129.37,296,1.11,0.44,4.84,9,1023.01,14.37,7.91
2025-02-27,META_C003,Brand Awareness - Video,AWARENESS,26927,21200,98.64,299,1.11,0.33,6.83,8,1051.85,12.33,10.66
2025-02-27,META_C004,Catalog Sales - Dynamic,CATALOG_SALES,13234,10839,124.81,160,1.21,0.78,9.43,1,128.12,124.81,1.03
2025-02-27,META_C005,Instagram Stories - Flash Sales,CONVERSIONS,19588,13112,186.47,262,1.34,0.71,9.6,14,1664.71,13.32,8.93
2025-02-28,META_C001,Prospecting - Lookalike Purchasers,CONVERSIONS,16761,11658,99.39,220,1.31,0.45,5.93,11,1918.17,9.04,19.3
2025-02-28,META_C002,Retargeting - Add to Cart,CONVERSIONS,22981,16414,135.51,212,0.92,0.64,8.06,5,722.57,27.1,5.33
2025-02-28,META_C003,Brand Awareness - Video,AWARENESS,9260,5760,56.52,135,1.46,0.42,6.1,2,229.68,28.26,4.06
2025-02-28,META_C004,Catalog Sales - Dynamic,CATALOG_SALES,13756,8486,90.91,274,1.99,0.33,6.61,8,1007.54,11.36,11.08
2025-02-28,META_C005,Instagram Stories - Flash Sales,CONVERSIONS,10783,7080,63.21,239,2.22,0.26,5.86,2,315.7,31.61,4.99
2025-03-01,META_C001,Prospecting - Lookalike Purchasers,CONVERSIONS,13630,8533,131.46,211,1.55,0.62,9.64,8,1207.96,16.43,9.19
2025-03-01,META_C002,Retargeting - Add to Cart,CONVERSIONS,29507,23500,138.17,240,0.81,0.58,10.19,11,2199.68,12.56,15.92
2025-03-01,META_C003,Brand Awareness - Video,AWARENESS,16929,14328,86.91,184,1.09,0.47,5.13,6,1066.01,14.48,12.27
2025-03-01,META_C004,Catalog Sales - Dynamic,CATALOG_SALES,15494,12806,129.51,331,2.14,0.39,8.36,4,700.45,32.38,5.41
2025-03-01,META_C005,Instagram Stories - Flash Sales,CONVERSIONS,13344,8943,117.37,237,1.78,0.5,8.8,10,1754.25,11.74,14.95
2025-03-02,META_C001,Prospecting - Lookalike Purchasers,CONVERSIONS,13705,11057,100.65,191,1.39,0.53,7.34,4,460.63,25.16,4.58
2025-03-02,META_C002,Retargeting - Add to Cart,CONVERSIONS,14216,9172,132.8,270,1.9,0.49,9.34,7,1222.69,18.97,9.21
2025-03-02,META_C003,Brand Awareness - Video,AWARENESS,10851,8059,67.32,146,1.35,0.46,6.2,7,1316.28,9.62,19.55
2025-03-02,META_C004,Catalog Sales - Dynamic,CATALOG_SALES,24336,15669,150.86,375,1.54,0.4,6.2,21,2796.56,7.18,18.54
2025-03-02,META_C005,Instagram Stories - Flash Sales,CONVERSIONS,28939,24060,170.35,428,1.48,0.4,9.28,23,4309.33,7.41,25.3
2025-03-03,META_C001,Prospecting - Lookalike Purchasers,CONVERSIONS,12122,8482,129.51,271,2.24,0.48,10.68,13,2467.7,9.96,19.05
2025-03-03,META_C002,Retargeting - Add to Cart,CONVERSIONS,10578,6730,49.32,170,1.61,0.29,4.66,2,250.74,24.66,5.08
2025-03-03,META_C003,Brand Awareness - Video,AWARENESS,15731,12622,98.79,131,0.83,0.75,9.88,7,795.98,14.11,8.06
2025-03-03,META_C004,Catalog Sales - Dynamic,CATALOG_SALES,21839,13440,101.6,384,1.76,0.26,4.65,15,1433.26,6.77,14.11
2025-03-03,META_C005,Instagram Stories - Flash Sales,CONVERSIONS,14390,11697,69.22,218,1.51,0.32,4.81,11,1298.37,6.29,18.76
2025-03-04,META_C001,Prospecting - Lookalike Purchasers,CONVERSIONS,29937,20621,212.3,585,1.95,0.36,7.09,12,1910.11,17.69,9.0
2025-03-04,META_C002,Retargeting - Add to Cart,CONVERSIONS,12909,8997,140.11,137,1.06,1.02,10.85,5,795.75,28.02,5.68
2025-03-04,META_C003,Brand Awareness - Video,AWARENESS,9992,7158,60.8,211,2.11,0.29,6.09,3,310.69,20.27,5.11
2025-03-04,META_C004,Catalog Sales - Dynamic,CATALOG_SALES,13924,11669,139.0,206,1.48,0.67,9.98,4,640.78,34.75,4.61
2025-03-04,META_C005,Instagram Stories - Flash Sales,CONVERSIONS,18104,15227,104.13,360,1.99,0.29,5.75,18,2425.8,5.79,23.3
2025-03-05,META_C001,Prospecting - Lookalike Purchasers,CONVERSIONS,23112,15619,172.97,558,2.41,0.31,7.48,25,3279.47,6.92,18.96
2025-03-05,META_C002,Retargeting - Add to Cart,CONVERSIONS,26041,15793,125.57,337,1.29,0.37,4.82,19,2621.37,6.61,20.88
2025-03-05,META_C003,Brand Awareness - Video,AWARENESS,17446,13425,94.51,203,1.16,0.47,10.14,9,1127.15,10.5,11.93
2025-03-05,META_C004,Catalog Sales - Dynamic,CATALOG_SALES,11852,8982,55.98,222,1.87,0.25,4.72,13,1654.62,4.31,29.56
2025-03-05,META_C005,Instagram Stories - Flash Sales,CONVERSIONS,29366,18688,127.02,467,1.59,0.27,4.33,6,878.03,21.17,6.91
2025-03-06,META_C001,Prospecting - Lookalike Purchasers,CONVERSIONS,15205,10398,138.14,319,2.1,0.43,9.08,12,2287.73,11.51,16.56
2025-03-06,META_C002,Retargeting - Add to Cart,CONVERSIONS,16026,13552,137.93,135,0.84,1.02,8.61,6,1078.97,22.99,7.82
2025-03-06,META_C003,Brand Awareness - Video,AWARENESS,9169,6828,95.5,83,0.91,1.15,10.42,3,290.0,31.83,3.04
2025-03-06,META_C004,Catalog Sales - Dynamic,CATALOG_SALES,25984,15869,132.5,487,1.87,0.27,5.1,28,2882.89,4.73,21.76
2025-03-06,META_C005,Instagram Stories - Flash Sales,CONVERSIONS,11139,7710,119.07,150,1.35,0.79,10.69,5,593.29,23.81,4.98
2025-03-07,META_C001,Prospecting - Lookalike Purchasers,CONVERSIONS,16825,11494,175.54,351,2.09,0.5,10.43,11,1600.25,15.96,9.12
2025-03-07,META_C002,Retargeting - Add to Cart,CONVERSIONS,10751,8457,94.31,122,1.13,0.77,8.77,5,826.57,18.86,8.76
2025-03-07,META_C003,Brand Awareness - Video,AWARENESS,13848,10619,103.37,280,2.02,0.37,11.39,3,557.85,34.46,5.4
2025-03-07,META_C004,Catalog Sales - Dynamic,CATALOG_SALES,22471,15226,123.55,198,0.88,0.62,5.5,9,1043.48,13.73,8.45
2025-03-07,META_C005,Instagram Stories - Flash Sales,CONVERSIONS,8533,5967,67.08,74,0.87,0.91,7.86,1,164.7,67.08,2.46
2025-03-08,META_C001,Prospecting - Lookalike Purchasers,CONVERSIONS,9809,7246,50.73,144,1.47,0.35,5.17,2,218.1,25.36,4.3
2025-03-08,META_C002,Retargeting - Add to Cart,CONVERSIONS,15676,10697,129.74,354,2.26,0.37,9.99,17,2962.4,7.63,22.83
2025-03-08,META_C003,Brand Awareness - Video,AWARENESS,14806,11929,80.88,129,0.87,0.63,5.46,7,867.17,11.55,10.72
2025-03-08,META_C004,Catalog Sales - Dynamic,CATALOG_SALES,28187,18833,309.24,668,2.37,0.46,11.26,23,4260.84,13.45,13.78
2025-03-08,META_C005,Instagram Stories - Flash Sales,CONVERSIONS,28916,19696,198.77,378,1.31,0.53,7.35,18,1766.31,11.04,8.89
2025-03-09,META_C001,Prospecting - Lookalike Purchasers,CONVERSIONS,19516,12306,123.86,434,2.22,0.29,6.35,8,1431.43,15.48,11.56
2025-03-09,META_C002,Retargeting - Add to Cart,CONVERSIONS,25467,18456,134.31,405,1.59,0.33,5.87,4,593.79,33.58,4.42
2025-03-09,META_C003,Brand Awareness - Video,AWARENESS,28961,18496,104.24,655,2.26,0.16,8.59,34,6133.72,3.07,58.84
2025-03-09,META_C004,Catalog Sales - Dynamic,CATALOG_SALES,14798,12173,170.63,207,1.4,0.82,11.53,6,760.58,28.44,4.46
2025-03-09,META_C005,Instagram Stories - Flash Sales,CONVERSIONS,12673,9563,107.73,122,0.96,0.88,8.5,6,655.46,17.96,6.08
2025-03-10,META_C001,Prospecting - Lookalike Purchasers,CONVERSIONS,10520,7950,75.63,147,1.4,0.51,7.19,7,1103.74,10.8,14.59
2025-03-10,META_C002,Retargeting - Add to Cart,CONVERSIONS,15981,10354,144.7,303,1.9,0.48,9.05,15,2210.52,9.65,15.28
2025-03-10,META_C003,Brand Awareness - Video,AWARENESS,23795,19608,103.2,364,1.53,0.28,10.19,20,3167.45,5.16,30.69
2025-03-10,META_C004,Catalog Sales - Dynamic,CATALOG_SALES,27141,16551,251.4,297,1.09,0.85,9.26,12,2168.94,20.95,8.63
2025-03-10,META_C005,Instagram Stories - Flash Sales,CONVERSIONS,14334,10052,122.64,124,0.87,0.99,8.56,1,101.05,122.64,0.82
2025-03-11,META_C001,Prospecting - Lookalike Purchasers,CONVERSIONS,13769,9107,136.83,288,2.09,0.48,9.94,3,430.12,45.61,3.14
2025-03-11,META_C002,Retargeting - Add to Cart,CONVERSIONS,15123,12287,146.12,132,0.87,1.11,9.66,6,896.41,24.35,6.13
2025-03-11,META_C003,Brand Awareness - Video,AWARENESS,26150,19005,86.04,506,1.93,0.17,8.32,11,1013.83,7.82,11.78
2025-03-11,META_C004,Catalog Sales - Dynamic,CATALOG_SALES,9461,7940,64.04,230,2.43,0.28,6.77,13,2430.87,4.93,37.96
2025-03-11,META_C005,Instagram Stories - Flash Sales,CONVERSIONS,27686,18611,144.29,451,1.63,0.32,5.21,6,987.18,24.05,6.84
2025-03-12,META_C001,Prospecting - Lookalike Purchasers,CONVERSIONS,20382,16626,180.86,315,1.55,0.57,8.87,10,1949.82,18.09,10.78
2025-03-12,META_C002,Retargeting - Add to Cart,CONVERSIONS,11045,7859,102.13,141,1.28,0.72,9.25,3,347.11,34.04,3.4
2025-03-12,META_C003,Brand Awareness - Video,AWARENESS,15565,12730,89.8,226,1.45,0.4,8.04,3,568.33,29.93,6.33
2025-03-12,META_C004,Catalog Sales - Dynamic,CATALOG_SALES,16980,14349,115.13,209,1.23,0.55,6.78,2,186.98,57.56,1.62
2025-03-12,META_C005,Instagram Stories - Flash Sales,CONVERSIONS,21335,14462,161.04,260,1.22,0.62,7.55,6,1097.92,26.84,6.82
2025-03-13,META_C001,Prospecting - Lookalike Purchasers,CONVERSIONS,18840,15202,131.8,204,1.08,0.65,7.0,11,2075.11,11.98,15.74
2025-03-13,META_C002,Retargeting - Add to Cart,CONVERSIONS,29652,20774,139.95,466,1.57,0.3,10.55,23,2518.74,6.08,18.0
2025-03-13,META_C003,Brand Awareness - Video,AWARENESS,12846,8718,92.45,180,1.4,0.51,10.31,10,1322.19,9.25,14.3
2025-03-13,META_C004,Catalog Sales - Dynamic,CATALOG_SALES,13450,10165,140.08,249,1.85,0.56,10.42,2,295.79,70.04,2.11
2025-03-13,META_C005,Instagram Stories - Flash Sales,CONVERSIONS,13653,9238,105.63,274,2.01,0.39,7.74,15,2438.95,7.04,23.09
2025-03-14,META_C001,Prospecting - Lookalike Purchasers,CONVERSIONS,8156,5435,91.72,201,2.46,0.46,11.25,3,367.93,30.57,4.01
2025-03-14,META_C002,Retargeting - Add to Cart,CONVERSIONS,15972,10887,96.09,302,1.89,0.32,6.02,7,691.37,13.73,7.2
2025-03-14,META_C003,Brand Awareness - Video,AWARENESS,23587,16858,94.11,545,2.31,0.17,8.45,20,3831.21,4.71,40.71
2025-03-14,META_C004,Catalog Sales - Dynamic,CATALOG_SALES,19232,12945,131.61,327,1.7,0.4,6.84,14,1605.72,9.4,12.2
2025-03-14,META_C005,Instagram Stories - Flash Sales,CONVERSIONS,22494,17874,189.27,559,2.49,0.34,9.41,16,1627.6,11.83,8.6
2025-03-15,META_C001,Prospecting - Lookalike Purchasers,CONVERSIONS,26073,17026,221.45,216,0.83,1.03,9.71,3,394.41,73.82,1.78
2025-03-15,META_C002,Retargeting - Add to Cart,CONVERSIONS,10345,6718,104.66,226,2.18,0.46,10.12,11,1498.73,9.51,14.32
2025-03-15,META_C003,Brand Awareness - Video,AWARENESS,27086,19812,99.37,315,1.16,0.32,7.76,15,2058.62,6.62,20.72
2025-03-15,META_C004,Catalog Sales - Dynamic,CATALOG_SALES,10800,6802,57.45,268,2.48,0.21,5.32,7,854.95,8.21,14.88
2025-03-15,META_C005,Instagram Stories - Flash Sales,CONVERSIONS,12812,10325,72.69,247,1.93,0.29,5.67,13,1962.23,5.59,26.99
2025-03-16,META_C001,Prospecting - Lookalike Purchasers,CONVERSIONS,23194,17508,247.01,418,1.8,0.59,10.65,17,3253.91,14.53,13.17
2025-03-16,META_C002,Retargeting - Add to Cart,CONVERSIONS,28457,21799,115.59,642,2.26,0.18,4.06,9,1021.38,12.84,8.84
2025-03-16,META_C003,Brand Awareness - Video,AWARENESS,13072,9804,90.79,150,1.15,0.61,8.61,7,1350.3,12.97,14.87
2025-03-16,META_C004,Catalog Sales - Dynamic,CATALOG_SALES,9161,5801,83.71,196,2.14,0.43,9.14,9,1688.55,9.3,20.17
2025-03-16,META_C005,Instagram Stories - Flash Sales,CONVERSIONS,12781,8011,114.04,228,1.78,0.5,8.92,13,2307.66,8.77,20.24
2025-03-17,META_C001,Prospecting - Lookalike Purchasers,CONVERSIONS,23417,14402,113.85,266,1.14,0.43,4.86,3,570.55,37.95,5.01
2025-03-17,META_C002,Retargeting - Add to Cart,CONVERSIONS,27597,18065,128.94,354,1.28,0.36,10.24,14,2435.3,9.21,18.89
2025-03-17,META_C003,Brand Awareness - Video,AWARENESS,8228,5607,47.02,159,1.93,0.3,5.71,4,393.29,11.76,8.36
2025-03-17,META_C004,Catalog Sales - Dynamic,CATALOG_SALES,21170,16098,222.95,522,2.47,0.43,10.53,16,1960.86,13.93,8.8
2025-03-17,META_C005,Instagram Stories - Flash Sales,CONVERSIONS,15665,11433,180.05,279,1.78,0.65,11.49,5,532.14,36.01,2.96
2025-03-18,META_C001,Prospecting - Lookalike Purchasers,CONVERSIONS,19048,14898,190.63,184,0.97,1.04,10.01,5,954.99,38.13,5.01
2025-03-18,META_C002,Retargeting - Add to Cart,CONVERSIONS,19998,13599,131.46,320,1.6,0.41,6.59,15,2948.12,8.76,22.43
2025-03-18,META_C003,Brand Awareness - Video,AWARENESS,19035,12216,100.14,175,0.92,0.57,9.46,9,1631.03,11.13,16.29
2025-03-18,META_C004,Catalog Sales - Dynamic,CATALOG_SALES,18395,13614,178.57,152,0.83,1.17,9.71,2,215.77,89.28,1.21
2025-03-18,META_C005,Instagram Stories - Flash Sales,CONVERSIONS,24624,17483,200.91,339,1.38,0.59,8.36,16,2218.45,12.56,11.04
2025-03-19,META_C001,Prospecting - Lookalike Purchasers,CONVERSIONS,16297,11135,190.99,135,0.83,1.41,11.72,7,1227.09,27.28,6.42
2025-03-19,META_C002,Retargeting - Add to Cart,CONVERSIONS,11281,6983,72.94,208,1.84,0.35,6.47,4,556.1,18.23,7.62
2025-03-19,META_C003,Brand Awareness - Video,AWARENESS,12661,7756,91.94,218,1.72,0.42,8.14,12,1269.25,7.66,13.81
2025-03-19,META_C004,Catalog Sales - Dynamic,CATALOG_SALES,8043,4980,61.94,143,1.78,0.43,7.7,4,515.74,15.48,8.33
2025-03-19,META_C005,Instagram Stories - Flash Sales,CONVERSIONS,14819,10285,131.79,312,2.11,0.42,8.89,12,1435.29,10.98,10.89
2025-03-20,META_C001,Prospecting - Lookalike Purchasers,CONVERSIONS,19025,15994,79.22,297,1.56,0.27,4.16,12,1360.14,6.6,17.17
2025-03-20,META_C002,Retargeting - Add to Cart,CONVERSIONS,28490,21670,137.38,629,2.21,0.22,11.02,18,2120.45,7.63,15.43
2025-03-20,META_C003,Brand Awareness - Video,AWARENESS,28056,17480,94.17,697,2.48,0.14,11.54,25,4333.09,3.77,46.01
2025-03-20,META_C004,Catalog Sales - Dynamic,CATALOG_SALES,8155,5905,80.73,87,1.07,0.93,9.9,2,272.2,40.37,3.37
2025-03-20,META_C005,Instagram Stories - Flash Sales,CONVERSIONS,10280,7306,107.5,157,1.53,0.68,10.46,9,841.39,11.94,7.83
2025-03-21,META_C001,Prospecting - Lookalike Purchasers,CONVERSIONS,21013,16513,211.96,427,2.03,0.5,10.09,5,743.78,42.39,3.51
2025-03-21,META_C002,Retargeting - Add to Cart,CONVERSIONS,25225,15728,103.33,507,2.01,0.2,4.1,15,2901.65,6.89,28.08
2025-03-21,META_C003,Brand Awareness - Video,AWARENESS,24865,20935,94.63,517,2.08,0.18,11.43,22,3943.7,4.3,41.67
2025-03-21,META_C004,Catalog Sales - Dynamic,CATALOG_SALES,25329,16167,148.68,555,2.19,0.27,5.87,28,4045.63,5.31,27.21
2025-03-21,META_C005,Instagram Stories - Flash Sales,CONVERSIONS,20778,16762,135.07,336,1.62,0.4,6.5,18,3185.13,7.5,23.58
2025-03-22,META_C001,Prospecting - Lookalike Purchasers,CONVERSIONS,16065,9899,146.12,310,1.93,0.47,9.1,9,932.12,16.24,6.38
2025-03-22,META_C002,Retargeting - Add to Cart,CONVERSIONS,28037,18756,151.98,691,2.46,0.22,5.79,29,4603.15,5.24,30.29
2025-03-22,META_C003,Brand Awareness - Video,AWARENESS,15027,9092,83.17,158,1.05,0.53,5.53,8,885.57,10.4,10.65
2025-03-22,META_C004,Catalog Sales - Dynamic,CATALOG_SALES,19486,14185,172.09,445,2.28,0.39,8.83,14,2338.24,12.29,13.59
2025-03-22,META_C005,Instagram Stories - Flash Sales,CONVERSIONS,21990,13838,192.03,511,2.32,0.38,8.98,27,2878.34,7.11,14.99
2025-03-23,META_C001,Prospecting - Lookalike Purchasers,CONVERSIONS,9797,6599,116.51,190,1.94,0.61,11.89,7,1127.87,16.64,9.68
2025-03-23,META_C002,Retargeting - Add to Cart,CONVERSIONS,12802,8406,95.31,118,0.92,0.81,7.45,1,153.03,95.31,1.61
2025-03-23,META_C003,Brand Awareness - Video,AWARENESS,16750,11279,89.15,251,1.5,0.36,6.53,5,833.93,17.83,9.35
2025-03-23,META_C004,Catalog Sales - Dynamic,CATALOG_SALES,10726,8978,50.61,237,2.21,0.21,4.72,10,1903.53,5.06,37.61
2025-03-23,META_C005,Instagram Stories - Flash Sales,CONVERSIONS,11062,7124,66.56,146,1.32,0.46,6.02,5,465.49,13.31,6.99
2025-03-24,META_C001,Prospecting - Lookalike Purchasers,CONVERSIONS,16409,10856,145.27,275,1.68,0.53,8.85,8,1044.05,18.16,7.19
2025-03-24,META_C002,Retargeting - Add to Cart,CONVERSIONS,25268,15615,140.04,336,1.33,0.42,11.68,19,3665.99,7.37,26.18
2025-03-24,META_C003,Brand Awareness - Video,AWARENESS,22122,13375,91.71,322,1.46,0.28,9.99,5,737.9,18.34,8.05
2025-03-24,META_C004,Catalog Sales - Dynamic,CATALOG_SALES,24380,16292,266.68,222,0.91,1.2,11.51,9,1650.83,29.63,6.19
2025-03-24,META_C005,Instagram Stories - Flash Sales,CONVERSIONS,28968,22936,162.14,684,2.36,0.24,5.6,12,1817.6,13.51,11.21
2025-03-25,META_C001,Prospecting - Lookalike Purchasers,CONVERSIONS,20221,14369,215.48,377,1.86,0.57,11.87,7,1036.05,30.78,4.81
2025-03-25,META_C002,Retargeting - Add to Cart,CONVERSIONS,25154,16643,156.02,526,2.09,0.3,7.15,20,2288.39,7.8,14.67
2025-03-25,META_C003,Brand Awareness - Video,AWARENESS,17356,13772,89.89,334,1.92,0.27,10.56,4,370.21,22.47,4.12
2025-03-25,META_C004,Catalog Sales - Dynamic,CATALOG_SALES,20070,13167,92.95,330,1.64,0.28,4.63,16,2608.54,5.81,28.06
2025-03-25,META_C005,Instagram Stories - Flash Sales,CONVERSIONS,24055,16281,146.88,274,1.14,0.54,6.11,13,1917.78,11.3,13.06
2025-03-26,META_C001,Prospecting - Lookalike Purchasers,CONVERSIONS,12993,9826,150.2,128,0.99,1.17,11.56,6,612.33,25.03,4.08
2025-03-26,META_C002,Retargeting - Add to Cart,CONVERSIONS,8866,6090,68.57,147,1.66,0.47,7.73,8,1396.43,8.57,20.37
2025-03-26,META_C003,Brand Awareness - Video,AWARENESS,29643,21316,104.11,239,0.81,0.44,4.67,11,1027.85,9.46,9.87
2025-03-26,META_C004,Catalog Sales - Dynamic,CATALOG_SALES,24746,20650,176.05,293,1.18,0.6,7.11,10,1087.98,17.61,6.18
2025-03-26,META_C005,Instagram Stories - Flash Sales,CONVERSIONS,22804,15782,150.16,392,1.72,0.38,6.58,6,1007.12,25.03,6.71
2025-03-27,META_C001,Prospecting - Lookalike Purchasers,CONVERSIONS,27424,18360,149.27,304,1.11,0.49,5.44,3,474.35,49.76,3.18
2025-03-27,META_C002,Retargeting - Add to Cart,CONVERSIONS,13274,8534,136.26,310,2.34,0.44,11.85,5,900.44,27.25,6.61
2025-03-27,META_C003,Brand Awareness - Video,AWARENESS,19044,11800,102.84,205,1.08,0.5,9.87,9,1250.6,11.43,12.16
2025-03-27,META_C004,Catalog Sales - Dynamic,CATALOG_SALES,24585,19138,103.57,393,1.6,0.26,4.21,22,2807.82,4.71,27.11
2025-03-27,META_C005,Instagram Stories - Flash Sales,CONVERSIONS,21835,13166,194.12,440,2.02,0.44,9.69,24,2546.76,8.09,13.12
2025-03-28,META_C001,Prospecting - Lookalike Purchasers,CONVERSIONS,13754,11676,72.21,279,2.03,0.26,5.25,12,1380.22,6.02,19.11
2025-03-28,META_C002,Retargeting - Add to Cart,CONVERSIONS,12732,9760,69.9,208,1.63,0.34,5.49,6,738.15,11.65,10.56
2025-03-28,META_C003,Brand Awareness - Video,AWARENESS,28846,20971,103.99,551,1.91,0.19,8.49,31,3152.71,3.35,30.32
2025-03-28,META_C004,Catalog Sales - Dynamic,CATALOG_SALES,26626,18208,279.14,335,1.26,0.83,10.48,10,1698.62,27.91,6.09
2025-03-28,META_C005,Instagram Stories - Flash Sales,CONVERSIONS,10179,8030,49.71,129,1.27,0.39,4.88,5,514.43,9.94,10.35
2025-03-29,META_C001,Prospecting - Lookalike Purchasers,CONVERSIONS,13928,9763,109.98,321,2.3,0.34,7.9,3,525.32,36.66,4.78
2025-03-29,META_C002,Retargeting - Add to Cart,CONVERSIONS,18352,13414,103.98,314,1.71,0.33,5.67,5,580.97,20.8,5.59
2025-03-29,META_C003,Brand Awareness - Video,AWARENESS,9471,5839,38.93,185,1.95,0.21,4.11,4,510.8,9.73,13.12
2025-03-29,META_C004,Catalog Sales - Dynamic,CATALOG_SALES,10901,8108,73.44,224,2.05,0.33,6.74,8,962.94,9.18,13.11
2025-03-29,META_C005,Instagram Stories - Flash Sales,CONVERSIONS,19189,12721,200.66,314,1.64,0.64,11.22,18,2702.58,11.15,13.47
2025-03-30,META_C001,Prospecting - Lookalike Purchasers,CONVERSIONS,15227,9499,127.14,346,2.27,0.37,8.35,13,1732.62,9.78,13.63
2025-03-30,META_C002,Retargeting - Add to Cart,CONVERSIONS,22306,17633,141.79,436,1.95,0.33,7.29,23,4071.26,6.16,28.71
2025-03-30,META_C003,Brand Awareness - Video,AWARENESS,8492,5359,91.9,124,1.46,0.74,10.82,4,758.57,22.98,8.25
2025-03-30,META_C004,Catalog Sales - Dynamic,CATALOG_SALES,28054,22324,159.25,272,0.97,0.59,5.68,14,1489.69,11.38,9.35
2025-03-30,META_C005,Instagram Stories - Flash Sales,CONVERSIONS,22571,16986,192.06,203,0.9,0.95,10.22,9,1189.32,21.34,6.19
2025-03-31,META_C001,Prospecting - Lookalike Purchasers,CONVERSIONS,15046,12757,131.25,254,1.69,0.52,8.72,12,2072.74,10.94,15.79
2025-03-31,META_C002,Retargeting - Add to Cart,CONVERSIONS,22457,19075,148.69,484,2.16,0.31,7.68,13,1823.76,11.44,12.27
2025-03-31,META_C003,Brand Awareness - Video,AWARENESS,29321,17829,94.72,235,0.8,0.4,6.68,12,1457.84,7.89,15.39
2025-03-31,META_C004,Catalog Sales - Dynamic,CATALOG_SALES,13669,11004,85.07,300,2.19,0.28,6.22,14,2464.2,6.08,28.97
2025-03-31,META_C005,Instagram Stories - Flash Sales,CONVERSIONS,9950,6168,64.22,164,1.65,0.39,6.45,4,605.09,16.05,9.42
2025-04-01,META_C001,Prospecting - Lookalike Purchasers,CONVERSIONS,14573,10513,97.32,277,1.9,0.35,6.68,12,2174.59,8.11,22.34
2025-04-01,META_C002,Retargeting - Add to Cart,CONVERSIONS,27244,21144,129.2,268,0.98,0.48,9.5,13,1503.12,9.94,11.63
2025-04-01,META_C003,Brand Awareness - Video,AWARENESS,15822,10067,87.99,197,1.25,0.45,5.56,6,640.1,14.66,7.27
2025-04-01,META_C004,Catalog Sales - Dynamic,CATALOG_SALES,22914,17920,157.96,276,1.2,0.57,6.89,12,2043.55,13.16,12.94
2025-04-01,META_C005,Instagram Stories - Flash Sales,CONVERSIONS,29310,19288,139.21,295,1.01,0.47,4.75,5,633.76,27.84,4.55
2025-04-02,META_C001,Prospecting - Lookalike Purchasers,CONVERSIONS,17107,14129,95.2,372,2.17,0.26,5.56,20,3844.78,4.76,40.39
2025-04-02,META_C002,Retargeting - Add to Cart,CONVERSIONS,24571,19587,142.81,586,2.38,0.24,7.5,16,1513.83,8.93,10.6
2025-04-02,META_C003,Brand Awareness - Video,AWARENESS,24780,18418,86.51,459,1.85,0.19,10.52,10,1893.6,8.65,21.89
2025-04-02,META_C004,Catalog Sales - Dynamic,CATALOG_SALES,10418,8446,49.05,124,1.19,0.4,4.71,3,476.75,16.35,9.72
2025-04-02,META_C005,Instagram Stories - Flash Sales,CONVERSIONS,10897,7729,61.39,95,0.87,0.65,5.63,2,318.9,30.7,5.19
2025-04-03,META_C001,Prospecting - Lookalike Purchasers,CONVERSIONS,28087,22947,215.64,626,2.23,0.34,11.16,30,5678.02,7.19,26.33
2025-04-03,META_C002,Retargeting - Add to Cart,CONVERSIONS,14854,12298,107.26,225,1.51,0.48,7.22,7,1050.91,15.32,9.8
2025-04-03,META_C003,Brand Awareness - Video,AWARENESS,15830,12635,98.8,188,1.19,0.53,9.07,10,1626.19,9.88,16.46
2025-04-03,META_C004,Catalog Sales - Dynamic,CATALOG_SALES,12338,9717,66.5,209,1.69,0.32,5.39,7,775.5,9.5,11.66
2025-04-03,META_C005,Instagram Stories - Flash Sales,CONVERSIONS,15664,13102,98.37,389,2.48,0.25,6.28,9,1483.45,10.93,15.08
2025-04-04,META_C001,Prospecting - Lookalike Purchasers,CONVERSIONS,13094,9657,92.84,201,1.54,0.46,7.09,7,1357.47,13.26,14.62
2025-04-04,META_C002,Retargeting - Add to Cart,CONVERSIONS,29763,18614,138.96,539,1.81,0.26,10.67,15,2011.84,9.26,14.48
2025-04-04,META_C003,Brand Awareness - Video,AWARENESS,11494,8542,88.79,197,1.71,0.45,8.37,11,1854.43,8.07,20.89
2025-04-04,META_C004,Catalog Sales - Dynamic,CATALOG_SALES,18581,15404,159.84,321,1.73,0.5,8.6,6,1046.55,26.64,6.55
2025-04-04,META_C005,Instagram Stories - Flash Sales,CONVERSIONS,29277,20207,186.86,376,1.28,0.5,7.48,18,2843.1,10.38,15.22
2025-04-05,META_C001,Prospecting - Lookalike Purchasers,CONVERSIONS,9409,7618,51.72,135,1.43,0.38,5.5,5,492.8,10.34,9.53
2025-04-05,META_C002,Retargeting - Add to Cart,CONVERSIONS,15582,12474,121.81,277,1.78,0.44,7.82,15,2971.31,8.12,24.39
2025-04-05,META_C003,Brand Awareness - Video,AWARENESS,17985,13332,89.43,407,2.26,0.22,10.68,16,2716.88,5.59,30.38
2025-04-05,META_C004,Catalog Sales - Dynamic,CATALOG_SALES,9756,7722,63.28,162,1.66,0.39,6.49,3,584.41,21.09,9.24
2025-04-05,META_C005,Instagram Stories - Flash Sales,CONVERSIONS,24831,21017,171.73,456,1.84,0.38,6.92,20,1884.3,8.59,10.97
2025-04-06,META_C001,Prospecting - Lookalike Purchasers,CONVERSIONS,14417,11927,106.55,167,1.16,0.64,7.39,9,1500.61,11.84,14.08
2025-04-06,META_C002,Retargeting - Add to Cart,CONVERSIONS,25080,17536,143.86,490,1.95,0.29,11.26,7,1116.39,20.55,7.76
2025-04-06,META_C003,Brand Awareness - Video,AWARENESS,27339,17621,85.51,649,2.37,0.13,9.9,38,4900.47,2.25,57.31
2025-04-06,META_C004,Catalog Sales - Dynamic,CATALOG_SALES,10355,7917,43.89,130,1.26,0.34,4.24,4,368.04,10.97,8.39
2025-04-06,META_C005,Instagram Stories - Flash Sales,CONVERSIONS,9135,5517,81.79,109,1.19,0.75,8.95,4,749.05,20.45,9.16
2025-04-07,META_C001,Prospecting - Lookalike Purchasers,CONVERSIONS,14101,11393,131.14,202,1.43,0.65,9.3,7,1193.41,18.73,9.1
2025-04-07,META_C002,Retargeting - Add to Cart,CONVERSIONS,14316,12106,135.66,138,0.96,0.98,9.48,2,287.27,67.83,2.12
2025-04-07,META_C003,Brand Awareness - Video,AWARENESS,18883,14954,89.03,342,1.81,0.26,9.81,3,401.52,29.68,4.51
2025-04-07,META_C004,Catalog Sales - Dynamic,CATALOG_SALES,24810,17363,265.09,454,1.83,0.58,10.68,7,922.35,37.87,3.48
2025-04-07,META_C005,Instagram Stories - Flash Sales,CONVERSIONS,8208,6161,86.78,175,2.13,0.5,10.57,8,1468.89,10.85,16.93
2025-04-08,META_C001,Prospecting - Lookalike Purchasers,CONVERSIONS,13866,11339,128.02,343,2.47,0.37,9.23,19,2910.58,6.74,22.74
2025-04-08,META_C002,Retargeting - Add to Cart,CONVERSIONS,26550,17665,133.02,447,1.68,0.3,7.33,15,1701.14,8.87,12.79
2025-04-08,META_C003,Brand Awareness - Video,AWARENESS,22801,14352,92.7,341,1.5,0.27,4.49,8,946.99,11.59,10.22
2025-04-08,META_C004,Catalog Sales - Dynamic,CATALOG_SALES,15453,9902,111.69,182,1.18,0.61,7.23,8,844.77,13.96,7.56
2025-04-08,META_C005,Instagram Stories - Flash Sales,CONVERSIONS,15785,10738,181.47,311,1.97,0.58,11.5,12,1266.16,15.12,6.98
2025-04-09,META_C001,Prospecting - Lookalike Purchasers,CONVERSIONS,28669,19680,124.94,392,1.37,0.32,4.36,5,790.99,24.99,6.33
2025-04-09,META_C002,Retargeting - Add to Cart,CONVERSIONS,15628,11834,63.35,170,1.09,0.37,4.05,7,1181.15,9.05,18.64
2025-04-09,META_C003,Brand Awareness - Video,AWARENESS,11775,7393,61.47,127,1.08,0.48,5.22,5,681.46,12.29,11.09
2025-04-09,META_C004,Catalog Sales - Dynamic,CATALOG_SALES,19831,12133,215.96,280,1.41,0.77,10.89,3,315.14,71.99,1.46
2025-04-09,META_C005,Instagram Stories - Flash Sales,CONVERSIONS,22647,17509,192.09,547,2.42,0.35,9.42,19,2649.27,10.11,13.79
2025-04-10,META_C001,Prospecting - Lookalike Purchasers,CONVERSIONS,13446,8399,112.75,227,1.69,0.5,8.39,4,728.8,28.19,6.46
2025-04-10,META_C002,Retargeting - Add to Cart,CONVERSIONS,29993,20413,153.69,747,2.49,0.21,10.74,20,3463.29,7.68,22.53
2025-04-10,META_C003,Brand Awareness - Video,AWARENESS,13033,9855,99.82,150,1.15,0.67,9.64,7,954.15,14.26,9.56
2025-04-10,META_C004,Catalog Sales - Dynamic,CATALOG_SALES,12760,9386,139.17,264,2.07,0.53,10.91,2,209.63,69.58,1.51
2025-04-10,META_C005,Instagram Stories - Flash Sales,CONVERSIONS,9678,6051,68.37,96,0.99,0.71,7.06,5,788.49,13.67,11.53
2025-04-11,META_C001,Prospecting - Lookalike Purchasers,CONVERSIONS,25522,17683,185.85,394,1.54,0.47,7.28,15,2163.42,12.39,11.64
2025-04-11,META_C002,Retargeting - Add to Cart,CONVERSIONS,26434,21808,134.69,636,2.41,0.21,7.76,29,4652.01,4.64,34.54
2025-04-11,META_C003,Brand Awareness - Video,AWARENESS,24399,15102,88.06,256,1.05,0.34,4.54,7,751.2,12.58,8.53
2025-04-11,META_C004,Catalog Sales - Dynamic,CATALOG_SALES,26799,19952,186.15,483,1.8,0.39,6.95,7,1202.28,26.59,6.46
2025-04-11,META_C005,Instagram Stories - Flash Sales,CONVERSIONS,25660,18885,133.35,339,1.32,0.39,5.2,7,992.33,19.05,7.44
2025-04-12,META_C001,Prospecting - Lookalike Purchasers,CONVERSIONS,28298,19082,215.18,266,0.94,0.81,11.24,11,1220.62,19.56,5.67
2025-04-12,META_C002,Retargeting - Add to Cart,CONVERSIONS,14965,9489,99.64,307,2.05,0.32,6.66,13,2535.55,7.66,25.45
2025-04-12,META_C003,Brand Awareness - Video,AWARENESS,23937,18520,102.66,312,1.3,0.33,9.55,7,1200.73,14.67,11.7
2025-04-12,META_C004,Catalog Sales - Dynamic,CATALOG_SALES,13031,10789,107.87,276,2.12,0.39,8.28,7,1371.72,15.41,12.72
2025-04-12,META_C005,Instagram Stories - Flash Sales,CONVERSIONS,29625,22713,145.43,496,1.67,0.29,4.91,26,2868.78,5.59,19.73
2025-04-13,META_C001,Prospecting - Lookalike Purchasers,CONVERSIONS,10296,6369,82.94,89,0.86,0.93,8.06,1,166.26,82.94,2.0
2025-04-13,META_C002,Retargeting - Add to Cart,CONVERSIONS,26168,20982,131.39,386,1.48,0.34,10.28,22,4373.11,5.97,33.28
2025-04-13,META_C003,Brand Awareness - Video,AWARENESS,21253,16520,94.0,219,1.03,0.43,11.61,9,1760.5,10.44,18.73
2025-04-13,META_C004,Catalog Sales - Dynamic,CATALOG_SALES,23338,18689,172.28,253,1.08,0.68,7.38,14,2019.5,12.31,11.72
2025-04-13,META_C005,Instagram Stories - Flash Sales,CONVERSIONS,8264,6932,65.97,143,1.73,0.46,7.98,2,315.43,32.98,4.78
2025-04-14,META_C001,Prospecting - Lookalike Purchasers,CONVERSIONS,29942,18225,224.27,440,1.47,0.51,10.73,12,2266.41,18.69,10.11
2025-04-14,META_C002,Retargeting - Add to Cart,CONVERSIONS,19098,13593,128.97,180,0.94,0.72,10.54,1,165.68,128.97,1.28
2025-04-14,META_C003,Brand Awareness - Video,AWARENESS,19563,16022,89.44,424,2.17,0.21,7.99,10,1929.26,8.94,21.57
2025-04-14,META_C004,Catalog Sales - Dynamic,CATALOG_SALES,13509,8671,107.35,116,0.86,0.93,7.95,4,454.65,26.84,4.24
2025-04-14,META_C005,Instagram Stories - Flash Sales,CONVERSIONS,8205,5530,64.15,84,1.02,0.76,7.82,3,504.41,21.38,7.86
2025-04-15,META_C001,Prospecting - Lookalike Purchasers,CONVERSIONS,22861,15967,116.61,528,2.31,0.22,5.1,17,1895.92,6.86,16.26
2025-04-15,META_C002,Retargeting - Add to Cart,CONVERSIONS,10047,8399,99.91,130,1.29,0.77,9.94,7,766.73,14.27,7.67
2025-04-15,META_C003,Brand Awareness - Video,AWARENESS,19770,15388,85.8,234,1.18,0.37,7.17,12,1770.52,7.15,20.64
2025-04-15,META_C004,Catalog Sales - Dynamic,CATALOG_SALES,25939,19166,299.56,420,1.62,0.71,11.55,10,1561.84,29.96,5.21
2025-04-15,META_C005,Instagram Stories - Flash Sales,CONVERSIONS,22847,16554,177.33,312,1.37,0.57,10.58,13,1522.76,13.64,8.59
2025-04-16,META_C001,Prospecting - Lookalike Purchasers,CONVERSIONS,17676,14864,159.21,358,2.03,0.44,9.01,16,2481.67,9.95,15.59
2025-04-16,META_C002,Retargeting - Add to Cart,CONVERSIONS,11128,8122,67.01,139,1.25,0.48,6.02,2,317.25,33.51,4.73
2025-04-16,META_C003,Brand Awareness - Video,AWARENESS,19240,11646,96.9,312,1.62,0.31,5.04,5,705.88,19.38,7.28
2025-04-16,META_C004,Catalog Sales - Dynamic,CATALOG_SALES,13569,8899,158.24,119,0.88,1.33,11.66,6,1064.59,26.37,6.73
2025-04-16,META_C005,Instagram Stories - Flash Sales,CONVERSIONS,13597,9548,148.18,239,1.76,0.62,10.9,8,1073.14,18.52,7.24
2025-04-17,META_C001,Prospecting - Lookalike Purchasers,CONVERSIONS,22069,15852,92.02,219,0.99,0.42,4.17,7,1076.52,13.15,11.7
2025-04-17,META_C002,Retargeting - Add to Cart,CONVERSIONS,23521,16528,131.44,449,1.91,0.29,9.88,23,4320.29,5.71,32.87
2025-04-17,META_C003,Brand Awareness - Video,AWARENESS,20750,14073,91.91,356,1.72,0.26,5.31,7,1363.44,13.13,14.83
2025-04-17,META_C004,Catalog Sales - Dynamic,CATALOG_SALES,27736,16870,235.64,337,1.22,0.7,8.5,12,1615.91,19.64,6.86
2025-04-17,META_C005,Instagram Stories - Flash Sales,CONVERSIONS,12324,9288,147.27,214,1.74,0.69,11.95,5,932.32,29.45,6.33
2025-04-18,META_C001,Prospecting - Lookalike Purchasers,CONVERSIONS,27021,17420,220.08,260,0.96,0.85,11.2,11,1456.94,20.01,6.62
2025-04-18,META_C002,Retargeting - Add to Cart,CONVERSIONS,19676,15015,87.02,311,1.58,0.28,4.42,7,667.71,12.43,7.67
2025-04-18,META_C003,Brand Awareness - Video,AWARENESS,9906,7929,88.04,121,1.22,0.73,11.29,5,974.85,17.61,11.07
2025-04-18,META_C004,Catalog Sales - Dynamic,CATALOG_SALES,14590,11873,117.42,150,1.03,0.78,8.05,8,1108.06,14.68,9.44
2025-04-18,META_C005,Instagram Stories - Flash Sales,CONVERSIONS,28964,20699,202.19,587,2.03,0.34,8.24,24,3260.83,8.42,16.13
2025-04-19,META_C001,Prospecting - Lookalike Purchasers,CONVERSIONS,25433,21288,103.73,577,2.27,0.18,4.08,24,4274.19,4.32,41.2
2025-04-19,META_C002,Retargeting - Add to Cart,CONVERSIONS,27691,21813,156.44,628,2.27,0.25,9.74,31,3084.64,5.05,19.72
2025-04-19,META_C003,Brand Awareness - Video,AWARENESS,13258,9800,91.06,127,0.96,0.72,9.68,3,524.44,30.35,5.76
2025-04-19,META_C004,Catalog Sales - Dynamic,CATALOG_SALES,27302,22612,191.96,407,1.49,0.47,7.03,11,1796.1,17.45,9.36
2025-04-19,META_C005,Instagram Stories - Flash Sales,CONVERSIONS,15883,9610,119.32,134,0.84,0.89,7.51,4,450.62,29.83,3.78
2025-04-20,META_C001,Prospecting - Lookalike Purchasers,CONVERSIONS,17960,12023,158.58,310,1.73,0.51,8.83,13,2484.56,12.2,15.67
2025-04-20,META_C002,Retargeting - Add to Cart,CONVERSIONS,16228,10412,101.63,307,1.89,0.33,6.26,3,551.62,33.88,5.43
2025-04-20,META_C003,Brand Awareness - Video,AWARENESS,9674,7982,104.8,210,2.17,0.5,11.6,3,503.04,34.93,4.8
2025-04-20,META_C004,Catalog Sales - Dynamic,CATALOG_SALES,12473,10281,81.48,294,2.36,0.28,6.53,3,334.01,27.16,4.1
2025-04-20,META_C005,Instagram Stories - Flash Sales,CONVERSIONS,17282,13396,158.66,396,2.29,0.4,9.18,6,884.63,26.44,5.58
2025-04-21,META_C001,Prospecting - Lookalike Purchasers,CONVERSIONS,23960,18186,181.77,216,0.9,0.84,7.59,3,383.27,60.59,2.11
2025-04-21,META_C002,Retargeting - Add to Cart,CONVERSIONS,10588,7480,57.48,241,2.28,0.24,5.43,7,1023.73,8.21,17.81
2025-04-21,META_C003,Brand Awareness - Video,AWARENESS,28976,21264,87.84,656,2.26,0.13,11.96,22,2034.97,3.99,23.17
2025-04-21,META_C004,Catalog Sales - Dynamic,CATALOG_SALES,29388,24723,207.66,305,1.04,0.68,7.07,13,1444.46,15.97,6.96
2025-04-21,META_C005,Instagram Stories - Flash Sales,CONVERSIONS,13426,10671,94.24,201,1.5,0.47,7.02,4,660.67,23.56,7.01
2025-04-22,META_C001,Prospecting - Lookalike Purchasers,CONVERSIONS,12277,9951,75.34,160,1.3,0.47,6.14,6,606.77,12.56,8.05
2025-04-22,META_C002,Retargeting - Add to Cart,CONVERSIONS,18518,12659,129.7,409,2.21,0.32,11.07,7,698.2,18.53,5.38
2025-04-22,META_C003,Brand Awareness - Video,AWARENESS,12451,7790,101.7,106,0.85,0.96,8.17,3,397.4,33.9,3.91
2025-04-22,META_C004,Catalog Sales - Dynamic,CATALOG_SALES,15471,10566,172.66,327,2.11,0.53,11.16,7,925.14,24.67,5.36
2025-04-22,META_C005,Instagram Stories - Flash Sales,CONVERSIONS,17243,11659,81.88,225,1.3,0.36,4.75,11,1152.9,7.44,14.08
2025-04-23,META_C001,Prospecting - Lookalike Purchasers,CONVERSIONS,24338,16360,233.92,265,1.09,0.88,11.07,15,1641.45,15.59,7.02
2025-04-23,META_C002,Retargeting - Add to Cart,CONVERSIONS,20487,15207,143.05,457,2.23,0.31,6.98,23,4534.6,6.22,31.7
2025-04-23,META_C003,Brand Awareness - Video,AWARENESS,18056,11272,92.62,202,1.12,0.46,10.12,6,1150.97,15.44,12.43
2025-04-23,META_C004,Catalog Sales - Dynamic,CATALOG_SALES,11769,9558,86.45,263,2.23,0.33,7.35,15,1830.6,5.76,21.18
2025-04-23,META_C005,Instagram Stories - Flash Sales,CONVERSIONS,14677,10239,154.3,173,1.18,0.89,10.51,7,942.34,22.04,6.11
2025-04-24,META_C001,Prospecting - Lookalike Purchasers,CONVERSIONS,15266,12488,173.1,192,1.26,0.9,11.34,10,1710.66,17.31,9.88
2025-04-24,META_C002,Retargeting - Add to Cart,CONVERSIONS,11392,8573,47.97,233,2.05,0.21,4.21,11,1198.76,4.36,24.99
2025-04-24,META_C003,Brand Awareness - Video,AWARENESS,21821,14068,98.5,209,0.96,0.47,11.57,4,651.92,24.62,6.62
2025-04-24,META_C004,Catalog Sales - Dynamic,CATALOG_SALES,18486,14494,115.47,203,1.1,0.57,6.25,7,1367.51,16.5,11.84
2025-04-24,META_C005,Instagram Stories - Flash Sales,CONVERSIONS,21820,13364,176.27,440,2.02,0.4,11.91,16,1958.07,11.02,11.11
2025-04-25,META_C001,Prospecting - Lookalike Purchasers,CONVERSIONS,11900,7668,129.32,189,1.59,0.68,10.87,2,374.52,64.66,2.9
2025-04-25,META_C002,Retargeting - Add to Cart,CONVERSIONS,18714,13281,135.84,317,1.69,0.43,7.26,12,1695.69,11.32,12.48
2025-04-25,META_C003,Brand Awareness - Video,AWARENESS,27726,18837,91.0,576,2.08,0.16,8.63,8,886.06,11.38,9.74
2025-04-25,META_C004,Catalog Sales - Dynamic,CATALOG_SALES,25626,16549,230.79,432,1.69,0.53,9.01,8,1002.21,28.85,4.34
2025-04-25,META_C005,Instagram Stories - Flash Sales,CONVERSIONS,26116,17965,201.09,431,1.65,0.47,9.79,21,2622.05,9.58,13.04
2025-04-26,META_C001,Prospecting - Lookalike Purchasers,CONVERSIONS,19355,14935,103.44,369,1.91,0.28,5.34,15,2163.95,6.9,20.92
2025-04-26,META_C002,Retargeting - Add to Cart,CONVERSIONS,25502,18374,149.58,340,1.33,0.44,11.05,10,1634.46,14.96,10.93
2025-04-26,META_C003,Brand Awareness - Video,AWARENESS,27677,17842,87.38,352,1.27,0.25,8.12,15,1478.26,5.83,16.92
2025-04-26,META_C004,Catalog Sales - Dynamic,CATALOG_SALES,22571,18625,265.32,467,2.07,0.57,11.75,26,2601.32,10.2,9.8
2025-04-26,META_C005,Instagram Stories - Flash Sales,CONVERSIONS,17108,14197,96.19,290,1.7,0.33,5.62,4,557.95,24.05,5.8
2025-04-27,META_C001,Prospecting - Lookalike Purchasers,CONVERSIONS,15177,10176,126.45,245,1.61,0.52,8.33,3,534.76,42.15,4.23
2025-04-27,META_C002,Retargeting - Add to Cart,CONVERSIONS,18591,14969,137.01,150,0.81,0.91,10.6,8,1389.41,17.13,10.14
2025-04-27,META_C003,Brand Awareness - Video,AWARENESS,10359,8032,43.1,175,1.69,0.25,4.16,2,392.15,21.55,9.1
2025-04-27,META_C004,Catalog Sales - Dynamic,CATALOG_SALES,27664,21092,124.76,396,1.43,0.32,4.51,13,1411.53,9.6,11.31
2025-04-27,META_C005,Instagram Stories - Flash Sales,CONVERSIONS,20705,14678,207.45,364,1.76,0.57,11.58,15,1577.36,13.83,7.6
2025-04-28,META_C001,Prospecting - Lookalike Purchasers,CONVERSIONS,12913,10655,123.88,228,1.77,0.54,9.59,12,1535.63,10.32,12.4
2025-04-28,META_C002,Retargeting - Add to Cart,CONVERSIONS,12088,10099,92.96,151,1.25,0.62,7.69,8,1464.14,11.62,15.75
2025-04-28,META_C003,Brand Awareness - Video,AWARENESS,16865,10248,88.62,175,1.04,0.51,7.57,5,504.49,17.72,5.69
2025-04-28,META_C004,Catalog Sales - Dynamic,CATALOG_SALES,29064,17783,209.58,572,1.97,0.37,7.21,7,1051.04,29.94,5.01
2025-04-28,META_C005,Instagram Stories - Flash Sales,CONVERSIONS,25008,20944,173.98,237,0.95,0.73,9.59,11,1250.55,15.82,7.19
2025-04-29,META_C001,Prospecting - Lookalike Purchasers,CONVERSIONS,17839,15058,188.37,403,2.26,0.47,10.56,16,2749.32,11.77,14.6
2025-04-29,META_C002,Retargeting - Add to Cart,CONVERSIONS,15897,13506,99.15,203,1.28,0.49,6.24,3,457.3,33.05,4.61
2025-04-29,META_C003,Brand Awareness - Video,AWARENESS,15773,11763,95.85,159,1.01,0.6,8.47,5,896.6,19.17,9.35
2025-04-29,META_C004,Catalog Sales - Dynamic,CATALOG_SALES,14933,10616,118.73,285,1.91,0.42,7.95,4,740.68,29.68,6.24
2025-04-29,META_C005,Instagram Stories - Flash Sales,CONVERSIONS,26305,20739,200.3,424,1.61,0.47,7.73,19,3549.43,10.54,17.72
2025-04-30,META_C001,Prospecting - Lookalike Purchasers,CONVERSIONS,27591,19690,217.57,268,0.97,0.81,10.87,10,1617.03,21.76,7.43
2025-04-30,META_C002,Retargeting - Add to Cart,CONVERSIONS,11365,8160,54.04,256,2.25,0.21,4.75,12,1579.34,4.5,29.23
2025-04-30,META_C003,Brand Awareness - Video,AWARENESS,29863,22867,98.39,741,2.48,0.13,10.52,37,5444.05,2.66,55.33
2025-04-30,META_C004,Catalog Sales - Dynamic,CATALOG_SALES,16071,12383,140.17,222,1.38,0.63,8.72,6,908.34,23.36,6.48
2025-04-30,META_C005,Instagram Stories - Flash Sales,CONVERSIONS,26464,20925,130.98,223,0.84,0.59,4.95,2,229.36,65.49,1.75
2025-05-01,META_C001,Prospecting - Lookalike Purchasers,CONVERSIONS,25585,21137,182.53,511,2.0,0.36,7.13,29,5522.25,6.29,30.25
2025-05-01,META_C002,Retargeting - Add to Cart,CONVERSIONS,9258,6129,40.67,185,2.0,0.22,4.39,4,735.69,10.17,18.09
2025-05-01,META_C003,Brand Awareness - Video,AWARENESS,17961,15259,71.9,235,1.31,0.31,4.0,2,352.11,35.95,4.9
2025-05-01,META_C004,Catalog Sales - Dynamic,CATALOG_SALES,9160,7211,40.49,204,2.23,0.2,4.42,11,1491.58,3.68,36.84
2025-05-01,META_C005,Instagram Stories - Flash Sales,CONVERSIONS,29338,22200,202.11,381,1.3,0.53,7.33,8,1297.76,25.26,6.42
2025-05-02,META_C001,Prospecting - Lookalike Purchasers,CONVERSIONS,16590,10517,75.25,323,1.95,0.23,4.54,9,1697.27,8.36,22.56
2025-05-02,META_C002,Retargeting - Add to Cart,CONVERSIONS,17038,13248,152.72,284,1.67,0.54,11.27,12,1626.04,12.73,10.65
2025-05-02,META_C003,Brand Awareness - Video,AWARENESS,22238,14774,89.19,192,0.86,0.46,7.48,7,1295.61,12.74,14.53
2025-05-02,META_C004,Catalog Sales - Dynamic,CATALOG_SALES,8562,5556,65.77,93,1.09,0.71,7.68,1,147.1,65.77,2.24
2025-05-02,META_C005,Instagram Stories - Flash Sales,CONVERSIONS,26011,15835,176.74,265,1.02,0.67,6.79,5,744.52,35.35,4.21
2025-05-03,META_C001,Prospecting - Lookalike Purchasers,CONVERSIONS,28971,19463,228.88,673,2.32,0.34,7.9,9,1370.49,25.43,5.99
2025-05-03,META_C002,Retargeting - Add to Cart,CONVERSIONS,26614,22542,138.9,399,1.5,0.35,9.59,11,1720.37,12.63,12.39
2025-05-03,META_C003,Brand Awareness - Video,AWARENESS,24266,19530,99.33,572,2.36,0.17,7.33,32,5358.18,3.1,53.94
2025-05-03,META_C004,Catalog Sales - Dynamic,CATALOG_SALES,22011,16131,120.3,357,1.62,0.34,5.47,6,920.82,20.05,7.65
2025-05-03,META_C005,Instagram Stories - Flash Sales,CONVERSIONS,22205,16240,95.29,220,0.99,0.43,4.29,3,596.66,31.76,6.26
2025-05-04,META_C001,Prospecting - Lookalike Purchasers,CONVERSIONS,15578,10483,68.83,297,1.91,0.23,4.42,5,955.58,13.77,13.88
2025-05-04,META_C002,Retargeting - Add to Cart,CONVERSIONS,25610,16840,141.25,356,1.39,0.4,7.89,18,1836.34,7.85,13.0
2025-05-04,META_C003,Brand Awareness - Video,AWARENESS,17136,12115,102.23,200,1.17,0.51,7.75,3,473.88,34.08,4.64
2025-05-04,META_C004,Catalog Sales - Dynamic,CATALOG_SALES,11824,7315,87.65,167,1.41,0.52,7.41,3,300.57,29.22,3.43
2025-05-04,META_C005,Instagram Stories - Flash Sales,CONVERSIONS,20327,12333,183.65,402,1.98,0.46,11.73,20,2414.03,9.18,13.14
2025-05-05,META_C001,Prospecting - Lookalike Purchasers,CONVERSIONS,24472,19775,145.13,204,0.83,0.71,5.93,4,703.21,36.28,4.85
2025-05-05,META_C002,Retargeting - Add to Cart,CONVERSIONS,12270,9503,133.06,197,1.61,0.68,10.84,11,1488.06,12.1,11.18
2025-05-05,META_C003,Brand Awareness - Video,AWARENESS,12798,9323,94.16,225,1.76,0.42,9.2,6,886.34,15.69,9.41
2025-05-05,META_C004,Catalog Sales - Dynamic,CATALOG_SALES,28957,20992,174.48,397,1.37,0.44,6.03,20,1925.05,8.72,11.03
2025-05-05,META_C005,Instagram Stories - Flash Sales,CONVERSIONS,15307,9545,71.68,222,1.45,0.32,4.68,11,1614.85,6.52,22.53
2025-05-06,META_C001,Prospecting - Lookalike Purchasers,CONVERSIONS,14497,11310,130.36,274,1.89,0.48,8.99,5,818.67,26.07,6.28
2025-05-06,META_C002,Retargeting - Add to Cart,CONVERSIONS,16614,11892,138.3,305,1.84,0.45,11.37,8,803.36,17.29,5.81
2025-05-06,META_C003,Brand Awareness - Video,AWARENESS,17977,13469,92.81,394,2.19,0.24,7.26,4,490.06,23.2,5.28
2025-05-06,META_C004,Catalog Sales - Dynamic,CATALOG_SALES,25858,21465,188.72,294,1.14,0.64,7.3,6,1098.49,31.45,5.82
2025-05-06,META_C005,Instagram Stories - Flash Sales,CONVERSIONS,27871,18275,124.71,346,1.24,0.36,4.47,16,2337.59,7.79,18.74
2025-05-07,META_C001,Prospecting - Lookalike Purchasers,CONVERSIONS,18022,13445,200.44,357,1.98,0.56,11.12,20,2269.37,10.02,11.32
2025-05-07,META_C002,Retargeting - Add to Cart,CONVERSIONS,26430,20470,108.78,483,1.83,0.23,4.12,16,2369.17,6.8,21.78
2025-05-07,META_C003,Brand Awareness - Video,AWARENESS,13102,10072,80.33,186,1.42,0.43,6.13,8,799.42,10.04,9.95
2025-05-07,META_C004,Catalog Sales - Dynamic,CATALOG_SALES,12521,8140,60.94,229,1.83,0.27,4.87,10,1626.33,6.09,26.69
2025-05-07,META_C005,Instagram Stories - Flash Sales,CONVERSIONS,18454,11314,176.72,357,1.93,0.5,11.67,19,3168.35,9.3,17.93
2025-05-08,META_C001,Prospecting - Lookalike Purchasers,CONVERSIONS,12797,8688,54.28,235,1.84,0.23,4.24,10,912.1,5.43,16.8
2025-05-08,META_C002,Retargeting - Add to Cart,CONVERSIONS,25992,20395,133.26,490,1.89,0.27,5.13,17,1745.23,7.84,13.1
2025-05-08,META_C003,Brand Awareness - Video,AWARENESS,9921,7890,52.06,219,2.21,0.24,5.25,8,1252.15,6.51,24.05
2025-05-08,META_C004,Catalog Sales - Dynamic,CATALOG_SALES,18545,13765,163.46,218,1.18,0.75,8.81,4,385.18,40.87,2.36
2025-05-08,META_C005,Instagram Stories - Flash Sales,CONVERSIONS,22480,16573,109.93,248,1.1,0.44,4.89,6,1167.83,18.32,10.62
2025-05-09,META_C001,Prospecting - Lookalike Purchasers,CONVERSIONS,23033,13863,138.66,464,2.01,0.3,6.02,15,2990.13,9.24,21.56
2025-05-09,META_C002,Retargeting - Add to Cart,CONVERSIONS,24138,17608,148.64,293,1.21,0.51,10.44,10,1511.6,14.86,10.17
2025-05-09,META_C003,Brand Awareness - Video,AWARENESS,17927,11559,90.62,146,0.81,0.62,5.79,8,1323.76,11.33,14.61
2025-05-09,META_C004,Catalog Sales - Dynamic,CATALOG_SALES,23171,17217,220.46,337,1.45,0.65,9.51,15,1943.22,14.7,8.81
2025-05-09,META_C005,Instagram Stories - Flash Sales,CONVERSIONS,26794,21823,170.22,350,1.31,0.49,11.22,5,699.69,34.04,4.11
2025-05-10,META_C001,Prospecting - Lookalike Purchasers,CONVERSIONS,18899,12548,184.98,425,2.25,0.44,9.79,8,1043.17,23.12,5.64
2025-05-10,META_C002,Retargeting - Add to Cart,CONVERSIONS,21689,16295,100.29,394,1.82,0.25,4.62,21,3894.24,4.78,38.83
2025-05-10,META_C003,Brand Awareness - Video,AWARENESS,20010,16562,104.16,449,2.24,0.23,10.79,22,3115.85,4.73,29.91
2025-05-10,META_C004,Catalog Sales - Dynamic,CATALOG_SALES,12664,10481,123.86,174,1.37,0.71,9.78,7,997.92,17.69,8.06
2025-05-10,META_C005,Instagram Stories - Flash Sales,CONVERSIONS,9792,6221,97.58,162,1.65,0.6,9.97,7,1208.41,13.94,12.38
2025-05-11,META_C001,Prospecting - Lookalike Purchasers,CONVERSIONS,11674,7291,101.9,122,1.05,0.84,8.73,3,557.19,33.97,5.47
2025-05-11,META_C002,Retargeting - Add to Cart,CONVERSIONS,28772,20529,133.39,344,1.2,0.39,4.64,7,1010.29,19.06,7.57
2025-05-11,META_C003,Brand Awareness - Video,AWARENESS,20830,13135,97.4,378,1.81,0.26,11.11,22,3500.11,4.43,35.94
2025-05-11,META_C004,Catalog Sales - Dynamic,CATALOG_SALES,28437,19097,168.38,473,1.66,0.36,5.92,10,1669.62,16.84,9.92
2025-05-11,META_C005,Instagram Stories - Flash Sales,CONVERSIONS,8651,6684,66.24,139,1.61,0.48,7.66,8,1014.52,8.28,15.32
2025-05-12,META_C001,Prospecting - Lookalike Purchasers,CONVERSIONS,29616,18250,235.21,650,2.19,0.36,9.47,32,5696.74,7.35,24.22
2025-05-12,META_C002,Retargeting - Add to Cart,CONVERSIONS,10084,8123,57.6,117,1.16,0.49,5.71,3,514.9,19.2,8.94
2025-05-12,META_C003,Brand Awareness - Video,AWARENESS,12809,8047,104.68,233,1.82,0.45,9.17,10,1517.28,10.47,14.49
2025-05-12,META_C004,Catalog Sales - Dynamic,CATALOG_SALES,25211,21276,210.59,570,2.26,0.37,8.35,33,3438.93,6.38,16.33
2025-05-12,META_C005,Instagram Stories - Flash Sales,CONVERSIONS,20719,16536,171.28,396,1.91,0.43,8.27,9,1155.64,19.03,6.75
2025-05-13,META_C001,Prospecting - Lookalike Purchasers,CONVERSIONS,29830,22644,252.89,569,1.91,0.44,10.98,29,3526.04,8.72,13.94
2025-05-13,META_C002,Retargeting - Add to Cart,CONVERSIONS,22016,16460,132.56,279,1.27,0.48,8.98,6,937.28,22.09,7.07
2025-05-13,META_C003,Brand Awareness - Video,AWARENESS,29396,24649,91.1,253,0.86,0.36,5.82,7,1272.7,13.01,13.97
2025-05-13,META_C004,Catalog Sales - Dynamic,CATALOG_SALES,28146,18551,172.43,392,1.39,0.44,6.13,19,3061.93,9.08,17.76
2025-05-13,META_C005,Instagram Stories - Flash Sales,CONVERSIONS,25290,18860,153.3,206,0.81,0.74,6.06,10,1831.83,15.33,11.95
2025-05-14,META_C001,Prospecting - Lookalike Purchasers,CONVERSIONS,24902,15404,214.79,243,0.98,0.88,10.1,7,996.63,30.68,4.64
2025-05-14,META_C002,Retargeting - Add to Cart,CONVERSIONS,25954,19981,134.28,333,1.28,0.4,5.23,5,608.2,26.86,4.53
2025-05-14,META_C003,Brand Awareness - Video,AWARENESS,24029,15867,94.39,324,1.35,0.29,10.68,9,1512.4,10.49,16.02
2025-05-14,META_C004,Catalog Sales - Dynamic,CATALOG_SALES,19369,11656,220.39,464,2.4,0.47,11.38,5,874.04,44.08,3.97
2025-05-14,META_C005,Instagram Stories - Flash Sales,CONVERSIONS,19762,14355,90.55,419,2.12,0.22,4.58,22,3260.47,4.12,36.01
2025-05-15,META_C001,Prospecting - Lookalike Purchasers,CONVERSIONS,15773,9700,149.17,140,0.89,1.07,9.46,6,860.58,24.86,5.77
2025-05-15,META_C002,Retargeting - Add to Cart,CONVERSIONS,8263,5186,79.27,187,2.26,0.42,9.59,4,399.01,19.82,5.03
2025-05-15,META_C003,Brand Awareness - Video,AWARENESS,24714,18068,93.12,206,0.83,0.45,6.45,8,1041.88,11.64,11.19
2025-05-15,META_C004,Catalog Sales - Dynamic,CATALOG_SALES,23708,17947,218.35,444,1.87,0.49,9.21,13,1727.6,16.8,7.91
2025-05-15,META_C005,Instagram Stories - Flash Sales,CONVERSIONS,10630,8449,107.24,240,2.26,0.45,10.09,9,1283.9,11.92,11.97
2025-05-16,META_C001,Prospecting - Lookalike Purchasers,CONVERSIONS,16769,11665,216.99,265,1.58,0.82,18.25,15,2532.29,14.47,11.67
2025-05-16,META_C002,Retargeting - Add to Cart,CONVERSIONS,40062,29375,156.22,952,2.38,0.16,8.7,42,4237.43,3.72,27.12
2025-05-16,META_C003,Brand Awareness - Video,AWARENESS,25144,16242,89.16,498,1.98,0.18,16.31,18,1654.96,4.95,18.56
2025-05-16,META_C004,Catalog Sales - Dynamic,CATALOG_SALES,48738,31543,276.3,670,1.37,0.41,21.2,7,1390.55,39.47,5.03
2025-05-16,META_C005,Instagram Stories - Flash Sales,CONVERSIONS,42928,30293,197.97,549,1.28,0.36,9.55,32,6225.93,6.19,31.45
2025-05-17,META_C001,Prospecting - Lookalike Purchasers,CONVERSIONS,48353,40750,226.5,594,1.23,0.38,9.69,8,1575.56,28.31,6.96
2025-05-17,META_C002,Retargeting - Add to Cart,CONVERSIONS,18638,15174,138.78,155,0.83,0.9,20.29,1,112.44,138.78,0.81
2025-05-17,META_C003,Brand Awareness - Video,AWARENESS,37730,26957,100.44,543,1.44,0.18,17.36,9,1602.05,11.16,15.95
2025-05-17,META_C004,Catalog Sales - Dynamic,CATALOG_SALES,30638,20580,311.05,721,2.35,0.43,20.23,12,1744.17,25.92,5.61
2025-05-17,META_C005,Instagram Stories - Flash Sales,CONVERSIONS,20086,16877,177.9,464,2.31,0.38,11.44,27,4501.97,6.59,25.31
2025-05-18,META_C001,Prospecting - Lookalike Purchasers,CONVERSIONS,21324,15384,241.12,218,1.02,1.11,21.07,4,740.22,60.28,3.07
2025-05-18,META_C002,Retargeting - Add to Cart,CONVERSIONS,39189,30428,143.47,964,2.46,0.15,13.97,25,4105.67,5.74,28.62
2025-05-18,META_C003,Brand Awareness - Video,AWARENESS,23590,14871,101.88,456,1.93,0.22,20.54,8,931.72,12.73,9.15
2025-05-18,META_C004,Catalog Sales - Dynamic,CATALOG_SALES,56091,37703,272.16,1344,2.4,0.2,21.1,74,7012.16,3.68,25.76
2025-05-18,META_C005,Instagram Stories - Flash Sales,CONVERSIONS,49898,32052,188.39,888,1.78,0.21,11.44,23,3525.72,8.19,18.72
2025-05-19,META_C001,Prospecting - Lookalike Purchasers,CONVERSIONS,23508,14236,238.37,463,1.97,0.51,17.14,19,3585.75,12.55,15.04
2025-05-19,META_C002,Retargeting - Add to Cart,CONVERSIONS,36216,21805,147.75,610,1.68,0.24,18.09,27,3391.04,5.47,22.95
2025-05-19,META_C003,Brand Awareness - Video,AWARENESS,22547,17274,94.13,368,1.63,0.26,11.92,12,1869.95,7.84,19.87
2025-05-19,META_C004,Catalog Sales - Dynamic,CATALOG_SALES,17295,14656,280.52,194,1.12,1.45,19.46,2,327.88,140.26,1.17
2025-05-19,META_C005,Instagram Stories - Flash Sales,CONVERSIONS,29946,19685,193.72,581,1.94,0.33,14.08,24,4439.02,8.07,22.91
2025-05-20,META_C001,Prospecting - Lookalike Purchasers,CONVERSIONS,25625,19454,239.9,459,1.79,0.52,9.62,9,1197.78,26.66,4.99
2025-05-20,META_C002,Retargeting - Add to Cart,CONVERSIONS,52396,33381,155.48,868,1.66,0.18,14.95,40,7238.21,3.89,46.55
2025-05-20,META_C003,Brand Awareness - Video,AWARENESS,24966,16341,100.07,225,0.9,0.44,20.14,5,669.19,20.01,6.69
2025-05-20,META_C004,Catalog Sales - Dynamic,CATALOG_SALES,52477,37020,314.8,1116,2.13,0.28,22.81,48,6389.22,6.56,20.3
2025-05-20,META_C005,Instagram Stories - Flash Sales,CONVERSIONS,18949,14084,184.04,373,1.97,0.49,13.79,12,2072.76,15.34,11.26
2025-05-21,META_C001,Prospecting - Lookalike Purchasers,CONVERSIONS,33519,21375,260.05,724,2.16,0.36,15.38,14,1862.6,18.57,7.16
2025-05-21,META_C002,Retargeting - Add to Cart,CONVERSIONS,56822,35850,135.37,1006,1.77,0.13,12.06,30,2963.57,4.51,21.89
2025-05-21,META_C003,Brand Awareness - Video,AWARENESS,43683,27291,95.14,716,1.64,0.13,17.7,9,1442.83,10.57,15.17
2025-05-21,META_C004,Catalog Sales - Dynamic,CATALOG_SALES,34978,24581,291.37,288,0.82,1.01,17.54,4,464.07,72.84,1.59
2025-05-21,META_C005,Instagram Stories - Flash Sales,CONVERSIONS,45831,34106,199.62,1031,2.25,0.19,20.12,29,3710.75,6.88,18.59
2025-05-22,META_C001,Prospecting - Lookalike Purchasers,CONVERSIONS,52564,34660,222.22,1237,2.35,0.18,15.38,37,4194.82,6.01,18.88
2025-05-22,META_C002,Retargeting - Add to Cart,CONVERSIONS,46448,30709,138.53,896,1.93,0.15,23.1,24,4291.13,5.77,30.98
2025-05-22,META_C003,Brand Awareness - Video,AWARENESS,55464,44203,87.04,1315,2.37,0.07,21.58,54,10023.15,1.61,115.16
2025-05-22,META_C004,Catalog Sales - Dynamic,CATALOG_SALES,46115,29996,260.46,914,1.98,0.28,17.75,27,2880.65,9.65,11.06
2025-05-22,META_C005,Instagram Stories - Flash Sales,CONVERSIONS,59086,48761,201.55,1167,1.98,0.17,22.3,49,4981.85,4.11,24.72
2025-05-23,META_C001,Prospecting - Lookalike Purchasers,CONVERSIONS,55624,45627,258.87,967,1.74,0.27,19.97,31,6090.7,8.35,23.53
2025-05-23,META_C002,Retargeting - Add to Cart,CONVERSIONS,36421,27692,146.59,737,2.02,0.2,13.97,30,4398.06,4.89,30.0
2025-05-23,META_C003,Brand Awareness - Video,AWARENESS,29204,22223,85.14,300,1.03,0.28,22.53,4,766.21,21.29,9.0
2025-05-23,META_C004,Catalog Sales - Dynamic,CATALOG_SALES,45160,37841,282.7,969,2.15,0.29,17.33,17,2243.1,16.63,7.93
2025-05-23,META_C005,Instagram Stories - Flash Sales,CONVERSIONS,36516,24634,173.12,415,1.14,0.42,13.94,11,1953.03,15.74,11.28
2025-05-24,META_C001,Prospecting - Lookalike Purchasers,CONVERSIONS,24029,16499,217.19,441,1.84,0.49,9.04,23,4142.36,9.44,19.07
2025-05-24,META_C002,Retargeting - Add to Cart,CONVERSIONS,28556,18111,156.57,555,1.94,0.28,10.5,6,630.27,26.09,4.03
2025-05-24,META_C003,Brand Awareness - Video,AWARENESS,37375,24366,96.46,688,1.84,0.14,20.86,22,2599.67,4.38,26.95
2025-05-24,META_C004,Catalog Sales - Dynamic,CATALOG_SALES,41933,32675,285.3,934,2.23,0.31,13.94,16,2399.59,17.83,8.41
2025-05-24,META_C005,Instagram Stories - Flash Sales,CONVERSIONS,31330,24302,196.82,305,0.97,0.65,8.3,4,678.83,49.2,3.45
2025-05-25,META_C001,Prospecting - Lookalike Purchasers,CONVERSIONS,44175,36388,239.0,884,2.0,0.27,16.31,23,2163.39,10.39,9.05
2025-05-25,META_C002,Retargeting - Add to Cart,CONVERSIONS,26122,17227,155.8,566,2.17,0.28,13.37,32,6395.11,4.87,41.05
2025-05-25,META_C003,Brand Awareness - Video,AWARENESS,35086,23043,102.62,558,1.59,0.18,16.96,19,1990.98,5.4,19.4
2025-05-25,META_C004,Catalog Sales - Dynamic,CATALOG_SALES,34500,24037,308.24,310,0.9,0.99,13.63,18,1636.33,17.12,5.31
2025-05-25,META_C005,Instagram Stories - Flash Sales,CONVERSIONS,57606,42456,177.49,1101,1.91,0.16,19.24,59,6215.23,3.01,35.02
2025-05-26,META_C001,Prospecting - Lookalike Purchasers,CONVERSIONS,21591,14595,218.03,421,1.95,0.52,10.59,8,1306.97,27.25,5.99
2025-05-26,META_C002,Retargeting - Add to Cart,CONVERSIONS,53924,41144,144.71,792,1.47,0.18,9.91,21,2625.81,6.89,18.15
2025-05-26,META_C003,Brand Awareness - Video,AWARENESS,56895,44698,94.52,762,1.34,0.12,10.14,44,8693.66,2.15,91.98
2025-05-26,META_C004,Catalog Sales - Dynamic,CATALOG_SALES,30059,20681,283.76,349,1.16,0.81,17.59,15,1901.31,18.92,6.7
2025-05-26,META_C005,Instagram Stories - Flash Sales,CONVERSIONS,44763,31151,196.71,745,1.66,0.26,19.2,33,4643.31,5.96,23.6
2025-05-27,META_C001,Prospecting - Lookalike Purchasers,CONVERSIONS,21110,13627,215.66,424,2.01,0.51,11.94,12,1203.45,17.97,5.58
2025-05-27,META_C002,Retargeting - Add to Cart,CONVERSIONS,52078,40147,134.92,550,1.06,0.25,15.24,18,3372.79,7.5,25.0
2025-05-27,META_C003,Brand Awareness - Video,AWARENESS,24289,18026,97.74,375,1.54,0.26,23.39,17,3071.96,5.75,31.43
2025-05-27,META_C004,Catalog Sales - Dynamic,CATALOG_SALES,41982,34339,304.8,1015,2.42,0.3,16.23,35,5479.26,8.71,17.98
2025-05-27,META_C005,Instagram Stories - Flash Sales,CONVERSIONS,42816,34054,171.09,876,2.05,0.2,21.17,43,7183.03,3.98,41.98
2025-05-28,META_C001,Prospecting - Lookalike Purchasers,CONVERSIONS,47402,28931,253.41,1131,2.39,0.22,15.07,24,3689.07,10.56,14.56
2025-05-28,META_C002,Retargeting - Add to Cart,CONVERSIONS,51390,40500,128.06,1043,2.03,0.12,17.9,50,8475.67,2.56,66.19
2025-05-28,META_C003,Brand Awareness - Video,AWARENESS,49695,35170,100.42,886,1.78,0.11,23.9,50,9495.09,2.01,94.55
2025-05-28,META_C004,Catalog Sales - Dynamic,CATALOG_SALES,51840,38409,274.72,635,1.22,0.43,16.43,22,3378.23,12.49,12.3
2025-05-28,META_C005,Instagram Stories - Flash Sales,CONVERSIONS,26759,22227,191.06,412,1.54,0.46,16.92,5,935.32,38.21,4.9
2025-05-29,META_C001,Prospecting - Lookalike Purchasers,CONVERSIONS,29947,22778,241.72,507,1.69,0.48,17.72,9,1087.8,26.86,4.5
2025-05-29,META_C002,Retargeting - Add to Cart,CONVERSIONS,39064,31147,133.62,370,0.95,0.36,14.91,15,2048.51,8.91,15.33
2025-05-29,META_C003,Brand Awareness - Video,AWARENESS,21516,16537,95.18,284,1.32,0.34,11.32,16,1841.79,5.95,19.35
2025-05-29,META_C004,Catalog Sales - Dynamic,CATALOG_SALES,34476,28955,293.68,461,1.34,0.64,13.1,7,1113.21,41.95,3.79
2025-05-29,META_C005,Instagram Stories - Flash Sales,CONVERSIONS,56305,40153,194.36,847,1.5,0.23,18.02,34,4029.85,5.72,20.73
2025-05-30,META_C001,Prospecting - Lookalike Purchasers,CONVERSIONS,32633,23188,229.92,613,1.88,0.38,21.82,12,1413.39,19.16,6.15
2025-05-30,META_C002,Retargeting - Add to Cart,CONVERSIONS,44530,35204,137.55,1045,2.35,0.13,15.39,17,2877.74,8.09,20.92
2025-05-30,META_C003,Brand Awareness - Video,AWARENESS,46367,35821,99.56,608,1.31,0.16,22.97,16,2128.36,6.22,21.38
2025-05-30,META_C004,Catalog Sales - Dynamic,CATALOG_SALES,17355,14376,159.26,354,2.04,0.45,9.18,18,2715.66,8.85,17.05
2025-05-30,META_C005,Instagram Stories - Flash Sales,CONVERSIONS,47911,32372,183.74,1118,2.33,0.16,19.93,20,2494.67,9.19,13.58
2025-05-31,META_C001,Prospecting - Lookalike Purchasers,CONVERSIONS,37945,30126,223.04,396,1.04,0.56,19.98,9,1288.92,24.78,5.78
2025-05-31,META_C002,Retargeting - Add to Cart,CONVERSIONS,39716,28090,140.33,956,2.41,0.15,18.61,22,3498.24,6.38,24.93
2025-05-31,META_C003,Brand Awareness - Video,AWARENESS,42900,28759,92.31,469,1.09,0.2,14.59,15,1987.99,6.15,21.54
2025-05-31,META_C004,Catalog Sales - Dynamic,CATALOG_SALES,23845,16988,262.88,243,1.02,1.08,14.75,10,1677.24,26.29,6.38
2025-05-31,META_C005,Instagram Stories - Flash Sales,CONVERSIONS,57411,35695,172.07,978,1.7,0.18,9.89,40,5375.5,4.3,31.24
2025-06-01,META_C001,Prospecting - Lookalike Purchasers,CONVERSIONS,51107,39437,219.39,459,0.9,0.48,23.77,10,920.96,21.94,4.2
2025-06-01,META_C002,Retargeting - Add to Cart,CONVERSIONS,57034,38554,137.04,694,1.22,0.2,16.84,12,1502.88,11.42,10.97
2025-06-01,META_C003,Brand Awareness - Video,AWARENESS,43078,36310,95.65,370,0.86,0.26,16.93,19,1803.72,5.03,18.86
2025-06-01,META_C004,Catalog Sales - Dynamic,CATALOG_SALES,55874,41048,282.1,1392,2.49,0.2,10.7,35,4187.42,8.06,14.84
2025-06-01,META_C005,Instagram Stories - Flash Sales,CONVERSIONS,21192,15878,199.79,500,2.36,0.4,9.43,28,2852.38,7.14,14.28
2025-06-02,META_C001,Prospecting - Lookalike Purchasers,CONVERSIONS,40563,25322,253.25,695,1.71,0.36,17.15,37,6592.81,6.84,26.03
2025-06-02,META_C002,Retargeting - Add to Cart,CONVERSIONS,28168,21337,139.38,339,1.2,0.41,8.12,19,2557.26,7.34,18.35
2025-06-02,META_C003,Brand Awareness - Video,AWARENESS,44778,35060,99.72,578,1.29,0.17,20.37,25,3759.78,3.99,37.7
2025-06-02,META_C004,Catalog Sales - Dynamic,CATALOG_SALES,42284,25379,310.84,546,1.29,0.57,12.13,17,1879.08,18.28,6.05
2025-06-02,META_C005,Instagram Stories - Flash Sales,CONVERSIONS,22098,14411,206.76,299,1.35,0.69,16.86,7,1064.39,29.54,5.15
2025-06-03,META_C001,Prospecting - Lookalike Purchasers,CONVERSIONS,31696,26231,237.02,540,1.7,0.44,14.05,26,3952.77,9.12,16.68
2025-06-03,META_C002,Retargeting - Add to Cart,CONVERSIONS,26522,16735,151.55,222,0.84,0.68,23.0,11,1704.62,13.78,11.25
2025-06-03,META_C003,Brand Awareness - Video,AWARENESS,38831,23417,88.96,791,2.04,0.11,20.49,8,1420.79,11.12,15.97
2025-06-03,META_C004,Catalog Sales - Dynamic,CATALOG_SALES,17013,11211,209.13,275,1.62,0.76,12.29,6,1195.57,34.85,5.72
2025-06-03,META_C005,Instagram Stories - Flash Sales,CONVERSIONS,41518,30790,186.35,419,1.01,0.44,11.53,20,2528.55,9.32,13.57
2025-06-04,META_C001,Prospecting - Lookalike Purchasers,CONVERSIONS,49086,34012,221.06,393,0.8,0.56,23.82,15,2922.37,14.74,13.22
2025-06-04,META_C002,Retargeting - Add to Cart,CONVERSIONS,44470,27635,154.78,360,0.81,0.43,16.65,6,1077.61,25.8,6.96
2025-06-04,META_C003,Brand Awareness - Video,AWARENESS,55331,42980,86.8,955,1.73,0.09,23.86,42,7026.22,2.07,80.95
2025-06-04,META_C004,Catalog Sales - Dynamic,CATALOG_SALES,50913,42227,257.58,721,1.42,0.36,13.79,31,3517.89,8.31,13.66
2025-06-04,META_C005,Instagram Stories - Flash Sales,CONVERSIONS,51638,33819,190.32,1050,2.03,0.18,8.16,28,4826.6,6.8,25.36
2025-06-05,META_C001,Prospecting - Lookalike Purchasers,CONVERSIONS,35289,22688,248.03,513,1.45,0.48,9.45,28,4183.99,8.86,16.87
2025-06-05,META_C002,Retargeting - Add to Cart,CONVERSIONS,31331,21532,145.31,560,1.79,0.26,10.1,27,3027.55,5.38,20.84
2025-06-05,META_C003,Brand Awareness - Video,AWARENESS,28794,17976,93.56,702,2.44,0.13,12.73,29,5107.37,3.23,54.59
2025-06-05,META_C004,Catalog Sales - Dynamic,CATALOG_SALES,30322,19288,270.39,543,1.79,0.5,12.11,14,2580.39,19.31,9.54
2025-06-05,META_C005,Instagram Stories - Flash Sales,CONVERSIONS,59495,40803,196.3,672,1.13,0.29,19.28,37,4141.73,5.31,21.1
2025-06-06,META_C001,Prospecting - Lookalike Purchasers,CONVERSIONS,48426,33263,235.27,1099,2.27,0.21,13.87,18,1728.05,13.07,7.34
2025-06-06,META_C002,Retargeting - Add to Cart,CONVERSIONS,33689,20681,150.31,759,2.25,0.2,19.0,35,6677.95,4.29,44.43
2025-06-06,META_C003,Brand Awareness - Video,AWARENESS,48925,40804,95.0,1218,2.49,0.08,11.09,53,9892.48,1.79,104.13
2025-06-06,META_C004,Catalog Sales - Dynamic,CATALOG_SALES,17337,14180,265.25,146,0.84,1.82,19.16,3,572.21,88.42,2.16
2025-06-06,META_C005,Instagram Stories - Flash Sales,CONVERSIONS,45397,37673,207.47,720,1.59,0.29,15.14,14,1493.15,14.82,7.2
2025-06-07,META_C001,Prospecting - Lookalike Purchasers,CONVERSIONS,59727,40821,212.92,767,1.28,0.28,10.56,41,6098.38,5.19,28.64
2025-06-07,META_C002,Retargeting - Add to Cart,CONVERSIONS,43827,36402,152.65,591,1.35,0.26,16.21,34,3354.76,4.49,21.98
2025-06-07,META_C003,Brand Awareness - Video,AWARENESS,47892,36644,92.78,637,1.33,0.15,11.07,9,1388.94,10.31,14.97
2025-06-07,META_C004,Catalog Sales - Dynamic,CATALOG_SALES,59721,44187,257.42,619,1.04,0.42,16.72,22,4364.13,11.7,16.95
2025-06-07,META_C005,Instagram Stories - Flash Sales,CONVERSIONS,54570,37383,192.11,1072,1.96,0.18,16.69,47,8313.23,4.09,43.27
2025-06-08,META_C001,Prospecting - Lookalike Purchasers,CONVERSIONS,17098,14292,155.95,404,2.36,0.39,9.12,13,1261.0,12.0,8.09
2025-06-08,META_C002,Retargeting - Add to Cart,CONVERSIONS,26086,19425,140.21,354,1.36,0.4,9.41,17,1735.95,8.25,12.38
2025-06-08,META_C003,Brand Awareness - Video,AWARENESS,46043,32305,89.11,845,1.84,0.11,17.4,36,3518.12,2.48,39.48
2025-06-08,META_C004,Catalog Sales - Dynamic,CATALOG_SALES,52271,42617,291.19,946,1.81,0.31,9.02,10,1276.58,29.12,4.38
2025-06-08,META_C005,Instagram Stories - Flash Sales,CONVERSIONS,58632,43320,197.03,497,0.85,0.4,22.93,6,1016.64,32.84,5.16
2025-06-09,META_C001,Prospecting - Lookalike Purchasers,CONVERSIONS,40400,25524,253.01,840,2.08,0.3,17.83,18,2131.23,14.06,8.42
2025-06-09,META_C002,Retargeting - Add to Cart,CONVERSIONS,58584,48147,152.22,629,1.07,0.24,13.09,12,1319.18,12.69,8.67
2025-06-09,META_C003,Brand Awareness - Video,AWARENESS,19859,16158,90.18,445,2.24,0.2,17.26,22,2224.3,4.1,24.67
2025-06-09,META_C004,Catalog Sales - Dynamic,CATALOG_SALES,44342,34607,298.39,482,1.09,0.62,19.45,12,2194.32,24.87,7.35
2025-06-09,META_C005,Instagram Stories - Flash Sales,CONVERSIONS,55529,37193,204.39,800,1.44,0.26,8.37,21,2691.57,9.73,13.17
2025-06-10,META_C001,Prospecting - Lookalike Purchasers,CONVERSIONS,34290,23816,216.45,840,2.45,0.26,17.06,47,9060.88,4.61,41.86
2025-06-10,META_C002,Retargeting - Add to Cart,CONVERSIONS,54688,41840,128.98,529,0.97,0.24,11.54,13,1890.55,9.92,14.66
2025-06-10,META_C003,Brand Awareness - Video,AWARENESS,59703,42321,98.9,661,1.11,0.15,16.39,37,5483.17,2.67,55.44
2025-06-10,META_C004,Catalog Sales - Dynamic,CATALOG_SALES,28155,23474,284.02,502,1.78,0.57,18.01,23,2460.98,12.35,8.66
2025-06-10,META_C005,Instagram Stories - Flash Sales,CONVERSIONS,54052,45397,197.29,1222,2.26,0.16,17.07,35,6972.4,5.64,35.34
2025-06-11,META_C001,Prospecting - Lookalike Purchasers,CONVERSIONS,45942,32435,238.58,454,0.99,0.53,18.84,22,3345.79,10.84,14.02
2025-06-11,META_C002,Retargeting - Add to Cart,CONVERSIONS,51017,32585,150.5,1265,2.48,0.12,16.61,68,12585.34,2.21,83.62
2025-06-11,META_C003,Brand Awareness - Video,AWARENESS,26888,21765,88.96,265,0.99,0.34,10.71,14,1426.71,6.35,16.04
2025-06-11,META_C004,Catalog Sales - Dynamic,CATALOG_SALES,22076,14602,307.81,333,1.51,0.92,17.16,12,1299.77,25.65,4.22
2025-06-11,META_C005,Instagram Stories - Flash Sales,CONVERSIONS,27701,17548,193.61,355,1.28,0.55,14.56,18,3562.85,10.76,18.4
2025-06-12,META_C001,Prospecting - Lookalike Purchasers,CONVERSIONS,21286,12866,222.03,298,1.4,0.75,20.64,8,1526.61,27.75,6.88
2025-06-12,META_C002,Retargeting - Add to Cart,CONVERSIONS,44988,27449,133.49,603,1.34,0.22,8.24,20,3643.25,6.67,27.29
2025-06-12,META_C003,Brand Awareness - Video,AWARENESS,29851,20720,85.18,723,2.42,0.12,13.27,12,1459.72,7.1,17.14
2025-06-12,META_C004,Catalog Sales - Dynamic,CATALOG_SALES,21689,15673,261.04,336,1.55,0.78,22.91,3,524.4,87.01,2.01
2025-06-12,META_C005,Instagram Stories - Flash Sales,CONVERSIONS,44213,34261,206.31,661,1.5,0.31,15.56,23,3829.08,8.97,18.56
2025-06-13,META_C001,Prospecting - Lookalike Purchasers,CONVERSIONS,38904,25183,217.11,597,1.53,0.36,13.07,24,2472.92,9.05,11.39
2025-06-13,META_C002,Retargeting - Add to Cart,CONVERSIONS,43745,36011,134.16,1014,2.32,0.13,13.4,45,4571.7,2.98,34.08
2025-06-13,META_C003,Brand Awareness - Video,AWARENESS,33956,26095,97.37,599,1.76,0.16,17.19,29,3632.16,3.36,37.3
2025-06-13,META_C004,Catalog Sales - Dynamic,CATALOG_SALES,47172,39990,302.46,574,1.22,0.53,14.24,13,2506.86,23.27,8.29
2025-06-13,META_C005,Instagram Stories - Flash Sales,CONVERSIONS,17141,11216,186.07,320,1.87,0.58,15.73,6,586.56,31.01,3.15
2025-06-14,META_C001,Prospecting - Lookalike Purchasers,CONVERSIONS,32250,23577,242.57,558,1.73,0.43,16.99,12,2089.21,20.21,8.61
2025-06-14,META_C002,Retargeting - Add to Cart,CONVERSIONS,19862,12902,135.89,325,1.64,0.42,19.83,8,1166.14,16.99,8.58
2025-06-14,META_C003,Brand Awareness - Video,AWARENESS,31252,26518,97.54,721,2.31,0.14,13.72,30,4567.33,3.25,46.83
2025-06-14,META_C004,Catalog Sales - Dynamic,CATALOG_SALES,41046,29722,258.03,945,2.3,0.27,20.92,37,6784.91,6.97,26.3
2025-06-14,META_C005,Instagram Stories - Flash Sales,CONVERSIONS,16457,13450,163.29,248,1.51,0.66,9.92,10,1591.01,16.33,9.74
2025-06-15,META_C001,Prospecting - Lookalike Purchasers,CONVERSIONS,17392,12672,162.21,357,2.05,0.45,9.33,5,733.67,32.44,4.52
2025-06-15,META_C002,Retargeting - Add to Cart,CONVERSIONS,32381,21819,143.11,359,1.11,0.4,17.44,5,747.91,28.62,5.23
2025-06-15,META_C003,Brand Awareness - Video,AWARENESS,24382,15802,96.33,443,1.82,0.22,6.37,7,1093.34,13.76,11.35
2025-06-15,META_C004,Catalog Sales - Dynamic,CATALOG_SALES,43415,36667,303.42,501,1.15,0.61,16.66,8,1111.55,37.93,3.66
2025-06-15,META_C005,Instagram Stories - Flash Sales,CONVERSIONS,32447,26368,189.19,616,1.9,0.31,8.78,19,2659.26,9.96,14.06
2025-06-16,META_C001,Prospecting - Lookalike Purchasers,CONVERSIONS,19428,16449,227.35,227,1.17,1.0,11.7,8,944.71,28.42,4.16
2025-06-16,META_C002,Retargeting - Add to Cart,CONVERSIONS,18677,12493,112.68,272,1.46,0.41,6.03,14,1322.69,8.05,11.74
2025-06-16,META_C003,Brand Awareness - Video,AWARENESS,13425,11028,85.04,148,1.1,0.57,7.52,7,1248.09,12.15,14.68
2025-06-16,META_C004,Catalog Sales - Dynamic,CATALOG_SALES,23224,17812,280.71,208,0.9,1.35,12.09,10,1087.66,28.07,3.87
2025-06-16,META_C005,Instagram Stories - Flash Sales,CONVERSIONS,24923,16149,197.13,431,1.73,0.46,14.43,19,3046.69,10.38,15.46
2025-06-17,META_C001,Prospecting - Lookalike Purchasers,CONVERSIONS,37622,24824,220.08,575,1.53,0.38,11.15,25,4151.33,8.8,18.86
2025-06-17,META_C002,Retargeting - Add to Cart,CONVERSIONS,35411,23980,138.52,851,2.4,0.16,13.95,23,3595.64,6.02,25.96
2025-06-17,META_C003,Brand Awareness - Video,AWARENESS,36754,30380,92.21,562,1.53,0.16,11.26,14,2267.04,6.59,24.59
2025-06-17,META_C004,Catalog Sales - Dynamic,CATALOG_SALES,42779,27015,308.86,415,0.97,0.74,12.73,14,2592.45,22.06,8.39
2025-06-17,META_C005,Instagram Stories - Flash Sales,CONVERSIONS,41714,30392,174.23,749,1.8,0.23,6.3,12,1277.23,14.52,7.33
2025-06-18,META_C001,Prospecting - Lookalike Purchasers,CONVERSIONS,37479,29521,217.79,426,1.14,0.51,16.11,22,3725.03,9.9,17.1
2025-06-18,META_C002,Retargeting - Add to Cart,CONVERSIONS,38596,32707,143.11,512,1.33,0.28,16.37,19,3044.65,7.53,21.27
2025-06-18,META_C003,Brand Awareness - Video,AWARENESS,23065,18284,100.59,197,0.85,0.51,7.11,6,1108.55,16.77,11.02
2025-06-18,META_C004,Catalog Sales - Dynamic,CATALOG_SALES,14854,10835,117.54,329,2.21,0.36,7.91,18,3352.47,6.53,28.52
2025-06-18,META_C005,Instagram Stories - Flash Sales,CONVERSIONS,36306,23461,189.87,653,1.8,0.29,9.63,32,3678.9,5.93,19.38
2025-06-19,META_C001,Prospecting - Lookalike Purchasers,CONVERSIONS,16233,11698,128.14,288,1.77,0.44,7.89,13,1260.71,9.86,9.84
2025-06-19,META_C002,Retargeting - Add to Cart,CONVERSIONS,43835,26301,147.89,384,0.88,0.39,9.91,5,492.17,29.58,3.33
2025-06-19,META_C003,Brand Awareness - Video,AWARENESS,31189,25699,97.07,432,1.39,0.22,12.67,4,369.51,24.27,3.81
2025-06-19,META_C004,Catalog Sales - Dynamic,CATALOG_SALES,41314,25847,264.87,804,1.95,0.33,18.0,46,5973.18,5.76,22.55
2025-06-19,META_C005,Instagram Stories - Flash Sales,CONVERSIONS,36236,24920,178.07,795,2.19,0.22,9.66,18,2180.65,9.89,12.25
2025-06-20,META_C001,Prospecting - Lookalike Purchasers,CONVERSIONS,44966,30659,262.0,642,1.43,0.41,11.07,18,3258.87,14.56,12.44
2025-06-20,META_C002,Retargeting - Add to Cart,CONVERSIONS,22293,14678,148.52,194,0.87,0.77,11.08,5,640.43,29.7,4.31
2025-06-20,META_C003,Brand Awareness - Video,AWARENESS,20079,15331,97.13,332,1.65,0.29,9.48,6,715.93,16.19,7.37
2025-06-20,META_C004,Catalog Sales - Dynamic,CATALOG_SALES,17629,10826,236.76,190,1.08,1.25,13.43,7,1386.21,33.82,5.85
2025-06-20,META_C005,Instagram Stories - Flash Sales,CONVERSIONS,14455,10445,171.84,306,2.12,0.56,14.8,18,1795.21,9.55,10.45
2025-06-21,META_C001,Prospecting - Lookalike Purchasers,CONVERSIONS,39133,27183,237.16,360,0.92,0.66,7.73,12,1105.55,19.76,4.66
2025-06-21,META_C002,Retargeting - Add to Cart,CONVERSIONS,36044,26023,133.39,509,1.41,0.26,11.51,9,1538.04,14.82,11.53
2025-06-21,META_C003,Brand Awareness - Video,AWARENESS,18567,14003,98.14,319,1.72,0.31,9.36,9,1476.27,10.9,15.04
2025-06-21,META_C004,Catalog Sales - Dynamic,CATALOG_SALES,25718,20711,287.44,589,2.29,0.49,14.76,30,4455.07,9.58,15.5
2025-06-21,META_C005,Instagram Stories - Flash Sales,CONVERSIONS,14258,10572,146.33,270,1.89,0.54,10.26,11,1804.96,13.3,12.33
2025-06-22,META_C001,Prospecting - Lookalike Purchasers,CONVERSIONS,34415,21589,244.03,514,1.49,0.47,8.3,24,2489.76,10.17,10.2
2025-06-22,META_C002,Retargeting - Add to Cart,CONVERSIONS,18320,13549,135.49,273,1.49,0.5,12.01,3,282.22,45.16,2.08
2025-06-22,META_C003,Brand Awareness - Video,AWARENESS,15132,11261,90.2,129,0.85,0.7,16.36,5,920.44,18.04,10.2
2025-06-22,META_C004,Catalog Sales - Dynamic,CATALOG_SALES,16559,11532,130.9,314,1.9,0.42,7.9,18,2962.77,7.27,22.63
2025-06-22,META_C005,Instagram Stories - Flash Sales,CONVERSIONS,44498,31531,178.2,445,1.0,0.4,16.77,20,2617.1,8.91,14.69
2025-06-23,META_C001,Prospecting - Lookalike Purchasers,CONVERSIONS,22483,17262,224.87,294,1.31,0.76,10.0,14,1741.08,16.06,7.74
2025-06-23,META_C002,Retargeting - Add to Cart,CONVERSIONS,29654,17964,146.11,334,1.13,0.44,15.5,6,713.25,24.35,4.88
2025-06-23,META_C003,Brand Awareness - Video,AWARENESS,31025,22867,98.88,717,2.31,0.14,9.29,8,1087.13,12.36,10.99
2025-06-23,META_C004,Catalog Sales - Dynamic,CATALOG_SALES,31586,23582,196.92,285,0.9,0.69,6.23,10,1609.93,19.69,8.18
2025-06-23,META_C005,Instagram Stories - Flash Sales,CONVERSIONS,17271,11800,171.98,195,1.13,0.88,9.96,7,1232.86,24.57,7.17
2025-06-24,META_C001,Prospecting - Lookalike Purchasers,CONVERSIONS,39376,30187,253.65,811,2.06,0.31,9.59,36,3506.65,7.05,13.82
2025-06-24,META_C002,Retargeting - Add to Cart,CONVERSIONS,13427,10390,150.71,297,2.21,0.51,17.34,11,1358.55,13.7,9.01
2025-06-24,META_C003,Brand Awareness - Video,AWARENESS,34365,26735,103.93,489,1.42,0.21,14.1,5,949.64,20.79,9.14
2025-06-24,META_C004,Catalog Sales - Dynamic,CATALOG_SALES,17296,13392,273.61,382,2.21,0.72,16.48,10,1773.68,27.36,6.48
2025-06-24,META_C005,Instagram Stories - Flash Sales,CONVERSIONS,14304,10925,189.66,281,1.96,0.67,14.13,15,2560.86,12.64,13.5
2025-06-25,META_C001,Prospecting - Lookalike Purchasers,CONVERSIONS,43722,31136,225.69,1082,2.47,0.21,12.34,13,1682.83,17.36,7.46
2025-06-25,META_C002,Retargeting - Add to Cart,CONVERSIONS,21824,15203,138.54,514,2.36,0.27,17.01,16,2944.39,8.66,21.25
2025-06-25,META_C003,Brand Awareness - Video,AWARENESS,29217,19804,93.49,362,1.24,0.26,11.39,8,884.08,11.69,9.46
2025-06-25,META_C004,Catalog Sales - Dynamic,CATALOG_SALES,23088,17456,245.63,572,2.48,0.43,10.64,16,2254.25,15.35,9.18
2025-06-25,META_C005,Instagram Stories - Flash Sales,CONVERSIONS,17415,12156,178.7,193,1.11,0.93,14.72,5,900.26,35.74,5.04
2025-06-26,META_C001,Prospecting - Lookalike Purchasers,CONVERSIONS,32580,27347,220.06,284,0.87,0.77,16.85,8,1179.43,27.51,5.36
2025-06-26,META_C002,Retargeting - Add to Cart,CONVERSIONS,29013,18380,128.91,651,2.24,0.2,7.5,37,3800.84,3.48,29.48
2025-06-26,META_C003,Brand Awareness - Video,AWARENESS,19033,11847,104.17,236,1.24,0.44,16.53,5,649.47,20.83,6.23
2025-06-26,META_C004,Catalog Sales - Dynamic,CATALOG_SALES,28581,22024,312.06,277,0.97,1.13,12.05,13,1648.31,24.0,5.28
2025-06-26,META_C005,Instagram Stories - Flash Sales,CONVERSIONS,24459,19009,198.65,518,2.12,0.38,17.15,24,3007.38,8.28,15.14
2025-06-27,META_C001,Prospecting - Lookalike Purchasers,CONVERSIONS,36978,29439,239.34,773,2.09,0.31,12.4,39,4956.57,6.14,20.71
2025-06-27,META_C002,Retargeting - Add to Cart,CONVERSIONS,38451,30897,149.01,429,1.12,0.35,8.81,6,919.2,24.83,6.17
2025-06-27,META_C003,Brand Awareness - Video,AWARENESS,41985,25563,95.13,950,2.26,0.1,15.92,49,9127.8,1.94,95.95
2025-06-27,META_C004,Catalog Sales - Dynamic,CATALOG_SALES,37372,30299,273.23,453,1.21,0.6,8.11,21,2244.92,13.01,8.22
2025-06-27,META_C005,Instagram Stories - Flash Sales,CONVERSIONS,18013,14765,205.02,186,1.03,1.1,14.47,5,605.73,41.0,2.95
2025-06-28,META_C001,Prospecting - Lookalike Purchasers,CONVERSIONS,12319,8267,130.03,217,1.76,0.6,10.55,6,570.66,21.67,4.39
2025-06-28,META_C002,Retargeting - Add to Cart,CONVERSIONS,35231,27561,142.07,862,2.45,0.16,16.01,48,7231.14,2.96,50.9
2025-06-28,META_C003,Brand Awareness - Video,AWARENESS,26683,16030,96.3,638,2.39,0.15,14.53,25,4980.35,3.85,51.72
2025-06-28,META_C004,Catalog Sales - Dynamic,CATALOG_SALES,40176,33683,263.96,865,2.15,0.31,9.93,42,4756.89,6.28,18.02
2025-06-28,META_C005,Instagram Stories - Flash Sales,CONVERSIONS,37236,27759,190.07,887,2.38,0.21,7.31,31,5479.46,6.13,28.83
2025-06-29,META_C001,Prospecting - Lookalike Purchasers,CONVERSIONS,12954,10130,224.91,178,1.37,1.26,17.36,7,1335.52,32.13,5.94
2025-06-29,META_C002,Retargeting - Add to Cart,CONVERSIONS,17833,12499,140.44,306,1.72,0.46,7.88,17,2301.4,8.26,16.39
2025-06-29,META_C003,Brand Awareness - Video,AWARENESS,30709,25221,98.48,640,2.08,0.15,9.86,16,1729.24,6.16,17.56
2025-06-29,META_C004,Catalog Sales - Dynamic,CATALOG_SALES,28596,19708,263.01,472,1.65,0.56,9.2,24,2675.64,10.96,10.17
2025-06-29,META_C005,Instagram Stories - Flash Sales,CONVERSIONS,43001,34340,185.59,699,1.63,0.27,15.7,27,4775.6,6.87,25.73
2025-06-30,META_C001,Prospecting - Lookalike Purchasers,CONVERSIONS,40018,24791,259.37,723,1.81,0.36,16.85,13,2340.33,19.95,9.02
2025-06-30,META_C002,Retargeting - Add to Cart,CONVERSIONS,30103,24211,130.1,551,1.83,0.24,15.78,18,3493.32,7.23,26.85
2025-06-30,META_C003,Brand Awareness - Video,AWARENESS,21789,14195,87.97,428,1.96,0.21,16.77,10,1524.63,8.8,17.33
2025-06-30,META_C004,Catalog Sales - Dynamic,CATALOG_SALES,32335,22774,262.91,473,1.46,0.56,17.7,14,2231.81,18.78,8.49
2025-06-30,META_C005,Instagram Stories - Flash Sales,CONVERSIONS,25439,15880,186.64,351,1.38,0.53,17.37,11,1252.08,16.97,6.71
2025-07-01,META_C001,Prospecting - Lookalike Purchasers,CONVERSIONS,15307,9752,122.45,231,1.51,0.53,8.0,9,1432.6,13.61,11.7
2025-07-01,META_C002,Retargeting - Add to Cart,CONVERSIONS,12003,9965,156.42,169,1.41,0.93,15.87,7,759.38,22.35,4.85
2025-07-01,META_C003,Brand Awareness - Video,AWARENESS,38962,24949,94.82,705,1.81,0.13,9.91,26,2631.99,3.65,27.76
2025-07-01,META_C004,Catalog Sales - Dynamic,CATALOG_SALES,25915,21528,290.45,459,1.77,0.63,16.47,7,784.2,41.49,2.7
2025-07-01,META_C005,Instagram Stories - Flash Sales,CONVERSIONS,20337,14684,188.43,206,1.01,0.91,14.78,6,647.34,31.41,3.44
2025-07-02,META_C001,Prospecting - Lookalike Purchasers,CONVERSIONS,36787,23603,247.17,437,1.19,0.57,11.79,6,911.78,41.2,3.69
2025-07-02,META_C002,Retargeting - Add to Cart,CONVERSIONS,13788,10298,137.38,224,1.62,0.61,15.04,12,1701.86,11.45,12.39
2025-07-02,META_C003,Brand Awareness - Video,AWARENESS,44886,28693,98.05,1024,2.28,0.1,14.51,14,1691.52,7.0,17.25
2025-07-02,META_C004,Catalog Sales - Dynamic,CATALOG_SALES,16361,13633,181.93,212,1.3,0.86,11.12,3,367.86,60.64,2.02
2025-07-02,META_C005,Instagram Stories - Flash Sales,CONVERSIONS,31706,25723,206.59,385,1.21,0.54,10.62,17,2905.78,12.15,14.07
2025-07-03,META_C001,Prospecting - Lookalike Purchasers,CONVERSIONS,21040,12765,214.76,490,2.33,0.44,10.38,28,4784.97,7.67,22.28
2025-07-03,META_C002,Retargeting - Add to Cart,CONVERSIONS,35980,23754,151.56,629,1.75,0.24,6.89,27,4745.53,5.61,31.31
2025-07-03,META_C003,Brand Awareness - Video,AWARENESS,25511,16228,94.08,562,2.2,0.17,15.54,17,1935.82,5.53,20.58
2025-07-03,META_C004,Catalog Sales - Dynamic,CATALOG_SALES,17643,13867,227.57,288,1.63,0.79,12.9,10,1163.36,22.76,5.11
2025-07-03,META_C005,Instagram Stories - Flash Sales,CONVERSIONS,24479,16476,190.02,267,1.09,0.71,10.66,7,926.83,27.15,4.88
2025-07-04,META_C001,Prospecting - Lookalike Purchasers,CONVERSIONS,21438,18214,147.57,235,1.1,0.63,6.88,12,2286.74,12.3,15.5
2025-07-04,META_C002,Retargeting - Add to Cart,CONVERSIONS,25248,20346,131.7,337,1.33,0.39,9.0,9,1203.38,14.63,9.14
2025-07-04,META_C003,Brand Awareness - Video,AWARENESS,24307,17082,89.91,202,0.83,0.45,14.52,6,835.87,14.98,9.3
2025-07-04,META_C004,Catalog Sales - Dynamic,CATALOG_SALES,13982,8856,169.45,320,2.29,0.53,12.12,5,461.07,33.89,2.72
2025-07-04,META_C005,Instagram Stories - Flash Sales,CONVERSIONS,26769,22661,184.16,221,0.83,0.83,13.61,7,788.98,26.31,4.28
2025-07-05,META_C001,Prospecting - Lookalike Purchasers,CONVERSIONS,33375,24889,215.94,695,2.08,0.31,9.18,27,4931.11,8.0,22.84
2025-07-05,META_C002,Retargeting - Add to Cart,CONVERSIONS,20573,15701,136.25,394,1.92,0.35,7.42,20,2506.04,6.81,18.39
2025-07-05,META_C003,Brand Awareness - Video,AWARENESS,38362,29517,102.53,638,1.66,0.16,10.18,27,3902.03,3.8,38.06
2025-07-05,META_C004,Catalog Sales - Dynamic,CATALOG_SALES,26939,21874,256.9,618,2.29,0.42,9.54,31,4039.97,8.29,15.73
2025-07-05,META_C005,Instagram Stories - Flash Sales,CONVERSIONS,18119,13931,125.84,171,0.94,0.74,6.95,6,557.96,20.97,4.43
2025-07-06,META_C001,Prospecting - Lookalike Purchasers,CONVERSIONS,32764,25172,221.25,318,0.97,0.7,11.85,8,1129.38,27.66,5.1
2025-07-06,META_C002,Retargeting - Add to Cart,CONVERSIONS,33192,19925,148.88,516,1.55,0.29,14.53,14,2557.16,10.63,17.18
2025-07-06,META_C003,Brand Awareness - Video,AWARENESS,37891,32048,103.14,359,0.95,0.29,10.46,10,1411.91,10.31,13.69
2025-07-06,META_C004,Catalog Sales - Dynamic,CATALOG_SALES,26548,20077,213.51,461,1.74,0.46,8.04,25,2257.24,8.54,10.57
2025-07-06,META_C005,Instagram Stories - Flash Sales,CONVERSIONS,32789,23054,199.75,388,1.18,0.51,12.06,7,1171.32,28.54,5.86
2025-07-07,META_C001,Prospecting - Lookalike Purchasers,CONVERSIONS,29205,19228,235.48,576,1.97,0.41,11.81,5,772.72,47.1,3.28
2025-07-07,META_C002,Retargeting - Add to Cart,CONVERSIONS,31987,25153,140.71,442,1.38,0.32,16.67,6,762.31,23.45,5.42
2025-07-07,META_C003,Brand Awareness - Video,AWARENESS,14259,11417,93.34,177,1.24,0.53,15.68,2,367.27,46.67,3.93
2025-07-07,META_C004,Catalog Sales - Dynamic,CATALOG_SALES,40957,27300,270.52,484,1.18,0.56,13.46,5,767.44,54.1,2.84
2025-07-07,META_C005,Instagram Stories - Flash Sales,CONVERSIONS,16948,10221,123.01,328,1.94,0.38,7.26,6,1125.81,20.5,9.15
2025-07-08,META_C001,Prospecting - Lookalike Purchasers,CONVERSIONS,21520,14693,185.41,199,0.92,0.93,8.62,4,738.23,46.35,3.98
2025-07-08,META_C002,Retargeting - Add to Cart,CONVERSIONS,34718,28427,141.17,413,1.19,0.34,7.26,19,3737.8,7.43,26.48
2025-07-08,META_C003,Brand Awareness - Video,AWARENESS,38906,23686,85.57,337,0.87,0.25,9.8,4,481.58,21.39,5.63
2025-07-08,META_C004,Catalog Sales - Dynamic,CATALOG_SALES,22038,15429,239.31,229,1.04,1.05,10.86,4,635.7,59.83,2.66
2025-07-08,META_C005,Instagram Stories - Flash Sales,CONVERSIONS,30867,19708,183.16,439,1.42,0.42,16.23,13,1631.46,14.09,8.91
2025-07-09,META_C001,Prospecting - Lookalike Purchasers,CONVERSIONS,30396,21190,257.72,402,1.32,0.64,9.11,18,2307.51,14.32,8.95
2025-07-09,META_C002,Retargeting - Add to Cart,CONVERSIONS,26362,17372,149.62,220,0.83,0.68,15.03,2,382.92,74.81,2.56
2025-07-09,META_C003,Brand Awareness - Video,AWARENESS,41331,30027,101.25,427,1.03,0.24,11.92,18,2562.45,5.62,25.31
2025-07-09,META_C004,Catalog Sales - Dynamic,CATALOG_SALES,36529,22192,288.4,814,2.23,0.35,13.11,35,6538.62,8.24,22.67
2025-07-09,META_C005,Instagram Stories - Flash Sales,CONVERSIONS,41280,28980,195.21,943,2.28,0.21,7.65,12,1816.46,16.27,9.31
2025-07-10,META_C001,Prospecting - Lookalike Purchasers,CONVERSIONS,15794,9582,223.57,287,1.82,0.78,14.16,15,1483.45,14.9,6.64
2025-07-10,META_C002,Retargeting - Add to Cart,CONVERSIONS,15473,12628,135.69,317,2.05,0.43,12.04,17,2819.56,7.98,20.78
2025-07-10,META_C003,Brand Awareness - Video,AWARENESS,38133,25572,102.28,703,1.84,0.15,9.47,15,2214.87,6.82,21.65
2025-07-10,META_C004,Catalog Sales - Dynamic,CATALOG_SALES,34633,22672,257.53,455,1.31,0.57,13.86,19,2022.14,13.55,7.85
2025-07-10,META_C005,Instagram Stories - Flash Sales,CONVERSIONS,19332,15847,189.96,223,1.15,0.85,14.09,6,919.06,31.66,4.84
2025-07-11,META_C001,Prospecting - Lookalike Purchasers,CONVERSIONS,17125,12337,186.79,167,0.98,1.12,10.91,2,392.1,93.39,2.1
2025-07-11,META_C002,Retargeting - Add to Cart,CONVERSIONS,44319,31313,147.17,442,1.0,0.33,15.47,10,1245.02,14.72,8.46
2025-07-11,META_C003,Brand Awareness - Video,AWARENESS,31660,23586,100.8,714,2.26,0.14,17.08,38,6769.34,2.65,67.16
2025-07-11,META_C004,Catalog Sales - Dynamic,CATALOG_SALES,22985,15026,295.61,334,1.45,0.89,12.86,17,3326.26,17.39,11.25
2025-07-11,META_C005,Instagram Stories - Flash Sales,CONVERSIONS,30790,21988,170.97,313,1.02,0.55,16.11,16,2728.37,10.69,15.96
2025-07-12,META_C001,Prospecting - Lookalike Purchasers,CONVERSIONS,25732,21157,244.19,483,1.88,0.51,10.22,9,1092.0,27.13,4.47
2025-07-12,META_C002,Retargeting - Add to Cart,CONVERSIONS,42228,27273,141.89,404,0.96,0.35,8.08,22,2222.36,6.45,15.66
2025-07-12,META_C003,Brand Awareness - Video,AWARENESS,32346,22155,96.8,472,1.46,0.21,15.65,27,2626.71,3.59,27.14
2025-07-12,META_C004,Catalog Sales - Dynamic,CATALOG_SALES,31066,26325,299.39,265,0.85,1.13,14.29,2,187.94,149.69,0.63
2025-07-12,META_C005,Instagram Stories - Flash Sales,CONVERSIONS,44726,37788,181.64,468,1.05,0.39,10.01,12,1568.6,15.14,8.64
2025-07-13,META_C001,Prospecting - Lookalike Purchasers,CONVERSIONS,36693,29962,244.82,771,2.1,0.32,14.96,36,5123.97,6.8,20.93
2025-07-13,META_C002,Retargeting - Add to Cart,CONVERSIONS,23083,15481,156.28,412,1.78,0.38,14.15,22,2014.44,7.1,12.89
2025-07-13,META_C003,Brand Awareness - Video,AWARENESS,38217,31085,103.68,688,1.8,0.15,13.57,15,1705.93,6.91,16.45
2025-07-13,META_C004,Catalog Sales - Dynamic,CATALOG_SALES,30342,25081,208.4,639,2.11,0.33,6.87,10,1028.45,20.84,4.93
2025-07-13,META_C005,Instagram Stories - Flash Sales,CONVERSIONS,24082,16098,177.95,246,1.02,0.72,8.38,9,1491.24,19.77,8.38
2025-07-14,META_C001,Prospecting - Lookalike Purchasers,CONVERSIONS,35196,25801,256.53,854,2.43,0.3,17.43,25,4663.9,10.26,18.18
2025-07-14,META_C002,Retargeting - Add to Cart,CONVERSIONS,37174,25463,147.98,383,1.03,0.39,7.28,9,1305.36,16.44,8.82
2025-07-14,META_C003,Brand Awareness - Video,AWARENESS,34436,28635,98.43,456,1.32,0.22,13.12,20,2763.14,4.92,28.07
2025-07-14,META_C004,Catalog Sales - Dynamic,CATALOG_SALES,40278,28118,280.96,877,2.18,0.32,11.62,50,6300.02,5.62,22.42
2025-07-14,META_C005,Instagram Stories - Flash Sales,CONVERSIONS,27675,21489,189.75,272,0.98,0.7,16.74,7,1053.78,27.11,5.55
2025-07-15,META_C001,Prospecting - Lookalike Purchasers,CONVERSIONS,25778,16669,166.11,641,2.49,0.26,6.44,35,5780.59,4.75,34.8
2025-07-15,META_C002,Retargeting - Add to Cart,CONVERSIONS,39770,26404,129.32,796,2.0,0.16,13.47,46,8495.63,2.81,65.69
2025-07-15,META_C003,Brand Awareness - Video,AWARENESS,29636,23625,89.32,636,2.15,0.14,17.33,14,2610.5,6.38,29.23
2025-07-15,META_C004,Catalog Sales - Dynamic,CATALOG_SALES,15245,9826,223.3,162,1.06,1.38,14.65,6,1091.09,37.22,4.89
2025-07-15,META_C005,Instagram Stories - Flash Sales,CONVERSIONS,20859,16901,193.16,396,1.9,0.49,15.7,4,521.54,48.29,2.7
2025-07-16,META_C001,Prospecting - Lookalike Purchasers,CONVERSIONS,8276,5275,35.34,168,2.03,0.21,4.27,6,1142.65,5.89,32.33
2025-07-16,META_C002,Retargeting - Add to Cart,CONVERSIONS,6719,4131,33.37,143,2.13,0.23,4.97,5,718.44,6.67,21.53
2025-07-16,META_C003,Brand Awareness - Video,AWARENESS,9584,6648,42.84,90,0.94,0.48,4.47,3,319.54,14.28,7.46
2025-07-16,META_C004,Catalog Sales - Dynamic,CATALOG_SALES,15079,10082,43.28,212,1.41,0.2,2.87,2,211.17,21.64,4.88
2025-07-16,META_C005,Instagram Stories - Flash Sales,CONVERSIONS,9074,6148,56.64,102,1.12,0.56,6.24,1,159.76,56.64,2.82
2025-07-17,META_C001,Prospecting - Lookalike Purchasers,CONVERSIONS,15421,12967,37.51,315,2.04,0.12,2.43,16,1549.62,2.34,41.31
2025-07-17,META_C002,Retargeting - Add to Cart,CONVERSIONS,13784,9266,38.02,147,1.07,0.26,2.76,6,1029.23,6.34,27.07
2025-07-17,META_C003,Brand Awareness - Video,AWARENESS,15915,11051,39.21,253,1.59,0.15,2.46,11,1452.27,3.56,37.04
2025-07-17,META_C004,Catalog Sales - Dynamic,CATALOG_SALES,11875,8681,37.9,183,1.54,0.21,3.19,9,1493.71,4.21,39.41
2025-07-17,META_C005,Instagram Stories - Flash Sales,CONVERSIONS,6271,4528,36.2,134,2.14,0.27,5.77,2,290.68,18.1,8.03
2025-07-18,META_C001,Prospecting - Lookalike Purchasers,CONVERSIONS,17215,12787,76.36,176,1.02,0.43,4.44,6,865.92,12.73,11.34
2025-07-18,META_C002,Retargeting - Add to Cart,CONVERSIONS,9602,7977,38.37,169,1.76,0.23,4.0,6,855.21,6.39,22.29
2025-07-18,META_C003,Brand Awareness - Video,AWARENESS,9249,7650,42.21,177,1.91,0.24,4.56,2,351.88,21.11,8.34
2025-07-18,META_C004,Catalog Sales - Dynamic,CATALOG_SALES,11565,8839,70.61,169,1.46,0.42,6.11,8,947.78,8.83,13.42
2025-07-18,META_C005,Instagram Stories - Flash Sales,CONVERSIONS,13516,8456,33.74,181,1.34,0.19,2.5,2,318.71,16.87,9.45
2025-07-19,META_C001,Prospecting - Lookalike Purchasers,CONVERSIONS,8978,7039,23.53,134,1.49,0.18,2.62,3,313.23,7.84,13.31
2025-07-19,META_C002,Retargeting - Add to Cart,CONVERSIONS,17922,12027,105.04,410,2.29,0.26,5.86,12,2269.19,8.75,21.6
2025-07-19,META_C003,Brand Awareness - Video,AWARENESS,9312,5607,45.46,93,1.0,0.49,4.88,2,352.37,22.73,7.75
2025-07-19,META_C004,Catalog Sales - Dynamic,CATALOG_SALES,5285,3817,26.14,45,0.85,0.58,4.95,1,90.34,26.14,3.46
2025-07-19,META_C005,Instagram Stories - Flash Sales,CONVERSIONS,8300,6016,56.23,90,1.08,0.62,6.77,3,393.7,18.74,7.0
2025-07-20,META_C001,Prospecting - Lookalike Purchasers,CONVERSIONS,13029,11066,92.99,215,1.65,0.43,7.14,11,1101.52,8.45,11.85
2025-07-20,META_C002,Retargeting - Add to Cart,CONVERSIONS,10770,7478,41.09,220,2.04,0.19,3.82,6,1087.15,6.85,26.46
2025-07-20,META_C003,Brand Awareness - Video,AWARENESS,11263,9215,41.43,137,1.22,0.3,3.68,5,610.22,8.29,14.73
2025-07-20,META_C004,Catalog Sales - Dynamic,CATALOG_SALES,6741,5720,45.31,156,2.31,0.29,6.72,8,1314.98,5.66,29.02
2025-07-20,META_C005,Instagram Stories - Flash Sales,CONVERSIONS,11646,9555,59.69,165,1.42,0.36,5.13,5,964.45,11.94,16.16
2025-07-21,META_C001,Prospecting - Lookalike Purchasers,CONVERSIONS,13501,11054,81.5,272,2.01,0.3,6.04,5,674.48,16.3,8.28
2025-07-21,META_C002,Retargeting - Add to Cart,CONVERSIONS,15440,11626,98.23,320,2.07,0.31,6.36,6,899.9,16.37,9.16
2025-07-21,META_C003,Brand Awareness - Video,AWARENESS,10522,7777,32.1,203,1.93,0.16,3.05,7,1052.71,4.59,32.79
2025-07-21,META_C004,Catalog Sales - Dynamic,CATALOG_SALES,11542,9648,79.48,161,1.39,0.49,6.89,6,603.1,13.25,7.59
2025-07-21,META_C005,Instagram Stories - Flash Sales,CONVERSIONS,8799,5787,30.55,127,1.44,0.24,3.47,2,375.27,15.28,12.28
2025-07-22,META_C001,Prospecting - Lookalike Purchasers,CONVERSIONS,16338,13325,69.85,160,0.98,0.44,4.28,3,342.59,23.28,4.9
2025-07-22,META_C002,Retargeting - Add to Cart,CONVERSIONS,16336,13829,103.24,294,1.8,0.35,6.32,14,2718.43,7.37,26.33
2025-07-22,META_C003,Brand Awareness - Video,AWARENESS,12737,8134,40.59,174,1.37,0.23,3.19,9,1415.53,4.51,34.87
2025-07-22,META_C004,Catalog Sales - Dynamic,CATALOG_SALES,13729,8257,65.82,274,2.0,0.24,4.79,7,1381.96,9.4,21.0
2025-07-22,META_C005,Instagram Stories - Flash Sales,CONVERSIONS,13646,10438,92.97,155,1.14,0.6,6.81,7,754.99,13.28,8.12
2025-07-23,META_C001,Prospecting - Lookalike Purchasers,CONVERSIONS,10832,6770,58.41,202,1.86,0.29,5.39,8,1265.1,7.3,21.66
2025-07-23,META_C002,Retargeting - Add to Cart,CONVERSIONS,8681,7025,43.82,215,2.48,0.2,5.05,5,740.42,8.76,16.9
2025-07-23,META_C003,Brand Awareness - Video,AWARENESS,13806,8715,56.61,166,1.2,0.34,4.1,5,796.85,11.32,14.08
2025-07-23,META_C004,Catalog Sales - Dynamic,CATALOG_SALES,13659,10682,89.56,273,2.0,0.33,6.56,12,1476.36,7.46,16.48
2025-07-23,META_C005,Instagram Stories - Flash Sales,CONVERSIONS,17579,14349,66.65,355,2.02,0.19,3.79,11,2035.13,6.06,30.53
2025-07-24,META_C001,Prospecting - Lookalike Purchasers,CONVERSIONS,13911,10635,48.13,213,1.53,0.23,3.46,9,1422.21,5.35,29.55
2025-07-24,META_C002,Retargeting - Add to Cart,CONVERSIONS,5933,4016,27.71,122,2.06,0.23,4.67,4,411.45,6.93,14.85
2025-07-24,META_C003,Brand Awareness - Video,AWARENESS,8666,5751,53.29,137,1.58,0.39,6.15,5,980.63,10.66,18.4
2025-07-24,META_C004,Catalog Sales - Dynamic,CATALOG_SALES,17989,15078,105.19,376,2.09,0.28,5.85,19,3699.23,5.54,35.17
2025-07-24,META_C005,Instagram Stories - Flash Sales,CONVERSIONS,10683,7522,49.25,226,2.12,0.22,4.61,12,1682.2,4.1,34.16
2025-07-25,META_C001,Prospecting - Lookalike Purchasers,CONVERSIONS,9596,8116,33.71,193,2.01,0.17,3.51,3,401.8,11.24,11.92
2025-07-25,META_C002,Retargeting - Add to Cart,CONVERSIONS,8659,5560,44.88,137,1.58,0.33,5.18,2,348.93,22.44,7.77
2025-07-25,META_C003,Brand Awareness - Video,AWARENESS,8954,6139,32.33,142,1.59,0.23,3.61,5,982.16,6.47,30.38
2025-07-25,META_C004,Catalog Sales - Dynamic,CATALOG_SALES,16741,12595,43.3,159,0.95,0.27,2.59,7,930.36,6.19,21.49
2025-07-25,META_C005,Instagram Stories - Flash Sales,CONVERSIONS,15857,13250,69.8,285,1.8,0.24,4.4,5,960.03,13.96,13.75
2025-07-26,META_C001,Prospecting - Lookalike Purchasers,CONVERSIONS,10515,6747,63.73,109,1.04,0.58,6.06,4,655.46,15.93,10.28
2025-07-26,META_C002,Retargeting - Add to Cart,CONVERSIONS,12318,9412,36.39,173,1.4,0.21,2.95,10,954.59,3.64,26.23
2025-07-26,META_C003,Brand Awareness - Video,AWARENESS,8737,7299,62.21,81,0.93,0.77,7.12,3,402.04,20.74,6.46
2025-07-26,META_C004,Catalog Sales - Dynamic,CATALOG_SALES,15445,9479,51.68,164,1.06,0.32,3.35,7,1261.99,7.38,24.42
2025-07-26,META_C005,Instagram Stories - Flash Sales,CONVERSIONS,14099,10011,93.28,175,1.24,0.53,6.62,6,580.48,15.55,6.22
2025-07-27,META_C001,Prospecting - Lookalike Purchasers,CONVERSIONS,6063,4240,42.02,96,1.58,0.44,6.93,1,109.59,42.02,2.61
2025-07-27,META_C002,Retargeting - Add to Cart,CONVERSIONS,9783,6383,27.38,174,1.78,0.16,2.8,4,702.74,6.84,25.67
2025-07-27,META_C003,Brand Awareness - Video,AWARENESS,15042,10871,43.07,291,1.93,0.15,2.86,6,942.9,7.18,21.89
2025-07-27,META_C004,Catalog Sales - Dynamic,CATALOG_SALES,10146,7699,47.43,208,2.05,0.23,4.67,8,790.36,5.93,16.66
2025-07-27,META_C005,Instagram Stories - Flash Sales,CONVERSIONS,5662,3828,25.28,108,1.91,0.23,4.47,2,334.91,12.64,13.25
2025-07-28,META_C001,Prospecting - Lookalike Purchasers,CONVERSIONS,15005,9469,82.89,169,1.13,0.49,5.52,9,1409.99,9.21,17.01
2025-07-28,META_C002,Retargeting - Add to Cart,CONVERSIONS,12600,7723,75.5,255,2.02,0.3,5.99,12,1771.41,6.29,23.46
2025-07-28,META_C003,Brand Awareness - Video,AWARENESS,8280,5261,26.25,83,1.0,0.32,3.17,2,253.54,13.12,9.66
2025-07-28,META_C004,Catalog Sales - Dynamic,CATALOG_SALES,16224,11671,116.54,364,2.24,0.32,7.18,5,589.21,23.31,5.06
2025-07-28,META_C005,Instagram Stories - Flash Sales,CONVERSIONS,6587,4715,38.52,67,1.02,0.57,5.85,2,230.67,19.26,5.99
2025-07-29,META_C001,Prospecting - Lookalike Purchasers,CONVERSIONS,11127,6818,63.06,211,1.9,0.3,5.67,5,603.23,12.61,9.57
2025-07-29,META_C002,Retargeting - Add to Cart,CONVERSIONS,15377,11988,79.69,147,0.96,0.54,5.18,7,1222.83,11.38,15.34
2025-07-29,META_C003,Brand Awareness - Video,AWARENESS,12594,10448,40.42,306,2.43,0.13,3.21,7,641.78,5.77,15.88
2025-07-29,META_C004,Catalog Sales - Dynamic,CATALOG_SALES,14500,8725,95.53,276,1.9,0.35,6.59,7,786.57,13.65,8.23
2025-07-29,META_C005,Instagram Stories - Flash Sales,CONVERSIONS,16657,13101,67.2,341,2.05,0.2,4.03,17,2868.64,3.95,42.69
2025-07-30,META_C001,Prospecting - Lookalike Purchasers,CONVERSIONS,13247,8703,86.02,222,1.68,0.39,6.49,7,1068.26,12.29,12.42
2025-07-30,META_C002,Retargeting - Add to Cart,CONVERSIONS,15733,12359,102.42,292,1.86,0.35,6.51,15,1733.33,6.83,16.92
2025-07-30,META_C003,Brand Awareness - Video,AWARENESS,10661,8050,72.42,123,1.15,0.59,6.79,2,251.85,36.21,3.48
2025-07-30,META_C004,Catalog Sales - Dynamic,CATALOG_SALES,8519,6368,56.66,103,1.21,0.55,6.65,5,797.63,11.33,14.08
2025-07-30,META_C005,Instagram Stories - Flash Sales,CONVERSIONS,7690,5309,47.62,136,1.77,0.35,6.19,2,356.72,23.81,7.49
2025-07-31,META_C001,Prospecting - Lookalike Purchasers,CONVERSIONS,8859,7024,48.8,102,1.15,0.48,5.51,1,116.61,48.8,2.39
2025-07-31,META_C002,Retargeting - Add to Cart,CONVERSIONS,6883,5191,36.3,130,1.89,0.28,5.27,6,1142.94,6.05,31.49
2025-07-31,META_C003,Brand Awareness - Video,AWARENESS,7840,5856,21.76,149,1.9,0.15,2.78,5,867.08,4.35,39.85
2025-07-31,META_C004,Catalog Sales - Dynamic,CATALOG_SALES,10418,6583,68.61,116,1.11,0.59,6.59,2,398.96,34.3,5.81
2025-07-31,META_C005,Instagram Stories - Flash Sales,CONVERSIONS,10302,7473,62.79,229,2.22,0.27,6.09,7,1378.58,8.97,21.96
2025-08-01,META_C001,Prospecting - Lookalike Purchasers,CONVERSIONS,15317,10727,64.79,300,1.96,0.22,4.23,12,2080.34,5.4,32.11
2025-08-01,META_C002,Retargeting - Add to Cart,CONVERSIONS,12203,7807,47.99,101,0.83,0.48,3.93,3,519.41,16.0,10.82
2025-08-01,META_C003,Brand Awareness - Video,AWARENESS,6967,4292,44.68,76,1.09,0.59,6.41,3,487.18,14.89,10.9
2025-08-01,META_C004,Catalog Sales - Dynamic,CATALOG_SALES,9210,6392,29.0,153,1.66,0.19,3.15,5,935.92,5.8,32.27
2025-08-01,META_C005,Instagram Stories - Flash Sales,CONVERSIONS,5008,3088,15.9,96,1.92,0.17,3.18,4,452.75,3.98,28.47
2025-08-02,META_C001,Prospecting - Lookalike Purchasers,CONVERSIONS,6772,4309,47.24,121,1.79,0.39,6.98,3,412.9,15.75,8.74
2025-08-02,META_C002,Retargeting - Add to Cart,CONVERSIONS,5980,5080,36.03,107,1.79,0.34,6.02,3,354.95,12.01,9.85
2025-08-02,META_C003,Brand Awareness - Video,AWARENESS,7788,5742,21.32,136,1.75,0.16,2.74,7,1333.99,3.05,62.57
2025-08-02,META_C004,Catalog Sales - Dynamic,CATALOG_SALES,4942,3097,25.69,119,2.41,0.22,5.2,6,987.22,4.28,38.43
2025-08-02,META_C005,Instagram Stories - Flash Sales,CONVERSIONS,7446,4602,19.57,64,0.86,0.31,2.63,3,505.12,6.52,25.81
2025-08-03,META_C001,Prospecting - Lookalike Purchasers,CONVERSIONS,5850,4835,28.7,136,2.32,0.21,4.91,2,263.73,14.35,9.19
2025-08-03,META_C002,Retargeting - Add to Cart,CONVERSIONS,6577,5220,31.7,75,1.14,0.42,4.82,3,596.45,10.57,18.82
2025-08-03,META_C003,Brand Awareness - Video,AWARENESS,13583,8383,70.96,115,0.85,0.62,5.22,3,357.81,23.65,5.04
2025-08-03,META_C004,Catalog Sales - Dynamic,CATALOG_SALES,15211,10547,90.02,125,0.82,0.72,5.92,1,114.13,90.02,1.27
2025-08-03,META_C005,Instagram Stories - Flash Sales,CONVERSIONS,9736,7321,69.44,87,0.89,0.8,7.13,1,188.76,69.44,2.72
2025-08-04,META_C001,Prospecting - Lookalike Purchasers,CONVERSIONS,14031,11190,42.04,139,0.99,0.3,3.0,7,791.68,6.01,18.83
2025-08-04,META_C002,Retargeting - Add to Cart,CONVERSIONS,13289,9688,66.62,249,1.87,0.27,5.01,3,597.85,22.21,8.97
2025-08-04,META_C003,Brand Awareness - Video,AWARENESS,5153,3156,20.4,63,1.22,0.32,3.96,2,183.96,10.2,9.02
2025-08-04,META_C004,Catalog Sales - Dynamic,CATALOG_SALES,5841,4392,19.47,124,2.12,0.16,3.33,6,628.31,3.24,32.27
2025-08-04,META_C005,Instagram Stories - Flash Sales,CONVERSIONS,10812,9047,66.02,178,1.65,0.37,6.11,9,1245.64,7.34,18.87
2025-08-05,META_C001,Prospecting - Lookalike Purchasers,CONVERSIONS,15853,11476,46.17,139,0.88,0.33,2.91,2,376.6,23.09,8.16
2025-08-05,META_C002,Retargeting - Add to Cart,CONVERSIONS,13382,10501,72.05,156,1.17,0.46,5.38,8,1173.05,9.01,16.28
2025-08-05,META_C003,Brand Awareness - Video,AWARENESS,11150,9466,47.31,252,2.26,0.19,4.24,5,502.16,9.46,10.61
2025-08-05,META_C004,Catalog Sales - Dynamic,CATALOG_SALES,17678,12489,42.62,327,1.85,0.13,2.41,15,2905.85,2.84,68.18
2025-08-05,META_C005,Instagram Stories - Flash Sales,CONVERSIONS,16880,14095,43.11,199,1.18,0.22,2.55,3,534.11,14.37,12.39
2025-08-06,META_C001,Prospecting - Lookalike Purchasers,CONVERSIONS,10306,8545,26.83,106,1.03,0.25,2.6,1,142.51,26.83,5.31
2025-08-06,META_C002,Retargeting - Add to Cart,CONVERSIONS,10021,7230,69.27,129,1.29,0.54,6.91,2,272.41,34.63,3.93
2025-08-06,META_C003,Brand Awareness - Video,AWARENESS,10761,8074,39.57,104,0.97,0.38,3.68,3,475.77,13.19,12.02
2025-08-06,META_C004,Catalog Sales - Dynamic,CATALOG_SALES,7530,6072,40.32,123,1.63,0.33,5.35,6,997.99,6.72,24.75
2025-08-06,META_C005,Instagram Stories - Flash Sales,CONVERSIONS,9840,6490,26.97,244,2.48,0.11,2.74,7,1321.99,3.85,49.02
2025-08-07,META_C001,Prospecting - Lookalike Purchasers,CONVERSIONS,7051,4980,49.43,127,1.8,0.39,7.01,7,1361.26,7.06,27.54
2025-08-07,META_C002,Retargeting - Add to Cart,CONVERSIONS,15967,12996,88.31,326,2.04,0.27,5.53,19,2809.2,4.65,31.81
2025-08-07,META_C003,Brand Awareness - Video,AWARENESS,8241,6126,47.1,166,2.01,0.28,5.71,6,944.15,7.85,20.05
2025-08-07,META_C004,Catalog Sales - Dynamic,CATALOG_SALES,8839,5646,47.66,121,1.37,0.39,5.39,3,384.59,15.89,8.07
2025-08-07,META_C005,Instagram Stories - Flash Sales,CONVERSIONS,11266,9505,68.33,186,1.65,0.37,6.07,6,674.85,11.39,9.88
2025-08-08,META_C001,Prospecting - Lookalike Purchasers,CONVERSIONS,14317,10099,85.38,140,0.98,0.61,5.96,2,358.55,42.69,4.2
2025-08-08,META_C002,Retargeting - Add to Cart,CONVERSIONS,8213,5470,56.35,81,0.99,0.7,6.86,1,119.96,56.35,2.13
2025-08-08,META_C003,Brand Awareness - Video,AWARENESS,12640,9962,46.99,124,0.98,0.38,3.72,2,393.5,23.5,8.37
2025-08-08,META_C004,Catalog Sales - Dynamic,CATALOG_SALES,6578,5407,38.01,106,1.61,0.36,5.78,3,577.61,12.67,15.2
2025-08-08,META_C005,Instagram Stories - Flash Sales,CONVERSIONS,10358,7371,30.45,120,1.16,0.25,2.94,1,199.66,30.45,6.56
2025-08-09,META_C001,Prospecting - Lookalike Purchasers,CONVERSIONS,8359,5310,48.13,75,0.9,0.64,5.76,1,99.92,48.13,2.08
2025-08-09,META_C002,Retargeting - Add to Cart,CONVERSIONS,5419,4144,28.31,89,1.64,0.32,5.22,4,600.53,7.08,21.21
2025-08-09,META_C003,Brand Awareness - Video,AWARENESS,16927,12211,93.15,260,1.54,0.36,6.2,13,1323.95,7.17,14.21
2025-08-09,META_C004,Catalog Sales - Dynamic,CATALOG_SALES,12256,9579,73.56,191,1.56,0.39,6.0,4,760.15,18.39,10.33
2025-08-09,META_C005,Instagram Stories - Flash Sales,CONVERSIONS,9681,7742,24.71,134,1.38,0.18,2.55,5,625.63,4.94,25.32
2025-08-10,META_C001,Prospecting - Lookalike Purchasers,CONVERSIONS,5346,3439,19.48,61,1.14,0.32,3.64,2,270.65,9.74,13.89
2025-08-10,META_C002,Retargeting - Add to Cart,CONVERSIONS,10148,8541,46.11,132,1.3,0.35,4.54,3,400.77,15.37,8.69
2025-08-10,META_C003,Brand Awareness - Video,AWARENESS,12008,8958,43.12,197,1.64,0.22,3.59,2,310.09,21.56,7.19
2025-08-10,META_C004,Catalog Sales - Dynamic,CATALOG_SALES,15334,10160,39.59,377,2.46,0.11,2.58,5,965.92,7.92,24.4
2025-08-10,META_C005,Instagram Stories - Flash Sales,CONVERSIONS,9542,7971,52.62,203,2.13,0.26,5.51,2,194.4,26.31,3.69
2025-08-11,META_C001,Prospecting - Lookalike Purchasers,CONVERSIONS,11739,7423,54.15,152,1.29,0.36,4.61,5,661.34,10.83,12.21
2025-08-11,META_C002,Retargeting - Add to Cart,CONVERSIONS,13113,8503,47.83,285,2.17,0.17,3.65,14,2447.22,3.42,51.16
2025-08-11,META_C003,Brand Awareness - Video,AWARENESS,10864,8498,46.27,159,1.46,0.29,4.26,2,265.99,23.14,5.75
2025-08-11,META_C004,Catalog Sales - Dynamic,CATALOG_SALES,8726,6542,36.09,145,1.66,0.25,4.14,8,800.1,4.51,22.17
2025-08-11,META_C005,Instagram Stories - Flash Sales,CONVERSIONS,13877,10658,96.63,183,1.32,0.53,6.96,3,357.55,32.21,3.7
2025-08-12,META_C001,Prospecting - Lookalike Purchasers,CONVERSIONS,11424,9246,43.01,144,1.26,0.3,3.76,2,383.87,21.5,8.93
2025-08-12,META_C002,Retargeting - Add to Cart,CONVERSIONS,16318,11049,58.51,131,0.8,0.45,3.59,5,953.8,11.7,16.3
2025-08-12,META_C003,Brand Awareness - Video,AWARENESS,11512,6915,39.72,95,0.83,0.42,3.45,2,353.74,19.86,8.91
2025-08-12,META_C004,Catalog Sales - Dynamic,CATALOG_SALES,15862,11411,55.77,198,1.25,0.28,3.52,4,715.34,13.94,12.83
2025-08-12,META_C005,Instagram Stories - Flash Sales,CONVERSIONS,6836,4111,27.46,136,1.99,0.2,4.02,6,977.92,4.58,35.61
2025-08-13,META_C001,Prospecting - Lookalike Purchasers,CONVERSIONS,13069,10016,48.4,241,1.84,0.2,3.7,3,367.46,16.13,7.59
2025-08-13,META_C002,Retargeting - Add to Cart,CONVERSIONS,10164,7453,48.13,163,1.6,0.3,4.74,8,1054.68,6.02,21.91
2025-08-13,META_C003,Brand Awareness - Video,AWARENESS,11734,7049,45.65,160,1.36,0.29,3.89,3,449.37,15.22,9.84
2025-08-13,META_C004,Catalog Sales - Dynamic,CATALOG_SALES,5839,4279,22.52,125,2.14,0.18,3.86,5,695.36,4.5,30.88
2025-08-13,META_C005,Instagram Stories - Flash Sales,CONVERSIONS,12423,9835,74.29,162,1.3,0.46,5.98,4,442.52,18.57,5.96
2025-08-14,META_C001,Prospecting - Lookalike Purchasers,CONVERSIONS,4960,3191,31.15,68,1.37,0.46,6.28,2,342.76,15.57,11.0
2025-08-14,META_C002,Retargeting - Add to Cart,CONVERSIONS,9478,6791,25.67,133,1.4,0.19,2.71,4,545.94,6.42,21.27
2025-08-14,META_C003,Brand Awareness - Video,AWARENESS,13147,9769,58.19,243,1.85,0.24,4.43,13,2270.46,4.48,39.02
2025-08-14,META_C004,Catalog Sales - Dynamic,CATALOG_SALES,17757,11271,61.58,213,1.2,0.29,3.47,2,268.5,30.79,4.36
2025-08-14,META_C005,Instagram Stories - Flash Sales,CONVERSIONS,8596,5724,59.96,87,1.01,0.69,6.98,1,178.7,59.96,2.98
2025-08-15,META_C001,Prospecting - Lookalike Purchasers,CONVERSIONS,14235,9001,49.18,180,1.26,0.27,3.45,10,1494.63,4.92,30.39
2025-08-15,META_C002,Retargeting - Add to Cart,CONVERSIONS,7334,5975,28.85,99,1.35,0.29,3.93,4,436.21,7.21,15.12
2025-08-15,META_C003,Brand Awareness - Video,AWARENESS,9839,5979,62.65,120,1.22,0.52,6.37,4,670.2,15.66,10.7
2025-08-15,META_C004,Catalog Sales - Dynamic,CATALOG_SALES,15530,10668,97.82,150,0.97,0.65,6.3,7,1051.68,13.97,10.75
2025-08-15,META_C005,Instagram Stories - Flash Sales,CONVERSIONS,12752,10639,64.83,290,2.27,0.22,5.08,7,1016.36,9.26,15.68
2025-08-16,META_C001,Prospecting - Lookalike Purchasers,CONVERSIONS,12507,8432,118.73,233,1.86,0.51,9.49,11,1402.39,10.79,11.81
2025-08-16,META_C002,Retargeting - Add to Cart,CONVERSIONS,20503,16287,143.7,297,1.45,0.48,9.72,9,1238.8,15.97,8.62
2025-08-16,META_C003,Brand Awareness - Video,AWARENESS,15674,12143,78.42,332,2.12,0.24,5.0,8,757.44,9.8,9.66
2025-08-16,META_C004,Catalog Sales - Dynamic,CATALOG_SALES,23648,18530,270.22,222,0.94,1.22,11.71,12,1421.42,22.52,5.26
2025-08-16,META_C005,Instagram Stories - Flash Sales,CONVERSIONS,23873,14685,175.08,473,1.98,0.37,10.08,17,3316.76,10.3,18.94
2025-08-17,META_C001,Prospecting - Lookalike Purchasers,CONVERSIONS,8812,5930,40.15,159,1.8,0.25,4.56,5,522.3,8.03,13.01
2025-08-17,META_C002,Retargeting - Add to Cart,CONVERSIONS,18758,13124,122.41,169,0.9,0.72,6.53,7,1263.7,17.49,10.32
2025-08-17,META_C003,Brand Awareness - Video,AWARENESS,27960,21989,97.01,290,1.04,0.33,6.26,4,640.99,24.25,6.61
2025-08-17,META_C004,Catalog Sales - Dynamic,CATALOG_SALES,26724,16483,129.56,312,1.17,0.42,4.85,12,1363.2,10.8,10.52
2025-08-17,META_C005,Instagram Stories - Flash Sales,CONVERSIONS,10562,7777,115.1,231,2.19,0.5,10.9,5,937.29,23.02,8.14
2025-08-18,META_C001,Prospecting - Lookalike Purchasers,CONVERSIONS,16294,13248,126.59,202,1.24,0.63,7.77,7,690.84,18.08,5.46
2025-08-18,META_C002,Retargeting - Add to Cart,CONVERSIONS,28461,19008,134.5,229,0.8,0.59,6.68,10,1549.61,13.45,11.52
2025-08-18,META_C003,Brand Awareness - Video,AWARENESS,25812,15751,91.62,607,2.35,0.15,11.43,9,1546.48,10.18,16.88
2025-08-18,META_C004,Catalog Sales - Dynamic,CATALOG_SALES,20745,14304,96.11,175,0.84,0.55,4.63,6,938.78,16.02,9.77
2025-08-18,META_C005,Instagram Stories - Flash Sales,CONVERSIONS,24115,20445,146.64,332,1.38,0.44,6.08,15,2887.5,9.78,19.69
2025-08-19,META_C001,Prospecting - Lookalike Purchasers,CONVERSIONS,29435,24620,262.05,423,1.44,0.62,11.04,24,4169.09,10.92,15.91
2025-08-19,META_C002,Retargeting - Add to Cart,CONVERSIONS,11706,7156,66.91,219,1.87,0.31,5.72,4,686.45,16.73,10.26
2025-08-19,META_C003,Brand Awareness - Video,AWARENESS,11109,8947,104.45,117,1.05,0.89,10.35,6,765.13,17.41,7.33
2025-08-19,META_C004,Catalog Sales - Dynamic,CATALOG_SALES,17153,12300,154.64,312,1.82,0.5,9.02,17,2006.9,9.1,12.98
2025-08-19,META_C005,Instagram Stories - Flash Sales,CONVERSIONS,16765,12173,110.37,340,2.03,0.32,6.58,11,1899.08,10.03,17.21
2025-08-20,META_C001,Prospecting - Lookalike Purchasers,CONVERSIONS,18283,11048,152.58,451,2.47,0.34,8.35,5,731.65,30.52,4.8
2025-08-20,META_C002,Retargeting - Add to Cart,CONVERSIONS,10159,6473,90.25,210,2.07,0.43,8.88,7,798.02,12.89,8.84
2025-08-20,META_C003,Brand Awareness - Video,AWARENESS,18863,11321,85.25,153,0.81,0.56,10.9,6,1182.52,14.21,13.87
2025-08-20,META_C004,Catalog Sales - Dynamic,CATALOG_SALES,26830,17788,149.53,589,2.2,0.25,5.57,16,2200.94,9.35,14.72
2025-08-20,META_C005,Instagram Stories - Flash Sales,CONVERSIONS,10540,6726,90.08,120,1.14,0.75,8.55,2,277.66,45.04,3.08
2025-08-21,META_C001,Prospecting - Lookalike Purchasers,CONVERSIONS,9003,6526,102.9,168,1.87,0.61,11.43,8,994.97,12.86,9.67
2025-08-21,META_C002,Retargeting - Add to Cart,CONVERSIONS,10893,6653,99.68,129,1.18,0.77,9.15,6,1025.43,16.61,10.29
2025-08-21,META_C003,Brand Awareness - Video,AWARENESS,14081,11100,83.92,141,1.0,0.6,5.96,6,697.59,13.99,8.31
2025-08-21,META_C004,Catalog Sales - Dynamic,CATALOG_SALES,20594,13244,201.98,222,1.08,0.91,9.81,4,378.19,50.49,1.87
2025-08-21,META_C005,Instagram Stories - Flash Sales,CONVERSIONS,24390,20615,204.43,197,0.81,1.04,10.23,3,454.48,68.14,2.22
2025-08-22,META_C001,Prospecting - Lookalike Purchasers,CONVERSIONS,29513,22582,206.39,312,1.06,0.66,6.99,8,1348.15,25.8,6.53
2025-08-22,META_C002,Retargeting - Add to Cart,CONVERSIONS,8700,7073,100.33,204,2.34,0.49,11.53,2,395.11,50.16,3.94
2025-08-22,META_C003,Brand Awareness - Video,AWARENESS,16059,13125,88.24,140,0.87,0.63,5.49,1,193.76,88.24,2.2
2025-08-22,META_C004,Catalog Sales - Dynamic,CATALOG_SALES,25833,18921,211.93,356,1.38,0.6,8.2,17,2436.97,12.47,11.5
2025-08-22,META_C005,Instagram Stories - Flash Sales,CONVERSIONS,22034,18535,171.22,515,2.34,0.33,7.77,28,5576.65,6.12,32.57
2025-08-23,META_C001,Prospecting - Lookalike Purchasers,CONVERSIONS,20118,13802,119.16,409,2.03,0.29,5.92,8,1253.84,14.89,10.52
2025-08-23,META_C002,Retargeting - Add to Cart,CONVERSIONS,28165,23589,113.65,626,2.22,0.18,4.04,23,4113.0,4.94,36.19
2025-08-23,META_C003,Brand Awareness - Video,AWARENESS,26773,19026,94.11,511,1.91,0.18,6.87,14,2453.48,6.72,26.07
2025-08-23,META_C004,Catalog Sales - Dynamic,CATALOG_SALES,27887,18700,292.36,639,2.29,0.46,11.72,9,1058.98,32.48,3.62
2025-08-23,META_C005,Instagram Stories - Flash Sales,CONVERSIONS,15062,10177,80.96,227,1.51,0.36,5.37,13,2004.37,6.23,24.76
2025-08-24,META_C001,Prospecting - Lookalike Purchasers,CONVERSIONS,11044,8133,131.96,88,0.8,1.5,11.95,4,463.35,32.99,3.51
2025-08-24,META_C002,Retargeting - Add to Cart,CONVERSIONS,23147,16868,135.98,550,2.38,0.25,6.6,30,4393.34,4.53,32.31
2025-08-24,META_C003,Brand Awareness - Video,AWARENESS,13686,8561,71.89,181,1.32,0.4,5.25,2,280.14,35.95,3.9
2025-08-24,META_C004,Catalog Sales - Dynamic,CATALOG_SALES,24416,20092,211.99,346,1.42,0.61,8.68,12,2043.11,17.67,9.64
2025-08-24,META_C005,Instagram Stories - Flash Sales,CONVERSIONS,24008,16952,200.45,450,1.87,0.45,8.35,18,3173.55,11.14,15.83
2025-08-25,META_C001,Prospecting - Lookalike Purchasers,CONVERSIONS,10534,7697,122.99,137,1.3,0.9,11.68,5,571.62,24.6,4.65
2025-08-25,META_C002,Retargeting - Add to Cart,CONVERSIONS,20230,12925,145.57,305,1.51,0.48,8.64,8,936.0,18.2,6.43
2025-08-25,META_C003,Brand Awareness - Video,AWARENESS,15280,11071,91.39,306,2.0,0.3,5.98,7,705.03,13.06,7.71
2025-08-25,META_C004,Catalog Sales - Dynamic,CATALOG_SALES,8003,5995,45.54,112,1.4,0.41,5.69,6,995.36,7.59,21.86
2025-08-25,META_C005,Instagram Stories - Flash Sales,CONVERSIONS,26870,17094,123.23,651,2.42,0.19,4.59,16,2248.73,7.7,18.25
2025-08-26,META_C001,Prospecting - Lookalike Purchasers,CONVERSIONS,16679,13053,108.08,415,2.49,0.26,6.48,13,1958.32,8.31,18.12
2025-08-26,META_C002,Retargeting - Add to Cart,CONVERSIONS,19055,15259,116.9,396,2.08,0.3,6.13,12,2286.12,9.74,19.56
2025-08-26,META_C003,Brand Awareness - Video,AWARENESS,22171,16430,99.61,435,1.96,0.23,4.56,18,2150.46,5.53,21.59
2025-08-26,META_C004,Catalog Sales - Dynamic,CATALOG_SALES,28828,19614,150.42,596,2.07,0.25,5.22,18,3473.11,8.36,23.09
2025-08-26,META_C005,Instagram Stories - Flash Sales,CONVERSIONS,10004,6221,94.63,236,2.36,0.4,9.46,12,1484.4,7.89,15.69
2025-08-27,META_C001,Prospecting - Lookalike Purchasers,CONVERSIONS,27554,16827,231.15,621,2.25,0.37,8.39,17,1871.97,13.6,8.1
2025-08-27,META_C002,Retargeting - Add to Cart,CONVERSIONS,12631,9203,110.83,189,1.5,0.59,8.77,9,1249.89,12.31,11.28
2025-08-27,META_C003,Brand Awareness - Video,AWARENESS,11721,9830,71.85,132,1.13,0.54,6.13,4,575.79,17.96,8.01
2025-08-27,META_C004,Catalog Sales - Dynamic,CATALOG_SALES,19013,13862,110.27,307,1.61,0.36,5.8,6,1192.21,18.38,10.81
2025-08-27,META_C005,Instagram Stories - Flash Sales,CONVERSIONS,27042,22225,176.4,477,1.76,0.37,9.48,24,2262.26,7.35,12.82
2025-08-28,META_C001,Prospecting - Lookalike Purchasers,CONVERSIONS,18908,13217,107.72,467,2.47,0.23,5.7,21,2581.93,5.13,23.97
2025-08-28,META_C002,Retargeting - Add to Cart,CONVERSIONS,21317,14104,154.39,372,1.75,0.42,8.89,17,2377.74,9.08,15.4
2025-08-28,META_C003,Brand Awareness - Video,AWARENESS,19530,15111,98.19,480,2.46,0.2,10.5,24,4211.7,4.09,42.89
2025-08-28,META_C004,Catalog Sales - Dynamic,CATALOG_SALES,26592,17824,198.28,421,1.58,0.47,7.46,22,2045.51,9.01,10.32
2025-08-28,META_C005,Instagram Stories - Flash Sales,CONVERSIONS,12601,10338,56.36,176,1.4,0.32,4.47,8,1212.96,7.04,21.52
2025-08-29,META_C001,Prospecting - Lookalike Purchasers,CONVERSIONS,29001,19052,226.65,353,1.22,0.64,10.98,12,1173.99,18.89,5.18
2025-08-29,META_C002,Retargeting - Add to Cart,CONVERSIONS,16454,11335,86.89,239,1.45,0.36,5.28,14,2645.55,6.21,30.45
2025-08-29,META_C003,Brand Awareness - Video,AWARENESS,12285,8922,101.38,283,2.3,0.36,8.81,11,1032.51,9.22,10.18
2025-08-29,META_C004,Catalog Sales - Dynamic,CATALOG_SALES,18588,15264,180.54,361,1.94,0.5,9.71,4,785.92,45.13,4.35
2025-08-29,META_C005,Instagram Stories - Flash Sales,CONVERSIONS,28196,17809,138.2,588,2.09,0.24,4.9,17,1785.03,8.13,12.92
2025-08-30,META_C001,Prospecting - Lookalike Purchasers,CONVERSIONS,19232,13162,131.05,443,2.3,0.3,6.81,16,2650.18,8.19,20.22
2025-08-30,META_C002,Retargeting - Add to Cart,CONVERSIONS,22518,16613,138.83,300,1.33,0.46,6.49,16,2894.85,8.68,20.85
2025-08-30,META_C003,Brand Awareness - Video,AWARENESS,20745,17178,103.55,244,1.18,0.42,11.09,11,1727.16,9.41,16.68
2025-08-30,META_C004,Catalog Sales - Dynamic,CATALOG_SALES,24144,16076,230.78,535,2.22,0.43,9.56,26,2944.48,8.88,12.76
2025-08-30,META_C005,Instagram Stories - Flash Sales,CONVERSIONS,12044,9387,101.22,250,2.08,0.4,8.4,13,1511.72,7.79,14.93
2025-08-31,META_C001,Prospecting - Lookalike Purchasers,CONVERSIONS,20221,16323,222.07,197,0.97,1.13,10.98,4,776.02,55.52,3.49
2025-08-31,META_C002,Retargeting - Add to Cart,CONVERSIONS,18174,12806,74.6,351,1.93,0.21,4.1,13,1993.01,5.74,26.72
2025-08-31,META_C003,Brand Awareness - Video,AWARENESS,10427,7173,88.5,239,2.29,0.37,10.5,3,325.82,29.5,3.68
2025-08-31,META_C004,Catalog Sales - Dynamic,CATALOG_SALES,18510,15480,122.84,333,1.8,0.37,6.64,5,586.49,24.57,4.77
2025-08-31,META_C005,Instagram Stories - Flash Sales,CONVERSIONS,28463,18393,208.59,285,1.0,0.73,9.56,8,917.06,26.07,4.4
2025-09-01,META_C001,Prospecting - Lookalike Purchasers,CONVERSIONS,12874,8107,118.39,251,1.95,0.47,9.2,14,1484.35,8.46,12.54
2025-09-01,META_C002,Retargeting - Add to Cart,CONVERSIONS,15036,10316,88.06,244,1.62,0.36,5.86,12,2339.99,7.34,26.57
2025-09-01,META_C003,Brand Awareness - Video,AWARENESS,10845,8738,92.78,107,0.99,0.87,10.6,6,972.69,15.46,10.48
2025-09-01,META_C004,Catalog Sales - Dynamic,CATALOG_SALES,29608,21344,212.04,731,2.47,0.29,7.16,16,1481.82,13.25,6.99
2025-09-01,META_C005,Instagram Stories - Flash Sales,CONVERSIONS,19274,13381,117.4,273,1.42,0.43,6.09,8,740.28,14.68,6.31
2025-09-02,META_C001,Prospecting - Lookalike Purchasers,CONVERSIONS,20959,13215,119.69,279,1.33,0.43,5.71,5,767.58,23.94,6.41
2025-09-02,META_C002,Retargeting - Add to Cart,CONVERSIONS,12727,8498,114.17,261,2.05,0.44,8.97,8,1119.78,14.27,9.81
2025-09-02,META_C003,Brand Awareness - Video,AWARENESS,25328,16419,98.29,378,1.49,0.26,5.22,17,2009.84,5.78,20.45
2025-09-02,META_C004,Catalog Sales - Dynamic,CATALOG_SALES,15147,12483,111.68,148,0.98,0.75,7.37,2,187.9,55.84,1.68
2025-09-02,META_C005,Instagram Stories - Flash Sales,CONVERSIONS,17336,14687,190.54,392,2.26,0.49,10.99,15,1958.47,12.7,10.28
2025-09-03,META_C001,Prospecting - Lookalike Purchasers,CONVERSIONS,11818,9020,65.52,260,2.2,0.25,5.54,4,416.77,16.38,6.36
2025-09-03,META_C002,Retargeting - Add to Cart,CONVERSIONS,12936,9546,77.79,169,1.31,0.46,6.01,5,602.7,15.56,7.75
2025-09-03,META_C003,Brand Awareness - Video,AWARENESS,29560,21377,99.01,482,1.63,0.21,9.95,10,1461.79,9.9,14.76
2025-09-03,META_C004,Catalog Sales - Dynamic,CATALOG_SALES,22981,16430,106.99,311,1.35,0.34,4.66,5,948.4,21.4,8.86
2025-09-03,META_C005,Instagram Stories - Flash Sales,CONVERSIONS,11868,8290,115.08,191,1.61,0.6,9.7,3,359.4,38.36,3.12
2025-09-04,META_C001,Prospecting - Lookalike Purchasers,CONVERSIONS,17217,11899,116.89,405,2.35,0.29,6.79,4,553.6,29.22,4.74
2025-09-04,META_C002,Retargeting - Add to Cart,CONVERSIONS,29567,22616,131.88,721,2.44,0.18,6.84,7,1154.67,18.84,8.76
2025-09-04,META_C003,Brand Awareness - Video,AWARENESS,27363,16589,104.98,516,1.89,0.2,9.8,15,2792.76,7.0,26.6
2025-09-04,META_C004,Catalog Sales - Dynamic,CATALOG_SALES,20191,15897,175.71,234,1.16,0.75,8.7,3,305.21,58.57,1.74
2025-09-04,META_C005,Instagram Stories - Flash Sales,CONVERSIONS,8338,5880,45.27,173,2.07,0.26,5.43,6,862.75,7.55,19.06
2025-09-05,META_C001,Prospecting - Lookalike Purchasers,CONVERSIONS,13629,9795,124.43,127,0.93,0.98,9.13,5,858.5,24.89,6.9
2025-09-05,META_C002,Retargeting - Add to Cart,CONVERSIONS,20297,13265,142.58,326,1.61,0.44,8.31,10,1021.91,14.26,7.17
2025-09-05,META_C003,Brand Awareness - Video,AWARENESS,12023,7506,71.41,146,1.21,0.49,5.94,2,341.79,35.7,4.79
2025-09-05,META_C004,Catalog Sales - Dynamic,CATALOG_SALES,26008,17731,167.52,483,1.86,0.35,6.44,11,1853.47,15.23,11.06
2025-09-05,META_C005,Instagram Stories - Flash Sales,CONVERSIONS,15581,11633,182.06,371,2.38,0.49,11.94,9,1344.88,20.23,7.39
2025-09-06,META_C001,Prospecting - Lookalike Purchasers,CONVERSIONS,18119,14418,81.33,379,2.09,0.21,4.49,12,1218.99,6.78,14.99
2025-09-06,META_C002,Retargeting - Add to Cart,CONVERSIONS,13385,10305,140.15,234,1.75,0.6,11.16,5,676.72,28.03,4.83
2025-09-06,META_C003,Brand Awareness - Video,AWARENESS,15409,11770,101.27,173,1.12,0.59,11.88,6,583.83,16.88,5.77
2025-09-06,META_C004,Catalog Sales - Dynamic,CATALOG_SALES,13432,8637,89.78,221,1.65,0.41,6.68,12,1360.83,7.48,15.16
2025-09-06,META_C005,Instagram Stories - Flash Sales,CONVERSIONS,16012,10927,94.27,233,1.46,0.4,5.89,13,1728.38,7.25,18.33
2025-09-07,META_C001,Prospecting - Lookalike Purchasers,CONVERSIONS,12490,7866,135.45,304,2.43,0.45,10.84,9,1054.9,15.05,7.79
2025-09-07,META_C002,Retargeting - Add to Cart,CONVERSIONS,21583,13666,98.79,328,1.52,0.3,4.58,11,1203.8,8.98,12.19
2025-09-07,META_C003,Brand Awareness - Video,AWARENESS,9351,6470,75.27,154,1.65,0.49,8.05,7,718.88,10.75,9.55
2025-09-07,META_C004,Catalog Sales - Dynamic,CATALOG_SALES,9407,6017,95.73,97,1.03,0.99,10.18,1,165.38,95.73,1.73
2025-09-07,META_C005,Instagram Stories - Flash Sales,CONVERSIONS,26816,21145,150.77,559,2.08,0.27,5.62,12,1776.59,12.56,11.78
2025-09-08,META_C001,Prospecting - Lookalike Purchasers,CONVERSIONS,14918,9792,175.39,232,1.56,0.76,11.76,3,510.21,58.46,2.91
2025-09-08,META_C002,Retargeting - Add to Cart,CONVERSIONS,13625,8749,96.09,131,0.96,0.73,7.05,5,458.44,19.22,4.77
2025-09-08,META_C003,Brand Awareness - Video,AWARENESS,27621,22930,94.33,340,1.23,0.28,9.86,16,3079.96,5.9,32.65
2025-09-08,META_C004,Catalog Sales - Dynamic,CATALOG_SALES,11487,8229,74.92,171,1.49,0.44,6.52,9,1066.05,8.32,14.23
2025-09-08,META_C005,Instagram Stories - Flash Sales,CONVERSIONS,18838,15783,147.1,169,0.9,0.87,7.81,9,995.66,16.34,6.77
2025-09-09,META_C001,Prospecting - Lookalike Purchasers,CONVERSIONS,29558,19032,223.31,454,1.54,0.49,7.55,10,1961.85,22.33,8.79
2025-09-09,META_C002,Retargeting - Add to Cart,CONVERSIONS,14725,11239,75.09,253,1.72,0.3,5.1,14,1912.04,5.36,25.46
2025-09-09,META_C003,Brand Awareness - Video,AWARENESS,12299,8443,98.18,261,2.12,0.38,9.9,3,461.52,32.73,4.7
2025-09-09,META_C004,Catalog Sales - Dynamic,CATALOG_SALES,28507,17873,135.54,380,1.33,0.36,4.75,16,2399.88,8.47,17.71
2025-09-09,META_C005,Instagram Stories - Flash Sales,CONVERSIONS,29693,24415,180.47,369,1.24,0.49,9.42,19,2933.36,9.5,16.25
2025-09-10,META_C001,Prospecting - Lookalike Purchasers,CONVERSIONS,25364,18070,122.37,272,1.07,0.45,4.82,13,2171.73,9.41,17.75
2025-09-10,META_C002,Retargeting - Add to Cart,CONVERSIONS,9945,7511,109.33,165,1.66,0.66,10.99,4,750.32,27.33,6.86
2025-09-10,META_C003,Brand Awareness - Video,AWARENESS,17301,14080,101.32,429,2.48,0.24,10.26,20,1874.89,5.07,18.5
2025-09-10,META_C004,Catalog Sales - Dynamic,CATALOG_SALES,12519,7621,69.1,206,1.65,0.34,5.52,2,283.97,34.55,4.11
2025-09-10,META_C005,Instagram Stories - Flash Sales,CONVERSIONS,27774,21862,179.07,472,1.7,0.38,11.55,12,1731.84,14.92,9.67
2025-09-11,META_C001,Prospecting - Lookalike Purchasers,CONVERSIONS,20255,12336,118.82,428,2.11,0.28,5.87,16,1916.66,7.43,16.13
2025-09-11,META_C002,Retargeting - Add to Cart,CONVERSIONS,16911,10552,153.56,154,0.91,1.0,11.63,2,307.84,76.78,2.0
2025-09-11,META_C003,Brand Awareness - Video,AWARENESS,13113,10930,90.47,106,0.81,0.85,10.04,5,683.25,18.09,7.55
2025-09-11,META_C004,Catalog Sales - Dynamic,CATALOG_SALES,22132,14867,113.82,346,1.56,0.33,5.14,7,735.97,16.26,6.47
2025-09-11,META_C005,Instagram Stories - Flash Sales,CONVERSIONS,20770,16229,130.25,230,1.11,0.57,6.27,6,1031.62,21.71,7.92
2025-09-12,META_C001,Prospecting - Lookalike Purchasers,CONVERSIONS,22523,15037,112.1,501,2.22,0.22,4.98,6,615.8,18.68,5.49
2025-09-12,META_C002,Retargeting - Add to Cart,CONVERSIONS,13229,9411,134.92,228,1.72,0.59,10.32,3,423.29,44.97,3.14
2025-09-12,META_C003,Brand Awareness - Video,AWARENESS,11908,7773,82.58,245,2.06,0.34,6.93,7,721.38,11.8,8.74
2025-09-12,META_C004,Catalog Sales - Dynamic,CATALOG_SALES,14175,10295,155.29,267,1.88,0.58,10.96,7,1163.96,22.18,7.5
2025-09-12,META_C005,Instagram Stories - Flash Sales,CONVERSIONS,15397,11645,91.61,142,0.92,0.65,5.95,4,632.0,22.9,6.9
2025-09-13,META_C001,Prospecting - Lookalike Purchasers,CONVERSIONS,25353,20347,216.89,415,1.64,0.52,11.94,14,2498.98,15.49,11.52
2025-09-13,META_C002,Retargeting - Add to Cart,CONVERSIONS,13859,8555,90.22,322,2.32,0.28,6.51,9,1677.51,10.02,18.59
2025-09-13,META_C003,Brand Awareness - Video,AWARENESS,8720,5916,85.58,99,1.14,0.86,9.81,5,788.77,17.12,9.22
2025-09-13,META_C004,Catalog Sales - Dynamic,CATALOG_SALES,29758,18856,203.81,683,2.3,0.3,6.85,15,1933.21,13.59,9.49
2025-09-13,META_C005,Instagram Stories - Flash Sales,CONVERSIONS,11142,8845,65.76,171,1.53,0.38,5.9,5,547.69,13.15,8.33
2025-09-14,META_C001,Prospecting - Lookalike Purchasers,CONVERSIONS,10939,9015,49.69,133,1.22,0.37,4.54,7,695.75,7.1,14.0
2025-09-14,META_C002,Retargeting - Add to Cart,CONVERSIONS,25952,21358,136.32,506,1.95,0.27,7.02,22,3867.54,6.2,28.37
2025-09-14,META_C003,Brand Awareness - Video,AWARENESS,26272,17526,87.7,438,1.67,0.2,9.5,17,1832.44,5.16,20.89
2025-09-14,META_C004,Catalog Sales - Dynamic,CATALOG_SALES,9683,6281,71.31,165,1.7,0.43,7.36,7,764.09,10.19,10.72
2025-09-14,META_C005,Instagram Stories - Flash Sales,CONVERSIONS,10331,6817,67.27,237,2.29,0.28,6.51,7,1029.47,9.61,15.3
2025-09-15,META_C001,Prospecting - Lookalike Purchasers,CONVERSIONS,8101,4928,37.83,131,1.62,0.29,4.67,2,310.37,18.91,8.2
2025-09-15,META_C002,Retargeting - Add to Cart,CONVERSIONS,19981,12432,150.51,257,1.29,0.59,9.12,11,1231.66,13.68,8.18
2025-09-15,META_C003,Brand Awareness - Video,AWARENESS,24648,20407,89.89,364,1.48,0.25,7.53,8,721.09,11.24,8.02
2025-09-15,META_C004,Catalog Sales - Dynamic,CATALOG_SALES,22310,13623,126.79,430,1.93,0.29,5.68,5,813.03,25.36,6.41
2025-09-15,META_C005,Instagram Stories - Flash Sales,CONVERSIONS,28472,17613,199.18,550,1.93,0.36,7.33,11,1187.31,18.11,5.96
2025-09-16,META_C001,Prospecting - Lookalike Purchasers,CONVERSIONS,25253,21188,256.08,461,1.83,0.56,10.14,26,4314.65,9.85,16.85
2025-09-16,META_C002,Retargeting - Add to Cart,CONVERSIONS,27995,17927,133.4,237,0.85,0.56,10.52,8,1000.06,16.68,7.5
2025-09-16,META_C003,Brand Awareness - Video,AWARENESS,8957,7569,83.58,223,2.49,0.37,9.33,6,708.13,13.93,8.47
2025-09-16,META_C004,Catalog Sales - Dynamic,CATALOG_SALES,12045,8778,106.58,175,1.45,0.61,8.85,3,415.81,35.53,3.9
2025-09-16,META_C005,Instagram Stories - Flash Sales,CONVERSIONS,9875,8060,43.21,95,0.96,0.45,4.38,4,497.6,10.8,11.52
2025-09-17,META_C001,Prospecting - Lookalike Purchasers,CONVERSIONS,10488,7686,118.83,128,1.22,0.93,11.33,5,466.66,23.77,3.93
2025-09-17,META_C002,Retargeting - Add to Cart,CONVERSIONS,10900,7901,63.55,259,2.38,0.25,5.83,2,231.24,31.77,3.64
2025-09-17,META_C003,Brand Awareness - Video,AWARENESS,17670,13089,102.84,332,1.88,0.31,11.33,7,1233.13,14.69,11.99
2025-09-17,META_C004,Catalog Sales - Dynamic,CATALOG_SALES,12458,10480,50.41,118,0.95,0.43,4.05,3,479.53,16.8,9.51
2025-09-17,META_C005,Instagram Stories - Flash Sales,CONVERSIONS,23171,18453,180.05,535,2.31,0.34,8.75,27,2905.36,6.67,16.14
2025-09-18,META_C001,Prospecting - Lookalike Purchasers,CONVERSIONS,26183,22076,226.59,479,1.83,0.47,9.1,12,1972.25,18.88,8.7
2025-09-18,META_C002,Retargeting - Add to Cart,CONVERSIONS,19985,16634,133.92,406,2.03,0.33,8.94,10,1199.63,13.39,8.96
2025-09-18,META_C003,Brand Awareness - Video,AWARENESS,16619,10021,95.65,351,2.11,0.27,11.75,8,1377.02,11.96,14.4
2025-09-18,META_C004,Catalog Sales - Dynamic,CATALOG_SALES,20477,14457,240.92,392,1.91,0.61,11.77,4,492.64,60.23,2.04
2025-09-18,META_C005,Instagram Stories - Flash Sales,CONVERSIONS,27551,21758,206.01,448,1.63,0.46,8.29,17,2244.63,12.12,10.9
2025-09-19,META_C001,Prospecting - Lookalike Purchasers,CONVERSIONS,21640,14709,153.3,214,0.99,0.72,7.08,3,284.29,51.1,1.85
2025-09-19,META_C002,Retargeting - Add to Cart,CONVERSIONS,15040,10521,71.53,269,1.79,0.27,4.76,12,2368.28,5.96,33.11
2025-09-19,META_C003,Brand Awareness - Video,AWARENESS,21625,13578,100.55,412,1.91,0.24,4.71,7,825.09,14.36,8.21
2025-09-19,META_C004,Catalog Sales - Dynamic,CATALOG_SALES,24505,18171,212.7,458,1.87,0.46,8.68,22,4122.31,9.67,19.38
2025-09-19,META_C005,Instagram Stories - Flash Sales,CONVERSIONS,24207,18012,189.4,287,1.19,0.66,9.39,15,2228.83,12.63,11.77
2025-09-20,META_C001,Prospecting - Lookalike Purchasers,CONVERSIONS,21075,17861,241.82,180,0.85,1.34,11.88,5,965.51,48.36,3.99
2025-09-20,META_C002,Retargeting - Add to Cart,CONVERSIONS,14342,12188,67.04,240,1.67,0.28,4.67,5,971.73,13.41,14.49
2025-09-20,META_C003,Brand Awareness - Video,AWARENESS,21621,14217,99.42,282,1.3,0.35,7.07,15,1623.36,6.63,16.33
2025-09-20,META_C004,Catalog Sales - Dynamic,CATALOG_SALES,13819,8791,66.79,345,2.5,0.19,4.83,5,567.15,13.36,8.49
2025-09-20,META_C005,Instagram Stories - Flash Sales,CONVERSIONS,13975,10548,139.23,113,0.81,1.23,9.96,4,637.52,34.81,4.58
2025-09-21,META_C001,Prospecting - Lookalike Purchasers,CONVERSIONS,19388,13470,201.24,230,1.19,0.87,10.38,5,691.81,40.25,3.44
2025-09-21,META_C002,Retargeting - Add to Cart,CONVERSIONS,12709,9555,140.74,198,1.56,0.71,11.07,9,1550.56,15.64,11.02
2025-09-21,META_C003,Brand Awareness - Video,AWARENESS,16075,12072,89.91,228,1.42,0.39,9.84,3,595.93,29.97,6.63
2025-09-21,META_C004,Catalog Sales - Dynamic,CATALOG_SALES,9889,6350,77.52,138,1.4,0.56,7.84,6,986.18,12.92,12.72
2025-09-21,META_C005,Instagram Stories - Flash Sales,CONVERSIONS,22050,17888,90.7,487,2.21,0.19,4.11,27,4786.96,3.36,52.78
2025-09-22,META_C001,Prospecting - Lookalike Purchasers,CONVERSIONS,27329,17784,179.11,269,0.98,0.67,6.55,12,1259.75,14.93,7.03
2025-09-22,META_C002,Retargeting - Add to Cart,CONVERSIONS,9155,7267,102.88,201,2.2,0.51,11.24,7,1313.56,14.7,12.77
2025-09-22,META_C003,Brand Awareness - Video,AWARENESS,18927,16032,91.37,357,1.89,0.26,4.83,13,2207.91,7.03,24.16
2025-09-22,META_C004,Catalog Sales - Dynamic,CATALOG_SALES,26486,21605,143.11,219,0.83,0.65,5.4,3,357.08,47.7,2.5
2025-09-22,META_C005,Instagram Stories - Flash Sales,CONVERSIONS,23862,17155,189.46,416,1.74,0.46,10.06,6,1052.53,31.58,5.56
2025-09-23,META_C001,Prospecting - Lookalike Purchasers,CONVERSIONS,24678,16704,163.58,538,2.18,0.3,6.63,25,3925.16,6.54,24.0
2025-09-23,META_C002,Retargeting - Add to Cart,CONVERSIONS,13254,8521,58.35,148,1.12,0.39,4.4,2,302.34,29.18,5.18
2025-09-23,META_C003,Brand Awareness - Video,AWARENESS,15877,11292,98.18,301,1.9,0.33,8.75,6,1074.35,16.36,10.94
2025-09-23,META_C004,Catalog Sales - Dynamic,CATALOG_SALES,28189,19139,116.6,668,2.37,0.17,4.14,8,724.36,14.57,6.21
2025-09-23,META_C005,Instagram Stories - Flash Sales,CONVERSIONS,25960,17532,178.67,587,2.26,0.3,11.32,7,830.69,25.52,4.65
2025-09-24,META_C001,Prospecting - Lookalike Purchasers,CONVERSIONS,29408,19344,148.93,294,1.0,0.51,5.06,4,502.31,37.23,3.37
2025-09-24,META_C002,Retargeting - Add to Cart,CONVERSIONS,21977,17091,143.73,322,1.47,0.45,11.05,8,1465.27,17.97,10.19
2025-09-24,META_C003,Brand Awareness - Video,AWARENESS,23923,19768,91.0,406,1.7,0.22,11.71,16,1728.37,5.69,18.99
2025-09-24,META_C004,Catalog Sales - Dynamic,CATALOG_SALES,9173,7493,75.99,159,1.73,0.48,8.28,7,742.04,10.86,9.76
2025-09-24,META_C005,Instagram Stories - Flash Sales,CONVERSIONS,21509,15429,190.78,516,2.4,0.37,11.18,14,2749.02,13.63,14.41
2025-09-25,META_C001,Prospecting - Lookalike Purchasers,CONVERSIONS,27253,20332,186.13,576,2.11,0.32,6.83,22,2951.84,8.46,15.86
2025-09-25,META_C002,Retargeting - Add to Cart,CONVERSIONS,21993,17227,92.0,211,0.96,0.44,4.18,4,547.88,23.0,5.96
2025-09-25,META_C003,Brand Awareness - Video,AWARENESS,25680,17662,94.67,640,2.49,0.15,4.14,17,3327.55,5.57,35.15
2025-09-25,META_C004,Catalog Sales - Dynamic,CATALOG_SALES,10229,6580,100.17,214,2.09,0.47,9.79,11,1293.81,9.11,12.92
2025-09-25,META_C005,Instagram Stories - Flash Sales,CONVERSIONS,23022,17310,187.2,204,0.89,0.92,10.89,7,1368.34,26.74,7.31
2025-09-26,META_C001,Prospecting - Lookalike Purchasers,CONVERSIONS,8321,5492,54.32,112,1.35,0.48,6.53,2,322.68,27.16,5.94
2025-09-26,META_C002,Retargeting - Add to Cart,CONVERSIONS,9020,5796,65.52,125,1.39,0.52,7.26,1,129.69,65.52,1.98
2025-09-26,META_C003,Brand Awareness - Video,AWARENESS,25555,17976,88.27,234,0.92,0.38,8.69,12,1517.41,7.36,17.19
2025-09-26,META_C004,Catalog Sales - Dynamic,CATALOG_SALES,15707,12870,151.76,307,1.95,0.49,9.66,4,781.52,37.94,5.15
2025-09-26,META_C005,Instagram Stories - Flash Sales,CONVERSIONS,28000,18453,186.38,549,1.96,0.34,10.43,10,1492.41,18.64,8.01
2025-09-27,META_C001,Prospecting - Lookalike Purchasers,CONVERSIONS,10785,7916,64.16,208,1.93,0.31,5.95,11,1190.0,5.83,18.55
2025-09-27,META_C002,Retargeting - Add to Cart,CONVERSIONS,27651,19286,142.88,626,2.26,0.23,10.75,27,3940.89,5.29,27.58
2025-09-27,META_C003,Brand Awareness - Video,AWARENESS,14875,12528,92.62,161,1.08,0.58,10.41,7,1392.26,13.23,15.03
2025-09-27,META_C004,Catalog Sales - Dynamic,CATALOG_SALES,14137,11719,70.73,292,2.07,0.24,5.0,7,864.57,10.1,12.22
2025-09-27,META_C005,Instagram Stories - Flash Sales,CONVERSIONS,22155,16580,200.65,380,1.72,0.53,11.35,21,3259.21,9.55,16.24
2025-09-28,META_C001,Prospecting - Lookalike Purchasers,CONVERSIONS,26693,21627,215.88,478,1.79,0.45,11.35,15,2159.39,14.39,10.0
2025-09-28,META_C002,Retargeting - Add to Cart,CONVERSIONS,18118,14664,118.63,206,1.14,0.58,6.55,4,650.58,29.66,5.48
2025-09-28,META_C003,Brand Awareness - Video,AWARENESS,10572,6839,85.88,107,1.01,0.8,8.22,5,915.38,17.18,10.66
2025-09-28,META_C004,Catalog Sales - Dynamic,CATALOG_SALES,15651,10752,179.86,279,1.78,0.64,11.49,11,1943.34,16.35,10.8
2025-09-28,META_C005,Instagram Stories - Flash Sales,CONVERSIONS,28938,19937,196.85,707,2.44,0.28,7.5,38,6208.28,5.18,31.54
2025-09-29,META_C001,Prospecting - Lookalike Purchasers,CONVERSIONS,26847,16680,188.39,295,1.1,0.64,7.02,12,2248.94,15.7,11.94
2025-09-29,META_C002,Retargeting - Add to Cart,CONVERSIONS,21921,16792,105.89,344,1.57,0.31,4.83,14,1762.31,7.56,16.64
2025-09-29,META_C003,Brand Awareness - Video,AWARENESS,20792,14679,87.94,306,1.47,0.29,8.47,8,1368.03,10.99,15.56
2025-09-29,META_C004,Catalog Sales - Dynamic,CATALOG_SALES,23541,19473,213.2,501,2.13,0.43,9.06,17,1891.83,12.54,8.87
2025-09-29,META_C005,Instagram Stories - Flash Sales,CONVERSIONS,24443,15475,132.61,515,2.11,0.26,5.43,25,3056.64,5.3,23.05
2025-09-30,META_C001,Prospecting - Lookalike Purchasers,CONVERSIONS,27064,21127,247.93,483,1.78,0.51,10.67,7,1177.42,35.42,4.75
2025-09-30,META_C002,Retargeting - Add to Cart,CONVERSIONS,23190,15725,144.01,406,1.75,0.35,9.89,11,1131.31,13.09,7.86
2025-09-30,META_C003,Brand Awareness - Video,AWARENESS,12772,10118,78.82,318,2.49,0.25,6.17,6,972.55,13.14,12.34
2025-09-30,META_C004,Catalog Sales - Dynamic,CATALOG_SALES,28392,21291,295.06,642,2.26,0.46,10.39,24,3120.18,12.29,10.57
2025-09-30,META_C005,Instagram Stories - Flash Sales,CONVERSIONS,18614,15085,201.53,337,1.81,0.6,10.83,11,1366.72,18.32,6.78
2025-10-01,META_C001,Prospecting - Lookalike Purchasers,CONVERSIONS,8073,6386,50.18,180,2.23,0.28,6.22,2,384.08,25.09,7.65
2025-10-01,META_C002,Retargeting - Add to Cart,CONVERSIONS,8029,6702,61.33,156,1.94,0.39,7.64,8,1105.5,7.67,18.03
2025-10-01,META_C003,Brand Awareness - Video,AWARENESS,23209,19607,101.41,302,1.3,0.34,5.93,9,1088.95,11.27,10.74
2025-10-01,META_C004,Catalog Sales - Dynamic,CATALOG_SALES,17812,10709,114.49,333,1.87,0.34,6.43,13,2004.81,8.81,17.51
2025-10-01,META_C005,Instagram Stories - Flash Sales,CONVERSIONS,14446,12089,103.08,251,1.74,0.41,7.14,11,1004.8,9.37,9.75
2025-10-02,META_C001,Prospecting - Lookalike Purchasers,CONVERSIONS,14079,11351,113.42,335,2.38,0.34,8.06,4,630.85,28.36,5.56
2025-10-02,META_C002,Retargeting - Add to Cart,CONVERSIONS,15528,9591,88.66,131,0.84,0.68,5.71,5,976.27,17.73,11.01
2025-10-02,META_C003,Brand Awareness - Video,AWARENESS,25492,17497,94.3,374,1.47,0.25,5.11,21,4176.6,4.49,44.29
2025-10-02,META_C004,Catalog Sales - Dynamic,CATALOG_SALES,17032,10852,192.2,284,1.67,0.68,11.28,8,1114.39,24.02,5.8
2025-10-02,META_C005,Instagram Stories - Flash Sales,CONVERSIONS,27841,17989,170.73,658,2.36,0.26,10.45,23,2643.67,7.42,15.48
2025-10-03,META_C001,Prospecting - Lookalike Purchasers,CONVERSIONS,8062,5964,48.02,103,1.28,0.47,5.96,1,145.56,48.02,3.03
2025-10-03,META_C002,Retargeting - Add to Cart,CONVERSIONS,20418,14561,145.19,346,1.69,0.42,7.66,5,558.4,29.04,3.85
2025-10-03,META_C003,Brand Awareness - Video,AWARENESS,11119,8598,91.5,239,2.15,0.38,8.23,6,914.95,15.25,10.0
2025-10-03,META_C004,Catalog Sales - Dynamic,CATALOG_SALES,9636,7574,92.13,221,2.29,0.42,9.56,10,1828.94,9.21,19.85
2025-10-03,META_C005,Instagram Stories - Flash Sales,CONVERSIONS,15604,10701,180.29,270,1.73,0.67,11.55,7,1296.82,25.76,7.19
2025-10-04,META_C001,Prospecting - Lookalike Purchasers,CONVERSIONS,15115,9649,137.79,218,1.44,0.63,9.12,10,1224.74,13.78,8.89
2025-10-04,META_C002,Retargeting - Add to Cart,CONVERSIONS,28488,23900,157.13,484,1.7,0.32,10.53,18,3275.61,8.73,20.85
2025-10-04,META_C003,Brand Awareness - Video,AWARENESS,18841,13220,98.15,391,2.08,0.25,8.92,16,2752.47,6.13,28.04
2025-10-04,META_C004,Catalog Sales - Dynamic,CATALOG_SALES,22840,16447,116.02,194,0.85,0.6,5.08,11,1992.43,10.55,17.17
2025-10-04,META_C005,Instagram Stories - Flash Sales,CONVERSIONS,22760,19155,172.26,398,1.75,0.43,8.9,9,1175.78,19.14,6.83
2025-10-05,META_C001,Prospecting - Lookalike Purchasers,CONVERSIONS,18110,14373,145.3,237,1.31,0.61,8.02,8,938.58,18.16,6.46
2025-10-05,META_C002,Retargeting - Add to Cart,CONVERSIONS,13741,10845,92.62,190,1.38,0.49,6.74,7,1256.77,13.23,13.57
2025-10-05,META_C003,Brand Awareness - Video,AWARENESS,29162,22937,90.98,297,1.02,0.31,7.43,12,1753.05,7.58,19.27
2025-10-05,META_C004,Catalog Sales - Dynamic,CATALOG_SALES,22909,15103,150.95,493,2.15,0.31,6.59,9,1412.39,16.77,9.36
2025-10-05,META_C005,Instagram Stories - Flash Sales,CONVERSIONS,9129,6731,41.18,90,0.99,0.46,4.51,2,255.62,20.59,6.21
2025-10-06,META_C001,Prospecting - Lookalike Purchasers,CONVERSIONS,26181,17185,122.82,515,1.97,0.24,4.69,12,1875.71,10.23,15.27
2025-10-06,META_C002,Retargeting - Add to Cart,CONVERSIONS,25073,17222,131.9,210,0.84,0.63,8.2,12,1475.64,10.99,11.19
2025-10-06,META_C003,Brand Awareness - Video,AWARENESS,14135,11920,96.71,281,1.99,0.34,9.83,12,2087.6,8.06,21.59
2025-10-06,META_C004,Catalog Sales - Dynamic,CATALOG_SALES,9478,6665,60.29,142,1.5,0.42,6.36,5,548.17,12.06,9.09
2025-10-06,META_C005,Instagram Stories - Flash Sales,CONVERSIONS,14710,11176,127.01,315,2.14,0.4,8.63,18,2802.44,7.06,22.06
2025-10-07,META_C001,Prospecting - Lookalike Purchasers,CONVERSIONS,23366,19046,248.44,385,1.65,0.65,10.72,9,1678.44,27.6,6.76
2025-10-07,META_C002,Retargeting - Add to Cart,CONVERSIONS,25086,20306,128.6,381,1.52,0.34,5.13,19,3576.13,6.77,27.81
2025-10-07,META_C003,Brand Awareness - Video,AWARENESS,14267,11008,65.95,232,1.63,0.28,4.62,11,2069.29,6.0,31.38
2025-10-07,META_C004,Catalog Sales - Dynamic,CATALOG_SALES,15420,11286,141.55,381,2.47,0.37,9.18,20,2452.09,7.08,17.32
2025-10-07,META_C005,Instagram Stories - Flash Sales,CONVERSIONS,19174,12610,155.62,181,0.94,0.86,8.12,9,1397.81,17.29,8.98
2025-10-08,META_C001,Prospecting - Lookalike Purchasers,CONVERSIONS,29771,18053,252.1,305,1.02,0.83,10.65,8,1498.62,31.51,5.94
2025-10-08,META_C002,Retargeting - Add to Cart,CONVERSIONS,19405,13589,130.3,311,1.6,0.42,11.24,13,2040.21,10.02,15.66
2025-10-08,META_C003,Brand Awareness - Video,AWARENESS,13814,10233,96.7,271,1.96,0.36,9.67,6,1089.68,16.12,11.27
2025-10-08,META_C004,Catalog Sales - Dynamic,CATALOG_SALES,17893,15151,74.91,198,1.11,0.38,4.19,7,817.27,10.7,10.91
2025-10-08,META_C005,Instagram Stories - Flash Sales,CONVERSIONS,24224,19874,137.76,554,2.29,0.25,5.69,15,2067.06,9.18,15.0
2025-10-09,META_C001,Prospecting - Lookalike Purchasers,CONVERSIONS,12861,9084,75.24,211,1.64,0.36,5.85,10,1244.0,7.52,16.53
2025-10-09,META_C002,Retargeting - Add to Cart,CONVERSIONS,19123,12714,143.16,209,1.09,0.68,11.48,4,396.48,35.79,2.77
2025-10-09,META_C003,Brand Awareness - Video,AWARENESS,8611,6298,57.67,93,1.08,0.62,6.7,4,499.03,14.42,8.65
2025-10-09,META_C004,Catalog Sales - Dynamic,CATALOG_SALES,12917,10881,134.6,256,1.98,0.53,10.42,15,2328.79,8.97,17.3
2025-10-09,META_C005,Instagram Stories - Flash Sales,CONVERSIONS,10241,6310,95.58,212,2.07,0.45,9.33,3,581.82,31.86,6.09
2025-10-10,META_C001,Prospecting - Lookalike Purchasers,CONVERSIONS,20125,15343,86.11,353,1.75,0.24,4.28,13,2519.28,6.62,29.26
2025-10-10,META_C002,Retargeting - Add to Cart,CONVERSIONS,28445,18633,149.6,236,0.83,0.63,11.45,5,677.14,29.92,4.53
2025-10-10,META_C003,Brand Awareness - Video,AWARENESS,20822,16143,101.73,465,2.23,0.22,5.68,19,3635.09,5.35,35.73
2025-10-10,META_C004,Catalog Sales - Dynamic,CATALOG_SALES,25885,16965,268.93,267,1.03,1.01,10.39,15,1391.24,17.93,5.17
2025-10-10,META_C005,Instagram Stories - Flash Sales,CONVERSIONS,19487,15462,199.39,331,1.7,0.6,10.32,14,2337.9,14.24,11.73
2025-10-11,META_C001,Prospecting - Lookalike Purchasers,CONVERSIONS,18879,14138,203.34,318,1.68,0.64,10.77,3,496.85,67.78,2.44
2025-10-11,META_C002,Retargeting - Add to Cart,CONVERSIONS,12298,8857,69.87,199,1.62,0.35,5.68,6,820.6,11.65,11.74
2025-10-11,META_C003,Brand Awareness - Video,AWARENESS,12593,10537,50.73,258,2.05,0.2,4.03,4,567.76,12.68,11.19
2025-10-11,META_C004,Catalog Sales - Dynamic,CATALOG_SALES,29754,22640,149.34,474,1.59,0.32,5.02,23,4387.89,6.49,29.38
2025-10-11,META_C005,Instagram Stories - Flash Sales,CONVERSIONS,9809,6655,62.66,171,1.74,0.37,6.39,9,1231.77,6.96,19.66
2025-10-12,META_C001,Prospecting - Lookalike Purchasers,CONVERSIONS,23899,16051,235.26,517,2.16,0.46,11.29,11,1829.26,21.39,7.78
2025-10-12,META_C002,Retargeting - Add to Cart,CONVERSIONS,16913,10280,123.53,178,1.05,0.69,7.3,3,423.4,41.18,3.43
2025-10-12,META_C003,Brand Awareness - Video,AWARENESS,15540,11036,87.8,172,1.11,0.51,7.69,9,971.09,9.76,11.06
2025-10-12,META_C004,Catalog Sales - Dynamic,CATALOG_SALES,22650,15959,258.97,500,2.21,0.52,11.75,17,1540.01,15.23,5.95
2025-10-12,META_C005,Instagram Stories - Flash Sales,CONVERSIONS,13800,9686,89.89,325,2.36,0.28,6.51,9,1224.64,9.99,13.62
2025-10-13,META_C001,Prospecting - Lookalike Purchasers,CONVERSIONS,24744,19757,115.62,400,1.62,0.29,4.67,6,714.71,19.27,6.18
2025-10-13,META_C002,Retargeting - Add to Cart,CONVERSIONS,8990,6203,54.33,160,1.78,0.34,6.04,7,1096.12,7.76,20.18
2025-10-13,META_C003,Brand Awareness - Video,AWARENESS,22924,18715,102.21,243,1.06,0.42,10.99,5,726.28,20.44,7.11
2025-10-13,META_C004,Catalog Sales - Dynamic,CATALOG_SALES,15892,10058,100.15,220,1.38,0.46,6.3,6,544.22,16.69,5.43
2025-10-13,META_C005,Instagram Stories - Flash Sales,CONVERSIONS,23827,16759,114.97,505,2.12,0.23,4.83,23,4493.42,5.0,39.08
2025-10-14,META_C001,Prospecting - Lookalike Purchasers,CONVERSIONS,16964,13225,95.84,139,0.82,0.69,5.65,2,273.56,47.92,2.85
2025-10-14,META_C002,Retargeting - Add to Cart,CONVERSIONS,8266,5914,67.64,80,0.97,0.85,8.18,1,157.46,67.64,2.33
2025-10-14,META_C003,Brand Awareness - Video,AWARENESS,22480,13633,100.7,206,0.92,0.49,8.32,6,755.5,16.78,7.5
2025-10-14,META_C004,Catalog Sales - Dynamic,CATALOG_SALES,28100,18165,183.97,382,1.36,0.48,6.55,13,1217.24,14.15,6.62
2025-10-14,META_C005,Instagram Stories - Flash Sales,CONVERSIONS,29667,23918,172.43,275,0.93,0.63,9.08,10,1213.57,17.24,7.04
2025-10-15,META_C001,Prospecting - Lookalike Purchasers,CONVERSIONS,21701,16265,226.57,386,1.78,0.59,10.71,18,2591.73,12.59,11.44
2025-10-15,META_C002,Retargeting - Add to Cart,CONVERSIONS,26274,16626,155.79,358,1.36,0.44,9.87,10,991.9,15.58,6.37
2025-10-15,META_C003,Brand Awareness - Video,AWARENESS,22112,16321,95.59,488,2.21,0.2,4.32,27,4050.83,3.54,42.38
2025-10-15,META_C004,Catalog Sales - Dynamic,CATALOG_SALES,17956,14706,129.1,331,1.84,0.39,7.19,9,896.02,14.34,6.94
2025-10-15,META_C005,Instagram Stories - Flash Sales,CONVERSIONS,8471,5989,66.49,127,1.5,0.52,7.85,3,422.49,22.16,6.35
2025-10-16,META_C001,Prospecting - Lookalike Purchasers,CONVERSIONS,13235,8243,64.91,108,0.82,0.6,4.9,2,353.26,32.45,5.44
2025-10-16,META_C002,Retargeting - Add to Cart,CONVERSIONS,13161,8260,146.17,118,0.9,1.24,11.59,1,157.33,146.17,1.08
2025-10-16,META_C003,Brand Awareness - Video,AWARENESS,19882,12269,103.58,352,1.77,0.29,5.79,11,1292.69,9.42,12.48
2025-10-16,META_C004,Catalog Sales - Dynamic,CATALOG_SALES,10941,7665,124.5,271,2.48,0.46,11.38,5,674.82,24.9,5.42
2025-10-16,META_C005,Instagram Stories - Flash Sales,CONVERSIONS,8991,6709,70.75,154,1.71,0.46,7.87,4,684.61,17.69,9.68
2025-10-17,META_C001,Prospecting - Lookalike Purchasers,CONVERSIONS,8550,6286,41.99,183,2.14,0.23,4.91,3,578.82,14.0,13.78
2025-10-17,META_C002,Retargeting - Add to Cart,CONVERSIONS,27547,19385,111.5,632,2.29,0.18,4.05,11,2098.59,10.14,18.82
2025-10-17,META_C003,Brand Awareness - Video,AWARENESS,28110,20177,93.9,494,1.76,0.19,10.38,12,1290.5,7.83,13.74
2025-10-17,META_C004,Catalog Sales - Dynamic,CATALOG_SALES,24423,14662,210.93,287,1.18,0.73,8.64,7,1082.36,30.13,5.13
2025-10-17,META_C005,Instagram Stories - Flash Sales,CONVERSIONS,13431,10904,93.11,159,1.18,0.59,6.93,1,109.11,93.11,1.17
2025-10-18,META_C001,Prospecting - Lookalike Purchasers,CONVERSIONS,9016,6465,78.38,85,0.94,0.92,8.69,2,355.82,39.19,4.54
2025-10-18,META_C002,Retargeting - Add to Cart,CONVERSIONS,21816,13660,155.02,295,1.35,0.53,11.1,12,1729.87,12.92,11.16
2025-10-18,META_C003,Brand Awareness - Video,AWARENESS,28724,20887,88.99,398,1.39,0.22,11.68,19,3347.75,4.68,37.62
2025-10-18,META_C004,Catalog Sales - Dynamic,CATALOG_SALES,24108,19645,231.93,380,1.58,0.61,9.62,12,1616.13,19.33,6.97
2025-10-18,META_C005,Instagram Stories - Flash Sales,CONVERSIONS,21644,15186,112.11,513,2.37,0.22,5.18,5,508.01,22.42,4.53
2025-10-19,META_C001,Prospecting - Lookalike Purchasers,CONVERSIONS,17796,11847,128.96,181,1.02,0.71,7.25,9,1561.52,14.33,12.11
2025-10-19,META_C002,Retargeting - Add to Cart,CONVERSIONS,10293,7894,91.35,165,1.6,0.55,8.87,3,489.01,30.45,5.35
2025-10-19,META_C003,Brand Awareness - Video,AWARENESS,16169,10586,100.27,260,1.61,0.39,7.27,6,1089.03,16.71,10.86
2025-10-19,META_C004,Catalog Sales - Dynamic,CATALOG_SALES,27396,19404,191.7,246,0.9,0.78,7.0,10,1760.52,19.17,9.18
2025-10-19,META_C005,Instagram Stories - Flash Sales,CONVERSIONS,16743,10776,70.83,210,1.25,0.34,4.23,6,794.99,11.8,11.22
2025-10-20,META_C001,Prospecting - Lookalike Purchasers,CONVERSIONS,11847,8613,90.95,145,1.22,0.63,7.68,3,538.73,30.32,5.92
2025-10-20,META_C002,Retargeting - Add to Cart,CONVERSIONS,23448,18595,116.92,417,1.78,0.28,4.99,22,4138.92,5.31,35.4
2025-10-20,META_C003,Brand Awareness - Video,AWARENESS,26302,16066,102.98,235,0.89,0.44,10.57,7,1043.19,14.71,10.13
2025-10-20,META_C004,Catalog Sales - Dynamic,CATALOG_SALES,13120,9566,145.47,314,2.39,0.46,11.09,10,1351.62,14.55,9.29
2025-10-20,META_C005,Instagram Stories - Flash Sales,CONVERSIONS,22647,15947,98.19,289,1.28,0.34,4.34,3,276.8,32.73,2.82
2025-10-21,META_C001,Prospecting - Lookalike Purchasers,CONVERSIONS,28489,18888,216.04,454,1.59,0.48,7.58,6,904.28,36.01,4.19
2025-10-21,META_C002,Retargeting - Add to Cart,CONVERSIONS,9940,6200,107.47,194,1.95,0.55,10.81,6,686.74,17.91,6.39
2025-10-21,META_C003,Brand Awareness - Video,AWARENESS,19392,11969,95.46,230,1.19,0.42,6.78,9,861.29,10.61,9.02
2025-10-21,META_C004,Catalog Sales - Dynamic,CATALOG_SALES,18665,14535,138.86,349,1.87,0.4,7.44,20,2425.07,6.94,17.46
2025-10-21,META_C005,Instagram Stories - Flash Sales,CONVERSIONS,28653,21538,206.09,497,1.73,0.41,9.96,26,3889.25,7.93,18.87
2025-10-22,META_C001,Prospecting - Lookalike Purchasers,CONVERSIONS,21182,15066,109.41,521,2.46,0.21,5.17,25,4305.62,4.38,39.35
2025-10-22,META_C002,Retargeting - Add to Cart,CONVERSIONS,22152,15217,118.67,179,0.81,0.66,5.36,7,1255.15,16.95,10.58
2025-10-22,META_C003,Brand Awareness - Video,AWARENESS,13916,8669,90.84,217,1.56,0.42,6.69,5,636.85,18.17,7.01
2025-10-22,META_C004,Catalog Sales - Dynamic,CATALOG_SALES,27966,19120,287.61,384,1.37,0.75,10.28,19,2953.71,15.14,10.27
2025-10-22,META_C005,Instagram Stories - Flash Sales,CONVERSIONS,8189,5054,82.06,121,1.48,0.68,10.02,2,214.61,41.03,2.62
2025-10-23,META_C001,Prospecting - Lookalike Purchasers,CONVERSIONS,25550,20625,216.66,609,2.38,0.36,8.48,25,4440.77,8.67,20.5
2025-10-23,META_C002,Retargeting - Add to Cart,CONVERSIONS,8072,5751,88.53,164,2.03,0.54,10.97,7,747.21,12.65,8.44
2025-10-23,META_C003,Brand Awareness - Video,AWARENESS,25047,15732,104.82,608,2.43,0.17,9.82,30,4463.91,3.49,42.59
2025-10-23,META_C004,Catalog Sales - Dynamic,CATALOG_SALES,22846,17866,92.92,414,1.81,0.22,4.07,4,759.92,23.23,8.18
2025-10-23,META_C005,Instagram Stories - Flash Sales,CONVERSIONS,18772,12472,134.23,446,2.38,0.3,7.15,7,1229.03,19.18,9.16
2025-10-24,META_C001,Prospecting - Lookalike Purchasers,CONVERSIONS,20720,15464,212.08,352,1.7,0.6,10.24,9,903.57,23.56,4.26
2025-10-24,META_C002,Retargeting - Add to Cart,CONVERSIONS,10311,6538,91.97,182,1.77,0.51,8.92,7,1326.0,13.14,14.42
2025-10-24,META_C003,Brand Awareness - Video,AWARENESS,21780,18434,92.52,184,0.84,0.5,4.25,8,1059.55,11.56,11.45
2025-10-24,META_C004,Catalog Sales - Dynamic,CATALOG_SALES,21448,14528,113.09,501,2.34,0.23,5.27,9,1721.5,12.57,15.22
2025-10-24,META_C005,Instagram Stories - Flash Sales,CONVERSIONS,11084,8688,129.41,170,1.53,0.76,11.68,4,530.93,32.35,4.1
2025-10-25,META_C001,Prospecting - Lookalike Purchasers,CONVERSIONS,24569,18802,221.77,423,1.72,0.52,11.75,13,2483.96,17.06,11.2
2025-10-25,META_C002,Retargeting - Add to Cart,CONVERSIONS,8233,6975,64.53,116,1.41,0.56,7.84,6,910.91,10.76,14.12
2025-10-25,META_C003,Brand Awareness - Video,AWARENESS,22581,17211,86.52,490,2.17,0.18,6.91,11,2017.21,7.87,23.31
2025-10-25,META_C004,Catalog Sales - Dynamic,CATALOG_SALES,21390,14725,187.25,428,2.0,0.44,8.75,21,2259.03,8.92,12.06
2025-10-25,META_C005,Instagram Stories - Flash Sales,CONVERSIONS,28771,20217,178.82,244,0.85,0.73,10.88,9,1131.42,19.87,6.33
2025-10-26,META_C001,Prospecting - Lookalike Purchasers,CONVERSIONS,29658,18569,129.86,346,1.17,0.38,4.38,13,1892.96,9.99,14.58
2025-10-26,META_C002,Retargeting - Add to Cart,CONVERSIONS,15701,9769,92.16,324,2.06,0.28,5.87,15,2632.07,6.14,28.56
2025-10-26,META_C003,Brand Awareness - Video,AWARENESS,29318,24071,93.3,690,2.35,0.14,7.98,27,3304.36,3.46,35.42
2025-10-26,META_C004,Catalog Sales - Dynamic,CATALOG_SALES,20418,17315,220.43,494,2.42,0.45,10.8,29,3347.42,7.6,15.19
2025-10-26,META_C005,Instagram Stories - Flash Sales,CONVERSIONS,27703,22738,119.62,365,1.32,0.33,4.32,15,2857.37,7.97,23.89
2025-10-27,META_C001,Prospecting - Lookalike Purchasers,CONVERSIONS,18973,13349,215.77,171,0.9,1.26,11.37,9,891.94,23.97,4.13
2025-10-27,META_C002,Retargeting - Add to Cart,CONVERSIONS,15420,12191,149.27,133,0.86,1.12,10.22,2,385.97,74.64,2.59
2025-10-27,META_C003,Brand Awareness - Video,AWARENESS,9792,6067,97.83,136,1.39,0.72,10.69,2,374.52,48.91,3.83
2025-10-27,META_C004,Catalog Sales - Dynamic,CATALOG_SALES,29747,18219,250.85,658,2.21,0.38,8.43,17,2866.36,14.76,11.43
2025-10-27,META_C005,Instagram Stories - Flash Sales,CONVERSIONS,19869,14611,188.82,444,2.23,0.43,10.86,12,1310.71,15.73,6.94
2025-10-28,META_C001,Prospecting - Lookalike Purchasers,CONVERSIONS,18020,13057,141.04,317,1.76,0.44,7.83,17,2491.53,8.3,17.67
2025-10-28,META_C002,Retargeting - Add to Cart,CONVERSIONS,12943,8184,129.19,129,1.0,1.0,10.95,1,136.61,129.19,1.06
2025-10-28,META_C003,Brand Awareness - Video,AWARENESS,19717,11928,92.88,417,2.11,0.22,8.12,21,3472.27,4.42,37.38
2025-10-28,META_C004,Catalog Sales - Dynamic,CATALOG_SALES,18416,12044,198.47,258,1.4,0.77,10.78,14,2762.42,14.18,13.92
2025-10-28,META_C005,Instagram Stories - Flash Sales,CONVERSIONS,27758,23582,198.17,360,1.3,0.55,10.95,20,3728.58,9.91,18.82
2025-10-29,META_C001,Prospecting - Lookalike Purchasers,CONVERSIONS,13296,9603,60.64,235,1.77,0.26,4.56,5,610.82,12.13,10.07
2025-10-29,META_C002,Retargeting - Add to Cart,CONVERSIONS,29574,22295,142.5,286,0.97,0.5,7.37,3,465.59,47.5,3.27
2025-10-29,META_C003,Brand Awareness - Video,AWARENESS,19264,13288,86.45,463,2.4,0.19,8.53,11,1076.85,7.86,12.46
2025-10-29,META_C004,Catalog Sales - Dynamic,CATALOG_SALES,11729,7317,63.67,240,2.05,0.27,5.43,5,689.76,12.73,10.83
2025-10-29,META_C005,Instagram Stories - Flash Sales,CONVERSIONS,28432,19161,176.31,313,1.1,0.56,10.36,10,1157.51,17.63,6.57
2025-10-30,META_C001,Prospecting - Lookalike Purchasers,CONVERSIONS,27866,17073,242.71,254,0.91,0.96,8.78,11,1557.37,22.06,6.42
2025-10-30,META_C002,Retargeting - Add to Cart,CONVERSIONS,23907,19286,142.03,297,1.24,0.48,6.58,5,450.33,28.41,3.17
2025-10-30,META_C003,Brand Awareness - Video,AWARENESS,29199,20738,85.18,376,1.29,0.23,4.1,4,524.79,21.3,6.16
2025-10-30,META_C004,Catalog Sales - Dynamic,CATALOG_SALES,9384,5722,87.79,140,1.49,0.63,9.36,7,652.53,12.54,7.43
2025-10-30,META_C005,Instagram Stories - Flash Sales,CONVERSIONS,25109,15459,205.29,536,2.13,0.38,10.71,27,4097.61,7.6,19.96
2025-10-31,META_C001,Prospecting - Lookalike Purchasers,CONVERSIONS,13827,10519,103.93,222,1.61,0.47,7.52,9,823.74,11.55,7.93
2025-10-31,META_C002,Retargeting - Add to Cart,CONVERSIONS,21669,16536,114.08,528,2.44,0.22,5.26,28,3785.33,4.07,33.18
2025-10-31,META_C003,Brand Awareness - Video,AWARENESS,15696,9904,67.2,376,2.4,0.18,4.28,21,3766.92,3.2,56.06
2025-10-31,META_C004,Catalog Sales - Dynamic,CATALOG_SALES,15718,9995,137.76,239,1.52,0.58,8.76,10,1721.35,13.78,12.5
2025-10-31,META_C005,Instagram Stories - Flash Sales,CONVERSIONS,25227,18304,171.02,493,1.95,0.35,10.33,10,1197.57,17.1,7.0
2025-11-01,META_C001,Prospecting - Lookalike Purchasers,CONVERSIONS,10008,6486,119.46,237,2.37,0.5,11.94,4,449.79,29.86,3.77
2025-11-01,META_C002,Retargeting - Add to Cart,CONVERSIONS,20271,13933,140.16,441,2.18,0.32,9.15,13,1988.46,10.78,14.19
2025-11-01,META_C003,Brand Awareness - Video,AWARENESS,15063,11689,92.94,191,1.27,0.49,9.24,7,1356.23,13.28,14.59
2025-11-01,META_C004,Catalog Sales - Dynamic,CATALOG_SALES,10918,8731,91.1,265,2.43,0.34,8.34,10,1813.57,9.11,19.91
2025-11-01,META_C005,Instagram Stories - Flash Sales,CONVERSIONS,19318,12797,184.6,430,2.23,0.43,9.56,8,998.86,23.07,5.41
2025-11-02,META_C001,Prospecting - Lookalike Purchasers,CONVERSIONS,19371,14390,107.52,404,2.09,0.27,5.55,18,3281.63,5.97,30.52
2025-11-02,META_C002,Retargeting - Add to Cart,CONVERSIONS,28524,19312,147.48,692,2.43,0.21,10.88,16,1914.62,9.22,12.98
2025-11-02,META_C003,Brand Awareness - Video,AWARENESS,23494,19549,99.54,342,1.46,0.29,10.6,15,2671.81,6.64,26.84
2025-11-02,META_C004,Catalog Sales - Dynamic,CATALOG_SALES,24572,18900,107.55,396,1.61,0.27,4.38,22,3449.4,4.89,32.07
2025-11-02,META_C005,Instagram Stories - Flash Sales,CONVERSIONS,21380,18141,101.53,409,1.91,0.25,4.75,10,1280.77,10.15,12.61
2025-11-03,META_C001,Prospecting - Lookalike Purchasers,CONVERSIONS,27638,20585,133.3,256,0.93,0.52,4.82,9,981.54,14.81,7.36
2025-11-03,META_C002,Retargeting - Add to Cart,CONVERSIONS,26856,19989,120.18,496,1.85,0.24,4.48,13,1903.84,9.24,15.84
2025-11-03,META_C003,Brand Awareness - Video,AWARENESS,28005,19253,101.4,375,1.34,0.27,6.69,5,549.52,20.28,5.42
2025-11-03,META_C004,Catalog Sales - Dynamic,CATALOG_SALES,28873,24060,167.42,298,1.03,0.56,5.8,13,1434.99,12.88,8.57
2025-11-03,META_C005,Instagram Stories - Flash Sales,CONVERSIONS,9095,7332,60.06,201,2.21,0.3,6.6,9,1486.92,6.67,24.76
2025-11-04,META_C001,Prospecting - Lookalike Purchasers,CONVERSIONS,28047,20258,140.92,376,1.34,0.37,5.02,5,744.53,28.18,5.28
2025-11-04,META_C002,Retargeting - Add to Cart,CONVERSIONS,8318,5913,45.15,161,1.94,0.28,5.43,4,510.19,11.29,11.3
2025-11-04,META_C003,Brand Awareness - Video,AWARENESS,29796,23232,96.59,552,1.85,0.17,8.11,6,592.97,16.1,6.14
2025-11-04,META_C004,Catalog Sales - Dynamic,CATALOG_SALES,22282,15399,99.01,227,1.02,0.44,4.44,12,1347.86,8.25,13.61
2025-11-04,META_C005,Instagram Stories - Flash Sales,CONVERSIONS,11161,8443,91.24,172,1.54,0.53,8.18,5,878.34,18.25,9.63
2025-11-05,META_C001,Prospecting - Lookalike Purchasers,CONVERSIONS,12838,8975,149.72,166,1.29,0.9,11.66,3,276.76,49.91,1.85
2025-11-05,META_C002,Retargeting - Add to Cart,CONVERSIONS,13936,8523,72.99,116,0.83,0.63,5.24,5,887.57,14.6,12.16
2025-11-05,META_C003,Brand Awareness - Video,AWARENESS,17051,14427,99.87,192,1.13,0.52,9.43,9,1745.6,11.1,17.48
2025-11-05,META_C004,Catalog Sales - Dynamic,CATALOG_SALES,13198,10183,131.66,212,1.61,0.62,9.98,3,327.12,43.89,2.48
2025-11-05,META_C005,Instagram Stories - Flash Sales,CONVERSIONS,9354,6922,84.21,161,1.72,0.52,9.0,3,289.63,28.07,3.44
2025-11-06,META_C001,Prospecting - Lookalike Purchasers,CONVERSIONS,27468,19769,213.23,447,1.63,0.48,9.9,11,1026.7,19.38,4.81
2025-11-06,META_C002,Retargeting - Add to Cart,CONVERSIONS,25064,18252,151.67,390,1.56,0.39,6.67,3,581.67,50.56,3.84
2025-11-06,META_C003,Brand Awareness - Video,AWARENESS,13625,11004,88.25,218,1.6,0.4,10.53,2,258.0,44.12,2.92
2025-11-06,META_C004,Catalog Sales - Dynamic,CATALOG_SALES,24081,15875,118.89,412,1.71,0.29,4.94,18,3123.09,6.61,26.27
2025-11-06,META_C005,Instagram Stories - Flash Sales,CONVERSIONS,23307,18910,134.79,329,1.41,0.41,5.78,19,2630.18,7.09,19.51
2025-11-07,META_C001,Prospecting - Lookalike Purchasers,CONVERSIONS,29113,23065,237.08,452,1.55,0.52,9.75,16,1956.79,14.82,8.25
2025-11-07,META_C002,Retargeting - Add to Cart,CONVERSIONS,27899,22279,140.49,256,0.92,0.55,10.41,11,1443.04,12.77,10.27
2025-11-07,META_C003,Brand Awareness - Video,AWARENESS,27149,21585,97.03,536,1.97,0.18,5.16,20,2930.89,4.85,30.21
2025-11-07,META_C004,Catalog Sales - Dynamic,CATALOG_SALES,13012,8574,131.99,276,2.12,0.48,10.14,10,1929.84,13.2,14.62
2025-11-07,META_C005,Instagram Stories - Flash Sales,CONVERSIONS,29941,22930,189.0,343,1.15,0.55,7.3,5,768.32,37.8,4.07
2025-11-08,META_C001,Prospecting - Lookalike Purchasers,CONVERSIONS,25720,17115,189.23,602,2.34,0.31,7.36,10,1160.57,18.92,6.13
2025-11-08,META_C002,Retargeting - Add to Cart,CONVERSIONS,28207,17202,146.69,409,1.45,0.36,9.25,13,2392.53,11.28,16.31
2025-11-08,META_C003,Brand Awareness - Video,AWARENESS,11629,7650,93.19,206,1.77,0.45,8.1,11,2099.69,8.47,22.53
2025-11-08,META_C004,Catalog Sales - Dynamic,CATALOG_SALES,13060,8822,69.17,192,1.47,0.36,5.3,6,1069.74,11.53,15.47
2025-11-08,META_C005,Instagram Stories - Flash Sales,CONVERSIONS,19285,12148,144.69,390,2.02,0.37,7.5,16,1649.76,9.04,11.4
2025-11-09,META_C001,Prospecting - Lookalike Purchasers,CONVERSIONS,14695,11511,162.26,128,0.87,1.27,11.04,5,751.43,32.45,4.63
2025-11-09,META_C002,Retargeting - Add to Cart,CONVERSIONS,11417,8415,134.67,178,1.56,0.76,11.8,9,1020.69,14.96,7.58
2025-11-09,META_C003,Brand Awareness - Video,AWARENESS,17115,12527,103.42,222,1.3,0.47,8.04,2,381.6,51.71,3.69
2025-11-09,META_C004,Catalog Sales - Dynamic,CATALOG_SALES,12775,8875,105.36,218,1.71,0.48,8.25,7,1079.4,15.05,10.24
2025-11-09,META_C005,Instagram Stories - Flash Sales,CONVERSIONS,29357,23617,157.11,654,2.23,0.24,5.35,29,4706.57,5.42,29.96
2025-11-10,META_C001,Prospecting - Lookalike Purchasers,CONVERSIONS,17699,13458,175.23,219,1.24,0.8,9.9,4,730.13,43.81,4.17
2025-11-10,META_C002,Retargeting - Add to Cart,CONVERSIONS,22960,16363,149.0,540,2.35,0.28,10.61,7,1022.05,21.29,6.86
2025-11-10,META_C003,Brand Awareness - Video,AWARENESS,23548,15350,93.38,506,2.15,0.18,6.62,17,2451.67,5.49,26.25
2025-11-10,META_C004,Catalog Sales - Dynamic,CATALOG_SALES,17479,11486,198.99,308,1.76,0.65,11.38,5,688.83,39.8,3.46
2025-11-10,META_C005,Instagram Stories - Flash Sales,CONVERSIONS,27883,23668,176.16,372,1.33,0.47,6.89,9,1448.06,19.57,8.22
2025-11-11,META_C001,Prospecting - Lookalike Purchasers,CONVERSIONS,18915,14982,181.78,403,2.13,0.45,9.61,21,3272.28,8.66,18.0
2025-11-11,META_C002,Retargeting - Add to Cart,CONVERSIONS,28408,22605,154.68,517,1.82,0.3,8.76,18,2325.39,8.59,15.03
2025-11-11,META_C003,Brand Awareness - Video,AWARENESS,27422,17294,95.75,477,1.74,0.2,7.79,20,2912.75,4.79,30.42
2025-11-11,META_C004,Catalog Sales - Dynamic,CATALOG_SALES,13649,11113,126.39,173,1.27,0.73,9.26,7,1179.91,18.06,9.34
2025-11-11,META_C005,Instagram Stories - Flash Sales,CONVERSIONS,16434,13197,66.07,302,1.84,0.22,4.02,11,1752.36,6.01,26.52
2025-11-12,META_C001,Prospecting - Lookalike Purchasers,CONVERSIONS,11678,9006,78.08,159,1.36,0.49,6.69,5,791.86,15.62,10.14
2025-11-12,META_C002,Retargeting - Add to Cart,CONVERSIONS,26443,19061,142.14,521,1.97,0.27,6.59,14,1897.99,10.15,13.35
2025-11-12,META_C003,Brand Awareness - Video,AWARENESS,20382,13727,87.81,285,1.4,0.31,5.67,3,462.55,29.27,5.27
2025-11-12,META_C004,Catalog Sales - Dynamic,CATALOG_SALES,11870,8241,73.05,266,2.24,0.27,6.15,11,1646.43,6.64,22.54
2025-11-12,META_C005,Instagram Stories - Flash Sales,CONVERSIONS,22719,13801,113.2,219,0.96,0.52,4.98,5,742.63,22.64,6.56
2025-11-13,META_C001,Prospecting - Lookalike Purchasers,CONVERSIONS,11575,9650,137.94,100,0.86,1.38,11.92,5,892.05,27.59,6.47
2025-11-13,META_C002,Retargeting - Add to Cart,CONVERSIONS,30630,22420,129.04,284,0.93,0.45,11.33,4,762.51,32.26,5.91
2025-11-13,META_C003,Brand Awareness - Video,AWARENESS,10280,6425,87.15,234,2.28,0.37,12.59,11,1038.74,7.92,11.92
2025-11-13,META_C004,Catalog Sales - Dynamic,CATALOG_SALES,9328,6842,122.9,123,1.32,1.0,13.18,3,398.01,40.97,3.24
2025-11-13,META_C005,Instagram Stories - Flash Sales,CONVERSIONS,26567,18205,151.45,419,1.58,0.36,5.7,5,884.53,30.29,5.84
2025-11-14,META_C001,Prospecting - Lookalike Purchasers,CONVERSIONS,22964,16587,237.11,436,1.9,0.54,10.33,23,3622.19,10.31,15.28
2025-11-14,META_C002,Retargeting - Add to Cart,CONVERSIONS,24762,18657,132.66,339,1.37,0.39,9.07,15,2052.04,8.84,15.47
2025-11-14,META_C003,Brand Awareness - Video,AWARENESS,18628,14712,82.88,303,1.63,0.27,4.45,8,1019.67,10.36,12.3
2025-11-14,META_C004,Catalog Sales - Dynamic,CATALOG_SALES,12983,8874,101.84,252,1.94,0.4,7.84,8,1420.73,12.73,13.95
2025-11-14,META_C005,Instagram Stories - Flash Sales,CONVERSIONS,24281,15719,166.06,584,2.41,0.28,6.84,31,3079.16,5.36,18.54
2025-11-15,META_C001,Prospecting - Lookalike Purchasers,CONVERSIONS,22692,19063,237.09,274,1.21,0.87,10.97,6,1025.92,39.52,4.33
2025-11-15,META_C002,Retargeting - Add to Cart,CONVERSIONS,27689,20273,151.3,619,2.24,0.24,5.46,10,962.4,15.13,6.36
2025-11-15,META_C003,Brand Awareness - Video,AWARENESS,21767,14606,86.74,526,2.42,0.16,6.89,27,2768.09,3.21,31.91
2025-11-15,META_C004,Catalog Sales - Dynamic,CATALOG_SALES,30013,23132,218.01,545,1.82,0.4,7.26,28,3965.35,7.79,18.19
2025-11-15,META_C005,Instagram Stories - Flash Sales,CONVERSIONS,20915,14070,163.38,504,2.41,0.32,7.81,20,2124.23,8.17,13.0
2025-11-16,META_C001,Prospecting - Lookalike Purchasers,CONVERSIONS,8969,7289,68.22,193,2.15,0.35,7.61,11,1895.13,6.2,27.78
2025-11-16,META_C002,Retargeting - Add to Cart,CONVERSIONS,13007,9076,144.15,324,2.49,0.44,11.08,11,1985.26,13.1,13.77
2025-11-16,META_C003,Brand Awareness - Video,AWARENESS,9928,6666,76.14,79,0.8,0.96,7.67,2,384.69,38.07,5.05
2025-11-16,META_C004,Catalog Sales - Dynamic,CATALOG_SALES,16221,10645,175.59,259,1.6,0.68,10.82,14,1572.17,12.54,8.95
2025-11-16,META_C005,Instagram Stories - Flash Sales,CONVERSIONS,30904,24379,202.28,317,1.03,0.64,7.64,5,961.47,40.46,4.75
2025-11-17,META_C001,Prospecting - Lookalike Purchasers,CONVERSIONS,11093,6667,86.79,251,2.26,0.35,7.82,14,2002.94,6.2,23.08
2025-11-17,META_C002,Retargeting - Add to Cart,CONVERSIONS,19096,14030,122.03,185,0.97,0.66,6.39,5,786.43,24.41,6.44
2025-11-17,META_C003,Brand Awareness - Video,AWARENESS,31311,24571,91.16,723,2.31,0.13,10.76,41,7894.51,2.22,86.6
2025-11-17,META_C004,Catalog Sales - Dynamic,CATALOG_SALES,9739,7314,97.98,242,2.48,0.4,10.06,5,569.14,19.6,5.81
2025-11-17,META_C005,Instagram Stories - Flash Sales,CONVERSIONS,20516,13967,187.6,307,1.5,0.61,12.53,12,1187.07,15.63,6.33
2025-11-18,META_C001,Prospecting - Lookalike Purchasers,CONVERSIONS,27112,21475,232.39,483,1.78,0.48,8.57,21,4025.24,11.07,17.32
2025-11-18,META_C002,Retargeting - Add to Cart,CONVERSIONS,24925,17645,115.1,608,2.44,0.19,4.62,20,2547.49,5.75,22.13
2025-11-18,META_C003,Brand Awareness - Video,AWARENESS,21366,16710,94.14,492,2.3,0.19,4.41,18,1862.31,5.23,19.78
2025-11-18,META_C004,Catalog Sales - Dynamic,CATALOG_SALES,25057,15897,222.17,451,1.8,0.49,8.87,11,1995.5,20.2,8.98
2025-11-18,META_C005,Instagram Stories - Flash Sales,CONVERSIONS,28158,23923,172.47,437,1.55,0.39,6.67,6,657.81,28.75,3.81
2025-11-19,META_C001,Prospecting - Lookalike Purchasers,CONVERSIONS,23254,17394,111.18,395,1.7,0.28,4.78,9,1673.32,12.35,15.05
2025-11-19,META_C002,Retargeting - Add to Cart,CONVERSIONS,12698,8424,73.41,291,2.29,0.25,5.78,6,1016.87,12.23,13.85
2025-11-19,META_C003,Brand Awareness - Video,AWARENESS,19157,14539,101.89,175,0.91,0.58,12.57,9,1257.31,11.32,12.34
2025-11-19,META_C004,Catalog Sales - Dynamic,CATALOG_SALES,17273,13267,220.44,363,2.1,0.61,12.76,7,922.7,31.49,4.19
2025-11-19,META_C005,Instagram Stories - Flash Sales,CONVERSIONS,29946,22053,149.54,641,2.14,0.23,4.99,23,2492.23,6.5,16.67
2025-11-20,META_C001,Prospecting - Lookalike Purchasers,CONVERSIONS,19569,16263,199.45,418,2.14,0.48,10.19,6,923.81,33.24,4.63
2025-11-20,META_C002,Retargeting - Add to Cart,CONVERSIONS,17897,11360,110.67,192,1.07,0.58,6.18,4,485.34,27.67,4.39
2025-11-20,META_C003,Brand Awareness - Video,AWARENESS,9976,7138,85.44,98,0.98,0.87,11.14,4,621.18,21.36,7.27
2025-11-20,META_C004,Catalog Sales - Dynamic,CATALOG_SALES,26108,17166,283.79,479,1.83,0.59,11.47,6,675.32,47.3,2.38
2025-11-20,META_C005,Instagram Stories - Flash Sales,CONVERSIONS,27515,18049,143.47,476,1.73,0.3,5.21,19,3002.26,7.55,20.93
2025-11-21,META_C001,Prospecting - Lookalike Purchasers,CONVERSIONS,20904,15122,239.19,386,1.85,0.62,12.53,9,1672.38,26.58,6.99
2025-11-21,META_C002,Retargeting - Add to Cart,CONVERSIONS,9389,6941,73.03,132,1.41,0.55,7.78,6,553.42,12.17,7.58
2025-11-21,META_C003,Brand Awareness - Video,AWARENESS,18622,15043,86.06,306,1.64,0.28,6.6,18,1747.03,4.78,20.3
2025-11-21,META_C004,Catalog Sales - Dynamic,CATALOG_SALES,10495,7858,69.27,232,2.21,0.3,6.6,4,676.49,17.32,9.77
2025-11-21,META_C005,Instagram Stories - Flash Sales,CONVERSIONS,21008,17357,189.4,376,1.79,0.5,12.96,17,2125.92,11.14,11.22
2025-11-22,META_C001,Prospecting - Lookalike Purchasers,CONVERSIONS,14287,12017,117.25,317,2.22,0.37,8.21,12,1302.5,9.77,11.11
2025-11-22,META_C002,Retargeting - Add to Cart,CONVERSIONS,9529,6411,119.74,126,1.32,0.95,12.57,6,831.62,19.96,6.95
2025-11-22,META_C003,Brand Awareness - Video,AWARENESS,24635,16840,90.88,222,0.9,0.41,8.94,3,365.92,30.29,4.03
2025-11-22,META_C004,Catalog Sales - Dynamic,CATALOG_SALES,32425,27282,268.95,502,1.55,0.54,11.68,16,2121.07,16.81,7.89
2025-11-22,META_C005,Instagram Stories - Flash Sales,CONVERSIONS,9886,7252,49.83,195,1.97,0.26,5.04,5,805.93,9.97,16.17
2025-11-23,META_C001,Prospecting - Lookalike Purchasers,CONVERSIONS,14439,9620,103.45,167,1.16,0.62,7.16,6,672.31,17.24,6.5
2025-11-23,META_C002,Retargeting - Add to Cart,CONVERSIONS,15697,10342,143.3,318,2.03,0.45,10.08,6,546.04,23.88,3.81
2025-11-23,META_C003,Brand Awareness - Video,AWARENESS,25268,15886,91.11,522,2.07,0.17,6.57,21,2315.65,4.34,25.42
2025-11-23,META_C004,Catalog Sales - Dynamic,CATALOG_SALES,23268,18080,182.01,454,1.95,0.4,7.82,18,1774.27,10.11,9.75
2025-11-23,META_C005,Instagram Stories - Flash Sales,CONVERSIONS,24933,18004,177.63,308,1.24,0.58,11.03,11,1572.9,16.15,8.85
2025-11-24,META_C001,Prospecting - Lookalike Purchasers,CONVERSIONS,18150,14275,170.06,192,1.06,0.89,9.37,8,1126.14,21.26,6.62
2025-11-24,META_C002,Retargeting - Add to Cart,CONVERSIONS,9617,6333,44.49,130,1.35,0.34,4.63,7,1298.75,6.36,29.19
2025-11-24,META_C003,Brand Awareness - Video,AWARENESS,28781,20874,90.34,504,1.75,0.18,11.5,14,1523.87,6.45,16.87
2025-11-24,META_C004,Catalog Sales - Dynamic,CATALOG_SALES,10557,7807,55.52,249,2.36,0.22,5.26,4,567.21,13.88,10.22
2025-11-24,META_C005,Instagram Stories - Flash Sales,CONVERSIONS,26678,17919,205.54,260,0.97,0.79,12.5,2,394.82,102.77,1.92
2025-11-25,META_C001,Prospecting - Lookalike Purchasers,CONVERSIONS,31946,22540,154.78,414,1.3,0.37,4.84,23,4080.49,6.73,26.36
2025-11-25,META_C002,Retargeting - Add to Cart,CONVERSIONS,24520,16456,136.18,211,0.86,0.65,10.57,7,1006.29,19.45,7.39
2025-11-25,META_C003,Brand Awareness - Video,AWARENESS,27264,22258,93.99,436,1.6,0.22,7.52,11,1889.5,8.54,20.1
2025-11-25,META_C004,Catalog Sales - Dynamic,CATALOG_SALES,21434,17757,216.97,231,1.08,0.94,10.12,6,768.97,36.16,3.54
2025-11-25,META_C005,Instagram Stories - Flash Sales,CONVERSIONS,18652,12047,175.83,356,1.91,0.49,13.01,3,404.3,58.61,2.3
2025-11-26,META_C001,Prospecting - Lookalike Purchasers,CONVERSIONS,16282,11324,143.01,291,1.79,0.49,8.78,12,2194.8,11.92,15.35
2025-11-26,META_C002,Retargeting - Add to Cart,CONVERSIONS,30258,23731,154.16,729,2.41,0.21,5.09,33,4848.3,4.67,31.45
2025-11-26,META_C003,Brand Awareness - Video,AWARENESS,14864,11729,98.3,277,1.86,0.35,12.13,5,646.79,19.66,6.58
2025-11-26,META_C004,Catalog Sales - Dynamic,CATALOG_SALES,26299,15890,264.12,360,1.37,0.73,10.04,4,720.41,66.03,2.73
2025-11-26,META_C005,Instagram Stories - Flash Sales,CONVERSIONS,12232,8473,129.95,277,2.26,0.47,10.62,10,1423.46,12.99,10.95
2025-11-27,META_C001,Prospecting - Lookalike Purchasers,CONVERSIONS,29329,21726,234.2,420,1.43,0.56,9.49,14,1821.87,16.73,7.78
2025-11-27,META_C002,Retargeting - Add to Cart,CONVERSIONS,17113,14518,125.93,239,1.4,0.53,7.36,9,1711.88,13.99,13.59
2025-11-27,META_C003,Brand Awareness - Video,AWARENESS,27866,22587,103.41,334,1.2,0.31,11.96,10,1323.72,10.34,12.8
2025-11-27,META_C004,Catalog Sales - Dynamic,CATALOG_SALES,18041,13766,143.17,261,1.45,0.55,7.94,6,773.03,23.86,5.4
2025-11-27,META_C005,Instagram Stories - Flash Sales,CONVERSIONS,28250,21194,203.31,459,1.62,0.44,12.97,10,1641.3,20.33,8.07
2025-11-28,META_C001,Prospecting - Lookalike Purchasers,CONVERSIONS,26384,18892,169.47,324,1.23,0.52,6.42,18,2865.19,9.41,16.91
2025-11-28,META_C002,Retargeting - Add to Cart,CONVERSIONS,15864,10373,148.73,287,1.81,0.52,10.71,11,1720.68,13.52,11.57
2025-11-28,META_C003,Brand Awareness - Video,AWARENESS,17514,14612,85.41,243,1.39,0.35,8.62,4,519.89,21.35,6.09
2025-11-28,META_C004,Catalog Sales - Dynamic,CATALOG_SALES,23519,14244,283.59,306,1.3,0.93,12.06,7,988.56,40.51,3.49
2025-11-28,META_C005,Instagram Stories - Flash Sales,CONVERSIONS,14803,8897,68.59,149,1.01,0.46,4.63,1,184.52,68.59,2.69
2025-11-29,META_C001,Prospecting - Lookalike Purchasers,CONVERSIONS,15434,11201,92.28,318,2.06,0.29,5.98,5,464.14,18.46,5.03
2025-11-29,META_C002,Retargeting - Add to Cart,CONVERSIONS,23010,13883,136.17,309,1.34,0.44,8.24,3,588.23,45.39,4.32
2025-11-29,META_C003,Brand Awareness - Video,AWARENESS,21310,15836,100.95,390,1.83,0.26,10.26,18,2508.5,5.61,24.85
2025-11-29,META_C004,Catalog Sales - Dynamic,CATALOG_SALES,17784,14330,213.67,306,1.72,0.7,12.01,13,1289.55,16.44,6.04
2025-11-29,META_C005,Instagram Stories - Flash Sales,CONVERSIONS,31296,22846,177.13,391,1.25,0.45,10.08,6,714.24,29.52,4.03
2025-11-30,META_C001,Prospecting - Lookalike Purchasers,CONVERSIONS,20716,16746,188.45,181,0.87,1.04,9.1,7,953.52,26.92,5.06
2025-11-30,META_C002,Retargeting - Add to Cart,CONVERSIONS,32621,25931,127.87,692,2.12,0.18,11.51,13,2007.69,9.84,15.7
2025-11-30,META_C003,Brand Awareness - Video,AWARENESS,19627,14580,94.14,169,0.86,0.56,5.57,2,324.7,47.07,3.45
2025-11-30,META_C004,Catalog Sales - Dynamic,CATALOG_SALES,31831,25284,258.35,279,0.88,0.93,8.53,4,789.36,64.59,3.06
2025-11-30,META_C005,Instagram Stories - Flash Sales,CONVERSIONS,18447,14957,194.22,444,2.41,0.44,10.61,9,1260.34,21.58,6.49
2025-12-01,META_C001,Prospecting - Lookalike Purchasers,CONVERSIONS,29726,21936,195.26,618,2.08,0.32,6.57,6,1143.37,32.54,5.86
2025-12-01,META_C002,Retargeting - Add to Cart,CONVERSIONS,9245,7005,89.88,148,1.6,0.61,9.72,7,1137.69,12.84,12.66
2025-12-01,META_C003,Brand Awareness - Video,AWARENESS,27721,17433,85.57,291,1.05,0.29,4.84,12,1732.11,7.13,20.24
2025-12-01,META_C004,Catalog Sales - Dynamic,CATALOG_SALES,27004,17496,206.02,645,2.39,0.32,7.63,36,6480.49,5.72,31.46
2025-12-01,META_C005,Instagram Stories - Flash Sales,CONVERSIONS,25455,21087,208.16,214,0.84,0.97,10.68,12,1813.58,17.35,8.71
2025-12-02,META_C001,Prospecting - Lookalike Purchasers,CONVERSIONS,11505,7521,136.9,284,2.47,0.48,11.9,4,541.5,34.23,3.96
2025-12-02,META_C002,Retargeting - Add to Cart,CONVERSIONS,16831,12270,147.35,135,0.8,1.09,9.97,1,93.86,147.35,0.64
2025-12-02,META_C003,Brand Awareness - Video,AWARENESS,29723,20161,94.01,666,2.24,0.14,7.63,7,721.34,13.43,7.67
2025-12-02,META_C004,Catalog Sales - Dynamic,CATALOG_SALES,25380,21343,255.23,427,1.68,0.6,10.06,25,3702.21,10.21,14.51
2025-12-02,META_C005,Instagram Stories - Flash Sales,CONVERSIONS,17838,12412,198.76,351,1.97,0.57,12.91,7,1060.8,28.39,5.34
2025-12-03,META_C001,Prospecting - Lookalike Purchasers,CONVERSIONS,17433,11506,214.09,223,1.28,0.96,12.28,12,1340.5,17.84,6.26
2025-12-03,META_C002,Retargeting - Add to Cart,CONVERSIONS,26841,20484,152.46,536,2.0,0.28,12.5,13,1878.66,11.73,12.32
2025-12-03,META_C003,Brand Awareness - Video,AWARENESS,31656,19177,90.04,352,1.11,0.26,11.39,7,676.01,12.86,7.51
2025-12-03,META_C004,Catalog Sales - Dynamic,CATALOG_SALES,32805,26817,294.76,572,1.74,0.52,8.99,28,5121.88,10.53,17.38
2025-12-03,META_C005,Instagram Stories - Flash Sales,CONVERSIONS,14433,10318,144.14,282,1.95,0.51,9.99,15,2746.08,9.61,19.05
2025-12-04,META_C001,Prospecting - Lookalike Purchasers,CONVERSIONS,22885,18843,176.7,486,2.12,0.36,7.72,8,989.13,22.09,5.6
2025-12-04,META_C002,Retargeting - Add to Cart,CONVERSIONS,23527,16586,156.26,389,1.65,0.4,12.68,14,2375.93,11.16,15.2
2025-12-04,META_C003,Brand Awareness - Video,AWARENESS,19865,12863,99.76,241,1.21,0.41,10.97,12,1890.02,8.31,18.95
2025-12-04,META_C004,Catalog Sales - Dynamic,CATALOG_SALES,14518,11077,93.72,325,2.24,0.29,6.46,18,2128.63,5.21,22.71
2025-12-04,META_C005,Instagram Stories - Flash Sales,CONVERSIONS,31258,20620,169.79,378,1.21,0.45,5.43,11,2112.33,15.44,12.44
2025-12-05,META_C001,Prospecting - Lookalike Purchasers,CONVERSIONS,14660,10135,159.22,287,1.96,0.55,10.86,9,1004.48,17.69,6.31
2025-12-05,META_C002,Retargeting - Add to Cart,CONVERSIONS,26564,16117,138.19,419,1.58,0.33,6.97,18,2529.62,7.68,18.31
2025-12-05,META_C003,Brand Awareness - Video,AWARENESS,23182,17362,103.68,562,2.42,0.18,7.68,21,2055.61,4.94,19.83
2025-12-05,META_C004,Catalog Sales - Dynamic,CATALOG_SALES,20685,13364,178.97,412,1.99,0.43,8.65,5,974.32,35.79,5.44
2025-12-05,META_C005,Instagram Stories - Flash Sales,CONVERSIONS,13528,10351,168.68,323,2.39,0.52,12.47,9,1760.93,18.74,10.44
2025-12-06,META_C001,Prospecting - Lookalike Purchasers,CONVERSIONS,32307,20903,222.17,382,1.18,0.58,11.71,5,536.1,44.43,2.41
2025-12-06,META_C002,Retargeting - Add to Cart,CONVERSIONS,24099,17166,137.46,589,2.44,0.23,11.36,7,678.46,19.64,4.94
2025-12-06,META_C003,Brand Awareness - Video,AWARENESS,25773,21182,94.8,324,1.26,0.29,11.4,3,438.12,31.6,4.62
2025-12-06,META_C004,Catalog Sales - Dynamic,CATALOG_SALES,20310,13933,192.68,404,1.99,0.48,9.49,9,1389.45,21.41,7.21
2025-12-06,META_C005,Instagram Stories - Flash Sales,CONVERSIONS,12400,7816,140.31,261,2.1,0.54,11.32,4,762.43,35.08,5.43
2025-12-07,META_C001,Prospecting - Lookalike Purchasers,CONVERSIONS,12021,9827,90.17,154,1.28,0.59,7.5,2,287.95,45.09,3.19
2025-12-07,META_C002,Retargeting - Add to Cart,CONVERSIONS,31783,21674,154.25,594,1.87,0.26,9.79,16,3183.88,9.64,20.64
2025-12-07,META_C003,Brand Awareness - Video,AWARENESS,13335,9745,85.01,265,1.99,0.32,11.41,6,652.02,14.17,7.67
2025-12-07,META_C004,Catalog Sales - Dynamic,CATALOG_SALES,15435,12991,189.06,154,1.0,1.23,12.25,4,620.63,47.27,3.28
2025-12-07,META_C005,Instagram Stories - Flash Sales,CONVERSIONS,29784,25063,193.96,310,1.04,0.63,11.01,4,622.25,48.49,3.21
2025-12-08,META_C001,Prospecting - Lookalike Purchasers,CONVERSIONS,21845,17727,158.13,332,1.52,0.48,7.24,19,3372.75,8.32,21.33
2025-12-08,META_C002,Retargeting - Add to Cart,CONVERSIONS,9617,7873,82.23,133,1.38,0.62,8.55,5,741.83,16.45,9.02
2025-12-08,META_C003,Brand Awareness - Video,AWARENESS,24690,18354,90.14,550,2.23,0.16,5.67,23,3204.45,3.92,35.55
2025-12-08,META_C004,Catalog Sales - Dynamic,CATALOG_SALES,13218,7956,94.44,214,1.62,0.44,7.14,10,1213.94,9.44,12.85
2025-12-08,META_C005,Instagram Stories - Flash Sales,CONVERSIONS,29315,22752,161.3,310,1.06,0.52,5.5,13,1374.08,12.41,8.52
2025-12-09,META_C001,Prospecting - Lookalike Purchasers,CONVERSIONS,18298,13570,88.62,246,1.34,0.36,4.84,8,1475.47,11.08,16.65
2025-12-09,META_C002,Retargeting - Add to Cart,CONVERSIONS,13332,9157,114.48,248,1.86,0.46,8.59,5,874.79,22.9,7.64
2025-12-09,META_C003,Brand Awareness - Video,AWARENESS,21024,13068,96.38,289,1.37,0.33,9.92,3,336.23,32.13,3.49
2025-12-09,META_C004,Catalog Sales - Dynamic,CATALOG_SALES,18618,12101,176.53,419,2.25,0.42,9.48,17,2818.45,10.38,15.97
2025-12-09,META_C005,Instagram Stories - Flash Sales,CONVERSIONS,23524,19910,157.54,238,1.01,0.66,6.7,8,804.62,19.69,5.11
2025-12-10,META_C001,Prospecting - Lookalike Purchasers,CONVERSIONS,15337,11052,196.73,316,2.06,0.62,12.83,9,1666.51,21.86,8.47
2025-12-10,META_C002,Retargeting - Add to Cart,CONVERSIONS,29986,24814,133.55,286,0.95,0.47,10.03,15,1441.65,8.9,10.79
2025-12-10,META_C003,Brand Awareness - Video,AWARENESS,15960,11518,73.31,205,1.28,0.36,4.59,2,398.59,36.66,5.44
2025-12-10,META_C004,Catalog Sales - Dynamic,CATALOG_SALES,16335,13381,137.06,197,1.21,0.7,8.39,6,710.05,22.84,5.18
2025-12-10,META_C005,Instagram Stories - Flash Sales,CONVERSIONS,31816,19574,205.72,514,1.62,0.4,6.82,20,3233.73,10.29,15.72
2025-12-11,META_C001,Prospecting - Lookalike Purchasers,CONVERSIONS,10516,6356,133.06,152,1.45,0.88,12.65,6,695.96,22.18,5.23
2025-12-11,META_C002,Retargeting - Add to Cart,CONVERSIONS,26540,18964,135.86,304,1.15,0.45,11.94,15,1888.44,9.06,13.9
2025-12-11,META_C003,Brand Awareness - Video,AWARENESS,18767,14984,93.83,229,1.22,0.41,9.99,11,1208.32,8.53,12.88
2025-12-11,META_C004,Catalog Sales - Dynamic,CATALOG_SALES,31264,19933,280.45,348,1.11,0.81,11.48,10,1143.71,28.04,4.08
2025-12-11,META_C005,Instagram Stories - Flash Sales,CONVERSIONS,12091,7977,145.49,296,2.45,0.49,12.03,3,487.22,48.5,3.35
2025-12-12,META_C001,Prospecting - Lookalike Purchasers,CONVERSIONS,29527,24610,167.33,290,0.98,0.58,5.67,8,1364.1,20.92,8.15
2025-12-12,META_C002,Retargeting - Add to Cart,CONVERSIONS,17172,11648,93.09,171,1.0,0.54,5.42,9,821.09,10.34,8.82
2025-12-12,META_C003,Brand Awareness - Video,AWARENESS,25567,20253,99.62,488,1.91,0.2,9.4,15,1981.47,6.64,19.89
2025-12-12,META_C004,Catalog Sales - Dynamic,CATALOG_SALES,31580,26621,266.84,493,1.56,0.54,10.13,17,2947.4,15.7,11.05
2025-12-12,META_C005,Instagram Stories - Flash Sales,CONVERSIONS,24960,18188,170.96,529,2.12,0.32,10.39,10,1622.05,17.1,9.49
2025-12-13,META_C001,Prospecting - Lookalike Purchasers,CONVERSIONS,11558,7265,54.48,211,1.83,0.26,4.71,5,883.28,10.9,16.21
2025-12-13,META_C002,Retargeting - Add to Cart,CONVERSIONS,23951,18083,127.74,296,1.24,0.43,8.69,4,651.46,31.93,5.1
2025-12-13,META_C003,Brand Awareness - Video,AWARENESS,14816,10557,87.86,359,2.42,0.24,7.51,20,1986.14,4.39,22.61
2025-12-13,META_C004,Catalog Sales - Dynamic,CATALOG_SALES,28822,20812,264.07,295,1.02,0.9,11.21,16,3020.16,16.5,11.44
2025-12-13,META_C005,Instagram Stories - Flash Sales,CONVERSIONS,20075,16412,177.4,272,1.35,0.65,10.27,4,700.54,44.35,3.95
2025-12-14,META_C001,Prospecting - Lookalike Purchasers,CONVERSIONS,32643,24044,249.8,385,1.18,0.65,10.17,10,1353.55,24.98,5.42
2025-12-14,META_C002,Retargeting - Add to Cart,CONVERSIONS,23189,18843,141.63,481,2.07,0.29,6.64,6,878.51,23.61,6.2
2025-12-14,META_C003,Brand Awareness - Video,AWARENESS,12293,9032,89.74,275,2.24,0.33,11.16,7,776.9,12.82,8.66
2025-12-14,META_C004,Catalog Sales - Dynamic,CATALOG_SALES,20060,16429,100.43,383,1.91,0.26,5.01,10,977.91,10.04,9.74
2025-12-14,META_C005,Instagram Stories - Flash Sales,CONVERSIONS,16834,13555,171.59,297,1.76,0.58,12.92,4,659.37,42.9,3.84
2025-12-15,META_C001,Prospecting - Lookalike Purchasers,CONVERSIONS,8990,5427,101.02,118,1.31,0.86,11.24,6,1190.26,16.84,11.78
2025-12-15,META_C002,Retargeting - Add to Cart,CONVERSIONS,12705,9404,118.42,301,2.37,0.39,9.32,14,2437.37,8.46,20.58
2025-12-15,META_C003,Brand Awareness - Video,AWARENESS,15323,10857,90.98,147,0.96,0.62,8.69,2,219.75,45.49,2.42
2025-12-15,META_C004,Catalog Sales - Dynamic,CATALOG_SALES,13728,9068,91.26,228,1.66,0.4,6.65,5,949.01,18.25,10.4
2025-12-15,META_C005,Instagram Stories - Flash Sales,CONVERSIONS,22185,17678,176.53,338,1.52,0.52,12.53,10,1289.92,17.65,7.31
2025-12-16,META_C001,Prospecting - Lookalike Purchasers,CONVERSIONS,9015,7247,48.52,190,2.11,0.26,5.38,7,749.05,6.93,15.44
2025-12-16,META_C002,Retargeting - Add to Cart,CONVERSIONS,21272,14151,140.83,307,1.44,0.46,6.62,9,1644.54,15.65,11.68
2025-12-16,META_C003,Brand Awareness - Video,AWARENESS,10924,8178,93.5,241,2.21,0.39,9.49,13,1835.43,7.19,19.63
2025-12-16,META_C004,Catalog Sales - Dynamic,CATALOG_SALES,19838,14392,213.53,233,1.17,0.92,10.76,3,583.25,71.18,2.73
2025-12-16,META_C005,Instagram Stories - Flash Sales,CONVERSIONS,15117,11483,176.72,284,1.88,0.62,11.69,4,786.77,44.18,4.45
2025-12-17,META_C001,Prospecting - Lookalike Purchasers,CONVERSIONS,10207,7242,93.13,102,1.0,0.91,9.12,3,368.9,31.04,3.96
2025-12-17,META_C002,Retargeting - Add to Cart,CONVERSIONS,16350,12993,72.73,356,2.18,0.2,4.45,19,3020.18,3.83,41.53
2025-12-17,META_C003,Brand Awareness - Video,AWARENESS,16869,11923,102.62,267,1.58,0.38,12.93,15,2707.88,6.84,26.39
2025-12-17,META_C004,Catalog Sales - Dynamic,CATALOG_SALES,30606,23589,308.51,292,0.95,1.06,11.95,17,2153.86,18.15,6.98
2025-12-17,META_C005,Instagram Stories - Flash Sales,CONVERSIONS,19445,15516,199.33,287,1.48,0.69,10.25,8,747.89,24.92,3.75
2025-12-18,META_C001,Prospecting - Lookalike Purchasers,CONVERSIONS,19997,15618,140.99,234,1.17,0.6,7.05,11,1063.22,12.82,7.54
2025-12-18,META_C002,Retargeting - Add to Cart,CONVERSIONS,25870,17972,123.3,421,1.63,0.29,4.77,16,2728.37,7.71,22.13
2025-12-18,META_C003,Brand Awareness - Video,AWARENESS,24652,19295,96.78,350,1.42,0.28,11.11,7,1325.24,13.83,13.69
2025-12-18,META_C004,Catalog Sales - Dynamic,CATALOG_SALES,32272,22248,173.89,626,1.94,0.28,5.39,11,1933.95,15.81,11.12
2025-12-18,META_C005,Instagram Stories - Flash Sales,CONVERSIONS,31137,26183,139.56,640,2.06,0.22,4.48,9,1221.09,15.51,8.75
2025-12-19,META_C001,Prospecting - Lookalike Purchasers,CONVERSIONS,25741,21601,150.44,412,1.6,0.37,5.84,24,4724.44,6.27,31.4
2025-12-19,META_C002,Retargeting - Add to Cart,CONVERSIONS,14315,9731,149.55,351,2.45,0.43,12.39,19,2159.55,7.87,14.44
2025-12-19,META_C003,Brand Awareness - Video,AWARENESS,27185,16641,97.03,659,2.42,0.15,11.6,38,3632.41,2.55,37.44
2025-12-19,META_C004,Catalog Sales - Dynamic,CATALOG_SALES,12684,9145,153.98,309,2.44,0.5,12.14,12,1418.66,12.83,9.21
2025-12-19,META_C005,Instagram Stories - Flash Sales,CONVERSIONS,9407,6168,97.29,126,1.34,0.77,10.34,6,800.63,16.21,8.23
2025-12-20,META_C001,Prospecting - Lookalike Purchasers,CONVERSIONS,16260,11824,134.83,259,1.59,0.52,8.29,6,1096.09,22.47,8.13
2025-12-20,META_C002,Retargeting - Add to Cart,CONVERSIONS,32969,25123,134.66,296,0.9,0.45,6.6,4,762.59,33.66,5.66
2025-12-20,META_C003,Brand Awareness - Video,AWARENESS,11134,8028,102.01,121,1.09,0.84,10.54,3,352.99,34.0,3.46
2025-12-20,META_C004,Catalog Sales - Dynamic,CATALOG_SALES,14990,10132,143.4,224,1.49,0.64,9.57,4,785.53,35.85,5.48
2025-12-20,META_C005,Instagram Stories - Flash Sales,CONVERSIONS,22902,18711,140.21,344,1.5,0.41,6.12,6,1042.42,23.37,7.43
2025-12-21,META_C001,Prospecting - Lookalike Purchasers,CONVERSIONS,27240,23125,219.76,367,1.35,0.6,11.27,11,1143.25,19.98,5.2
2025-12-21,META_C002,Retargeting - Add to Cart,CONVERSIONS,27870,20391,145.18,470,1.69,0.31,12.71,6,638.57,24.2,4.4
2025-12-21,META_C003,Brand Awareness - Video,AWARENESS,29358,24885,101.2,548,1.87,0.18,8.05,31,3602.05,3.26,35.59
2025-12-21,META_C004,Catalog Sales - Dynamic,CATALOG_SALES,21985,15437,201.54,361,1.64,0.56,9.17,14,1385.07,14.4,6.87
2025-12-21,META_C005,Instagram Stories - Flash Sales,CONVERSIONS,26780,20798,187.03,242,0.9,0.77,12.15,8,841.1,23.38,4.5
2025-12-22,META_C001,Prospecting - Lookalike Purchasers,CONVERSIONS,24468,14969,188.19,197,0.81,0.96,7.69,11,2195.31,17.11,11.67
2025-12-22,META_C002,Retargeting - Add to Cart,CONVERSIONS,22243,14674,155.19,501,2.25,0.31,12.42,18,1767.91,8.62,11.39
2025-12-22,META_C003,Brand Awareness - Video,AWARENESS,10940,9016,93.69,148,1.35,0.63,12.11,6,1072.61,15.62,11.45
2025-12-22,META_C004,Catalog Sales - Dynamic,CATALOG_SALES,26506,19982,170.63,538,2.03,0.32,6.44,26,2672.15,6.56,15.66
2025-12-22,META_C005,Instagram Stories - Flash Sales,CONVERSIONS,13332,10267,104.3,246,1.85,0.42,7.82,12,2143.55,8.69,20.55
2025-12-23,META_C001,Prospecting - Lookalike Purchasers,CONVERSIONS,15578,11454,85.48,348,2.23,0.25,5.49,8,861.35,10.69,10.08
2025-12-23,META_C002,Retargeting - Add to Cart,CONVERSIONS,10496,7806,54.63,204,1.94,0.27,5.2,8,1491.37,6.83,27.3
2025-12-23,META_C003,Brand Awareness - Video,AWARENESS,17954,14822,84.83,269,1.5,0.32,4.72,10,935.61,8.48,11.03
2025-12-23,META_C004,Catalog Sales - Dynamic,CATALOG_SALES,22531,15250,275.03,405,1.8,0.68,12.21,23,4003.35,11.96,14.56
2025-12-23,META_C005,Instagram Stories - Flash Sales,CONVERSIONS,19406,13957,178.01,184,0.95,0.97,10.1,4,702.49,44.5,3.95
2025-12-24,META_C001,Prospecting - Lookalike Purchasers,CONVERSIONS,15027,9507,95.08,277,1.84,0.34,6.33,12,1504.98,7.92,15.83
2025-12-24,META_C002,Retargeting - Add to Cart,CONVERSIONS,30600,21816,155.96,754,2.46,0.21,8.92,32,6205.74,4.87,39.79
2025-12-24,META_C003,Brand Awareness - Video,AWARENESS,21904,14825,96.18,400,1.83,0.24,7.17,12,2246.58,8.02,23.36
2025-12-24,META_C004,Catalog Sales - Dynamic,CATALOG_SALES,19126,12782,85.5,421,2.2,0.2,4.47,17,3083.11,5.03,36.06
2025-12-24,META_C005,Instagram Stories - Flash Sales,CONVERSIONS,28408,23662,192.19,274,0.96,0.7,7.8,15,2975.46,12.81,15.48
2025-12-25,META_C001,Prospecting - Lookalike Purchasers,CONVERSIONS,27895,19903,234.27,362,1.3,0.65,8.77,13,1246.43,18.02,5.32
2025-12-25,META_C002,Retargeting - Add to Cart,CONVERSIONS,32803,23159,149.23,424,1.29,0.35,12.56,8,1596.19,18.65,10.7
2025-12-25,META_C003,Brand Awareness - Video,AWARENESS,27485,18206,98.94,361,1.31,0.27,4.99,7,1195.9,14.13,12.09
2025-12-25,META_C004,Catalog Sales - Dynamic,CATALOG_SALES,25238,18180,295.78,585,2.32,0.51,12.7,11,1348.94,26.89,4.56
2025-12-25,META_C005,Instagram Stories - Flash Sales,CONVERSIONS,11329,7660,146.73,237,2.09,0.62,12.95,8,1407.09,18.34,9.59
2025-12-26,META_C001,Prospecting - Lookalike Purchasers,CONVERSIONS,22194,13335,195.61,277,1.25,0.71,8.81,5,600.6,39.12,3.07
2025-12-26,META_C002,Retargeting - Add to Cart,CONVERSIONS,23891,15207,140.18,334,1.4,0.42,10.74,16,2330.67,8.76,16.63
2025-12-26,META_C003,Brand Awareness - Video,AWARENESS,17957,14716,102.18,297,1.65,0.34,7.64,6,944.46,17.03,9.24
2025-12-26,META_C004,Catalog Sales - Dynamic,CATALOG_SALES,15704,10000,81.06,322,2.05,0.25,5.16,16,2956.63,5.07,36.47
2025-12-26,META_C005,Instagram Stories - Flash Sales,CONVERSIONS,15337,11736,98.57,354,2.31,0.28,6.43,4,793.5,24.64,8.05
2025-12-27,META_C001,Prospecting - Lookalike Purchasers,CONVERSIONS,28815,22775,251.01,717,2.49,0.35,10.48,34,4374.99,7.38,17.43
2025-12-27,META_C002,Retargeting - Add to Cart,CONVERSIONS,23656,16186,154.5,417,1.76,0.37,12.94,20,3801.31,7.72,24.6
2025-12-27,META_C003,Brand Awareness - Video,AWARENESS,14695,10945,100.43,212,1.44,0.47,8.64,9,1208.96,11.16,12.04
2025-12-27,META_C004,Catalog Sales - Dynamic,CATALOG_SALES,11488,7200,62.58,195,1.7,0.32,5.45,8,831.52,7.82,13.29
2025-12-27,META_C005,Instagram Stories - Flash Sales,CONVERSIONS,23606,17691,134.42,491,2.08,0.27,5.69,5,530.82,26.88,3.95
2025-12-28,META_C001,Prospecting - Lookalike Purchasers,CONVERSIONS,32899,25772,243.99,736,2.24,0.33,8.48,38,4777.25,6.42,19.58
2025-12-28,META_C002,Retargeting - Add to Cart,CONVERSIONS,20689,15713,104.12,317,1.53,0.33,5.03,9,1708.03,11.57,16.4
2025-12-28,META_C003,Brand Awareness - Video,AWARENESS,11662,7111,92.7,244,2.09,0.38,10.43,3,396.64,30.9,4.28
2025-12-28,META_C004,Catalog Sales - Dynamic,CATALOG_SALES,14494,11376,92.75,317,2.19,0.29,6.4,17,2881.27,5.46,31.06
2025-12-28,META_C005,Instagram Stories - Flash Sales,CONVERSIONS,19187,14255,200.87,443,2.31,0.45,10.47,25,4479.46,8.03,22.3
2025-12-29,META_C001,Prospecting - Lookalike Purchasers,CONVERSIONS,12352,9719,142.89,293,2.37,0.49,11.57,10,1620.6,14.29,11.34
2025-12-29,META_C002,Retargeting - Add to Cart,CONVERSIONS,9031,6711,77.34,210,2.33,0.37,8.56,10,962.69,7.73,12.45
2025-12-29,META_C003,Brand Awareness - Video,AWARENESS,18529,14341,86.36,427,2.3,0.2,4.66,7,669.56,12.34,7.75
2025-12-29,META_C004,Catalog Sales - Dynamic,CATALOG_SALES,22850,19116,268.37,475,2.08,0.56,11.74,15,2911.92,17.89,10.85
2025-12-29,META_C005,Instagram Stories - Flash Sales,CONVERSIONS,19124,13148,159.57,451,2.36,0.35,8.34,12,1690.17,13.3,10.59
2025-12-30,META_C001,Prospecting - Lookalike Purchasers,CONVERSIONS,30539,18682,235.21,439,1.44,0.54,11.3,14,1904.78,16.8,8.1
2025-12-30,META_C002,Retargeting - Add to Cart,CONVERSIONS,27110,22555,152.48,554,2.04,0.28,8.72,14,2164.46,10.89,14.2
2025-12-30,META_C003,Brand Awareness - Video,AWARENESS,24936,15108,104.85,469,1.88,0.22,7.88,12,1410.03,8.74,13.45
2025-12-30,META_C004,Catalog Sales - Dynamic,CATALOG_SALES,13869,9713,84.61,196,1.41,0.43,6.1,7,742.73,12.09,8.78
2025-12-30,META_C005,Instagram Stories - Flash Sales,CONVERSIONS,9873,6009,66.67,169,1.71,0.39,6.75,5,628.62,13.33,9.43
2025-12-31,META_C001,Prospecting - Lookalike Purchasers,CONVERSIONS,28971,21039,150.81,711,2.45,0.21,5.21,41,4838.57,3.68,32.08
2025-12-31,META_C002,Retargeting - Add to Cart,CONVERSIONS,12847,9300,110.96,218,1.7,0.51,8.64,4,410.57,27.74,3.7
2025-12-31,META_C003,Brand Awareness - Video,AWARENESS,22605,18833,99.1,349,1.54,0.28,5.61,8,1470.74,12.39,14.84
2025-12-31,META_C004,Catalog Sales - Dynamic,CATALOG_SALES,19847,14802,164.71,359,1.81,0.46,8.3,11,1094.98,14.97,6.65
2025-12-31,META_C005,Instagram Stories - Flash Sales,CONVERSIONS,23218,13988,144.76,200,0.86,0.72,6.23,8,1555.74,18.09,10.75
2026-01-01,META_C001,Prospecting - Lookalike Purchasers,CONVERSIONS,12942,9114,122.49,240,1.85,0.51,9.46,7,744.35,17.5,6.08
2026-01-01,META_C002,Retargeting - Add to Cart,CONVERSIONS,10954,8611,71.2,225,2.05,0.32,6.5,2,224.27,35.6,3.15
2026-01-01,META_C003,Brand Awareness - Video,AWARENESS,15866,11877,86.21,194,1.22,0.44,11.53,5,550.86,17.24,6.39
2026-01-01,META_C004,Catalog Sales - Dynamic,CATALOG_SALES,21996,15826,158.04,309,1.4,0.51,7.19,8,953.55,19.75,6.03
2026-01-01,META_C005,Instagram Stories - Flash Sales,CONVERSIONS,21878,15555,134.06,231,1.06,0.58,6.13,2,274.95,67.03,2.05
2026-01-02,META_C001,Prospecting - Lookalike Purchasers,CONVERSIONS,14247,10045,103.99,289,2.03,0.36,7.3,9,871.35,11.55,8.38
2026-01-02,META_C002,Retargeting - Add to Cart,CONVERSIONS,9223,6025,75.07,125,1.36,0.6,8.14,6,599.41,12.51,7.98
2026-01-02,META_C003,Brand Awareness - Video,AWARENESS,31754,25853,102.27,297,0.94,0.34,11.72,5,523.9,20.45,5.12
2026-01-02,META_C004,Catalog Sales - Dynamic,CATALOG_SALES,11492,7836,134.52,139,1.21,0.97,11.71,6,603.97,22.42,4.49
2026-01-02,META_C005,Instagram Stories - Flash Sales,CONVERSIONS,17518,11804,190.58,332,1.9,0.57,11.86,5,960.91,38.12,5.04
2026-01-03,META_C001,Prospecting - Lookalike Purchasers,CONVERSIONS,16603,12895,212.53,276,1.66,0.77,12.8,4,531.72,53.13,2.5
2026-01-03,META_C002,Retargeting - Add to Cart,CONVERSIONS,29429,18651,147.52,446,1.52,0.33,12.47,16,1704.87,9.22,11.56
2026-01-03,META_C003,Brand Awareness - Video,AWARENESS,14063,9444,103.31,200,1.42,0.52,7.79,7,754.76,14.76,7.31
2026-01-03,META_C004,Catalog Sales - Dynamic,CATALOG_SALES,26610,19693,220.1,615,2.31,0.36,8.27,26,4976.38,8.47,22.61
2026-01-03,META_C005,Instagram Stories - Flash Sales,CONVERSIONS,22467,18124,173.47,559,2.49,0.31,8.0,10,1176.66,17.35,6.78
2026-01-04,META_C001,Prospecting - Lookalike Purchasers,CONVERSIONS,12747,8723,88.54,317,2.49,0.28,6.95,4,702.51,22.14,7.93
2026-01-04,META_C002,Retargeting - Add to Cart,CONVERSIONS,11897,7197,119.2,130,1.09,0.92,10.02,3,325.69,39.73,2.73
2026-01-04,META_C003,Brand Awareness - Video,AWARENESS,30737,20519,102.89,534,1.74,0.19,8.31,30,5757.29,3.43,55.96
2026-01-04,META_C004,Catalog Sales - Dynamic,CATALOG_SALES,19970,14889,128.34,254,1.27,0.51,6.43,12,1493.12,10.7,11.63
2026-01-04,META_C005,Instagram Stories - Flash Sales,CONVERSIONS,16375,10250,152.73,172,1.05,0.89,9.33,3,352.86,50.91,2.31
2026-01-05,META_C001,Prospecting - Lookalike Purchasers,CONVERSIONS,20998,14624,106.34,449,2.14,0.24,5.06,17,3352.39,6.26,31.53
2026-01-05,META_C002,Retargeting - Add to Cart,CONVERSIONS,11199,9018,99.11,188,1.68,0.53,8.85,4,502.8,24.78,5.07
2026-01-05,META_C003,Brand Awareness - Video,AWARENESS,24090,14723,99.49,338,1.4,0.29,9.58,7,794.31,14.21,7.98
2026-01-05,META_C004,Catalog Sales - Dynamic,CATALOG_SALES,10780,6709,63.24,135,1.25,0.47,5.87,3,598.42,21.08,9.46
2026-01-05,META_C005,Instagram Stories - Flash Sales,CONVERSIONS,32798,21212,189.68,345,1.05,0.55,6.27,12,1607.19,15.81,8.47
2026-01-06,META_C001,Prospecting - Lookalike Purchasers,CONVERSIONS,16655,13418,194.65,196,1.18,0.99,11.69,10,1491.63,19.46,7.66
2026-01-06,META_C002,Retargeting - Add to Cart,CONVERSIONS,23113,19046,149.3,321,1.39,0.47,12.7,11,1734.22,13.57,11.62
2026-01-06,META_C003,Brand Awareness - Video,AWARENESS,28853,22057,93.36,255,0.88,0.37,7.62,14,1395.7,6.67,14.95
2026-01-06,META_C004,Catalog Sales - Dynamic,CATALOG_SALES,22834,18676,185.04,494,2.16,0.37,8.1,6,812.01,30.84,4.39
2026-01-06,META_C005,Instagram Stories - Flash Sales,CONVERSIONS,25522,18008,193.78,269,1.05,0.72,9.2,8,745.05,24.22,3.84
2026-01-07,META_C001,Prospecting - Lookalike Purchasers,CONVERSIONS,12420,9042,117.34,258,2.08,0.45,9.45,7,1338.9,16.76,11.41
2026-01-07,META_C002,Retargeting - Add to Cart,CONVERSIONS,18181,11589,144.53,264,1.45,0.55,11.07,7,746.09,20.65,5.16
2026-01-07,META_C003,Brand Awareness - Video,AWARENESS,17048,10353,102.93,366,2.15,0.28,8.82,4,747.75,25.73,7.26
2026-01-07,META_C004,Catalog Sales - Dynamic,CATALOG_SALES,19746,12789,217.63,243,1.23,0.9,11.02,4,574.11,54.41,2.64
2026-01-07,META_C005,Instagram Stories - Flash Sales,CONVERSIONS,11060,8808,94.47,88,0.8,1.07,8.54,4,576.85,23.62,6.11
2026-01-08,META_C001,Prospecting - Lookalike Purchasers,CONVERSIONS,19445,15368,96.32,345,1.77,0.28,4.95,11,1209.78,8.76,12.56
2026-01-08,META_C002,Retargeting - Add to Cart,CONVERSIONS,16042,10829,137.29,184,1.15,0.75,13.13,9,1226.96,15.25,8.94
2026-01-08,META_C003,Brand Awareness - Video,AWARENESS,19541,14406,96.81,167,0.85,0.58,9.64,8,891.47,12.1,9.21
2026-01-08,META_C004,Catalog Sales - Dynamic,CATALOG_SALES,15874,10212,177.0,330,2.08,0.54,11.15,14,1420.4,12.64,8.02
2026-01-08,META_C005,Instagram Stories - Flash Sales,CONVERSIONS,16096,11698,114.02,366,2.27,0.31,7.08,17,2175.56,6.71,19.08
2026-01-09,META_C001,Prospecting - Lookalike Purchasers,CONVERSIONS,27313,20672,121.09,353,1.29,0.34,4.43,7,823.72,17.3,6.8
2026-01-09,META_C002,Retargeting - Add to Cart,CONVERSIONS,31605,22805,133.93,346,1.09,0.39,11.86,18,2601.5,7.44,19.42
2026-01-09,META_C003,Brand Awareness - Video,AWARENESS,30462,18757,93.31,324,1.06,0.29,12.46,14,2487.23,6.67,26.66
2026-01-09,META_C004,Catalog Sales - Dynamic,CATALOG_SALES,9946,8422,104.77,105,1.06,1.0,10.53,3,342.79,34.92,3.27
2026-01-09,META_C005,Instagram Stories - Flash Sales,CONVERSIONS,20758,16512,187.44,208,1.0,0.9,10.21,12,1436.89,15.62,7.67
2026-01-10,META_C001,Prospecting - Lookalike Purchasers,CONVERSIONS,15523,11818,173.55,379,2.44,0.46,11.18,21,2895.57,8.26,16.68
2026-01-10,META_C002,Retargeting - Add to Cart,CONVERSIONS,12833,9574,58.41,103,0.8,0.57,4.55,1,142.22,58.41,2.43
2026-01-10,META_C003,Brand Awareness - Video,AWARENESS,18318,12681,98.5,438,2.39,0.22,11.71,14,1679.23,7.04,17.05
2026-01-10,META_C004,Catalog Sales - Dynamic,CATALOG_SALES,11768,9037,138.95,269,2.29,0.52,11.81,9,952.64,15.44,6.86
2026-01-10,META_C005,Instagram Stories - Flash Sales,CONVERSIONS,24357,17780,113.21,519,2.13,0.22,4.65,19,2299.47,5.96,20.31
2026-01-11,META_C001,Prospecting - Lookalike Purchasers,CONVERSIONS,31273,20622,207.15,725,2.32,0.29,6.62,25,4125.99,8.29,19.92
2026-01-11,META_C002,Retargeting - Add to Cart,CONVERSIONS,32425,25804,151.15,671,2.07,0.23,5.92,14,1761.04,10.8,11.65
2026-01-11,META_C003,Brand Awareness - Video,AWARENESS,25985,17139,99.07,596,2.29,0.17,6.23,8,1112.4,12.38,11.23
2026-01-11,META_C004,Catalog Sales - Dynamic,CATALOG_SALES,23493,18067,295.96,435,1.85,0.68,13.17,25,2416.84,11.84,8.17
2026-01-11,META_C005,Instagram Stories - Flash Sales,CONVERSIONS,10601,7846,80.1,140,1.32,0.57,7.56,6,1121.21,13.35,14.0
2026-01-12,META_C001,Prospecting - Lookalike Purchasers,CONVERSIONS,11082,8145,77.64,192,1.73,0.4,7.01,10,941.45,7.76,12.13
2026-01-12,META_C002,Retargeting - Add to Cart,CONVERSIONS,20174,13076,153.11,473,2.34,0.32,9.12,14,2510.14,10.94,16.39
2026-01-12,META_C003,Brand Awareness - Video,AWARENESS,15588,9377,87.39,129,0.83,0.68,11.93,3,395.2,29.13,4.52
2026-01-12,META_C004,Catalog Sales - Dynamic,CATALOG_SALES,10668,8572,85.02,133,1.25,0.64,7.97,4,697.36,21.25,8.2
2026-01-12,META_C005,Instagram Stories - Flash Sales,CONVERSIONS,30729,25893,209.6,399,1.3,0.53,8.16,4,697.75,52.4,3.33
2026-01-13,META_C001,Prospecting - Lookalike Purchasers,CONVERSIONS,11925,7311,135.85,116,0.97,1.17,11.39,5,914.2,27.17,6.73
2026-01-13,META_C002,Retargeting - Add to Cart,CONVERSIONS,27916,20544,150.37,550,1.97,0.27,9.63,23,3455.32,6.54,22.98
2026-01-13,META_C003,Brand Awareness - Video,AWARENESS,18542,15742,86.77,389,2.1,0.22,6.7,8,1188.77,10.85,13.7
2026-01-13,META_C004,Catalog Sales - Dynamic,CATALOG_SALES,10107,7628,116.76,117,1.16,1.0,11.55,6,742.68,19.46,6.36
2026-01-13,META_C005,Instagram Stories - Flash Sales,CONVERSIONS,17605,12755,172.76,349,1.98,0.5,11.93,9,887.54,19.2,5.14
2026-01-14,META_C001,Prospecting - Lookalike Purchasers,CONVERSIONS,28570,21355,224.52,598,2.09,0.38,10.03,30,4121.74,7.48,18.36
2026-01-14,META_C002,Retargeting - Add to Cart,CONVERSIONS,20583,17350,140.85,397,1.93,0.35,10.77,19,1760.85,7.41,12.5
2026-01-14,META_C003,Brand Awareness - Video,AWARENESS,20944,17721,101.65,205,0.98,0.5,11.58,12,1884.59,8.47,18.54
2026-01-14,META_C004,Catalog Sales - Dynamic,CATALOG_SALES,12903,9916,140.03,304,2.36,0.46,10.85,17,1555.18,8.24,11.11
2026-01-14,META_C005,Instagram Stories - Flash Sales,CONVERSIONS,27807,23266,119.61,398,1.43,0.3,4.3,10,1734.9,11.96,14.5
2026-01-15,META_C001,Prospecting - Lookalike Purchasers,CONVERSIONS,15878,13323,189.9,264,1.66,0.72,11.96,10,1537.34,18.99,8.1
2026-01-15,META_C002,Retargeting - Add to Cart,CONVERSIONS,16232,10412,72.01,378,2.33,0.19,4.44,9,886.05,8.0,12.3
2026-01-15,META_C003,Brand Awareness - Video,AWARENESS,21717,13439,97.43,392,1.81,0.25,4.56,4,562.61,24.36,5.77
2026-01-15,META_C004,Catalog Sales - Dynamic,CATALOG_SALES,17586,12955,174.15,270,1.54,0.65,9.9,13,2489.26,13.4,14.29
2026-01-15,META_C005,Instagram Stories - Flash Sales,CONVERSIONS,27609,19862,191.16,628,2.27,0.3,8.17,32,3976.59,5.97,20.8
2026-01-16,META_C001,Prospecting - Lookalike Purchasers,CONVERSIONS,11582,8046,73.05,145,1.25,0.5,6.31,2,377.89,36.52,5.17
2026-01-16,META_C002,Retargeting - Add to Cart,CONVERSIONS,9902,6585,74.39,134,1.35,0.56,7.51,4,447.49,18.6,6.02
2026-01-16,META_C003,Brand Awareness - Video,AWARENESS,20634,14484,93.31,320,1.55,0.29,10.79,12,1242.58,7.78,13.32
2026-01-16,META_C004,Catalog Sales - Dynamic,CATALOG_SALES,11449,9131,70.84,110,0.96,0.64,6.19,5,993.53,14.17,14.02
2026-01-16,META_C005,Instagram Stories - Flash Sales,CONVERSIONS,16221,11782,122.33,132,0.81,0.93,7.54,5,808.8,24.47,6.61
2026-01-17,META_C001,Prospecting - Lookalike Purchasers,CONVERSIONS,16412,10747,97.12,149,0.91,0.65,5.92,5,618.76,19.42,6.37
2026-01-17,META_C002,Retargeting - Add to Cart,CONVERSIONS,13835,10050,146.04,296,2.14,0.49,11.18,11,1834.24,13.28,12.56
2026-01-17,META_C003,Brand Awareness - Video,AWARENESS,17512,14561,96.04,296,1.69,0.32,8.02,7,808.05,13.72,8.41
2026-01-17,META_C004,Catalog Sales - Dynamic,CATALOG_SALES,9624,7502,60.77,227,2.36,0.27,6.31,8,805.43,7.6,13.25
2026-01-17,META_C005,Instagram Stories - Flash Sales,CONVERSIONS,25591,16993,190.4,308,1.2,0.62,8.42,4,452.96,47.6,2.38
2026-01-18,META_C001,Prospecting - Lookalike Purchasers,CONVERSIONS,10141,6783,121.47,230,2.27,0.53,11.98,8,1306.59,15.18,10.76
2026-01-18,META_C002,Retargeting - Add to Cart,CONVERSIONS,11439,7649,92.47,99,0.87,0.93,8.08,3,286.83,30.82,3.1
2026-01-18,META_C003,Brand Awareness - Video,AWARENESS,18050,13667,87.77,195,1.08,0.45,9.96,6,1198.7,14.63,13.66
2026-01-18,META_C004,Catalog Sales - Dynamic,CATALOG_SALES,15833,11192,118.11,335,2.12,0.35,7.46,7,1171.82,16.87,9.92
2026-01-18,META_C005,Instagram Stories - Flash Sales,CONVERSIONS,18451,13892,81.77,224,1.21,0.37,4.43,9,1600.04,9.09,19.57
2026-01-19,META_C001,Prospecting - Lookalike Purchasers,CONVERSIONS,19880,13604,226.42,479,2.41,0.47,11.82,8,1062.52,28.3,4.69
2026-01-19,META_C002,Retargeting - Add to Cart,CONVERSIONS,11046,6633,67.18,273,2.47,0.25,6.08,13,1175.3,5.17,17.49
2026-01-19,META_C003,Brand Awareness - Video,AWARENESS,12920,9916,92.87,214,1.66,0.43,7.19,9,1401.07,10.32,15.09
2026-01-19,META_C004,Catalog Sales - Dynamic,CATALOG_SALES,22039,14491,153.97,396,1.8,0.39,6.99,13,2257.82,11.84,14.66
2026-01-19,META_C005,Instagram Stories - Flash Sales,CONVERSIONS,12540,8893,68.29,281,2.24,0.24,5.45,13,2520.2,5.25,36.9
2026-01-20,META_C001,Prospecting - Lookalike Purchasers,CONVERSIONS,29377,23296,184.91,458,1.56,0.4,6.29,27,3655.62,6.85,19.77
2026-01-20,META_C002,Retargeting - Add to Cart,CONVERSIONS,12379,10349,87.73,264,2.13,0.33,7.09,13,2344.43,6.75,26.72
2026-01-20,META_C003,Brand Awareness - Video,AWARENESS,26397,20244,98.35,586,2.22,0.17,7.23,16,1961.85,6.15,19.95
2026-01-20,META_C004,Catalog Sales - Dynamic,CATALOG_SALES,15561,11481,68.77,161,1.03,0.43,4.42,2,223.49,34.38,3.25
2026-01-20,META_C005,Instagram Stories - Flash Sales,CONVERSIONS,20692,13892,143.7,463,2.24,0.31,6.94,24,3684.97,5.99,25.64
2026-01-21,META_C001,Prospecting - Lookalike Purchasers,CONVERSIONS,27062,21504,215.72,229,0.85,0.94,11.63,4,768.8,53.93,3.56
2026-01-21,META_C002,Retargeting - Add to Cart,CONVERSIONS,21322,15064,152.39,507,2.38,0.3,8.1,23,3992.42,6.63,26.2
2026-01-21,META_C003,Brand Awareness - Video,AWARENESS,15048,10785,100.72,295,1.96,0.34,11.08,3,283.04,33.57,2.81
2026-01-21,META_C004,Catalog Sales - Dynamic,CATALOG_SALES,10869,8101,90.12,215,1.98,0.42,8.29,5,538.82,18.02,5.98
2026-01-21,META_C005,Instagram Stories - Flash Sales,CONVERSIONS,26689,19080,192.61,262,0.98,0.74,9.23,3,394.42,64.2,2.05
2026-01-22,META_C001,Prospecting - Lookalike Purchasers,CONVERSIONS,15954,12259,144.51,360,2.26,0.4,9.06,12,1740.03,12.04,12.04
2026-01-22,META_C002,Retargeting - Add to Cart,CONVERSIONS,22830,14349,143.06,535,2.34,0.27,12.0,31,4773.4,4.61,33.37
2026-01-22,META_C003,Brand Awareness - Video,AWARENESS,10273,7636,90.21,90,0.88,1.0,8.78,2,383.01,45.1,4.25
2026-01-22,META_C004,Catalog Sales - Dynamic,CATALOG_SALES,29808,19310,263.78,664,2.23,0.4,10.96,15,2933.38,17.59,11.12
2026-01-22,META_C005,Instagram Stories - Flash Sales,CONVERSIONS,23300,16304,145.57,456,1.96,0.32,6.25,24,4153.05,6.07,28.53
2026-01-23,META_C001,Prospecting - Lookalike Purchasers,CONVERSIONS,26365,20969,250.39,305,1.16,0.82,11.83,15,1881.41,16.69,7.51
2026-01-23,META_C002,Retargeting - Add to Cart,CONVERSIONS,29907,20760,134.68,574,1.92,0.23,6.34,8,1559.13,16.84,11.58
2026-01-23,META_C003,Brand Awareness - Video,AWARENESS,14474,9753,63.23,218,1.51,0.29,4.37,6,720.19,10.54,11.39
2026-01-23,META_C004,Catalog Sales - Dynamic,CATALOG_SALES,8896,6006,90.98,115,1.29,0.79,10.23,2,301.98,45.49,3.32
2026-01-23,META_C005,Instagram Stories - Flash Sales,CONVERSIONS,14650,11100,171.65,159,1.09,1.08,11.92,3,417.53,57.22,2.43
2026-01-24,META_C001,Prospecting - Lookalike Purchasers,CONVERSIONS,8911,6410,101.87,126,1.41,0.81,11.43,6,641.97,16.98,6.3
2026-01-24,META_C002,Retargeting - Add to Cart,CONVERSIONS,9706,7354,39.6,88,0.91,0.45,4.08,3,514.24,13.2,12.99
2026-01-24,META_C003,Brand Awareness - Video,AWARENESS,13324,8339,72.02,266,2.0,0.27,5.4,5,843.87,14.4,11.72
2026-01-24,META_C004,Catalog Sales - Dynamic,CATALOG_SALES,23589,20037,168.25,367,1.56,0.46,7.13,20,2001.52,8.41,11.9
2026-01-24,META_C005,Instagram Stories - Flash Sales,CONVERSIONS,11856,9632,125.13,215,1.81,0.58,10.55,6,546.81,20.86,4.37
2026-01-25,META_C001,Prospecting - Lookalike Purchasers,CONVERSIONS,8574,5260,75.04,89,1.04,0.84,8.75,5,516.73,15.01,6.89
2026-01-25,META_C002,Retargeting - Add to Cart,CONVERSIONS,22827,18798,121.23,405,1.77,0.3,5.31,14,2062.38,8.66,17.01
2026-01-25,META_C003,Brand Awareness - Video,AWARENESS,20202,16918,89.51,241,1.19,0.37,4.43,6,598.93,14.92,6.69
2026-01-25,META_C004,Catalog Sales - Dynamic,CATALOG_SALES,17803,14261,85.27,255,1.43,0.33,4.79,3,521.56,28.42,6.12
2026-01-25,META_C005,Instagram Stories - Flash Sales,CONVERSIONS,25312,20476,190.29,315,1.24,0.6,8.67,13,1805.73,14.64,9.49
2026-01-26,META_C001,Prospecting - Lookalike Purchasers,CONVERSIONS,29357,24719,230.5,418,1.42,0.55,11.24,22,3744.51,10.48,16.25
2026-01-26,META_C002,Retargeting - Add to Cart,CONVERSIONS,23495,15739,144.88,366,1.56,0.4,10.67,19,2533.9,7.63,17.49
2026-01-26,META_C003,Brand Awareness - Video,AWARENESS,22386,16039,85.81,354,1.58,0.24,8.74,13,1874.59,6.6,21.85
2026-01-26,META_C004,Catalog Sales - Dynamic,CATALOG_SALES,26643,18058,279.21,527,1.98,0.53,11.07,7,784.12,39.89,2.81
2026-01-26,META_C005,Instagram Stories - Flash Sales,CONVERSIONS,24745,14923,177.63,577,2.33,0.31,11.75,20,3042.07,8.88,17.13
2026-01-27,META_C001,Prospecting - Lookalike Purchasers,CONVERSIONS,9850,6809,51.71,171,1.74,0.3,5.25,7,1306.27,7.39,25.26
2026-01-27,META_C002,Retargeting - Add to Cart,CONVERSIONS,18299,12046,122.03,191,1.04,0.64,6.67,7,640.08,17.43,5.25
2026-01-27,META_C003,Brand Awareness - Video,AWARENESS,13404,10024,94.87,257,1.92,0.37,7.65,5,604.44,18.97,6.37
2026-01-27,META_C004,Catalog Sales - Dynamic,CATALOG_SALES,23058,16937,94.92,427,1.85,0.22,4.12,5,861.14,18.98,9.07
2026-01-27,META_C005,Instagram Stories - Flash Sales,CONVERSIONS,19486,12689,165.14,460,2.36,0.36,8.47,21,2587.45,7.86,15.67
2026-01-28,META_C001,Prospecting - Lookalike Purchasers,CONVERSIONS,10598,8619,114.13,95,0.9,1.2,10.77,4,677.94,28.53,5.94
2026-01-28,META_C002,Retargeting - Add to Cart,CONVERSIONS,11897,9125,74.13,160,1.34,0.46,6.23,5,892.45,14.83,12.04
2026-01-28,META_C003,Brand Awareness - Video,AWARENESS,18970,12795,86.1,408,2.15,0.21,11.07,20,2357.8,4.3,27.38
2026-01-28,META_C004,Catalog Sales - Dynamic,CATALOG_SALES,12362,10120,104.72,286,2.31,0.37,8.47,7,893.46,14.96,8.53
2026-01-28,META_C005,Instagram Stories - Flash Sales,CONVERSIONS,22152,16953,151.22,385,1.74,0.39,6.83,15,2769.37,10.08,18.31
2026-01-29,META_C001,Prospecting - Lookalike Purchasers,CONVERSIONS,18657,14205,82.75,253,1.36,0.33,4.44,10,1907.66,8.28,23.05
2026-01-29,META_C002,Retargeting - Add to Cart,CONVERSIONS,25831,19616,155.13,563,2.18,0.28,9.63,22,3574.06,7.05,23.04
2026-01-29,META_C003,Brand Awareness - Video,AWARENESS,11239,8064,72.02,216,1.92,0.33,6.41,3,275.73,24.01,3.83
2026-01-29,META_C004,Catalog Sales - Dynamic,CATALOG_SALES,16732,11386,123.21,334,2.0,0.37,7.36,8,877.77,15.4,7.12
2026-01-29,META_C005,Instagram Stories - Flash Sales,CONVERSIONS,21606,16515,170.02,183,0.85,0.93,7.87,4,561.16,42.51,3.3
2026-01-30,META_C001,Prospecting - Lookalike Purchasers,CONVERSIONS,25334,20607,185.03,630,2.49,0.29,7.3,28,4764.09,6.61,25.75
2026-01-30,META_C002,Retargeting - Add to Cart,CONVERSIONS,28009,19173,114.55,457,1.63,0.25,4.09,22,3946.23,5.21,34.45
2026-01-30,META_C003,Brand Awareness - Video,AWARENESS,16745,12312,89.4,167,1.0,0.54,8.32,6,619.29,14.9,6.93
2026-01-30,META_C004,Catalog Sales - Dynamic,CATALOG_SALES,15613,10094,150.75,278,1.78,0.54,9.66,8,1597.05,18.84,10.59
2026-01-30,META_C005,Instagram Stories - Flash Sales,CONVERSIONS,8466,5723,52.74,100,1.18,0.53,6.23,2,236.69,26.37,4.49
2026-01-31,META_C001,Prospecting - Lookalike Purchasers,CONVERSIONS,19126,13345,174.32,212,1.11,0.82,9.11,10,1419.41,17.43,8.14
2026-01-31,META_C002,Retargeting - Add to Cart,CONVERSIONS,11371,7296,117.98,188,1.65,0.63,10.38,4,562.63,29.5,4.77
2026-01-31,META_C003,Brand Awareness - Video,AWARENESS,22002,18037,90.53,192,0.87,0.47,8.45,3,484.56,30.18,5.35
2026-01-31,META_C004,Catalog Sales - Dynamic,CATALOG_SALES,11529,8305,110.58,223,1.93,0.5,9.59,8,1106.27,13.82,10.0
2026-01-31,META_C005,Instagram Stories - Flash Sales,CONVERSIONS,27739,21442,190.98,569,2.05,0.34,6.88,28,4494.14,6.82,23.53
2026-02-01,META_C001,Prospecting - Lookalike Purchasers,CONVERSIONS,16346,11232,150.93,358,2.19,0.42,9.23,10,1593.41,15.09,10.56
2026-02-01,META_C002,Retargeting - Add to Cart,CONVERSIONS,18979,13851,146.3,232,1.22,0.63,9.9,3,547.28,48.77,3.74
2026-02-01,META_C003,Brand Awareness - Video,AWARENESS,27467,17609,90.65,657,2.39,0.14,6.48,13,1408.15,6.97,15.53
2026-02-01,META_C004,Catalog Sales - Dynamic,CATALOG_SALES,12000,9389,133.25,123,1.03,1.08,11.1,4,452.37,33.31,3.39
2026-02-01,META_C005,Instagram Stories - Flash Sales,CONVERSIONS,9411,7731,103.21,151,1.6,0.68,10.97,3,524.03,34.4,5.08
2026-02-02,META_C001,Prospecting - Lookalike Purchasers,CONVERSIONS,11970,7910,72.36,244,2.04,0.3,6.05,4,400.85,18.09,5.54
2026-02-02,META_C002,Retargeting - Add to Cart,CONVERSIONS,26541,21247,133.38,429,1.62,0.31,9.37,17,3273.1,7.85,24.54
2026-02-02,META_C003,Brand Awareness - Video,AWARENESS,11727,8547,61.71,133,1.13,0.46,5.26,6,708.13,10.29,11.48
2026-02-02,META_C004,Catalog Sales - Dynamic,CATALOG_SALES,17176,12056,187.74,154,0.9,1.22,10.93,2,301.26,93.87,1.6
2026-02-02,META_C005,Instagram Stories - Flash Sales,CONVERSIONS,17409,11644,175.15,427,2.45,0.41,10.34,4,412.02,43.79,2.35
2026-02-03,META_C001,Prospecting - Lookalike Purchasers,CONVERSIONS,14848,10798,85.07,209,1.41,0.41,5.73,2,373.1,42.53,4.39
2026-02-03,META_C002,Retargeting - Add to Cart,CONVERSIONS,28765,21707,131.13,361,1.25,0.36,10.45,9,1761.15,14.57,13.43
2026-02-03,META_C003,Brand Awareness - Video,AWARENESS,19268,11596,85.16,232,1.2,0.37,7.04,7,879.01,12.17,10.32
2026-02-03,META_C004,Catalog Sales - Dynamic,CATALOG_SALES,8720,5485,73.31,129,1.48,0.57,8.41,6,647.8,12.22,8.84
2026-02-03,META_C005,Instagram Stories - Flash Sales,CONVERSIONS,10685,8653,71.74,257,2.41,0.28,6.71,8,723.07,8.97,10.08
2026-02-04,META_C001,Prospecting - Lookalike Purchasers,CONVERSIONS,28635,17282,228.64,458,1.6,0.5,9.3,17,2293.82,13.45,10.03
2026-02-04,META_C002,Retargeting - Add to Cart,CONVERSIONS,25036,20846,117.45,255,1.02,0.46,4.69,3,585.42,39.15,4.98
2026-02-04,META_C003,Brand Awareness - Video,AWARENESS,18764,11974,90.26,298,1.59,0.3,8.56,12,2227.44,7.52,24.68
2026-02-04,META_C004,Catalog Sales - Dynamic,CATALOG_SALES,8067,5272,38.48,194,2.4,0.2,4.77,11,1896.66,3.5,49.29
2026-02-04,META_C005,Instagram Stories - Flash Sales,CONVERSIONS,22147,17983,98.94,296,1.34,0.33,4.47,15,2129.18,6.6,21.52
2026-02-05,META_C001,Prospecting - Lookalike Purchasers,CONVERSIONS,19078,12540,175.27,259,1.36,0.68,9.19,10,1265.14,17.53,7.22
2026-02-05,META_C002,Retargeting - Add to Cart,CONVERSIONS,25439,18284,140.1,242,0.95,0.58,6.72,12,2344.65,11.67,16.74
2026-02-05,META_C003,Brand Awareness - Video,AWARENESS,18503,12125,94.05,227,1.23,0.41,9.32,2,375.73,47.02,4.0
2026-02-05,META_C004,Catalog Sales - Dynamic,CATALOG_SALES,25528,20607,191.94,456,1.79,0.42,7.52,13,2375.12,14.76,12.37
2026-02-05,META_C005,Instagram Stories - Flash Sales,CONVERSIONS,29972,24721,199.9,571,1.91,0.35,10.21,30,4327.17,6.66,21.65
2026-02-06,META_C001,Prospecting - Lookalike Purchasers,CONVERSIONS,11998,9502,136.25,255,2.13,0.53,11.36,6,1162.12,22.71,8.53
2026-02-06,META_C002,Retargeting - Add to Cart,CONVERSIONS,23036,17100,151.9,533,2.31,0.28,10.24,29,2778.08,5.24,18.29
2026-02-06,META_C003,Brand Awareness - Video,AWARENESS,10703,8632,91.15,87,0.81,1.05,11.57,2,264.23,45.58,2.9
2026-02-06,META_C004,Catalog Sales - Dynamic,CATALOG_SALES,24742,15139,141.06,263,1.06,0.54,5.7,12,1556.93,11.76,11.04
2026-02-06,META_C005,Instagram Stories - Flash Sales,CONVERSIONS,22578,13963,142.07,509,2.25,0.28,6.29,19,1804.52,7.48,12.7
2026-02-07,META_C001,Prospecting - Lookalike Purchasers,CONVERSIONS,25641,15734,223.09,417,1.63,0.53,11.47,5,758.94,44.62,3.4
2026-02-07,META_C002,Retargeting - Add to Cart,CONVERSIONS,18939,13305,81.15,409,2.16,0.2,4.28,17,2600.07,4.77,32.04
2026-02-07,META_C003,Brand Awareness - Video,AWARENESS,23288,14811,90.69,446,1.92,0.2,11.46,17,2720.47,5.33,30.0
2026-02-07,META_C004,Catalog Sales - Dynamic,CATALOG_SALES,27336,18423,273.13,254,0.93,1.08,9.99,7,1275.22,39.02,4.67
2026-02-07,META_C005,Instagram Stories - Flash Sales,CONVERSIONS,14937,10763,118.14,343,2.3,0.34,7.91,6,873.05,19.69,7.39
2026-02-08,META_C001,Prospecting - Lookalike Purchasers,CONVERSIONS,17333,11682,196.85,174,1.0,1.13,11.36,8,951.83,24.61,4.84
2026-02-08,META_C002,Retargeting - Add to Cart,CONVERSIONS,23909,19319,133.26,250,1.05,0.53,6.04,5,596.95,26.65,4.48
2026-02-08,META_C003,Brand Awareness - Video,AWARENESS,27112,21486,102.48,253,0.93,0.41,4.01,10,1066.62,10.25,10.41
2026-02-08,META_C004,Catalog Sales - Dynamic,CATALOG_SALES,9370,7401,72.5,142,1.52,0.51,7.74,1,171.36,72.5,2.36
2026-02-08,META_C005,Instagram Stories - Flash Sales,CONVERSIONS,26047,15897,182.48,476,1.83,0.38,7.01,18,2992.02,10.14,16.4
2026-02-09,META_C001,Prospecting - Lookalike Purchasers,CONVERSIONS,29269,20419,247.41,528,1.8,0.47,8.45,15,2379.73,16.49,9.62
2026-02-09,META_C002,Retargeting - Add to Cart,CONVERSIONS,22302,16642,125.8,513,2.3,0.25,5.64,27,4659.84,4.66,37.04
2026-02-09,META_C003,Brand Awareness - Video,AWARENESS,23338,14897,87.22,510,2.19,0.17,7.68,12,2092.26,7.27,23.99
2026-02-09,META_C004,Catalog Sales - Dynamic,CATALOG_SALES,25920,21335,259.99,470,1.81,0.55,10.03,12,1313.63,21.67,5.05
2026-02-09,META_C005,Instagram Stories - Flash Sales,CONVERSIONS,10873,7018,124.73,220,2.02,0.57,11.47,4,789.13,31.18,6.33
2026-02-10,META_C001,Prospecting - Lookalike Purchasers,CONVERSIONS,16064,11293,116.24,188,1.17,0.62,7.24,9,1460.49,12.92,12.56
2026-02-10,META_C002,Retargeting - Add to Cart,CONVERSIONS,12846,7917,131.03,296,2.3,0.44,10.2,4,631.2,32.76,4.82
2026-02-10,META_C003,Brand Awareness - Video,AWARENESS,23227,17755,102.51,489,2.11,0.21,6.53,17,2658.16,6.03,25.93
2026-02-10,META_C004,Catalog Sales - Dynamic,CATALOG_SALES,20460,17118,228.56,255,1.25,0.9,11.17,15,1740.33,15.24,7.61
2026-02-10,META_C005,Instagram Stories - Flash Sales,CONVERSIONS,28976,22092,127.52,466,1.61,0.27,4.4,24,3027.47,5.31,23.74
2026-02-11,META_C001,Prospecting - Lookalike Purchasers,CONVERSIONS,14832,12311,68.71,245,1.65,0.28,4.63,3,298.96,22.9,4.35
2026-02-11,META_C002,Retargeting - Add to Cart,CONVERSIONS,16403,10391,128.35,324,1.98,0.4,7.82,12,1581.15,10.7,12.32
2026-02-11,META_C003,Brand Awareness - Video,AWARENESS,10854,7183,79.84,124,1.14,0.64,7.36,3,511.66,26.61,6.41
2026-02-11,META_C004,Catalog Sales - Dynamic,CATALOG_SALES,23514,19784,129.97,316,1.34,0.41,5.53,5,751.66,25.99,5.78
2026-02-11,META_C005,Instagram Stories - Flash Sales,CONVERSIONS,27773,21442,141.26,652,2.35,0.22,5.09,22,4215.29,6.42,29.84
2026-02-12,META_C001,Prospecting - Lookalike Purchasers,CONVERSIONS,24196,20526,233.21,505,2.09,0.46,10.97,16,1850.21,14.58,7.93
2026-02-12,META_C002,Retargeting - Add to Cart,CONVERSIONS,13302,9302,65.07,219,1.65,0.3,4.89,12,1842.55,5.42,28.32
2026-02-12,META_C003,Brand Awareness - Video,AWARENESS,16986,11222,94.56,380,2.24,0.25,5.57,11,1656.3,8.6,17.52
2026-02-12,META_C004,Catalog Sales - Dynamic,CATALOG_SALES,23547,14471,160.29,462,1.96,0.35,6.81,5,580.8,32.06,3.62
2026-02-12,META_C005,Instagram Stories - Flash Sales,CONVERSIONS,22959,15333,171.18,257,1.12,0.67,10.52,6,1150.69,28.53,6.72
2026-02-13,META_C001,Prospecting - Lookalike Purchasers,CONVERSIONS,25519,20952,192.0,574,2.25,0.33,7.52,17,3389.64,11.29,17.65
2026-02-13,META_C002,Retargeting - Add to Cart,CONVERSIONS,26727,22544,150.79,642,2.4,0.23,10.93,19,3347.17,7.94,22.2
2026-02-13,META_C003,Brand Awareness - Video,AWARENESS,12683,9933,99.33,284,2.24,0.35,10.28,8,1199.4,12.42,12.07
2026-02-13,META_C004,Catalog Sales - Dynamic,CATALOG_SALES,8234,5241,75.37,93,1.13,0.81,9.15,2,255.7,37.69,3.39
2026-02-13,META_C005,Instagram Stories - Flash Sales,CONVERSIONS,23761,17878,108.27,296,1.25,0.37,4.56,12,1242.84,9.02,11.48
2026-02-14,META_C001,Prospecting - Lookalike Purchasers,CONVERSIONS,29954,18573,239.57,283,0.94,0.85,9.93,3,389.68,79.86,1.63
2026-02-14,META_C002,Retargeting - Add to Cart,CONVERSIONS,25648,15652,147.16,320,1.25,0.46,9.64,4,762.74,36.79,5.18
2026-02-14,META_C003,Brand Awareness - Video,AWARENESS,14607,9170,89.33,234,1.6,0.38,9.45,2,398.46,44.66,4.46
2026-02-14,META_C004,Catalog Sales - Dynamic,CATALOG_SALES,17847,15165,126.45,420,2.35,0.3,7.09,11,1512.73,11.5,11.96
2026-02-14,META_C005,Instagram Stories - Flash Sales,CONVERSIONS,9718,8152,45.49,166,1.71,0.27,4.68,2,180.37,22.75,3.97
2026-02-15,META_C001,Prospecting - Lookalike Purchasers,CONVERSIONS,28582,22452,234.43,344,1.2,0.68,9.49,15,2353.7,15.63,10.04
2026-02-15,META_C002,Retargeting - Add to Cart,CONVERSIONS,23979,16580,129.51,224,0.93,0.58,11.9,12,1934.97,10.79,14.94
2026-02-15,META_C003,Brand Awareness - Video,AWARENESS,15179,11998,85.42,289,1.9,0.3,7.62,6,616.12,14.24,7.21
2026-02-15,META_C004,Catalog Sales - Dynamic,CATALOG_SALES,12956,9315,56.99,226,1.74,0.25,4.4,5,827.85,11.4,14.53
2026-02-15,META_C005,Instagram Stories - Flash Sales,CONVERSIONS,25693,19359,144.39,581,2.26,0.25,5.62,12,1106.51,12.03,7.66
2026-02-16,META_C001,Prospecting - Lookalike Purchasers,CONVERSIONS,22143,14132,255.99,406,1.83,0.63,11.93,20,2835.18,12.8,11.08
2026-02-16,META_C002,Retargeting - Add to Cart,CONVERSIONS,25346,19304,107.19,573,2.26,0.19,4.23,33,5624.86,3.25,52.48
2026-02-16,META_C003,Brand Awareness - Video,AWARENESS,17065,11122,87.9,200,1.17,0.44,5.44,7,1156.48,12.56,13.16
2026-02-16,META_C004,Catalog Sales - Dynamic,CATALOG_SALES,14909,10990,100.34,369,2.48,0.27,6.73,16,1543.89,6.27,15.39
2026-02-16,META_C005,Instagram Stories - Flash Sales,CONVERSIONS,18499,14662,154.24,165,0.89,0.93,8.34,4,457.12,38.56,2.96
2026-02-17,META_C001,Prospecting - Lookalike Purchasers,CONVERSIONS,24887,18191,127.09,420,1.69,0.3,5.11,25,3251.8,5.08,25.59
2026-02-17,META_C002,Retargeting - Add to Cart,CONVERSIONS,11450,8292,74.21,182,1.59,0.41,6.48,8,1524.58,9.28,20.54
2026-02-17,META_C003,Brand Awareness - Video,AWARENESS,12411,9994,92.47,123,0.99,0.75,11.59,6,1002.72,15.41,10.84
2026-02-17,META_C004,Catalog Sales - Dynamic,CATALOG_SALES,12679,9018,109.34,255,2.01,0.43,8.62,11,2063.42,9.94,18.87
2026-02-17,META_C005,Instagram Stories - Flash Sales,CONVERSIONS,20480,15228,180.95,427,2.08,0.42,8.96,18,3281.51,10.05,18.13
2026-02-18,META_C001,Prospecting - Lookalike Purchasers,CONVERSIONS,24908,18921,131.69,354,1.42,0.37,5.29,20,2684.12,6.58,20.38
2026-02-18,META_C002,Retargeting - Add to Cart,CONVERSIONS,11210,9205,116.14,106,0.95,1.1,10.36,5,778.02,23.23,6.7
2026-02-18,META_C003,Brand Awareness - Video,AWARENESS,18347,15196,87.66,308,1.68,0.28,9.33,12,2266.09,7.3,25.85
2026-02-18,META_C004,Catalog Sales - Dynamic,CATALOG_SALES,14157,11305,147.21,117,0.83,1.26,10.4,4,707.37,36.8,4.81
2026-02-18,META_C005,Instagram Stories - Flash Sales,CONVERSIONS,20197,16224,181.34,171,0.85,1.06,8.98,2,339.51,90.67,1.87
2026-02-19,META_C001,Prospecting - Lookalike Purchasers,CONVERSIONS,24782,18228,216.13,242,0.98,0.89,8.72,10,1426.32,21.61,6.6
2026-02-19,META_C002,Retargeting - Add to Cart,CONVERSIONS,21255,15745,137.06,305,1.43,0.45,10.1,9,1564.83,15.23,11.42
2026-02-19,META_C003,Brand Awareness - Video,AWARENESS,17484,11264,94.87,172,0.98,0.55,11.86,7,1199.16,13.55,12.64
2026-02-19,META_C004,Catalog Sales - Dynamic,CATALOG_SALES,19004,14473,102.27,204,1.07,0.5,5.38,5,759.54,20.45,7.43
2026-02-19,META_C005,Instagram Stories - Flash Sales,CONVERSIONS,17735,13271,142.13,185,1.04,0.77,8.01,4,448.31,35.53,3.15
2026-02-20,META_C001,Prospecting - Lookalike Purchasers,CONVERSIONS,23563,18968,230.05,311,1.32,0.74,9.76,14,2191.83,16.43,9.53
2026-02-20,META_C002,Retargeting - Add to Cart,CONVERSIONS,9031,7467,41.9,151,1.67,0.28,4.64,7,1333.06,5.99,31.82
2026-02-20,META_C003,Brand Awareness - Video,AWARENESS,28672,21286,86.77,467,1.63,0.19,9.43,25,3503.17,3.47,40.37
2026-02-20,META_C004,Catalog Sales - Dynamic,CATALOG_SALES,9531,6196,70.87,139,1.46,0.51,7.44,3,375.25,23.62,5.29
2026-02-20,META_C005,Instagram Stories - Flash Sales,CONVERSIONS,10005,8210,95.46,183,1.83,0.52,9.54,5,902.82,19.09,9.46
2026-02-21,META_C001,Prospecting - Lookalike Purchasers,CONVERSIONS,28460,17115,131.87,341,1.2,0.39,4.63,18,2941.48,7.33,22.31
2026-02-21,META_C002,Retargeting - Add to Cart,CONVERSIONS,16102,11332,131.73,370,2.3,0.36,9.53,3,593.05,43.91,4.5
2026-02-21,META_C003,Brand Awareness - Video,AWARENESS,11688,9181,50.49,218,1.87,0.23,4.32,2,277.52,25.25,5.5
2026-02-21,META_C004,Catalog Sales - Dynamic,CATALOG_SALES,14669,10628,117.89,148,1.01,0.8,8.04,2,268.42,58.95,2.28
2026-02-21,META_C005,Instagram Stories - Flash Sales,CONVERSIONS,27525,22400,205.55,597,2.17,0.34,8.48,14,1521.96,14.68,7.4
2026-02-22,META_C001,Prospecting - Lookalike Purchasers,CONVERSIONS,14625,9605,131.36,265,1.81,0.5,8.98,5,885.52,26.27,6.74
2026-02-22,META_C002,Retargeting - Add to Cart,CONVERSIONS,17539,12594,135.97,257,1.47,0.53,11.98,11,2055.3,12.36,15.12
2026-02-22,META_C003,Brand Awareness - Video,AWARENESS,10789,8456,93.46,138,1.28,0.68,11.35,6,702.41,15.58,7.52
2026-02-22,META_C004,Catalog Sales - Dynamic,CATALOG_SALES,16454,13561,143.52,223,1.36,0.64,8.72,9,1286.68,15.95,8.97
2026-02-22,META_C005,Instagram Stories - Flash Sales,CONVERSIONS,22527,17804,176.72,530,2.35,0.33,7.84,6,715.84,29.45,4.05
2026-02-23,META_C001,Prospecting - Lookalike Purchasers,CONVERSIONS,14611,9439,94.91,129,0.88,0.74,6.5,2,201.17,47.45,2.12
2026-02-23,META_C002,Retargeting - Add to Cart,CONVERSIONS,9018,6496,60.15,87,0.96,0.69,6.67,4,398.08,15.04,6.62
2026-02-23,META_C003,Brand Awareness - Video,AWARENESS,21622,14312,86.23,523,2.42,0.16,10.61,6,699.13,14.37,8.11
2026-02-23,META_C004,Catalog Sales - Dynamic,CATALOG_SALES,18212,14369,211.42,380,2.09,0.56,11.61,17,2598.09,12.44,12.29
2026-02-23,META_C005,Instagram Stories - Flash Sales,CONVERSIONS,23200,14140,174.76,372,1.6,0.47,7.53,19,3452.3,9.2,19.75
2026-02-24,META_C001,Prospecting - Lookalike Purchasers,CONVERSIONS,26995,17074,160.7,666,2.47,0.24,5.95,14,1825.32,11.48,11.36
2026-02-24,META_C002,Retargeting - Add to Cart,CONVERSIONS,14048,8568,85.55,206,1.47,0.42,6.09,12,2001.71,7.13,23.4
2026-02-24,META_C003,Brand Awareness - Video,AWARENESS,23551,16798,103.17,573,2.43,0.18,10.49,8,1494.09,12.9,14.48
2026-02-24,META_C004,Catalog Sales - Dynamic,CATALOG_SALES,12951,9056,87.6,235,1.81,0.37,6.76,3,528.33,29.2,6.03
2026-02-24,META_C005,Instagram Stories - Flash Sales,CONVERSIONS,17672,10613,129.29,162,0.92,0.8,7.32,2,398.59,64.64,3.08
2026-02-25,META_C001,Prospecting - Lookalike Purchasers,CONVERSIONS,27166,17205,231.46,468,1.72,0.49,8.64,15,1429.45,15.43,6.18
2026-02-25,META_C002,Retargeting - Add to Cart,CONVERSIONS,14939,9432,118.19,372,2.49,0.32,7.91,21,4166.96,5.63,35.26
2026-02-25,META_C003,Brand Awareness - Video,AWARENESS,8335,6520,51.54,181,2.17,0.28,6.18,5,710.29,10.31,13.78
2026-02-25,META_C004,Catalog Sales - Dynamic,CATALOG_SALES,13832,9297,163.9,155,1.12,1.06,11.85,3,305.85,54.63,1.87
2026-02-25,META_C005,Instagram Stories - Flash Sales,CONVERSIONS,29755,24601,197.72,616,2.07,0.32,8.42,12,2313.76,16.48,11.7
2026-02-26,META_C001,Prospecting - Lookalike Purchasers,CONVERSIONS,19588,12205,140.58,274,1.4,0.51,7.18,12,2244.31,11.72,15.96
2026-02-26,META_C002,Retargeting - Add to Cart,CONVERSIONS,24981,19002,135.13,393,1.57,0.34,8.1,9,1734.68,15.01,12.84
2026-02-26,META_C003,Brand Awareness - Video,AWARENESS,27960,17865,99.06,687,2.46,0.14,10.58,22,3727.66,4.5,37.63
2026-02-26,META_C004,Catalog Sales - Dynamic,CATALOG_SALES,19393,11972,84.83,252,1.3,0.34,4.37,5,850.58,16.97,10.03
2026-02-26,META_C005,Instagram Stories - Flash Sales,CONVERSIONS,23750,20017,153.97,437,1.84,0.35,6.48,15,2451.94,10.26,15.92
2026-02-27,META_C001,Prospecting - Lookalike Purchasers,CONVERSIONS,23460,15084,234.92,585,2.49,0.4,10.01,32,5290.0,7.34,22.52
2026-02-27,META_C002,Retargeting - Add to Cart,CONVERSIONS,23672,19801,152.31,498,2.1,0.31,11.74,7,1269.35,21.76,8.33
2026-02-27,META_C003,Brand Awareness - Video,AWARENESS,13570,10054,91.91,180,1.33,0.51,7.24,9,1571.44,10.21,17.1
2026-02-27,META_C004,Catalog Sales - Dynamic,CATALOG_SALES,19515,14950,231.76,338,1.73,0.69,11.88,12,2315.48,19.31,9.99
2026-02-27,META_C005,Instagram Stories - Flash Sales,CONVERSIONS,15734,13319,101.29,177,1.12,0.57,6.44,5,807.37,20.26,7.97
2026-02-28,META_C001,Prospecting - Lookalike Purchasers,CONVERSIONS,19370,13444,164.57,431,2.23,0.38,8.5,19,3700.62,8.66,22.49
2026-02-28,META_C002,Retargeting - Add to Cart,CONVERSIONS,20984,12630,132.77,363,1.73,0.37,6.33,20,3643.85,6.64,27.44
2026-02-28,META_C003,Brand Awareness - Video,AWARENESS,13107,9566,104.75,111,0.85,0.94,9.27,3,596.08,34.92,5.69
2026-02-28,META_C004,Catalog Sales - Dynamic,CATALOG_SALES,29498,20137,118.0,670,2.27,0.18,4.0,17,3277.08,6.94,27.77
2026-02-28,META_C005,Instagram Stories - Flash Sales,CONVERSIONS,15319,11528,149.76,214,1.4,0.7,9.78,7,1273.12,21.39,8.5
2026-03-01,META_C001,Prospecting - Lookalike Purchasers,CONVERSIONS,10218,7743,96.24,244,2.39,0.39,9.42,9,1438.23,10.69,14.94
2026-03-01,META_C002,Retargeting - Add to Cart,CONVERSIONS,21194,16542,107.73,184,0.87,0.59,5.08,7,1103.92,15.39,10.25
2026-03-01,META_C003,Brand Awareness - Video,AWARENESS,12578,7674,64.28,289,2.3,0.22,5.11,15,1455.36,4.29,22.64
2026-03-01,META_C004,Catalog Sales - Dynamic,CATALOG_SALES,14363,11811,84.65,177,1.23,0.48,5.89,8,1087.01,10.58,12.84
2026-03-01,META_C005,Instagram Stories - Flash Sales,CONVERSIONS,10997,7299,103.38,200,1.82,0.52,9.4,4,557.38,25.84,5.39
2026-03-02,META_C001,Prospecting - Lookalike Purchasers,CONVERSIONS,19269,13549,107.59,381,1.98,0.28,5.58,22,3890.64,4.89,36.16
2026-03-02,META_C002,Retargeting - Add to Cart,CONVERSIONS,11552,7718,53.49,141,1.22,0.38,4.63,2,227.0,26.75,4.24
2026-03-02,META_C003,Brand Awareness - Video,AWARENESS,13076,8828,65.44,257,1.97,0.25,5.0,5,544.51,13.09,8.32
2026-03-02,META_C004,Catalog Sales - Dynamic,CATALOG_SALES,9489,6879,101.87,163,1.72,0.62,10.74,6,931.02,16.98,9.14
2026-03-02,META_C005,Instagram Stories - Flash Sales,CONVERSIONS,27307,22298,121.75,529,1.94,0.23,4.46,30,5355.46,4.06,43.99
2026-03-03,META_C001,Prospecting - Lookalike Purchasers,CONVERSIONS,11884,7959,120.13,205,1.73,0.59,10.11,8,810.9,15.02,6.75
2026-03-03,META_C002,Retargeting - Add to Cart,CONVERSIONS,26831,21888,146.31,515,1.92,0.28,7.75,10,1023.84,14.63,7.0
2026-03-03,META_C003,Brand Awareness - Video,AWARENESS,8454,7001,57.2,134,1.59,0.43,6.77,1,99.38,57.2,1.74
2026-03-03,META_C004,Catalog Sales - Dynamic,CATALOG_SALES,18755,13638,162.06,363,1.94,0.45,8.64,11,1768.68,14.73,10.91
2026-03-03,META_C005,Instagram Stories - Flash Sales,CONVERSIONS,14704,10444,105.08,177,1.2,0.59,7.15,2,291.3,52.54,2.77
2026-03-04,META_C001,Prospecting - Lookalike Purchasers,CONVERSIONS,19820,13557,234.01,458,2.31,0.51,11.81,17,1885.14,13.77,8.06
2026-03-04,META_C002,Retargeting - Add to Cart,CONVERSIONS,29441,24180,134.79,346,1.18,0.39,7.77,17,1659.25,7.93,12.31
2026-03-04,META_C003,Brand Awareness - Video,AWARENESS,22037,16748,99.1,440,2.0,0.23,5.46,12,1718.06,8.26,17.34
2026-03-04,META_C004,Catalog Sales - Dynamic,CATALOG_SALES,26320,19234,235.44,277,1.05,0.85,8.95,16,2375.5,14.71,10.09
2026-03-04,META_C005,Instagram Stories - Flash Sales,CONVERSIONS,15401,11988,138.09,352,2.29,0.39,8.97,4,626.51,34.52,4.54
2026-03-05,META_C001,Prospecting - Lookalike Purchasers,CONVERSIONS,18513,12580,196.44,387,2.09,0.51,10.61,11,2130.3,17.86,10.84
2026-03-05,META_C002,Retargeting - Add to Cart,CONVERSIONS,15583,11418,130.0,153,0.98,0.85,11.47,9,1771.68,14.44,13.63
2026-03-05,META_C003,Brand Awareness - Video,AWARENESS,24977,18009,90.14,383,1.53,0.24,8.05,12,1127.64,7.51,12.51
2026-03-05,META_C004,Catalog Sales - Dynamic,CATALOG_SALES,17969,12936,167.58,406,2.26,0.41,9.33,11,1485.76,15.23,8.87
2026-03-05,META_C005,Instagram Stories - Flash Sales,CONVERSIONS,20572,13385,147.05,308,1.5,0.48,7.15,17,2680.61,8.65,18.23
2026-03-06,META_C001,Prospecting - Lookalike Purchasers,CONVERSIONS,11382,8216,115.17,262,2.3,0.44,10.12,12,1161.33,9.6,10.08
2026-03-06,META_C002,Retargeting - Add to Cart,CONVERSIONS,10475,7986,61.88,224,2.14,0.28,5.91,8,1085.63,7.74,17.54
2026-03-06,META_C003,Brand Awareness - Video,AWARENESS,22217,14127,98.94,372,1.67,0.27,9.79,8,1421.86,12.37,14.37
2026-03-06,META_C004,Catalog Sales - Dynamic,CATALOG_SALES,19232,11823,218.26,345,1.79,0.63,11.35,10,1955.89,21.83,8.96
2026-03-06,META_C005,Instagram Stories - Flash Sales,CONVERSIONS,25050,18380,181.23,283,1.13,0.64,9.23,6,733.47,30.2,4.05
2026-03-07,META_C001,Prospecting - Lookalike Purchasers,CONVERSIONS,24274,15414,238.67,352,1.45,0.68,10.22,8,1171.62,29.83,4.91
2026-03-07,META_C002,Retargeting - Add to Cart,CONVERSIONS,14985,10599,146.28,310,2.07,0.47,9.91,14,2515.21,10.45,17.19
2026-03-07,META_C003,Brand Awareness - Video,AWARENESS,12437,10556,97.09,242,1.95,0.4,7.81,9,1795.86,10.79,18.5
2026-03-07,META_C004,Catalog Sales - Dynamic,CATALOG_SALES,12780,9015,64.18,257,2.01,0.25,5.02,2,375.76,32.09,5.85
2026-03-07,META_C005,Instagram Stories - Flash Sales,CONVERSIONS,21930,15575,145.85,519,2.37,0.28,6.65,23,2921.07,6.34,20.03
2026-03-08,META_C001,Prospecting - Lookalike Purchasers,CONVERSIONS,9560,6514,52.36,193,2.02,0.27,5.48,6,1124.66,8.73,21.48
2026-03-08,META_C002,Retargeting - Add to Cart,CONVERSIONS,11974,8537,115.97,171,1.43,0.68,9.68,6,782.09,19.33,6.74
2026-03-08,META_C003,Brand Awareness - Video,AWARENESS,18564,13960,87.12,192,1.03,0.45,6.95,6,655.33,14.52,7.52
2026-03-08,META_C004,Catalog Sales - Dynamic,CATALOG_SALES,27576,22296,187.3,470,1.7,0.4,6.79,8,1260.51,23.41,6.73
2026-03-08,META_C005,Instagram Stories - Flash Sales,CONVERSIONS,22947,14249,149.51,307,1.34,0.49,6.52,8,1274.58,18.69,8.53
2026-03-09,META_C001,Prospecting - Lookalike Purchasers,CONVERSIONS,12378,7519,80.77,183,1.48,0.44,6.53,5,707.97,16.15,8.77
2026-03-09,META_C002,Retargeting - Add to Cart,CONVERSIONS,24539,17668,116.08,274,1.12,0.42,4.73,9,839.63,12.9,7.23
2026-03-09,META_C003,Brand Awareness - Video,AWARENESS,14239,10704,97.35,208,1.46,0.47,6.84,12,2354.27,8.11,24.18
2026-03-09,META_C004,Catalog Sales - Dynamic,CATALOG_SALES,25596,21464,144.32,344,1.34,0.42,5.64,15,1966.92,9.62,13.63
2026-03-09,META_C005,Instagram Stories - Flash Sales,CONVERSIONS,14367,12063,81.59,279,1.94,0.29,5.68,7,982.92,11.66,12.05
2026-03-10,META_C001,Prospecting - Lookalike Purchasers,CONVERSIONS,11144,9252,130.89,250,2.24,0.52,11.74,3,396.71,43.63,3.03
2026-03-10,META_C002,Retargeting - Add to Cart,CONVERSIONS,15277,11323,83.52,292,1.91,0.29,5.47,4,417.96,20.88,5.0
2026-03-10,META_C003,Brand Awareness - Video,AWARENESS,8779,6937,58.36,186,2.12,0.31,6.65,3,410.97,19.45,7.04
2026-03-10,META_C004,Catalog Sales - Dynamic,CATALOG_SALES,24385,18129,205.61,270,1.11,0.76,8.43,10,925.92,20.56,4.5
2026-03-10,META_C005,Instagram Stories - Flash Sales,CONVERSIONS,27120,18648,180.34,621,2.29,0.29,7.33,26,3626.74,6.94,20.11
2026-03-11,META_C001,Prospecting - Lookalike Purchasers,CONVERSIONS,20876,14510,161.26,312,1.49,0.52,7.72,8,788.32,20.16,4.89
2026-03-11,META_C002,Retargeting - Add to Cart,CONVERSIONS,8821,5676,53.04,162,1.84,0.33,6.01,9,1146.25,5.89,21.61
2026-03-11,META_C003,Brand Awareness - Video,AWARENESS,16838,13132,95.56,299,1.78,0.32,8.62,11,1916.55,8.69,20.06
2026-03-11,META_C004,Catalog Sales - Dynamic,CATALOG_SALES,22697,19050,262.92,195,0.86,1.35,11.58,2,207.1,131.46,0.79
2026-03-11,META_C005,Instagram Stories - Flash Sales,CONVERSIONS,9647,6688,42.67,108,1.12,0.4,4.42,3,304.02,14.22,7.12
2026-03-12,META_C001,Prospecting - Lookalike Purchasers,CONVERSIONS,26210,20836,185.88,292,1.11,0.64,7.09,14,2100.62,13.28,11.3
2026-03-12,META_C002,Retargeting - Add to Cart,CONVERSIONS,15250,9471,81.9,279,1.83,0.29,5.37,6,867.26,13.65,10.59
2026-03-12,META_C003,Brand Awareness - Video,AWARENESS,10372,6479,94.16,146,1.41,0.64,11.26,8,1071.12,11.77,11.38
2026-03-12,META_C004,Catalog Sales - Dynamic,CATALOG_SALES,15397,10288,131.19,127,0.82,1.03,8.52,5,883.57,26.24,6.74
2026-03-12,META_C005,Instagram Stories - Flash Sales,CONVERSIONS,21551,17617,133.86,427,1.98,0.31,6.21,8,800.17,16.73,5.98
2026-03-13,META_C001,Prospecting - Lookalike Purchasers,CONVERSIONS,10125,8019,42.83,103,1.02,0.42,4.23,4,581.54,10.71,13.58
2026-03-13,META_C002,Retargeting - Add to Cart,CONVERSIONS,12520,9860,125.24,158,1.26,0.79,10.0,6,1156.13,20.87,9.23
2026-03-13,META_C003,Brand Awareness - Video,AWARENESS,9136,6091,57.37,174,1.9,0.33,6.28,3,341.31,19.12,5.95
2026-03-13,META_C004,Catalog Sales - Dynamic,CATALOG_SALES,28420,22425,304.78,421,1.48,0.72,11.47,6,955.5,50.8,3.14
2026-03-13,META_C005,Instagram Stories - Flash Sales,CONVERSIONS,15743,11120,116.61,144,0.91,0.81,7.41,2,313.75,58.3,2.69
2026-03-14,META_C001,Prospecting - Lookalike Purchasers,CONVERSIONS,27442,22762,214.23,388,1.41,0.55,8.47,21,3044.87,10.2,14.21
2026-03-14,META_C002,Retargeting - Add to Cart,CONVERSIONS,23985,16005,100.74,532,2.22,0.19,4.2,31,5677.0,3.25,56.35
2026-03-14,META_C003,Brand Awareness - Video,AWARENESS,20187,15184,85.4,488,2.42,0.18,10.59,17,3310.34,5.02,38.76
2026-03-14,META_C004,Catalog Sales - Dynamic,CATALOG_SALES,24819,15836,132.09,309,1.25,0.43,5.32,9,1407.86,14.68,10.66
2026-03-14,META_C005,Instagram Stories - Flash Sales,CONVERSIONS,17604,10810,187.0,395,2.24,0.47,11.81,5,895.54,37.4,4.79
2026-03-15,META_C001,Prospecting - Lookalike Purchasers,CONVERSIONS,11814,9095,109.8,158,1.34,0.69,9.29,2,370.2,54.9,3.37
2026-03-15,META_C002,Retargeting - Add to Cart,CONVERSIONS,15294,10065,120.66,199,1.3,0.61,7.89,5,602.49,24.13,4.99
2026-03-15,META_C003,Brand Awareness - Video,AWARENESS,17905,12464,103.37,173,0.97,0.6,10.2,8,1539.96,12.92,14.9
2026-03-15,META_C004,Catalog Sales - Dynamic,CATALOG_SALES,23105,19618,154.35,449,1.94,0.34,6.68,11,1842.66,14.03,11.94
2026-03-15,META_C005,Instagram Stories - Flash Sales,CONVERSIONS,19211,12434,103.57,386,2.01,0.27,5.39,14,2032.18,7.4,19.62
2026-03-16,META_C001,Prospecting - Lookalike Purchasers,CONVERSIONS,12302,8089,129.13,231,1.88,0.56,10.5,5,511.88,25.83,3.96
2026-03-16,META_C002,Retargeting - Add to Cart,CONVERSIONS,17381,13121,155.65,162,0.93,0.96,10.54,3,317.41,51.88,2.04
2026-03-16,META_C003,Brand Awareness - Video,AWARENESS,13389,8786,78.66,281,2.1,0.28,5.88,4,696.32,19.66,8.85
2026-03-16,META_C004,Catalog Sales - Dynamic,CATALOG_SALES,24302,15375,274.35,552,2.27,0.5,11.29,17,2858.21,16.14,10.42
2026-03-16,META_C005,Instagram Stories - Flash Sales,CONVERSIONS,28057,19691,141.94,285,1.02,0.5,5.06,10,1314.08,14.19,9.26
2026-03-17,META_C001,Prospecting - Lookalike Purchasers,CONVERSIONS,20449,17078,214.22,343,1.68,0.62,10.48,18,3379.47,11.9,15.78
2026-03-17,META_C002,Retargeting - Add to Cart,CONVERSIONS,18943,15965,141.49,465,2.45,0.3,9.07,25,4262.75,5.66,30.13
2026-03-17,META_C003,Brand Awareness - Video,AWARENESS,11558,8775,98.26,160,1.38,0.61,8.93,5,802.24,19.65,8.16
2026-03-17,META_C004,Catalog Sales - Dynamic,CATALOG_SALES,20644,14979,84.22,496,2.4,0.17,4.08,17,3353.26,4.95,39.82
2026-03-17,META_C005,Instagram Stories - Flash Sales,CONVERSIONS,15165,10187,150.64,273,1.8,0.55,9.93,9,1529.6,16.74,10.15
2026-03-18,META_C001,Prospecting - Lookalike Purchasers,CONVERSIONS,28073,21151,255.02,554,1.97,0.46,10.64,30,4742.96,8.5,18.6
2026-03-18,META_C002,Retargeting - Add to Cart,CONVERSIONS,17714,11178,138.57,226,1.28,0.61,7.82,3,473.13,46.19,3.41
2026-03-18,META_C003,Brand Awareness - Video,AWARENESS,10131,6286,42.67,235,2.32,0.18,4.21,12,1343.01,3.56,31.47
2026-03-18,META_C004,Catalog Sales - Dynamic,CATALOG_SALES,14578,8982,100.49,142,0.97,0.71,6.89,6,679.48,16.75,6.76
2026-03-18,META_C005,Instagram Stories - Flash Sales,CONVERSIONS,23667,14531,198.25,221,0.93,0.9,9.47,13,1426.33,15.25,7.19
2026-03-19,META_C001,Prospecting - Lookalike Purchasers,CONVERSIONS,14783,10057,115.14,322,2.18,0.36,7.79,3,467.88,38.38,4.06
2026-03-19,META_C002,Retargeting - Add to Cart,CONVERSIONS,26624,20760,127.92,286,1.07,0.45,7.45,16,2820.49,8.0,22.05
2026-03-19,META_C003,Brand Awareness - Video,AWARENESS,26123,17499,86.35,598,2.29,0.14,7.75,10,1085.83,8.63,12.57
2026-03-19,META_C004,Catalog Sales - Dynamic,CATALOG_SALES,18029,13171,185.62,355,1.97,0.52,10.3,11,1367.95,16.87,7.37
2026-03-19,META_C005,Instagram Stories - Flash Sales,CONVERSIONS,12662,7804,119.73,274,2.16,0.44,9.46,15,2558.68,7.98,21.37
2026-03-20,META_C001,Prospecting - Lookalike Purchasers,CONVERSIONS,17691,13170,115.6,244,1.38,0.47,6.53,7,930.75,16.51,8.05
2026-03-20,META_C002,Retargeting - Add to Cart,CONVERSIONS,24686,17034,142.29,368,1.49,0.39,9.39,4,669.09,35.57,4.7
2026-03-20,META_C003,Brand Awareness - Video,AWARENESS,26442,16355,88.93,516,1.95,0.17,5.57,29,4843.45,3.07,54.46
2026-03-20,META_C004,Catalog Sales - Dynamic,CATALOG_SALES,25558,17169,193.64,521,2.04,0.37,7.58,17,1660.19,11.39,8.57
2026-03-20,META_C005,Instagram Stories - Flash Sales,CONVERSIONS,25283,17554,191.9,208,0.82,0.92,9.45,11,1054.77,17.45,5.5
2026-03-21,META_C001,Prospecting - Lookalike Purchasers,CONVERSIONS,8388,6566,59.94,162,1.93,0.37,7.15,8,875.82,7.49,14.61
2026-03-21,META_C002,Retargeting - Add to Cart,CONVERSIONS,10458,8057,65.98,112,1.07,0.59,6.31,4,386.66,16.5,5.86
2026-03-21,META_C003,Brand Awareness - Video,AWARENESS,22018,14712,85.57,361,1.64,0.24,3.89,9,1794.79,9.51,20.97
2026-03-21,META_C004,Catalog Sales - Dynamic,CATALOG_SALES,6773,5109,41.74,151,2.23,0.28,6.16,4,657.35,10.44,15.75
2026-03-21,META_C005,Instagram Stories - Flash Sales,CONVERSIONS,8889,5919,66.5,93,1.05,0.72,7.48,4,685.33,16.62,10.31
2026-03-22,META_C001,Prospecting - Lookalike Purchasers,CONVERSIONS,15123,12571,76.38,328,2.17,0.23,5.05,3,321.42,25.46,4.21
2026-03-22,META_C002,Retargeting - Add to Cart,CONVERSIONS,19537,15604,87.92,325,1.66,0.27,4.5,13,1211.99,6.76,13.79
2026-03-22,META_C003,Brand Awareness - Video,AWARENESS,10202,7723,61.49,190,1.86,0.32,6.03,3,379.97,20.5,6.18
2026-03-22,META_C004,Catalog Sales - Dynamic,CATALOG_SALES,14386,10895,59.24,164,1.14,0.36,4.12,2,303.06,29.62,5.12
2026-03-22,META_C005,Instagram Stories - Flash Sales,CONVERSIONS,14313,8646,128.41,301,2.1,0.43,8.97,16,2847.03,8.03,22.17
2026-03-23,META_C001,Prospecting - Lookalike Purchasers,CONVERSIONS,9343,6666,53.22,187,2.0,0.28,5.7,7,1338.3,7.6,25.15
2026-03-23,META_C002,Retargeting - Add to Cart,CONVERSIONS,20415,12675,114.81,410,2.01,0.28,5.62,4,465.67,28.7,4.06
2026-03-23,META_C003,Brand Awareness - Video,AWARENESS,12923,8954,89.24,252,1.95,0.35,9.87,14,2222.54,6.37,24.91
2026-03-23,META_C004,Catalog Sales - Dynamic,CATALOG_SALES,8784,6021,36.98,206,2.35,0.18,4.21,2,392.16,18.49,10.6
2026-03-23,META_C005,Instagram Stories - Flash Sales,CONVERSIONS,16643,12135,64.96,358,2.15,0.18,3.9,3,419.27,21.65,6.45
2026-03-24,META_C001,Prospecting - Lookalike Purchasers,CONVERSIONS,10675,6741,113.73,114,1.07,1.0,10.65,5,483.06,22.75,4.25
2026-03-24,META_C002,Retargeting - Add to Cart,CONVERSIONS,20143,12748,129.45,485,2.41,0.27,7.35,23,2330.79,5.63,18.01
2026-03-24,META_C003,Brand Awareness - Video,AWARENESS,20902,16628,87.72,341,1.63,0.26,10.35,16,1968.73,5.48,22.44
2026-03-24,META_C004,Catalog Sales - Dynamic,CATALOG_SALES,15573,11160,86.19,215,1.38,0.4,5.53,2,277.24,43.09,3.22
2026-03-24,META_C005,Instagram Stories - Flash Sales,CONVERSIONS,14362,11787,161.07,261,1.82,0.62,11.21,10,910.56,16.11,5.65
2026-03-25,META_C001,Prospecting - Lookalike Purchasers,CONVERSIONS,10386,8536,109.65,89,0.86,1.23,10.56,3,505.61,36.55,4.61
2026-03-25,META_C002,Retargeting - Add to Cart,CONVERSIONS,12603,10445,75.24,101,0.8,0.74,5.97,2,296.96,37.62,3.95
2026-03-25,META_C003,Brand Awareness - Video,AWARENESS,20405,13251,92.93,425,2.08,0.22,10.48,5,456.55,18.59,4.91
2026-03-25,META_C004,Catalog Sales - Dynamic,CATALOG_SALES,23076,14481,227.06,555,2.41,0.41,9.84,6,874.52,37.84,3.85
2026-03-25,META_C005,Instagram Stories - Flash Sales,CONVERSIONS,7807,6465,71.82,74,0.95,0.97,9.2,1,170.51,71.82,2.37
2026-03-26,META_C001,Prospecting - Lookalike Purchasers,CONVERSIONS,20656,15501,99.54,484,2.34,0.21,4.82,28,4008.03,3.56,40.27
2026-03-26,META_C002,Retargeting - Add to Cart,CONVERSIONS,19964,16247,103.43,373,1.87,0.28,5.18,10,1207.16,10.34,11.67
2026-03-26,META_C003,Brand Awareness - Video,AWARENESS,11177,7544,64.28,105,0.94,0.61,5.75,4,417.03,16.07,6.49
2026-03-26,META_C004,Catalog Sales - Dynamic,CATALOG_SALES,14136,9110,67.54,254,1.8,0.27,4.78,10,1634.31,6.75,24.2
2026-03-26,META_C005,Instagram Stories - Flash Sales,CONVERSIONS,19252,12836,137.68,383,1.99,0.36,7.15,16,1486.82,8.61,10.8
2026-03-27,META_C001,Prospecting - Lookalike Purchasers,CONVERSIONS,23297,16922,170.1,467,2.0,0.36,7.3,19,1892.59,8.95,11.13
2026-03-27,META_C002,Retargeting - Add to Cart,CONVERSIONS,26052,20449,128.77,334,1.28,0.39,5.25,12,1447.56,10.73,11.24
2026-03-27,META_C003,Brand Awareness - Video,AWARENESS,28466,19047,96.82,696,2.45,0.14,9.65,30,2898.36,3.23,29.94
2026-03-27,META_C004,Catalog Sales - Dynamic,CATALOG_SALES,24026,16957,268.06,576,2.4,0.47,11.16,11,1221.99,24.37,4.56
2026-03-27,META_C005,Instagram Stories - Flash Sales,CONVERSIONS,13564,9987,132.14,162,1.19,0.82,9.74,1,91.56,132.14,0.69
2026-03-28,META_C001,Prospecting - Lookalike Purchasers,CONVERSIONS,20714,13558,103.16,228,1.1,0.45,4.98,7,909.77,14.74,8.82
2026-03-28,META_C002,Retargeting - Add to Cart,CONVERSIONS,6196,5026,28.09,93,1.5,0.3,4.53,5,984.75,5.62,35.06
2026-03-28,META_C003,Brand Awareness - Video,AWARENESS,15634,10910,81.18,344,2.2,0.24,5.19,6,944.65,13.53,11.64
2026-03-28,META_C004,Catalog Sales - Dynamic,CATALOG_SALES,17798,14764,160.59,429,2.41,0.37,9.02,8,731.3,20.07,4.55
2026-03-28,META_C005,Instagram Stories - Flash Sales,CONVERSIONS,10092,7529,52.46,167,1.65,0.31,5.2,8,1513.72,6.56,28.85
2026-03-29,META_C001,Prospecting - Lookalike Purchasers,CONVERSIONS,14797,11588,93.49,120,0.81,0.78,6.32,4,676.05,23.37,7.23
2026-03-29,META_C002,Retargeting - Add to Cart,CONVERSIONS,17894,11976,141.66,148,0.83,0.96,8.13,3,279.17,47.22,1.97
2026-03-29,META_C003,Brand Awareness - Video,AWARENESS,7387,4915,35.36,105,1.42,0.34,4.79,2,262.68,17.68,7.43
2026-03-29,META_C004,Catalog Sales - Dynamic,CATALOG_SALES,7584,6268,26.38,129,1.7,0.2,3.48,5,846.74,5.28,32.1
2026-03-29,META_C005,Instagram Stories - Flash Sales,CONVERSIONS,14517,10698,46.84,207,1.43,0.23,3.23,7,1120.29,6.69,23.92
2026-03-30,META_C001,Prospecting - Lookalike Purchasers,CONVERSIONS,10209,8561,91.03,100,0.98,0.91,8.92,4,415.38,22.76,4.56
2026-03-30,META_C002,Retargeting - Add to Cart,CONVERSIONS,26125,19772,129.28,307,1.18,0.42,6.92,4,792.06,32.32,6.13
2026-03-30,META_C003,Brand Awareness - Video,AWARENESS,25414,15744,101.04,372,1.46,0.27,7.16,21,3392.64,4.81,33.58
2026-03-30,META_C004,Catalog Sales - Dynamic,CATALOG_SALES,25933,18865,171.23,533,2.06,0.32,6.6,11,1734.87,15.57,10.13
2026-03-30,META_C005,Instagram Stories - Flash Sales,CONVERSIONS,22546,17122,119.62,378,1.68,0.32,5.31,22,2616.23,5.44,21.87
2026-03-31,META_C001,Prospecting - Lookalike Purchasers,CONVERSIONS,20687,17228,167.76,187,0.9,0.9,8.11,10,1868.85,16.78,11.14
2026-03-31,META_C002,Retargeting - Add to Cart,CONVERSIONS,8077,5697,42.79,71,0.88,0.6,5.3,2,286.23,21.39,6.69
2026-03-31,META_C003,Brand Awareness - Video,AWARENESS,25989,21583,94.28,503,1.94,0.19,9.01,17,2781.85,5.55,29.51
2026-03-31,META_C004,Catalog Sales - Dynamic,CATALOG_SALES,18631,12905,149.25,363,1.95,0.41,8.01,12,2070.9,12.44,13.88
2026-03-31,META_C005,Instagram Stories - Flash Sales,CONVERSIONS,28058,18108,194.17,346,1.23,0.56,6.92,3,470.75,64.72,2.42
2026-04-01,META_C001,Prospecting - Lookalike Purchasers,CONVERSIONS,25015,18052,115.25,295,1.18,0.39,4.61,11,1501.18,10.48,13.03
2026-04-01,META_C002,Retargeting - Add to Cart,CONVERSIONS,19879,12809,134.99,190,0.96,0.71,10.72,6,1179.33,22.5,8.74
2026-04-01,META_C003,Brand Awareness - Video,AWARENESS,28179,21723,100.98,441,1.56,0.23,11.29,20,3376.74,5.05,33.44
2026-04-01,META_C004,Catalog Sales - Dynamic,CATALOG_SALES,17580,12487,146.5,430,2.45,0.34,8.33,22,2714.83,6.66,18.53
2026-04-01,META_C005,Instagram Stories - Flash Sales,CONVERSIONS,20281,12393,165.86,380,1.87,0.44,8.18,11,1086.63,15.08,6.55
2026-04-02,META_C001,Prospecting - Lookalike Purchasers,CONVERSIONS,18678,14097,112.96,407,2.18,0.28,6.05,8,1047.64,14.12,9.27
2026-04-02,META_C002,Retargeting - Add to Cart,CONVERSIONS,27490,22062,145.12,366,1.33,0.4,7.51,17,2393.78,8.54,16.5
2026-04-02,META_C003,Brand Awareness - Video,AWARENESS,27839,16873,96.2,251,0.9,0.38,5.27,5,874.08,19.24,9.09
2026-04-02,META_C004,Catalog Sales - Dynamic,CATALOG_SALES,9373,6550,112.14,216,2.3,0.52,11.96,5,686.69,22.43,6.12
2026-04-02,META_C005,Instagram Stories - Flash Sales,CONVERSIONS,22034,14863,172.04,276,1.25,0.62,7.81,8,1591.43,21.5,9.25
2026-04-03,META_C001,Prospecting - Lookalike Purchasers,CONVERSIONS,25803,21301,150.08,236,0.91,0.64,5.82,9,1695.93,16.68,11.3
2026-04-03,META_C002,Retargeting - Add to Cart,CONVERSIONS,27989,19184,152.65,614,2.19,0.25,5.45,8,1255.33,19.08,8.22
2026-04-03,META_C003,Brand Awareness - Video,AWARENESS,19541,15107,102.51,450,2.3,0.23,11.74,26,2696.32,3.94,26.3
2026-04-03,META_C004,Catalog Sales - Dynamic,CATALOG_SALES,24195,18045,218.52,242,1.0,0.9,9.03,10,1146.73,21.85,5.25
2026-04-03,META_C005,Instagram Stories - Flash Sales,CONVERSIONS,14718,12379,92.04,295,2.0,0.31,6.25,7,1021.18,13.15,11.09
2026-04-04,META_C001,Prospecting - Lookalike Purchasers,CONVERSIONS,21153,13296,190.87,371,1.75,0.51,9.02,21,3246.88,9.09,17.01
2026-04-04,META_C002,Retargeting - Add to Cart,CONVERSIONS,22577,16500,121.79,202,0.89,0.6,5.39,3,528.89,40.6,4.34
2026-04-04,META_C003,Brand Awareness - Video,AWARENESS,10037,6563,46.7,138,1.37,0.34,4.65,4,776.65,11.68,16.63
2026-04-04,META_C004,Catalog Sales - Dynamic,CATALOG_SALES,12157,7678,75.23,219,1.8,0.34,6.19,11,1932.89,6.84,25.69
2026-04-04,META_C005,Instagram Stories - Flash Sales,CONVERSIONS,7448,6328,67.01,172,2.31,0.39,9.0,1,156.87,67.01,2.34
2026-04-05,META_C001,Prospecting - Lookalike Purchasers,CONVERSIONS,14446,8871,67.37,122,0.84,0.55,4.66,6,1138.75,11.23,16.9
2026-04-05,META_C002,Retargeting - Add to Cart,CONVERSIONS,23038,15105,149.69,465,2.02,0.32,8.79,20,3459.16,7.48,23.11
2026-04-05,META_C003,Brand Awareness - Video,AWARENESS,7327,5792,26.59,126,1.72,0.21,3.63,2,236.97,13.29,8.91
2026-04-05,META_C004,Catalog Sales - Dynamic,CATALOG_SALES,23772,15253,226.65,271,1.14,0.84,9.53,11,1474.59,20.6,6.51
2026-04-05,META_C005,Instagram Stories - Flash Sales,CONVERSIONS,19363,13421,96.06,269,1.39,0.36,4.96,9,1350.99,10.67,14.06
2026-04-06,META_C001,Prospecting - Lookalike Purchasers,CONVERSIONS,22270,16761,209.11,504,2.26,0.41,9.39,10,1245.18,20.91,5.95
2026-04-06,META_C002,Retargeting - Add to Cart,CONVERSIONS,16477,13031,147.52,174,1.06,0.85,10.4,5,781.44,29.5,5.3
2026-04-06,META_C003,Brand Awareness - Video,AWARENESS,15399,12299,66.92,287,1.86,0.23,4.35,7,878.78,9.56,13.13
2026-04-06,META_C004,Catalog Sales - Dynamic,CATALOG_SALES,27874,20599,132.85,516,1.85,0.26,4.77,21,3943.65,6.33,29.68
2026-04-06,META_C005,Instagram Stories - Flash Sales,CONVERSIONS,22308,14229,89.61,214,0.96,0.42,4.02,6,903.69,14.94,10.08
2026-04-07,META_C001,Prospecting - Lookalike Purchasers,CONVERSIONS,21308,17077,215.49,358,1.68,0.6,10.98,15,2208.5,14.37,10.25
2026-04-07,META_C002,Retargeting - Add to Cart,CONVERSIONS,13578,8359,113.26,197,1.45,0.57,8.34,3,303.65,37.75,2.68
2026-04-07,META_C003,Brand Awareness - Video,AWARENESS,26920,18950,103.77,567,2.11,0.18,11.81,11,2060.93,9.43,19.86
2026-04-07,META_C004,Catalog Sales - Dynamic,CATALOG_SALES,14048,9585,158.24,233,1.66,0.68,11.26,12,1382.18,13.19,8.73
2026-04-07,META_C005,Instagram Stories - Flash Sales,CONVERSIONS,18437,13043,188.79,192,1.04,0.98,10.24,4,602.19,47.2,3.19
2026-04-08,META_C001,Prospecting - Lookalike Purchasers,CONVERSIONS,18976,13480,77.99,447,2.36,0.17,4.11,24,4791.75,3.25,61.44
2026-04-08,META_C002,Retargeting - Add to Cart,CONVERSIONS,26937,18195,136.78,524,1.95,0.26,5.09,25,2255.99,5.47,16.49
2026-04-08,META_C003,Brand Awareness - Video,AWARENESS,12428,7720,96.46,270,2.17,0.36,7.76,5,964.53,19.29,10.0
2026-04-08,META_C004,Catalog Sales - Dynamic,CATALOG_SALES,11356,7955,68.46,118,1.04,0.58,6.03,4,641.24,17.11,9.37
2026-04-08,META_C005,Instagram Stories - Flash Sales,CONVERSIONS,17154,12612,113.33,311,1.81,0.36,6.61,16,1917.03,7.08,16.92
2026-04-09,META_C001,Prospecting - Lookalike Purchasers,CONVERSIONS,24690,16148,204.44,513,2.08,0.4,8.28,27,3207.61,7.57,15.69
2026-04-09,META_C002,Retargeting - Add to Cart,CONVERSIONS,22720,18410,156.8,563,2.48,0.28,6.9,10,908.27,15.68,5.79
2026-04-09,META_C003,Brand Awareness - Video,AWARENESS,9305,6998,65.05,85,0.91,0.77,6.99,4,491.71,16.26,7.56
2026-04-09,META_C004,Catalog Sales - Dynamic,CATALOG_SALES,17026,10446,202.2,321,1.89,0.63,11.88,10,1624.91,20.22,8.04
2026-04-09,META_C005,Instagram Stories - Flash Sales,CONVERSIONS,27540,21745,162.18,316,1.15,0.51,5.89,11,2052.19,14.74,12.65
2026-04-10,META_C001,Prospecting - Lookalike Purchasers,CONVERSIONS,24620,20508,196.83,452,1.84,0.44,7.99,9,1661.31,21.87,8.44
2026-04-10,META_C002,Retargeting - Add to Cart,CONVERSIONS,23248,14600,124.75,546,2.35,0.23,5.37,19,2159.27,6.57,17.31
2026-04-10,META_C003,Brand Awareness - Video,AWARENESS,9349,6839,39.81,101,1.08,0.39,4.26,3,504.77,13.27,12.68
2026-04-10,META_C004,Catalog Sales - Dynamic,CATALOG_SALES,25845,19816,243.16,344,1.33,0.71,9.41,16,1859.71,15.2,7.65
2026-04-10,META_C005,Instagram Stories - Flash Sales,CONVERSIONS,20486,13528,153.74,399,1.95,0.39,7.5,7,1292.4,21.96,8.41
2026-04-11,META_C001,Prospecting - Lookalike Purchasers,CONVERSIONS,7618,5029,54.7,81,1.06,0.68,7.18,3,322.77,18.23,5.9
2026-04-11,META_C002,Retargeting - Add to Cart,CONVERSIONS,8386,6480,37.6,67,0.8,0.56,4.48,0,0.0,37.6,0.0
2026-04-11,META_C003,Brand Awareness - Video,AWARENESS,23894,17938,89.94,268,1.12,0.34,7.64,10,951.13,8.99,10.58
2026-04-11,META_C004,Catalog Sales - Dynamic,CATALOG_SALES,13364,11288,122.0,177,1.32,0.69,9.13,2,379.55,61.0,3.11
2026-04-11,META_C005,Instagram Stories - Flash Sales,CONVERSIONS,21185,17576,170.5,403,1.9,0.42,8.05,19,2967.64,8.97,17.41
2026-04-12,META_C001,Prospecting - Lookalike Purchasers,CONVERSIONS,7721,6381,47.37,171,2.21,0.28,6.13,3,304.61,15.79,6.43
2026-04-12,META_C002,Retargeting - Add to Cart,CONVERSIONS,10705,7425,78.23,208,1.94,0.38,7.31,11,1010.6,7.11,12.92
2026-04-12,META_C003,Brand Awareness - Video,AWARENESS,23687,14877,102.63,262,1.11,0.39,9.07,9,1376.33,11.4,13.41
2026-04-12,META_C004,Catalog Sales - Dynamic,CATALOG_SALES,23332,17591,205.23,275,1.18,0.75,8.8,4,607.5,51.31,2.96
2026-04-12,META_C005,Instagram Stories - Flash Sales,CONVERSIONS,13160,10319,121.45,228,1.73,0.53,9.23,9,1254.01,13.49,10.33
2026-04-13,META_C001,Prospecting - Lookalike Purchasers,CONVERSIONS,19172,13505,176.11,219,1.14,0.8,9.19,5,575.82,35.22,3.27
2026-04-13,META_C002,Retargeting - Add to Cart,CONVERSIONS,13296,8550,130.37,310,2.33,0.42,9.81,11,1521.59,11.85,11.67
2026-04-13,META_C003,Brand Awareness - Video,AWARENESS,28130,23753,88.61,325,1.16,0.27,9.22,5,510.53,17.72,5.76
2026-04-13,META_C004,Catalog Sales - Dynamic,CATALOG_SALES,25349,16762,254.45,633,2.5,0.4,10.04,19,3053.14,13.39,12.0
2026-04-13,META_C005,Instagram Stories - Flash Sales,CONVERSIONS,8419,5602,35.71,148,1.76,0.24,4.24,4,456.02,8.93,12.77
2026-04-14,META_C001,Prospecting - Lookalike Purchasers,CONVERSIONS,11482,9212,75.59,265,2.31,0.29,6.58,11,1674.83,6.87,22.16
2026-04-14,META_C002,Retargeting - Add to Cart,CONVERSIONS,15860,10237,132.26,308,1.94,0.43,8.34,15,1848.44,8.82,13.98
2026-04-14,META_C003,Brand Awareness - Video,AWARENESS,9458,6091,88.5,226,2.39,0.39,9.36,5,484.74,17.7,5.48
2026-04-14,META_C004,Catalog Sales - Dynamic,CATALOG_SALES,13469,8733,100.54,283,2.1,0.36,7.46,13,1294.55,7.73,12.88
2026-04-14,META_C005,Instagram Stories - Flash Sales,CONVERSIONS,10276,6265,110.84,228,2.22,0.49,10.79,4,679.35,27.71,6.13
2026-04-15,META_C001,Prospecting - Lookalike Purchasers,CONVERSIONS,23796,17231,234.24,246,1.03,0.95,11.38,3,581.86,78.08,2.48
2026-04-15,META_C002,Retargeting - Add to Cart,CONVERSIONS,8439,6330,40.97,206,2.44,0.2,4.85,12,2354.87,3.41,57.48
2026-04-15,META_C003,Brand Awareness - Video,AWARENESS,20557,12558,90.49,434,2.11,0.21,11.49,4,635.49,22.62,7.02
2026-04-15,META_C004,Catalog Sales - Dynamic,CATALOG_SALES,16110,11493,173.17,239,1.48,0.72,10.75,11,1707.74,15.74,9.86
2026-04-15,META_C005,Instagram Stories - Flash Sales,CONVERSIONS,26274,18577,171.89,512,1.95,0.34,8.13,29,4878.21,5.93,28.38
2026-04-16,META_C001,Prospecting - Lookalike Purchasers,CONVERSIONS,14744,12523,124.42,187,1.27,0.67,8.44,10,1604.03,12.44,12.89
2026-04-16,META_C002,Retargeting - Add to Cart,CONVERSIONS,8836,5824,44.91,178,2.01,0.25,5.08,6,1044.97,7.48,23.27
2026-04-16,META_C003,Brand Awareness - Video,AWARENESS,8313,5984,40.34,170,2.04,0.24,4.85,5,881.82,8.07,21.86
2026-04-16,META_C004,Catalog Sales - Dynamic,CATALOG_SALES,29696,20184,307.84,498,1.68,0.62,10.37,24,2393.93,12.83,7.78
2026-04-16,META_C005,Instagram Stories - Flash Sales,CONVERSIONS,19011,11475,84.12,234,1.23,0.36,4.42,12,1383.21,7.01,16.44
2026-04-17,META_C001,Prospecting - Lookalike Purchasers,CONVERSIONS,23466,17209,117.86,351,1.5,0.34,5.02,15,2818.22,7.86,23.91
2026-04-17,META_C002,Retargeting - Add to Cart,CONVERSIONS,14713,11138,140.74,364,2.47,0.39,11.95,20,3047.98,7.04,21.66
2026-04-17,META_C003,Brand Awareness - Video,AWARENESS,20617,15600,95.77,243,1.18,0.39,5.95,8,828.67,11.97,8.65
2026-04-17,META_C004,Catalog Sales - Dynamic,CATALOG_SALES,13944,9496,112.95,118,0.85,0.96,8.1,1,91.57,112.95,0.81
2026-04-17,META_C005,Instagram Stories - Flash Sales,CONVERSIONS,24305,17372,136.11,226,0.93,0.6,5.6,8,731.19,17.01,5.37
2026-04-18,META_C001,Prospecting - Lookalike Purchasers,CONVERSIONS,16720,12889,130.47,167,1.0,0.78,7.8,7,791.67,18.64,6.07
2026-04-18,META_C002,Retargeting - Add to Cart,CONVERSIONS,22231,15097,145.19,442,1.99,0.33,6.53,12,1089.77,12.1,7.51
2026-04-18,META_C003,Brand Awareness - Video,AWARENESS,7561,5520,71.81,91,1.2,0.79,9.5,1,172.43,71.81,2.4
2026-04-18,META_C004,Catalog Sales - Dynamic,CATALOG_SALES,17226,11292,130.69,197,1.14,0.66,7.59,11,2151.27,11.88,16.46
2026-04-18,META_C005,Instagram Stories - Flash Sales,CONVERSIONS,11877,9995,51.05,281,2.37,0.18,4.3,12,1807.46,4.25,35.41
2026-04-19,META_C001,Prospecting - Lookalike Purchasers,CONVERSIONS,22046,13630,170.73,389,1.76,0.44,7.74,8,1447.18,21.34,8.48
2026-04-19,META_C002,Retargeting - Add to Cart,CONVERSIONS,9153,7632,61.67,117,1.28,0.53,6.74,5,543.62,12.33,8.81
2026-04-19,META_C003,Brand Awareness - Video,AWARENESS,21374,15711,83.95,413,1.93,0.2,3.93,11,1461.24,7.63,17.41
2026-04-19,META_C004,Catalog Sales - Dynamic,CATALOG_SALES,10971,7860,53.86,158,1.44,0.34,4.91,2,357.4,26.93,6.64
2026-04-19,META_C005,Instagram Stories - Flash Sales,CONVERSIONS,12077,10109,76.0,104,0.86,0.73,6.29,1,103.57,76.0,1.36
2026-04-20,META_C001,Prospecting - Lookalike Purchasers,CONVERSIONS,22969,16390,247.64,224,0.98,1.11,11.97,5,554.6,49.53,2.24
2026-04-20,META_C002,Retargeting - Add to Cart,CONVERSIONS,12960,8069,67.32,196,1.51,0.34,5.19,4,742.03,16.83,11.02
2026-04-20,META_C003,Brand Awareness - Video,AWARENESS,21460,16635,98.22,533,2.48,0.18,11.37,24,2902.94,4.09,29.56
2026-04-20,META_C004,Catalog Sales - Dynamic,CATALOG_SALES,27825,23062,282.34,246,0.88,1.15,10.15,7,686.89,40.33,2.43
2026-04-20,META_C005,Instagram Stories - Flash Sales,CONVERSIONS,14538,9203,70.45,160,1.1,0.44,4.85,6,853.54,11.74,12.12
2026-04-21,META_C001,Prospecting - Lookalike Purchasers,CONVERSIONS,13929,9394,68.66,236,1.69,0.29,4.93,8,738.16,8.58,10.75
2026-04-21,META_C002,Retargeting - Add to Cart,CONVERSIONS,19713,12851,139.37,166,0.84,0.84,7.07,7,1281.26,19.91,9.19
2026-04-21,META_C003,Brand Awareness - Video,AWARENESS,22533,18300,98.93,204,0.91,0.48,8.19,2,195.11,49.47,1.97
2026-04-21,META_C004,Catalog Sales - Dynamic,CATALOG_SALES,29817,19135,208.19,300,1.01,0.69,6.98,4,681.44,52.05,3.27
2026-04-21,META_C005,Instagram Stories - Flash Sales,CONVERSIONS,27227,16522,157.0,379,1.39,0.41,5.77,10,996.45,15.7,6.35
2026-04-22,META_C001,Prospecting - Lookalike Purchasers,CONVERSIONS,8286,5911,59.94,138,1.67,0.43,7.23,3,574.72,19.98,9.59
2026-04-22,META_C002,Retargeting - Add to Cart,CONVERSIONS,23159,16144,137.06,480,2.07,0.29,6.67,6,721.12,22.84,5.26
2026-04-22,META_C003,Brand Awareness - Video,AWARENESS,11799,8845,69.66,203,1.72,0.34,5.9,7,1049.77,9.95,15.07
2026-04-22,META_C004,Catalog Sales - Dynamic,CATALOG_SALES,8332,6665,95.9,106,1.27,0.9,11.51,2,243.49,47.95,2.54
2026-04-22,META_C005,Instagram Stories - Flash Sales,CONVERSIONS,10559,8708,60.51,206,1.95,0.29,5.73,10,1055.52,6.05,17.44
