account_id,seller_id,account_name,city,state,account_type,industry,annual_revenue,num_employees
ACC_00001,3442f8959a84dea7ee197c632cb2df15,Seller 3442f895,campinas,SP,Standard,Health & Beauty,770993.73,46
ACC_00002,d1b65fc7debc3361ea86b5f14c68d2e2,Seller d1b65fc7,mogi guacu,SP,Standard,Home & Garden,724849.64,14
ACC_00003,ce3ad9de960102d0677a81f5d0bb7b2d,Seller ce3ad9de,rio de janeiro,RJ,Premium,Fashion,1304430.05,35
ACC_00004,c0f3eea2e14555b6faeea3dd58c1b1c3,Seller c0f3eea2,sao paulo,SP,Standard,Retail,401431.52,26
ACC_00005,51a04a8a6bdcb23deccc82b0b80742cf,Seller 51a04a8a,braganca paulista,SP,Standard,Home & Garden,1339574.13,46
ACC_00006,c240c4061717ac1806ae6ee72be3533b,Seller c240c406,rio de janeiro,RJ,Premium,Sports,959776.05,15
ACC_00007,e49c26c3edfa46d227d5121a6b6e4d37,Seller e49c26c3,brejao,PE,Standard,Sports,1015265.62,47
ACC_00008,1b938a7ec6ac5061a66a3766e0e75f90,Seller 1b938a7e,penapolis,SP,Standard,Fashion,268289.64,7
ACC_00009,768a86e36ad6aae3d03ee3c6433d61df,Seller 768a86e3,sao paulo,SP,Premium,Retail,212424.07,43
ACC_00010,ccc4bbb5f32a6ab2b7066a4130f114e3,Seller ccc4bbb5,curitiba,PR,Enterprise,Electronics,1162070.18,44
ACC_00011,8cb7c5ddf41f4d506eba76e9a4702a25,Seller 8cb7c5dd,anapolis,GO,Standard,Sports,1201178.16,37
ACC_00012,a7a9b880c49781da66651ccf4ba9ac38,Seller a7a9b880,itirapina,SP,Standard,Health & Beauty,348213.72,15
ACC_00013,8bd0f31cf0a614c658f6763bd02dea69,Seller 8bd0f31c,sao paulo,SP,Premium,Retail,492481.27,30
ACC_00014,05a48cc8859962767935ab9087417fbb,Seller 05a48cc8,sao paulo,SP,Premium,Electronics,213946.44,31
ACC_00015,7b8e8ec35bad4b0ef7e3963650b0a87b,Seller 7b8e8ec3,tubarao,SC,Premium,Health & Beauty,232373.48,4
ACC_00016,1444c08e64d55fb3c25f0f09c07ffcf2,Seller 1444c08e,lauro de freitas,BA,Standard,Electronics,777853.86,13
ACC_00017,166e8f1381e09651983c38b1f6f91c11,Seller 166e8f13,imbituba,SC,Standard,Sports,1977364.59,43
ACC_00018,e38db885400cd35c71dfd162f2c1dbcf,Seller e38db885,brasilia,DF,Enterprise,Sports,1357411.83,24
ACC_00019,d2e753bb80b7d4faa77483ed00edc8ca,Seller d2e753bb,porto seguro,BA,Standard,Health & Beauty,254566.95,13
ACC_00020,f9ec7093df3a7b346b7bcf7864069ca3,Seller f9ec7093,sao paulo,SP,Premium,Home & Garden,1612705.56,40
ACC_00021,4e6015589b781adaa5ce7f1892d06bb1,Seller 4e601558,guaruja,SP,Standard,Health & Beauty,1789690.5,18
ACC_00022,4cf490a58259286ada5ba8525ba9e84a,Seller 4cf490a5,tabatinga,SP,Standard,Health & Beauty,1081206.92,6
ACC_00023,f7496d659ca9fdaf323c0aae84176632,Seller f7496d65,sao paulo,SP,Premium,Health & Beauty,839760.45,14
ACC_00024,2ff97219cb8622eaf3cd89b7d9c09824,Seller 2ff97219,salto,SP,Premium,Electronics,621889.42,36
ACC_00025,8bd0e3abda539b9479c4b44a691be1ec,Seller 8bd0e3ab,tres de maio,RS,Premium,Retail,846999.35,19
ACC_00026,2a1348e9addc1af5aaa619b1a3679d6b,Seller 2a1348e9,belo horizonte,MG,Standard,Home & Garden,1895391.21,20
ACC_00027,2078fe5066350e7d220c0ad3a3bbc6c1,Seller 2078fe50,arapongas,PR,Premium,Home & Garden,1587685.08,28
ACC_00028,116ccb1a1604bc88e4d234a8c23f33de,Seller 116ccb1a,sao bernardo do campo,SP,Standard,Sports,1058233.24,14
ACC_00029,430315b7bb4b6e4b3c978f9dfa9b0558,Seller 430315b7,sao paulo,SP,Premium,Fashion,742275.05,41
ACC_00030,406822777a0b9eb5c50e442dd4cd3ec5,Seller 40682277,tatui,SP,Standard,Home & Garden,1914728.99,11
ACC_00031,4dbd95a08b31ede5c82d3f861cb1ce1a,Seller 4dbd95a0,curitiba,PR,Enterprise,Home & Garden,1900952.07,16
ACC_00032,e9e446d01bd10a97a8ffcfc4a3a20cb2,Seller e9e446d0,sao paulo,SP,Standard,Electronics,1650327.97,45
ACC_00033,d52cbce9845184537284a23c3bc3da0e,Seller d52cbce9,garopaba,SC,Standard,Fashion,1221191.22,33
ACC_00034,d9a84e1403de8da0c3aa531d6d108ba6,Seller d9a84e14,sao paulo,SP,Premium,Home & Garden,448022.74,49
ACC_00035,9c690ceacd5c66731bf443ea810195cb,Seller 9c690cea,camanducaia,MG,Standard,Electronics,1924765.33,6
ACC_00036,1f9ab4708f3056ede07124aad39a2554,Seller 1f9ab470,tupa,SP,Standard,Electronics,1622835.46,39
ACC_00037,1961c3e1272bfeceb05d0b78b5bbfdaf,Seller 1961c3e1,guarulhos,SP,Standard,Electronics,1008213.44,30
ACC_00038,d3e7d37c0df9aef383f3f2a15b0dddfb,Seller d3e7d37c,sao jose dos pinhais,PR,Standard,Home & Garden,1639423.39,4
ACC_00039,ec2e006556300a79a5a91e4876ab3a56,Seller ec2e0065,sao paulo,SP,Standard,Retail,121728.9,43
ACC_00040,b2a6d334e2833acea353624840e25a0e,Seller b2a6d334,sao paulo,SP,Standard,Health & Beauty,884770.86,2
ACC_00041,d3674f271c91f824f82d24d92011f669,Seller d3674f27,brasilia,DF,Standard,Sports,1085614.62,25
ACC_00042,768de2a4fc06aacecb9a586ccc30746a,Seller 768de2a4,brasilia,DF,Standard,Home & Garden,887058.83,45
ACC_00043,a81466620e46a6970b22ef40379fdfc9,Seller a8146662,sao ludgero,SC,Standard,Health & Beauty,66775.77,13
ACC_00044,5c030029b5916fed0986310385ec9009,Seller 5c030029,sao jose,SC,Premium,Sports,104074.72,39
ACC_00045,c0f783394e37cd9c9d7f5f81141450fa,Seller c0f78339,piracicaba,SP,Standard,Electronics,323979.9,46
ACC_00046,c353f8fc0ce8344999f17d578eb69a5e,Seller c353f8fc,porto alegre,RS,Standard,Home & Garden,1087160.2,20
ACC_00047,8444e55c1f13cd5c179851e5ca5ebd00,Seller 8444e55c,congonhal,MG,Premium,Electronics,166934.8,11
ACC_00048,28a26ebce31d5918b181ede016fd693b,Seller 28a26ebc,belo horizonte,MG,Standard,Fashion,1251540.68,43
ACC_00049,41ab63a91b8b264e8c8780368bf1dd5b,Seller 41ab63a9,belo horizonte,MG,Standard,Fashion,1800197.59,30
ACC_00050,8759e7aedd644f487315e5860962f162,Seller 8759e7ae,santo andre,SP,Standard,Sports,1145911.93,31
ACC_00051,e546117ed9cafbc40239c0c78635c584,Seller e546117e,sao paulo,SP,Premium,Home & Garden,1405297.81,31
ACC_00052,d71d863e5ef30d94e440c11be17dcd8f,Seller d71d863e,osasco,SP,Standard,Health & Beauty,1108849.65,8
ACC_00053,0c7533c71df861ec58ad7ff999ed0e8d,Seller 0c7533c7,valinhos,SP,Premium,Retail,652693.25,25
ACC_00054,ef990a83bbea832f36ebe81376335aa8,Seller ef990a83,joinville,SC,Standard,Fashion,1951724.67,1
ACC_00055,41e0fa5761c886a630994a55c12087e7,Seller 41e0fa57,guaruja,SP,Standard,Home & Garden,571571.39,13
ACC_00056,0747d5bb69f0586cc869d8af4c50f93e,Seller 0747d5bb,saquarema,RJ,Standard,Fashion,1198388.88,42
ACC_00057,7d294cf9a6a69dc6a0c3e540fff0e039,Seller 7d294cf9,barra velha,SC,Standard,Electronics,1061741.11,42
ACC_00058,c89cf7c468a48af70aada384e722f9e2,Seller c89cf7c4,petropolis,RJ,Standard,Sports,654636.95,44
ACC_00059,b7ba853e9551f4558440881fd3e5c815,Seller b7ba853e,santo antonio da patrulha,RS,Standard,Fashion,1382371.03,16
ACC_00060,13c2ed7698b3ca92dad49e849219da59,Seller 13c2ed76,ponta grossa,PR,Standard,Home & Garden,1532487.25,19
ACC_00061,cbbd5ae8f53de5f5097cd8217b529e24,Seller cbbd5ae8,santana de parnaiba,SP,Standard,Fashion,772542.18,2
ACC_00062,02ecc2a19303f05e59ce133fd923fff7,Seller 02ecc2a1,santo andre,SP,Premium,Fashion,1960268.79,18
ACC_00063,c013e57c075a06e5b5c48ee03c525719,Seller c013e57c,sao carlos,SP,Premium,Fashion,880642.82,37
ACC_00064,55f7a3319d80f7fdf078b8f03e6725fe,Seller 55f7a331,osasco,SP,Standard,Electronics,465250.97,2
ACC_00065,2d50d6282f8aa2257819a77bfaa0efe0,Seller 2d50d628,ibitinga,SP,Standard,Health & Beauty,1950186.12,28
ACC_00066,b7e1750c1157341d2abd0251e07c186b,Seller b7e1750c,sao paulo,SP,Standard,Sports,1213131.43,9
ACC_00067,b90e891671cffd9557f33a97dc523645,Seller b90e8916,sao jose dos pinhais,PR,Standard,Home & Garden,1270106.23,25
ACC_00068,a416b6a846a11724393025641d4edd5e,Seller a416b6a8,sao paulo,SP,Standard,Retail,342039.86,1
ACC_00069,7e93a43ef30c4f03f38b393420bc753a,Seller 7e93a43e,barueri,SP,Standard,Home & Garden,1232539.52,43
ACC_00070,5206cc4bc2297c833e6061c49bf9c43f,Seller 5206cc4b,osasco,SP,Standard,Sports,470643.29,19
ACC_00071,f410c8873029fcc3809b9df6d0b28914,Seller f410c887,caxias do sul,SP,Standard,Electronics,494428.74,1
ACC_00072,ef506c96320abeedfb894c34db06f478,Seller ef506c96,sao paulo,SP,Standard,Sports,1643890.64,3
ACC_00073,a13aaf2d2886ab9fb30fb9a920160b8f,Seller a13aaf2d,joinville,SC,Standard,Home & Garden,342681.29,25
ACC_00074,7299e27ed73d2ad986de7f7c77d919fa,Seller 7299e27e,araguari,MG,Standard,Health & Beauty,1507306.74,47
ACC_00075,8a9260f2b0340411d6d2a56bcf4f7378,Seller 8a9260f2,contagem,MG,Premium,Health & Beauty,1249959.47,3
ACC_00076,dedcab67899479e4ea5dcc4eba47f587,Seller dedcab67,jaragua do sul,SC,Premium,Home & Garden,675613.5,42
ACC_00077,b2479f944e1b90cf8a5de1bbfde284d6,Seller b2479f94,ibitinga,SP,Premium,Sports,857767.66,45
ACC_00078,7722b1df1b0e383e000397b2c11e3e19,Seller 7722b1df,sao bernardo do campo,SP,Premium,Home & Garden,203966.26,32
ACC_00079,731ef20c231d9a7103a425e83fd91271,Seller 731ef20c,lages - sc,SC,Enterprise,Sports,901345.87,18
ACC_00080,78813699ffac347fe27dba345a5f1551,Seller 78813699,bento goncalves,RS,Premium,Sports,1562958.97,18
ACC_00081,3296662b1331dea51e744505065ae889,Seller 3296662b,catanduva,SP,Standard,Retail,1623398.85,7
ACC_00082,411f3b52d857390502ee4e4d5ceabc2d,Seller 411f3b52,ribeirao pires,SP,Standard,Home & Garden,121746.48,11
ACC_00083,bba3293d6f5d5af2f415e004e8b93ae3,Seller bba3293d,sao paulo,SP,Standard,Home & Garden,166643.24,22
ACC_00084,4e7c18b98d84e05cbae3ff0ff03846c2,Seller 4e7c18b9,jaboticabal,SP,Premium,Retail,1336477.32,39
ACC_00085,b56906f7fd1696e043f1bcce164c487b,Seller b56906f7,echapora,SP,Standard,Home & Garden,307780.24,31
ACC_00086,d650b663c3b5f6fb392b6326366efa9a,Seller d650b663,cotia,SP,Standard,Home & Garden,1331354.22,25
ACC_00087,669ae81880e08f269a64487cfb287169,Seller 669ae818,rio do sul,SC,Standard,Sports,1843101.72,30
ACC_00088,c2d70ce2c5d0a2eb75e78668236e6dc8,Seller c2d70ce2,sao paulo,SP,Premium,Sports,1254107.27,46
ACC_00089,674207551483fec113276b67b0d871ff,Seller 67420755,sorocaba,SP,Standard,Health & Beauty,1851376.43,35
ACC_00090,abe42c5d03695b4257b5c6cbf4e6784e,Seller abe42c5d,rio de janeiro,RJ,Standard,Home & Garden,1484311.7,22
ACC_00091,1996942dc085d7773ba77a529b163cd0,Seller 1996942d,pradopolis,SP,Premium,Electronics,1585626.44,41
ACC_00092,79b93a308a97792cf53ac75f46da00b5,Seller 79b93a30,rio de janeiro,RJ,Premium,Home & Garden,912133.44,23
ACC_00093,7cf4ea70955b00d6b3c22542598e2715,Seller 7cf4ea70,sao paulo,SP,Standard,Retail,808934.51,19
ACC_00094,63ffcb71394dd8ea3872ed9ffda17c74,Seller 63ffcb71,itaborai,RJ,Premium,Home & Garden,920732.15,33
ACC_00095,83353a83fd769dfafa4f21a72b15e3e5,Seller 83353a83,sao paulo,SP,Premium,Fashion,813307.52,7
ACC_00096,cda598c48d7c614bc1cad7d8ff6f0010,Seller cda598c4,mirassol,SP,Premium,Retail,891755.03,32
ACC_00097,d4910f1cdcfdabd48d6b316e395d4a23,Seller d4910f1c,santo andre,SP,Standard,Home & Garden,96213.15,44
ACC_00098,709e16e2b25c7474d980076c6bfc4806,Seller 709e16e2,birigui,SP,Standard,Health & Beauty,625582.79,33
ACC_00099,9dc79dd988ac42f4d56c340d7048420a,Seller 9dc79dd9,sao paulo,SP,Premium,Retail,1986796.42,21
ACC_00100,276677b5d08786d5dce7c2149dcce48b,Seller 276677b5,belo horizonte,MG,Standard,Health & Beauty,1690345.22,38
ACC_00101,9c4d31c7e46ab03a43fc06e3142afd4e,Seller 9c4d31c7,rio de janeiro,RJ,Premium,Retail,87019.32,8
ACC_00102,512d298ac2a96d1931b6bd30aa21f61d,Seller 512d298a,rio de janeiro,RJ,Premium,Health & Beauty,1713622.48,11
ACC_00103,422be4cc81a457fdb46f47edeb968ae5,Seller 422be4cc,ibitinga,SP,Standard,Electronics,1275161.83,21
ACC_00104,99cd94252748d2bdde08e17858233602,Seller 99cd9425,sao paulo,SP,Premium,Fashion,79870.29,1
ACC_00105,698624c6632eeba1774924dbea24c700,Seller 698624c6,sao paulo,SP,Standard,Home & Garden,341259.98,40
ACC_00106,8bb48dc19fccaa8613b6229bf7f452a2,Seller 8bb48dc1,assis,SP,Premium,Fashion,1090066.91,36
ACC_00107,ad87df7699e83b8a91822a4a0b765c3a,Seller ad87df76,jaguariuna,SP,Standard,Sports,1937269.31,37
ACC_00108,d6b664fa0667064c6d76394e7848d790,Seller d6b664fa,araraquara,SP,Standard,Health & Beauty,1049998.25,9
ACC_00109,98f52e1020fe788c10c0418de4393fec,Seller 98f52e10,macae,RJ,Premium,Health & Beauty,1827153.74,15
ACC_00110,62760d278921b5f352461620d68a9cee,Seller 62760d27,salto,SP,Standard,Home & Garden,811700.83,16
ACC_00111,eb72802c83dc7547529c9546d1a9b8ef,Seller eb72802c,rio claro,SP,Standard,Fashion,583079.32,33
ACC_00112,3f9be91358837bff69df67edfa3e42e8,Seller 3f9be913,londrina,PR,Enterprise,Health & Beauty,1316923.15,36
ACC_00113,1d4587203296c8f4ad134dc286fa6db0,Seller 1d458720,sao paulo,SP,Standard,Fashion,1268716.29,6
ACC_00114,791cfcfe22fe4a771ece27f90017da92,Seller 791cfcfe,ribeirao preto,SP,Standard,Electronics,1309840.27,45
ACC_00115,392f7f2c797e4dc077e4311bde2ab8ce,Seller 392f7f2c,rio de janeiro,RN,Standard,Electronics,485715.66,2
ACC_00116,0c8380b62e38e8a1e6adbeba7eb9688c,Seller 0c8380b6,tres coracoes,MG,Standard,Home & Garden,1586850.32,19
ACC_00117,37be5a7c751166fbc5f8ccba4119e043,Seller 37be5a7c,sao paulo,SP,Standard,Home & Garden,1948585.79,29
ACC_00118,87d73636a3acf123e842bb890a4db036,Seller 87d73636,nhandeara,SP,Standard,Electronics,357571.36,42
ACC_00119,3d3ccf2b2f8134b10dce9dd446f0e075,Seller 3d3ccf2b,ibitinga,SP,Standard,Fashion,449667.32,30
ACC_00120,e24d3429d294b2eb200b064ebb035879,Seller e24d3429,sao paulo,SP,Standard,Fashion,459982.02,46
ACC_00121,44073f8b7e41514de3b7815dd0237f4f,Seller 44073f8b,brasilia,DF,Standard,Fashion,1527673.1,36
ACC_00122,05ca864204d09595ae591b93ea9cf93d,Seller 05ca8642,barueri,SP,Standard,Fashion,1436937.73,16
ACC_00123,9d39404483343dd55c7ae254494d8388,Seller 9d394044,sao paulo,SP,Premium,Fashion,1837899.31,3
ACC_00124,f9eda05b67bef472deaddbba84aca289,Seller f9eda05b,orleans,SC,Premium,Electronics,1495125.05,2
ACC_00125,75745ef7bc7d4f3ea3380f6f5303f514,Seller 75745ef7,brasilia,DF,Standard,Health & Beauty,1128368.43,22
ACC_00126,0692610d8abe24f287e9fae90ea0bbee,Seller 0692610d,sao paulo,SP,Premium,Health & Beauty,1519066.89,38
ACC_00127,7b07b3c7487f0ea825fc6df75abd658b,Seller 7b07b3c7,sao paulo,SP,Standard,Home & Garden,902034.05,15
ACC_00128,99002261c568a84cce14d43fcffb43ea,Seller 99002261,cuiaba,MT,Enterprise,Retail,434310.73,8
ACC_00129,e5899683388855d3dabe8913bbe365de,Seller e5899683,sao carlos,SP,Standard,Fashion,213240.24,37
ACC_00130,784ba75dd9d20200c4caed3d7a77141a,Seller 784ba75d,sao paulo,SP,Premium,Retail,1902579.3,40
ACC_00131,099095b050cfe8eb1ddff5317587e96e,Seller 099095b0,sao paulo,SP,Standard,Home & Garden,992314.38,9
ACC_00132,0ad80de75c811326389cfb1daba7d45e,Seller 0ad80de7,rio de janeiro,RJ,Standard,Sports,1096833.86,21
ACC_00133,b9a03475e6447e631b6799ec8274800f,Seller b9a03475,formosa do oeste,PR,Standard,Fashion,1405124.52,45
ACC_00134,ba6b4a237f92479743cf0ca06b67a9ac,Seller ba6b4a23,rio de janeiro,RJ,Standard,Sports,1805616.18,20
ACC_00135,ea00f977a203ff88adf7057cb7806998,Seller ea00f977,santos,SP,Standard,Sports,421447.52,19
ACC_00136,82e0a475a88cc9595229d8029273f045,Seller 82e0a475,sao paulo,SP,Standard,Sports,876296.45,3
ACC_00137,ad75519a07f039025e83795a4418470f,Seller ad75519a,santa terezinha de goias,GO,Standard,Sports,866029.26,47
ACC_00138,34aefe746cd81b7f3b23253ea28bef39,Seller 34aefe74,curitiba,PR,Standard,Electronics,319547.91,2
ACC_00139,ed4acab38528488b65a9a9c603ff024a,Seller ed4acab3,sao paulo,SP,Standard,Fashion,1775922.93,33
ACC_00140,f0837c8d71434931d9e38e7b79234797,Seller f0837c8d,arvorezinha,RS,Standard,Retail,739917.86,10
ACC_00141,fce62094ffe6a4009188ec44e681dfdd,Seller fce62094,sao paulo,SP,Standard,Health & Beauty,710798.64,18
ACC_00142,ebef8d8c92b4fd3226e5d407bbff21ac,Seller ebef8d8c,ribeirao preto,SP,Standard,Sports,1368290.39,22
ACC_00143,d73cbd89533ce8b041a9190241453ac8,Seller d73cbd89,guiricema,MG,Standard,Sports,1712136.72,30
ACC_00144,75a4764c108403a7a0575140cb22287c,Seller 75a4764c,caxias do sul,RS,Standard,Retail,133916.79,29
ACC_00145,70c0fda4c313d87115644d39e62eec60,Seller 70c0fda4,caruaru,PE,Standard,Sports,1591260.64,14
ACC_00146,ffcfefa19b08742c5d315f2791395ee5,Seller ffcfefa1,curitiba,PR,Standard,Retail,1473805.46,20
ACC_00147,26e13b6ff5b641b329e5524241ee2c93,Seller 26e13b6f,franca,SP,Premium,Health & Beauty,1504810.64,15
ACC_00148,0ade5cc4a305ed7093a23f68ca47519c,Seller 0ade5cc4,curitiba,PR,Premium,Home & Garden,1317004.71,44
ACC_00149,fc59392d66ef99377e50356ee4f3b4e1,Seller fc59392d,salvador,BA,Standard,Sports,1230489.06,10
ACC_00150,b18dc380845b24038cfc48006478f099,Seller b18dc380,diadema,SP,Premium,Sports,1341428.79,21
ACC_00151,f22a247b79dd22ecd91dc8e3b2a1b07c,Seller f22a247b,itaquaquecetuba,SP,Standard,Health & Beauty,906351.18,23
ACC_00152,889009a0ed0bb52c87819941192931b8,Seller 889009a0,lencois paulista,SP,Standard,Electronics,1143894.03,34
ACC_00153,ffc470761de7d0232558ba5e786e57b7,Seller ffc47076,guarulhos,SP,Premium,Sports,298637.06,33
ACC_00154,4c498c7345e89aebad651544829beca0,Seller 4c498c73,carapicuiba,SP,Standard,Health & Beauty,419628.38,26
ACC_00155,01bcc9d254a0143f0ce9791b960b2a47,Seller 01bcc9d2,uruacu,GO,Enterprise,Fashion,1746499.19,18
ACC_00156,f021c962aaba8ef6eb527a9c2c8394d1,Seller f021c962,itajai,SC,Standard,Retail,952208.22,44
ACC_00157,024b564ae893ce8e9bfa02c10a401ece,Seller 024b564a,sao paulo,SP,Standard,Fashion,512448.39,28
ACC_00158,a513150f33f99a06569e9cd5c4bb889b,Seller a513150f,sao paulo,SP,Standard,Health & Beauty,1993699.18,37
ACC_00159,c1dde11f12d05c478f5de2d7319ad3b2,Seller c1dde11f,sao paulo,SP,Standard,Retail,1394460.99,38
ACC_00160,02f5837340d7eb4f653d676c7256523a,Seller 02f58373,curitiba,PR,Standard,Electronics,1026491.89,13
ACC_00161,7b98de631987e26dd6d803490c43a13c,Seller 7b98de63,loanda,PR,Standard,Home & Garden,597364.11,16
ACC_00162,f12ff17ad8bbf01ec5c33b17e506649b,Seller f12ff17a,sao paulo,SP,Standard,Health & Beauty,858758.64,23
ACC_00163,a64e44665225d19dfc0277eeeaaccc57,Seller a64e4466,sao paulo,SP,Standard,Electronics,1897096.73,17
ACC_00164,6a8a889bde935bafa76d7848782dfaf9,Seller 6a8a889b,sao paulo,SP,Premium,Fashion,1967397.45,12
ACC_00165,42b6488f5b8246d9141712abd4b1b693,Seller 42b6488f,maringa,PR,Standard,Home & Garden,960097.11,34
ACC_00166,d6cd01c59123df02fc226eadbadb5f89,Seller d6cd01c5,sao paulo,SP,Standard,Retail,1442338.58,33
ACC_00167,c8e135e7b21ecbc36c1153a29d2f5a06,Seller c8e135e7,sao paulo,SP,Enterprise,Sports,1850363.07,39
ACC_00168,229c3efbfb0ea2058de4ccdfbc3d784a,Seller 229c3efb,belo horizonte,MG,Standard,Home & Garden,1613099.93,12
ACC_00169,f9a02f1922d1de564392e656d82b3fda,Seller f9a02f19,ferraz de vasconcelos,SP,Premium,Retail,1562707.53,5
ACC_00170,9523fb39dd240aa958e040f8183d64f3,Seller 9523fb39,sao paulo,SP,Premium,Home & Garden,687106.89,22
ACC_00171,95ec4458365c4d11f452ccf538377619,Seller 95ec4458,limeira,SP,Premium,Electronics,1713869.28,46
ACC_00172,6ec1a01e866584bb679eb9b098345919,Seller 6ec1a01e,santos,SP,Standard,Retail,1210153.56,10
ACC_00173,f6122bc84774df1b372bdb3bb88ddb9f,Seller f6122bc8,barueri,SP,Premium,Fashion,102343.74,12
ACC_00174,fa40cc5b934574b62717c68f3d678b6d,Seller fa40cc5b,sao paulo,SP,Premium,Home & Garden,775327.12,12
ACC_00175,623ad9d0c1e14bb5464a8c72bff7b4af,Seller 623ad9d0,claudio,MG,Standard,Fashion,1947784.54,12
ACC_00176,c0098efcf800861dcae589affca31408,Seller c0098efc,ribeirao preto,SP,Premium,Electronics,967524.3,26
ACC_00177,a63bfbaa882c8f4542891b4e2246cc7f,Seller a63bfbaa,niteroi,RJ,Premium,Sports,1231230.59,40
ACC_00178,48b6c3f4c6a93171da04b75313f2130f,Seller 48b6c3f4,osvaldo cruz,SP,Standard,Retail,1260952.73,24
ACC_00179,270d3ef21830ad0ecf3a6c53d08a533a,Seller 270d3ef2,carapicuiba,SP,Standard,Health & Beauty,310993.28,41
ACC_00180,89c127985a8b130cfa45c1d36764017a,Seller 89c12798,osasco,SP,Standard,Retail,1404591.74,9
ACC_00181,8b2492b7ff4468839593fafeed55bad9,Seller 8b2492b7,sao goncalo,RJ,Premium,Home & Garden,1875354.96,32
ACC_00182,1e9d5a33694bddb76316fd1f54734d20,Seller 1e9d5a33,jaciara,MT,Standard,Retail,1881083.84,21
ACC_00183,5e49e3a44bdeb5aab2684258bbd4f525,Seller 5e49e3a4,balenario camboriu,SC,Premium,Fashion,1233899.99,25
ACC_00184,8e34331b7eedd03be4e5d965c1956225,Seller 8e34331b,sao paulo,SP,Standard,Health & Beauty,337798.32,37
ACC_00185,aaed1309374718fdd995ee4c58c9dfcd,Seller aaed1309,timbo,SC,Standard,Sports,1230145.79,33
ACC_00186,11d4c477d09821164bca4f70a2eae031,Seller 11d4c477,ribeirao preto,SP,Premium,Home & Garden,1341603.1,18
ACC_00187,ff314fa6033cc68ec451c47aee2d6ba4,Seller ff314fa6,sao paulo,SP,Standard,Home & Garden,1588321.2,16
ACC_00188,d1c7fa84e48cfa21a0e595167c1c500e,Seller d1c7fa84,jacutinga,RS,Standard,Electronics,585312.67,22
ACC_00189,c7246702dc991a06d788120dc7544391,Seller c7246702,fortaleza,CE,Standard,Sports,89049.41,18
ACC_00190,e819bcfade7b5d88a27325eb6cfd62c5,Seller e819bcfa,guarulhos,SP,Premium,Electronics,938208.04,48
ACC_00191,6d2f2e3b539480db1e0842b3a4e32e6e,Seller 6d2f2e3b,guarulhos,SP,Standard,Home & Garden,1066299.9,48
ACC_00192,e88165a185134e13fdfc85d4fa654db8,Seller e88165a1,ferraz de  vasconcelos,SP,Premium,Retail,1499529.13,21
ACC_00193,9e6229250fedbe05838fef417b74e7fb,Seller 9e622925,mirandopolis,SP,Premium,Home & Garden,83269.56,42
ACC_00194,5abb8ea023c77787f2c15da891c8d384,Seller 5abb8ea0,joinville,SC,Premium,Retail,86644.03,19
ACC_00195,1d953075c2f0dd990bacf27b83b330f1,Seller 1d953075,belo horizonte,MG,Standard,Sports,100466.23,10
ACC_00196,817245bcc3badd82bbd222e0366951a6,Seller 817245bc,bauru,SP,Premium,Electronics,1440261.69,21
ACC_00197,caa9bc43a9fe8cf9c564ddd8a03cc4a6,Seller caa9bc43,jacarei,SP,Standard,Health & Beauty,914916.13,18
ACC_00198,615005a3ef192c00c6f0e977cee3d2bc,Seller 615005a3,itu,SP,Standard,Fashion,1464385.38,38
ACC_00199,1284de4ae8aa26997e748c851557cf0e,Seller 1284de4a,laranjeiras do sul,SP,Standard,Electronics,1411377.41,3
ACC_00200,5fd924b4836098a5be0ecf81ba054ce0,Seller 5fd924b4,sao paulo,SP,Enterprise,Home & Garden,1030595.99,28
ACC_00201,7178f9f4dd81dcef02f62acdf8151e01,Seller 7178f9f4,videira,SC,Standard,Home & Garden,744960.77,43
ACC_00202,8132b9bd16876e1b0f8808d43825dd48,Seller 8132b9bd,florianopolis,SC,Premium,Fashion,725388.78,44
ACC_00203,3f995f07c49d0d55a99d5c54957f7d81,Seller 3f995f07,itapecerica da serra,SP,Premium,Home & Garden,380235.32,38
ACC_00204,a6bd7d1ccdac48c6b33b28596b7eb122,Seller a6bd7d1c,mamanguape,PB,Standard,Health & Beauty,494084.24,33
ACC_00205,6650fcccd8cd2f7e55ffa524f30c4c59,Seller 6650fccc,sao paulo,SP,Premium,Home & Garden,330951.51,32
ACC_00206,3db66a856d18a9cba7c9241fc5221c50,Seller 3db66a85,ponte nova,MG,Standard,Retail,1634647.39,6
ACC_00207,8b181ee5518df84f18f4e1a43fe07923,Seller 8b181ee5,goioere,SP,Standard,Retail,541371.79,24
ACC_00208,10ff823eda2b032e2c93d17a7d294736,Seller 10ff823e,pederneiras,SP,Enterprise,Sports,1087116.71,41
ACC_00209,b4a476fbd28de64b1e347abf9089366a,Seller b4a476fb,itapevi,SP,Standard,Health & Beauty,1809358.54,32
ACC_00210,39c763cca83e654764b7a4a650fb9b7c,Seller 39c763cc,goiania,GO,Standard,Home & Garden,406098.61,37
ACC_00211,dadc51ef321949ec9a3ab25cd902e23d,Seller dadc51ef,sao paulo,SP,Standard,Sports,63725.77,9
ACC_00212,83b08de96980757220871b31bf6cffca,Seller 83b08de9,rio de janeiro,RJ,Premium,Home & Garden,652623.01,48
ACC_00213,14a08204d03bb6b6bde8029f801ae0eb,Seller 14a08204,sao paulo,SP,Premium,Electronics,1046578.53,39
ACC_00214,bee36b4f9a2b9fdcaff6ec05df202ed0,Seller bee36b4f,sao paulo,SP,Standard,Health & Beauty,1448083.42,41
ACC_00215,28872dc528e978a639754bc8c2ce5a4c,Seller 28872dc5,caxias do sul,RS,Standard,Fashion,375558.09,15
ACC_00216,c85d7b477a709c85a1e8b8f25aa1b270,Seller c85d7b47,sao bernardo do campo,SP,Standard,Electronics,1791136.52,24
ACC_00217,739c7d7be81f63812dea0d1b1451c651,Seller 739c7d7b,campina grande,PB,Standard,Sports,710729.92,22
ACC_00218,657969cca82e884d272385ec0ef06edd,Seller 657969cc,estancia velha,RS,Premium,Health & Beauty,1957814.81,24
ACC_00219,455befea1bb853c75ccbca94cff26e5c,Seller 455befea,resende,RJ,Premium,Retail,756540.55,22
ACC_00220,800214c63934acd05d47e84214db8ba8,Seller 800214c6,jaragua do sul,SC,Standard,Health & Beauty,1660147.35,29
ACC_00221,5cf1ec37aea089f45110c70653a166ab,Seller 5cf1ec37,sao paulo,SP,Standard,Health & Beauty,1675742.35,22
ACC_00222,0a82f5fb06a4fe4ac2cf7cb412ec71b8,Seller 0a82f5fb,sao paulo,SP,Premium,Home & Garden,1486539.24,17
ACC_00223,e45edf75f568ed2f93f78d060e246e25,Seller e45edf75,rio de janeiro,RJ,Premium,Fashion,609189.38,14
ACC_00224,3d621842b2ed28e2b474132480edac3c,Seller 3d621842,sao paulo,SP,Premium,Health & Beauty,1187093.7,39
ACC_00225,baf15155e37ef5492731459bdc05be8a,Seller baf15155,sao paulo,SP,Standard,Sports,1039287.04,6
ACC_00226,c0aff2da32c17759d30b22fb0af6649d,Seller c0aff2da,florianopolis,SC,Premium,Health & Beauty,604131.88,31
ACC_00227,a17f621c590ea0fab3d5d883e1630ec6,Seller a17f621c,sorocaba,SP,Enterprise,Electronics,524632.66,15
ACC_00228,4deebb3199eeafb282ae33229144f94b,Seller 4deebb31,sao paulo,SP,Standard,Home & Garden,145075.51,9
ACC_00229,9d69ba0a7a626a64dc5db08e529559cf,Seller 9d69ba0a,ribeirao preto,SP,Standard,Fashion,1283377.6,42
ACC_00230,f92d8c817434bd2d84d4e9c61322b7fa,Seller f92d8c81,sorocaba,SP,Premium,Retail,1151808.81,36
ACC_00231,8ca5b19e0263150d2c57afdde2b3d011,Seller 8ca5b19e,maua,SP,Standard,Electronics,740091.34,29
ACC_00232,eec3469d83e142f9a104886655338c37,Seller eec3469d,bauru,SP,Standard,Electronics,922648.22,34
ACC_00233,55bb6fe5bebe5012e2d7d9928e1128ff,Seller 55bb6fe5,bauru,SP,Standard,Home & Garden,1024599.17,35
ACC_00234,d180e07dc1e58c31c3f0cd599dc4d945,Seller d180e07d,belo horizonte,MG,Premium,Fashion,1854810.0,49
ACC_00235,d6b1ce66b035a475f00c017792ff9769,Seller d6b1ce66,salto,SP,Standard,Home & Garden,65991.97,26
ACC_00236,3aa3c89ae3cd482385568be76120f63c,Seller 3aa3c89a,goiania,GO,Premium,Fashion,1998535.62,5
ACC_00237,fe4cd9461203cee790d36792420b310f,Seller fe4cd946,caratinga,MG,Standard,Electronics,400627.98,16
ACC_00238,c3aad7dc65449ae90a5e9c3c6c1e78e0,Seller c3aad7dc,auriflama/sp,SP,Enterprise,Home & Garden,1375310.8,20
ACC_00239,f5fea3ffed6c2e889bab72705557c63a,Seller f5fea3ff,rio de janeiro,RJ,Standard,Electronics,167505.97,30
ACC_00240,ececbfcff9804a2d6b40f589df8eef2b,Seller ececbfcf,franca,SP,Standard,Electronics,334044.22,4
ACC_00241,a254c682cc01e119f83530446f1df9a9,Seller a254c682,cafelandia,SP,Standard,Electronics,99065.25,10
ACC_00242,830379336fad8c6f3b15a4a3ddb5c66e,Seller 83037933,sao paulo,SP,Standard,Sports,196790.75,30
ACC_00243,7d13fca15225358621be4086e1eb0964,Seller 7d13fca1,ribeirao preto,SP,Enterprise,Retail,1781110.96,16
ACC_00244,1b4c3a6f53068f0b6944d2d005c9fc89,Seller 1b4c3a6f,sao ludgero,SC,Standard,Sports,182066.25,32
ACC_00245,b92e3c8f9738272ff7c59e111e108d7c,Seller b92e3c8f,uba,MG,Premium,Retail,1377650.88,17
ACC_00246,b8555308bfdb4ca1ed54325a58da9a97,Seller b8555308,sao bernardo do campo,SP,Premium,Retail,889747.41,41
ACC_00247,71593c7413973a1e160057b80d4958f6,Seller 71593c74,sao paulo / sao paulo,SP,Standard,Electronics,1807703.48,19
ACC_00248,1dc2de47ee26a0a5b12dc14fd6dc0dea,Seller 1dc2de47,ibitinga,SP,Standard,Fashion,1891717.56,12
ACC_00249,6c6e3d67f969468f3bfd33f827a31222,Seller 6c6e3d67,maringa,PR,Standard,Fashion,682562.3,31
ACC_00250,66d5ae34537110d3affc56174dad2b2f,Seller 66d5ae34,sao jose do rio preto,SP,Standard,Health & Beauty,509173.33,11
ACC_00251,781a66c0d89e30814d49fe8b5e14cd07,Seller 781a66c0,campinas,SP,Premium,Health & Beauty,1661664.84,40
ACC_00252,a4bd6e9adf39b63f43dc545d3ca1f53d,Seller a4bd6e9a,rio de janeiro,RJ,Enterprise,Sports,1431605.55,1
ACC_00253,f88adb15807168d3c43d71021090ce4a,Seller f88adb15,porto ferreira,SP,Standard,Electronics,1973279.48,32
ACC_00254,fa8d335d68129e464e60c1826a683e96,Seller fa8d335d,tres coroas,RS,Standard,Electronics,482354.27,7
ACC_00255,f12d3c2a14729ae461b920c11fe20fdc,Seller f12d3c2a,santo andre,SP,Standard,Sports,1710444.78,21
ACC_00256,4917cee8d902e13428c3ec4b1ca6f315,Seller 4917cee8,blumenau,SC,Standard,Home & Garden,1741538.29,44
ACC_00257,741f8c587cb4248ebc5b779a0e8e0e51,Seller 741f8c58,santo andre,SP,Standard,Home & Garden,1552323.6,35
ACC_00258,4bcec44888b30ba9001234c534716d3f,Seller 4bcec448,santo andre,SP,Premium,Fashion,1516227.52,29
ACC_00259,a663d9c3797e90eac99ff60939416a56,Seller a663d9c3,sao paulo,SP,Standard,Fashion,753584.72,40
ACC_00260,dff87e4de60c9736ce8df835951b09bc,Seller dff87e4d,sao paulo,SP,Standard,Health & Beauty,1699331.15,9
ACC_00261,ac1ed5fc15901fbc92920361eb4ab350,Seller ac1ed5fc,sao paulo,SP,Enterprise,Health & Beauty,1259342.23,11
ACC_00262,f9903dd0f812c7e771fcad47b6fff231,Seller f9903dd0,blumenau,SC,Standard,Retail,535666.84,34
ACC_00263,ac9b01377919cdbd2a1bbb8d5837c70b,Seller ac9b0137,mogi das cruzes,SP,Standard,Home & Garden,1443711.67,27
ACC_00264,5011f0d93373a4c5753adf58ca77af8d,Seller 5011f0d9,santos,SP,Standard,Fashion,170528.21,3
ACC_00265,a4e634166243bbb3a13fa584463fa468,Seller a4e63416,osasco,SP,Standard,Sports,1805587.67,37
ACC_00266,50bf89f1349bc0409a268c3a49678009,Seller 50bf89f1,jaci,SP,Premium,Health & Beauty,744482.41,23
ACC_00267,50c9975695009e5e6473912e83a6d1da,Seller 50c99756,claudio,MG,Standard,Fashion,283057.45,45
ACC_00268,42d4b7e70819438f5ada61c965e92d7e,Seller 42d4b7e7,goiania,GO,Standard,Home & Garden,109968.35,8
ACC_00269,7aa4334be125fcdd2ba64b3180029f14,Seller 7aa4334b,laranjal paulista,SP,Standard,Sports,1885749.8,3
ACC_00270,b14db04aa7881970e83ffa9426897925,Seller b14db04a,sorocaba,SP,Premium,Fashion,1326685.52,41
ACC_00271,fac1a9017ade7bdc94058fc1c969f355,Seller fac1a901,sao paulo,SP,Standard,Electronics,1828123.42,11
ACC_00272,31ae0774c17fabd06ff707cc5bde005f,Seller 31ae0774,americana,SP,Standard,Fashion,1826026.76,29
ACC_00273,f0ec6a2adb05c62655a26dd347b8dede,Seller f0ec6a2a,sao paulo,SP,Standard,Home & Garden,370845.24,39
ACC_00274,cc1f04647be106ba74e62b21f358af25,Seller cc1f0464,sao paulo,SP,Enterprise,Fashion,1135261.45,24
ACC_00275,1099a00e0ee3a50935e6c2447ca090c5,Seller 1099a00e,rio de janeiro,RJ,Enterprise,Retail,1447433.05,22
ACC_00276,3d700782d7818f2c1e0d7a9e9d75fc00,Seller 3d700782,sertanopolis,SP,Premium,Fashion,1043343.48,40
ACC_00277,a3e9a2c700480d9bb01fba070ba80a0e,Seller a3e9a2c7,ibitinga,SP,Standard,Health & Beauty,1689465.49,49
ACC_00278,c3f5668699a1b04c0fa61ecea1e2bff6,Seller c3f56686,apucarana,PR,Standard,Sports,86868.28,31
ACC_00279,80f2cf9abf6b5a0e5c612b5eea6646e6,Seller 80f2cf9a,sao jose do rio preto,SP,Premium,Fashion,730863.69,42
ACC_00280,516e7738bd8f735ac19a010ee5450d8d,Seller 516e7738,rio de janeiro,RJ,Standard,Home & Garden,601902.52,34
ACC_00281,4fe2f67634d00c021aa01f96b6f2d68e,Seller 4fe2f676,maringa,PR,Premium,Electronics,1850187.11,10
ACC_00282,9f505651f4a6abe901a56cdc21508025,Seller 9f505651,sao paulo,SP,Premium,Electronics,1349873.7,11
ACC_00283,17adeba047385fb0c67d8e90b4296d21,Seller 17adeba0,guarulhos,SP,Premium,Retail,1360527.42,35
ACC_00284,7142540dd4c91e2237acb7e911c4eba2,Seller 7142540d,penapolis,SP,Standard,Fashion,1840778.34,9
ACC_00285,c04d70d515d15a7e3db3a73320598566,Seller c04d70d5,niteroi,RJ,Standard,Sports,635248.16,26
ACC_00286,a3a38f4affed601eb87a97788c949667,Seller a3a38f4a,joinville,SC,Standard,Retail,1660085.7,15
ACC_00287,744dac408745240a2c2528fb1b6028f3,Seller 744dac40,colombo,PR,Standard,Electronics,518795.28,20
ACC_00288,9b013e03b2ab786505a1d3b5c0756754,Seller 9b013e03,vicente de carvalho,SP,Enterprise,Retail,1940628.46,38
ACC_00289,8b9d6eec4a7eb7d0f9d579ce0b38324d,Seller 8b9d6eec,mesquita,RJ,Standard,Fashion,515443.5,36
ACC_00290,38e679b9e0064cd94c6f035707344dae,Seller 38e679b9,londrina,PR,Premium,Sports,785043.46,38
ACC_00291,5444b12c82f21c923f2639ebc722c1ea,Seller 5444b12c,sao pauo,SP,Standard,Retail,1956931.97,7
ACC_00292,83deb69e889cf80f82be1dc6d5f2d486,Seller 83deb69e,florianopolis,SC,Premium,Electronics,66489.47,37
ACC_00293,54aa8463e87776b5612f4bdc4bd5d4de,Seller 54aa8463,belo horizonte,MG,Standard,Fashion,998994.42,45
ACC_00294,2e7ea2aafec5835e781b21d6d1faf1f1,Seller 2e7ea2aa,sao paulo,SP,Standard,Electronics,334281.59,21
ACC_00295,79ebd9a61bac3eaf882805ed4ecfa12a,Seller 79ebd9a6,cascavel,PR,Standard,Sports,1543988.57,40
ACC_00296,1cbd50a8c52e6cf8e315c5709fab386f,Seller 1cbd50a8,fazenda rio grande,PR,Standard,Retail,1493487.23,28
ACC_00297,e503f22be6a4f456d9851920a5d9c670,Seller e503f22b,sao paulo,SP,Standard,Fashion,946817.3,48
ACC_00298,88af55b4a7ca402b27df16f7c7c9b5d2,Seller 88af55b4,taboao da serra,SP,Standard,Fashion,825131.01,11
ACC_00299,5f3ae9136c875522250f8184f253413a,Seller 5f3ae913,sao paulo,SP,Standard,Home & Garden,1685099.29,2
ACC_00300,b026643914f651e8371425e5b8a1e780,Seller b0266439,rio de janeiro,RJ,Standard,Home & Garden,1504201.56,14
ACC_00301,26af45f5dfd967225a832838aa4e24a3,Seller 26af45f5,curitiba,PR,Standard,Home & Garden,778191.63,12
ACC_00302,9dd459b29a14bf89d47183cf2cd0e4c7,Seller 9dd459b2,sao paulo,SP,Standard,Fashion,1141767.35,23
ACC_00303,8e6d7754bc7e0f22c96d255ebda59eba,Seller 8e6d7754,sao jose dos campos,SP,Enterprise,Retail,52180.49,9
ACC_00304,e250d617a0ad591ba9bd663e584a895d,Seller e250d617,guarulhos,SP,Standard,Sports,1637934.46,30
ACC_00305,92c8bc6e8f925792247656fed09aad65,Seller 92c8bc6e,sao paulo,SP,Standard,Sports,1769776.1,38
ACC_00306,e53d5b9b29d1218281f4a907ada18626,Seller e53d5b9b,toledo,PR,Standard,Fashion,1529851.63,8
ACC_00307,3ca08eeb8d5595949fed424bd3677742,Seller 3ca08eeb,curitiba,PR,Premium,Fashion,771936.45,2
ACC_00308,cbd996ad3c1b7dc71fd0e5f5df9087e2,Seller cbd996ad,sao jose do rio preto,SP,Standard,Fashion,509092.27,9
ACC_00309,8daab2245ebdc277c51098d01c5ad8ef,Seller 8daab224,sao paulo,SP,Standard,Electronics,1270346.47,5
ACC_00310,15b3b1b81484422eb41df68ac87f1f50,Seller 15b3b1b8,bauru,SP,Premium,Electronics,1768544.03,15
ACC_00311,e067ad2c1c0b48758eb1b5228bcf7a68,Seller e067ad2c,santos,SP,Standard,Retail,703314.85,32
ACC_00312,f626e15b7314c267e4429010866f70e9,Seller f626e15b,marechal candido rondon,SP,Premium,Sports,470562.0,8
ACC_00313,f1fd5ab1181f827ffad998c1a5de7d74,Seller f1fd5ab1,curitiba,PR,Premium,Sports,608650.58,3
ACC_00314,a7c88262832dfc683781d6a421edefae,Seller a7c88262,mogi das cruzes,SP,Premium,Sports,1280284.73,35
ACC_00315,6b1c4d4d9ccf0be3d8544eb0e71e5318,Seller 6b1c4d4d,porto alegre,RS,Standard,Fashion,129467.02,7
ACC_00316,4e85b538b0dad58852641540686d0e14,Seller 4e85b538,sao jose dos campos,SP,Standard,Sports,872163.01,35
ACC_00317,093805f8f2aeb63881444571e1f48f30,Seller 093805f8,osasco,SP,Standard,Retail,108011.79,48
ACC_00318,5acd070dd3fe441bbb2ec1f1ede515ee,Seller 5acd070d,jundiai,SP,Premium,Health & Beauty,1721008.04,7
ACC_00319,3c010235b7345c92f125d14ee232a76b,Seller 3c010235,mandirituba,PR,Standard,Fashion,586725.9,46
ACC_00320,cb9fb4ca75d7ba8437480e8dde64fe98,Seller cb9fb4ca,sao paulo,SP,Standard,Electronics,1774680.88,1
ACC_00321,ce33c6211beaa8fef4cae8b52db39862,Seller ce33c621,suzano,SP,Premium,Home & Garden,1842657.23,8
ACC_00322,081acf3de680d554796c9cf041be7bc2,Seller 081acf3d,vespasiano,MG,Standard,Electronics,576723.61,37
ACC_00323,6989574bd97d9773f10d232b6c07da59,Seller 6989574b,curitiba,PR,Standard,Sports,261119.48,39
ACC_00324,535bf14f36346c7f59d87cece104d70c,Seller 535bf14f,rio de janeiro,RJ,Premium,Retail,1637101.41,19
ACC_00325,8501d82f68d23148b6d78bb7c4a42037,Seller 8501d82f,blumenau,SC,Standard,Retail,1810192.84,47
ACC_00326,7f02656561b680def9986c0795a8a080,Seller 7f026565,sao paulo,SP,Premium,Fashion,1358199.33,18
ACC_00327,57a834594e1e9e9219603bfec184eadc,Seller 57a83459,santa rosa,RS,Premium,Electronics,405753.53,46
ACC_00328,8fd3b4468f6425810648177996c14cbd,Seller 8fd3b446,sao jose do rio preto,SP,Premium,Retail,61273.59,14
ACC_00329,6d803cb79cc31c41c4c789a75933b3c7,Seller 6d803cb7,sao joaquim da barra,SP,Premium,Home & Garden,169572.56,23
ACC_00330,5f2684dab12e59f83bef73ae57724e45,Seller 5f2684da,sao paulo,SP,Standard,Sports,1767943.08,6
ACC_00331,713e3a23ca5e47786eb6f0d99f94cfac,Seller 713e3a23,curitiba,PR,Standard,Retail,1293875.44,14
ACC_00332,f97e2b0650c2068227e1d366140eb62f,Seller f97e2b06,santo antonio de posse,SP,Standard,Sports,1222867.01,26
ACC_00333,8b321bb669392f5163d04c59e235e066,Seller 8b321bb6,sao paulo,SP,Premium,Fashion,1468431.8,7
ACC_00334,32f83ffe11cd40f7adcf4eef171f52d9,Seller 32f83ffe,uruguaiana,RS,Standard,Sports,98592.4,22
ACC_00335,76d64c4aca3a7baf218bf93ef7fa768d,Seller 76d64c4a,curitiba,PR,Premium,Retail,280874.11,32
ACC_00336,d06d019f72a04e5497a0b64190af170c,Seller d06d019f,cotia,SP,Premium,Fashion,1957248.49,39
ACC_00337,ec80e49e69745ab6c14f984bf2149423,Seller ec80e49e,limeira,SP,Standard,Sports,1586053.43,4
ACC_00338,f8f35af4634605e6693c17cc3ffff5a8,Seller f8f35af4,campanha,MG,Premium,Health & Beauty,1690997.8,48
ACC_00339,004c9cd9d87a3c30c522c48c4fc07416,Seller 004c9cd9,ibitinga,SP,Standard,Retail,1326663.64,38
ACC_00340,3bdff180c7e1f6551a643b99c265a120,Seller 3bdff180,sao paulo,SP,Premium,Retail,1463040.16,10
ACC_00341,6b89abe95848c850399130d149a39b63,Seller 6b89abe9,piracanjuba,GO,Standard,Fashion,1033128.88,7
ACC_00342,aced59e9b31ef866a94f9e7f29d8d418,Seller aced59e9,sao paulo,SP,Enterprise,Sports,315588.11,16
ACC_00343,b4f8921fcc4ff77b66bea6dda43dcd51,Seller b4f8921f,caxias do sul,RS,Enterprise,Fashion,1472112.68,23
ACC_00344,d2572f31e9023e9850ef986a636ff9bf,Seller d2572f31,belo horizonte,MG,Premium,Home & Garden,500810.4,30
ACC_00345,c731d18cea9bf687ffee82a241c25b11,Seller c731d18c,concordia,SC,Standard,Retail,339192.04,17
ACC_00346,3dc69bf2c42f0568a5c4791ec3fd3745,Seller 3dc69bf2,sao paulo,SP,Standard,Health & Beauty,1162485.72,19
ACC_00347,d8d9567d0bfb0bc7eb845a205ba42657,Seller d8d9567d,sao paulo,SP,Premium,Fashion,1520254.8,46
ACC_00348,0daf5180aa44356f60f8effa533b55a2,Seller 0daf5180,goiania,GO,Premium,Health & Beauty,939892.75,35
ACC_00349,5194c22ed1f616ec0c0f33c571542879,Seller 5194c22e,santa rita do sapucai,MG,Standard,Sports,1004163.08,9
ACC_00350,fe8055980a4ff7f64ed889c2b5926929,Seller fe805598,curitiba,PR,Premium,Fashion,1366855.69,29
ACC_00351,c42fd8e4d47dfb18ce5222f2dd7752f9,Seller c42fd8e4,osasco,SP,Enterprise,Home & Garden,889795.28,45
ACC_00352,671585f5a2af58b6e276bc01003c0d2b,Seller 671585f5,curitiba,PR,Standard,Health & Beauty,1167496.53,37
ACC_00353,2dd1fb6f0e42a2243b8a01e40cd41216,Seller 2dd1fb6f,curitiba,PR,Standard,Health & Beauty,1535040.29,8
ACC_00354,a7c53f6b3b61adbdaa99dda97e8cbd56,Seller a7c53f6b,barretos,SP,Standard,Electronics,409533.13,5
ACC_00355,a11a0e0ca67423425691db355cff69b0,Seller a11a0e0c,indaiatuba,SP,Standard,Fashion,1372680.41,40
ACC_00356,5bffbafbb22daf6d3bfc216a46db8708,Seller 5bffbafb,nilopolis,RJ,Premium,Retail,1603168.56,10
ACC_00357,fc0b214b59a83615fea981c6424a02ae,Seller fc0b214b,maua,SP,Standard,Fashion,177921.61,31
ACC_00358,011b0eaba87386a2ae96a7d32bb531d1,Seller 011b0eab,pompeia,SP,Standard,Sports,407460.56,7
ACC_00359,43753b27d77860f1654aa72e251a7878,Seller 43753b27,barro alto,BA,Standard,Home & Garden,258274.21,38
ACC_00360,822b63912576852aea9a8436d72317b7,Seller 822b6391,mogi guacu,SP,Standard,Home & Garden,1754615.22,42
ACC_00361,a3fa18b3f688ec0fca3eb8bfcbd2d5b3,Seller a3fa18b3,são paulo,SP,Standard,Electronics,1238805.65,5
ACC_00362,5587130f9850696ed7fafbc91c2cee44,Seller 5587130f,sao paulo,SP,Standard,Retail,467154.32,18
ACC_00363,9c1c0c36cd23c20897e473901a8fb149,Seller 9c1c0c36,praia grande,SP,Premium,Home & Garden,1734373.73,37
ACC_00364,34a557286ead8fe75c989e0afcf7d98c,Seller 34a55728,franca,SP,Standard,Home & Garden,1073631.03,43
ACC_00365,c716e0b86ed568878475b60fbb6323ad,Seller c716e0b8,rio de janeiro,SP,Premium,Fashion,1935614.59,22
ACC_00366,455c5640e8c5bd1b2ee85c0158f85727,Seller 455c5640,luiz alves,SC,Standard,Electronics,197561.5,21
ACC_00367,87d30a6a0cbf89356e49324971ab1d24,Seller 87d30a6a,sao paulo,SP,Enterprise,Sports,1458224.41,14
ACC_00368,217f005bb37ff3aeef5b2ae1788e75ba,Seller 217f005b,osasco,SP,Standard,Home & Garden,1986145.23,10
ACC_00369,cac4e0bc1a3269fa2b6ea5e763f6115b,Seller cac4e0bc,brusque,SC,Standard,Retail,129115.53,27
ACC_00370,8ec76bb0965af3f007692b26fa9d6623,Seller 8ec76bb0,criciuma,SC,Standard,Electronics,376825.47,25
ACC_00371,aba1721a889e04decc910aa13b768ef4,Seller aba1721a,sao paulo,SP,Standard,Retail,328794.58,49
ACC_00372,7238f877570096ae403c51898fa64566,Seller 7238f877,santana de parnaiba,SP,Standard,Sports,292216.72,19
ACC_00373,044668ccd5316b12a7cf0d54a156e3e9,Seller 044668cc,osasco,SP,Standard,Fashion,1584991.08,14
ACC_00374,643c01d7c56a724bec0454f4780e8a3e,Seller 643c01d7,joinville,SC,Standard,Health & Beauty,1078945.96,3
ACC_00375,cab85505710c7cb9b720bceb52b01cee,Seller cab85505,sao paulo,SP,Standard,Sports,739311.87,4
ACC_00376,312ba1d77e9c332ef21f9598b7f64cd7,Seller 312ba1d7,guarulhos,SP,Standard,Retail,637101.15,19
ACC_00377,8c3b533c63cca56240f94f1e3a6b18ef,Seller 8c3b533c,belo horizonte,MG,Premium,Electronics,287876.12,36
ACC_00378,1fdc574883ef3b33ad41562d93f3a74a,Seller 1fdc5748,limeira,SP,Standard,Home & Garden,1176673.84,32
ACC_00379,9a03a4e9eb0b947652fae4f6121a3f5e,Seller 9a03a4e9,catanduva,SP,Enterprise,Home & Garden,1638858.91,16
ACC_00380,33cbda8716511e27e556dff9d8418bf2,Seller 33cbda87,blumenau,SC,Premium,Health & Beauty,362140.27,10
ACC_00381,6cd68b3ed6d59aaa9fece558ad360c0a,Seller 6cd68b3e,belo horizonte,MG,Standard,Fashion,1237290.26,47
ACC_00382,3df020b72d3d44b3af9d110fa3940b65,Seller 3df020b7,jales,SP,Premium,Home & Garden,1083969.75,23
ACC_00383,537eb890efff034a88679788b647c564,Seller 537eb890,rio de janeiro,RJ,Enterprise,Electronics,1778302.65,24
ACC_00384,89de2d6f23e9746ff309705b23581faa,Seller 89de2d6f,londrina,PR,Premium,Health & Beauty,1000684.12,44
ACC_00385,c611f4ce9ce875bcc063fa97fd4d7d12,Seller c611f4ce,atibaia,SP,Standard,Sports,1179175.18,17
ACC_00386,4be2e7f96b4fd749d52dff41f80e39dd,Seller 4be2e7f9,rio branco,AC,Standard,Home & Garden,961118.52,6
ACC_00387,3bfba5a77604f6dfae7e6dd7aaf65821,Seller 3bfba5a7,londrina,PR,Standard,Electronics,1240754.53,14
ACC_00388,48fb026ed7455a42f5d3e9390ed5088e,Seller 48fb026e,barra mansa,RJ,Premium,Home & Garden,952853.5,26
ACC_00389,0d33a55da925bbf1ff02af5f6059fc7f,Seller 0d33a55d,sao paulo,SP,Premium,Sports,679713.0,9
ACC_00390,cea729054f157f5870bdd321a958d994,Seller cea72905,sao paulo,SP,Standard,Sports,1538043.34,35
ACC_00391,955fee9216a65b617aa5c0531780ce60,Seller 955fee92,sao paulo,SP,Standard,Sports,460222.91,3
ACC_00392,0f0c984a4a955310903b6b6008660bad,Seller 0f0c984a,franca,SP,Standard,Sports,706346.81,33
ACC_00393,f805b96fa705ba7995a221f1749dc141,Seller f805b96f,maringa,PR,Premium,Fashion,1170969.87,39
ACC_00394,751bdc4d83a466c7206cd42e8f426b03,Seller 751bdc4d,ribeirao pires,SP,Standard,Sports,672781.69,26
ACC_00395,2f4b0d3b9634b647d4edee577d7ebb7e,Seller 2f4b0d3b,sao paulo,SP,Standard,Home & Garden,517001.58,26
ACC_00396,ba5daa4041e1f15cdf34b76e3e18a450,Seller ba5daa40,sao paulo,SP,Standard,Retail,1776410.93,49
ACC_00397,6e386f64c84e482f0b9abf960797ee1b,Seller 6e386f64,sao paulo,SP,Enterprise,Home & Garden,1202963.64,21
ACC_00398,83c465a786b06574376909b35ef6752a,Seller 83c465a7,sao carlos,SP,Standard,Electronics,1757297.94,46
ACC_00399,d93b8458c6fe139d85cfa5eadbf55bd2,Seller d93b8458,sao paulo,SP,Premium,Retail,1138719.72,29
ACC_00400,71592660bbcb6a4664e97b6f8b68babc,Seller 71592660,sao jose do rio preto,SP,Standard,Fashion,901496.57,30
ACC_00401,6a53b90c3ad9e0b56d9fe5c69165fff5,Seller 6a53b90c,curitiba,PR,Standard,Fashion,231826.33,7
ACC_00402,38f276ca6e7cc95a6d1bb55ac9e5550f,Seller 38f276ca,marilia,SP,Standard,Home & Garden,1696263.33,11
ACC_00403,eae9af4811c294c56795d70e715b7337,Seller eae9af48,sao paulo,SP,Standard,Home & Garden,1785440.8,5
ACC_00404,039b29ff3b3473435d0cd59040575de9,Seller 039b29ff,ribeirao pires,SP,Premium,Health & Beauty,97701.62,47
ACC_00405,ac51cac5e20d69ff485a54746488ef48,Seller ac51cac5,ribeirao preto,SP,Premium,Fashion,1675985.27,14
ACC_00406,4221a7df464f1fe2955934e30ff3a5a1,Seller 4221a7df,bahia,BA,Premium,Retail,262375.64,22
ACC_00407,48e954b2da4f6a750c844173b347ed40,Seller 48e954b2,porto alegre,RS,Standard,Electronics,1738771.48,6
ACC_00408,fc4751cfe3b279c419615b9b00c1abb4,Seller fc4751cf,londrina,PR,Enterprise,Home & Garden,1421975.2,38
ACC_00409,e1a210d482714ce337763a19aef94ba4,Seller e1a210d4,cascavel,PR,Standard,Home & Garden,1725481.26,49
ACC_00410,085f6f7e049c996695fb2074fe38d45e,Seller 085f6f7e,taubate,SP,Standard,Health & Beauty,1835335.37,11
ACC_00411,34675b28b826facfde119785bf287dc1,Seller 34675b28,cascavael,PR,Standard,Retail,1207247.17,37
ACC_00412,7d7866a99a8656a42c7ff6352a433410,Seller 7d7866a9,sao paulo,SP,Premium,Fashion,1237108.98,49
ACC_00413,5a93f3ab0ef4c84ed5e1b5dbf23978bc,Seller 5a93f3ab,monteiro lobato,SP,Premium,Retail,1754626.09,32
ACC_00414,64cc804291f90c81f02bfc2bb58ff55a,Seller 64cc8042,curitiba,PR,Standard,Home & Garden,1484147.66,49
ACC_00415,5f57db27027655e6c6a391601daa0258,Seller 5f57db27,viana,ES,Standard,Sports,296745.56,10
ACC_00416,e1b12447a7563944843191754aeb5562,Seller e1b12447,guarulhos,SP,Standard,Electronics,1381179.97,43
ACC_00417,2f3d8b4c9e2ee165075331fea3f3095a,Seller 2f3d8b4c,sao jose,SC,Premium,Electronics,1137791.13,21
ACC_00418,1fe5540d7c1c37a595fefbacd5570d9e,Seller 1fe5540d,paraiba do sul,RJ,Standard,Retail,1097157.89,1
ACC_00419,d3f39f05462b79a4562d35893a28f159,Seller d3f39f05,mococa,SP,Standard,Health & Beauty,1431647.46,39
ACC_00420,528ce32f560edd11add4169f6a5b65be,Seller 528ce32f,sao roque,SP,Enterprise,Retail,1146548.47,13
ACC_00421,b86a47b3366e3b5424a7b225781f4908,Seller b86a47b3,passos,MG,Standard,Sports,63122.76,22
ACC_00422,0176f73cc1195f367f7b32db1e5b3aa8,Seller 0176f73c,ibitinga,SP,Enterprise,Home & Garden,206160.77,6
ACC_00423,01cf7e3d21494c41fb86034f2e714fa1,Seller 01cf7e3d,francisco beltrao,PR,Standard,Sports,1019462.45,36
ACC_00424,ceaec5548eefc6e23e6607c5435102e7,Seller ceaec554,sao paulo,SP,Standard,Health & Beauty,927687.89,41
ACC_00425,c8771b1a10bb99bb34d3c459c5cffb53,Seller c8771b1a,tocantins,SP,Standard,Home & Garden,1083735.63,17
ACC_00426,2d42ebcda99fd55f6f4bc2f1ca035d50,Seller 2d42ebcd,uruacu,GO,Standard,Retail,552647.58,16
ACC_00427,e9bc59e7b60fc3063eb2290deda4cced,Seller e9bc59e7,maringa,PR,Standard,Health & Beauty,777325.12,5
ACC_00428,13d95f0f6f73943d4ceffad0fc2cd32c,Seller 13d95f0f,goiania,GO,Premium,Sports,1118093.51,45
ACC_00429,6f229cc508fc6915ed5c499efd93baa4,Seller 6f229cc5,rio de janeiro,RJ,Premium,Electronics,1394854.31,38
ACC_00430,83f2b4881141ce3fcd4e985125d3279e,Seller 83f2b488,ribeirao preto,SP,Standard,Health & Beauty,1177479.81,32
ACC_00431,c8c1bea22194a4eefa2dc9a9fa89f536,Seller c8c1bea2,porto belo,SC,Standard,Electronics,1545621.29,43
ACC_00432,b0b346d3a89f5eb4c2968af3f083cd43,Seller b0b346d3,campinas,SP,Enterprise,Fashion,113079.46,49
ACC_00433,a0415d9b25ede3c4b1e477e9916ffc03,Seller a0415d9b,nova iguacu,RJ,Premium,Sports,1961309.19,45
ACC_00434,3dfd3dc96f7f8598eca74e9ac8a2fa31,Seller 3dfd3dc9,sao paulo,SP,Standard,Retail,1575476.68,24
ACC_00435,e5545d4d4473876ea78c5bcebca365c3,Seller e5545d4d,marilia,SP,Standard,Electronics,1301246.11,16
ACC_00436,fa1a9dec3a9940c072684a46728bf1fc,Seller fa1a9dec,icara,SC,Standard,Sports,898465.95,23
ACC_00437,6ddc28b61be28373b4503a1f61cf98a9,Seller 6ddc28b6,sao paulo,SP,Enterprise,Sports,1149079.33,18
ACC_00438,c5ebe6598748b0aeaa61cfb820478b92,Seller c5ebe659,lajeado,RS,Standard,Sports,637013.83,1
ACC_00439,5670f4db5b62c43d542e1b2d56b0cf7c,Seller 5670f4db,sao paulo,SP,Standard,Home & Garden,455090.27,19
ACC_00440,e1c76f339ebd5460999f25a2aa8c92c5,Seller e1c76f33,sao paulo,SP,Standard,Home & Garden,1033700.2,13
ACC_00441,cb8bcce248bb1fb274ba762d8b971456,Seller cb8bcce2,santa rita do sapucai,MG,Standard,Health & Beauty,697551.14,38
ACC_00442,6524b847b982cd56bb5d4b02b776ee42,Seller 6524b847,campinas,SP,Standard,Health & Beauty,1738915.01,36
ACC_00443,610f72e407cdd7caaa2f8167b0163fd8,Seller 610f72e4,sao paulo,SP,Standard,Sports,945580.29,33
ACC_00444,b6d44737c043328708f6749c2dbe50bd,Seller b6d44737,santo andre,SP,Standard,Electronics,418487.6,37
ACC_00445,972d0f9cf61b499a4812cf0bfa3ad3c4,Seller 972d0f9c,brusque,SC,Premium,Retail,300062.68,46
ACC_00446,8c91bfea4263b8fba54081460693e2a1,Seller 8c91bfea,horizontina,RS,Standard,Fashion,1777082.97,34
ACC_00447,38af8acfd46ac4a7bf754e8ca6736664,Seller 38af8acf,sao paulo,SP,Standard,Fashion,1081404.65,16
ACC_00448,d90fe2229fee1a5da999ccd0c06c1667,Seller d90fe222,sao paulo,SP,Enterprise,Fashion,1804866.89,37
ACC_00449,75fdd0a732287f9497b179f6bd445d32,Seller 75fdd0a7,maua,SP,Standard,Retail,1268034.16,6
ACC_00450,5b2e94f2c22b39ccc24d34ad0f669672,Seller 5b2e94f2,sao paulo,SP,Standard,Home & Garden,1120492.94,33
ACC_00451,9ac75591b69c3402684b6ce0310f22ee,Seller 9ac75591,sao paulo,SP,Premium,Fashion,1312182.87,17
ACC_00452,e5bd51692380fd8cabb19b756b95e714,Seller e5bd5169,santo andre,SP,Standard,Retail,1292939.02,44
ACC_00453,cfb1a033743668a192316f3c6d1d2671,Seller cfb1a033,votorantim,SP,Standard,Retail,1392650.23,13
ACC_00454,adcf50477d6a1f5d91bb9d54c4903cb5,Seller adcf5047,claudio,MG,Premium,Sports,1882786.67,16
ACC_00455,8476243f92442881ddd5b578975cf115,Seller 8476243f,campo bom,RS,Premium,Sports,1719368.4,21
ACC_00456,f2336e113377dd21c744d9c4fc8293a9,Seller f2336e11,sao paulo,SP,Standard,Electronics,1364835.42,49
ACC_00457,f25e239052084705e17a982bc600ab2a,Seller f25e2390,sao paulo,SP,Premium,Health & Beauty,94181.47,42
ACC_00458,714b9a1332840f257b49f476bea4e341,Seller 714b9a13,monte alto,SP,Standard,Retail,1154005.57,31
ACC_00459,89d9a386b0b6e5fc8403071b03f7206a,Seller 89d9a386,sao paulo,SP,Standard,Health & Beauty,124524.13,5
ACC_00460,bd15ee794d5e640d9dd71b665b2ab15b,Seller bd15ee79,ribeirao preto,SP,Standard,Home & Garden,1862621.17,3
ACC_00461,f326006815956455b2859abd58fe7e39,Seller f3260068,fernandopolis,SP,Standard,Sports,652130.67,20
ACC_00462,bac692d6c0ed08467878018e6cc9c26c,Seller bac692d6,blumenau,SC,Standard,Health & Beauty,1702590.45,27
ACC_00463,6a51fc556dab5f766ced6fbc860bc613,Seller 6a51fc55,marilia,SP,Standard,Fashion,1741296.56,6
ACC_00464,a90a5da8b09e44264a177c0374a5ac87,Seller a90a5da8,ponta grossa,PR,Standard,Electronics,330515.63,16
ACC_00465,ea6b12bf9ffe2bac34602ec631d97a47,Seller ea6b12bf,guarulhos,SP,Standard,Retail,340105.05,37
ACC_00466,dc64d75cc406bb0697be983831430e60,Seller dc64d75c,belo horizonte,MG,Premium,Fashion,1177835.1,10
ACC_00467,fa7ad8ae9bcb2c4493fdf38e96b1d74f,Seller fa7ad8ae,pedreira,SP,Standard,Health & Beauty,646592.98,9
ACC_00468,d1ef48b38baca7e831711c4a0aeb398f,Seller d1ef48b3,apucarana,PR,Standard,Fashion,1689423.51,1
ACC_00469,67e43d802fde8cfd3f9580124f8167d1,Seller 67e43d80,guarulhos,SP,Standard,Health & Beauty,190923.84,2
ACC_00470,f18112da765e0971ca5d510dec322bdd,Seller f18112da,brusque,SC,Standard,Retail,528590.12,35
ACC_00471,259f7b5e6e482c230e5bfaa670b6bb8f,Seller 259f7b5e,poa,SP,Standard,Home & Garden,1926972.69,23
ACC_00472,dd7ddc04e1b6c2c614352b383efe2d36,Seller dd7ddc04,sao paulo,SP,Standard,Sports,1192484.13,26
ACC_00473,f457c46070d02cadd8a68551231220dd,Seller f457c460,maringa,PR,Premium,Fashion,1281893.79,49
ACC_00474,5962468f885ea01a1b6a97a218797b0a,Seller 5962468f,curitiba,PR,Standard,Sports,1120648.34,1
ACC_00475,1f50f920176fa81dab994f9023523100,Seller 1f50f920,sao jose do rio preto,SP,Premium,Electronics,572411.49,20
ACC_00476,2b1a40c1daabc6ca280c4b815c101841,Seller 2b1a40c1,divinopolis,MG,Enterprise,Health & Beauty,1587503.24,30
ACC_00477,26b482dccfa29bd2e40703ba45523702,Seller 26b482dc,santa barbara d´oeste,SP,Standard,Retail,704878.63,12
ACC_00478,f356c348fbc8df6a882823e21f5ce8b7,Seller f356c348,canoas,RS,Standard,Electronics,877452.34,7
ACC_00479,2ba91c7ad80ff88b23b7db823b43c233,Seller 2ba91c7a,itu,SP,Premium,Retail,1454075.48,8
ACC_00480,3d0cd21d41671c46f82cd11176bf7277,Seller 3d0cd21d,joinville,SC,Standard,Electronics,964808.25,41
ACC_00481,d93919c944be9cff128f6c9cb899eacb,Seller d93919c9,mombuca,SP,Premium,Retail,1484376.99,14
ACC_00482,f7ba60f8c3f99e7ee4042fdef03b70c4,Seller f7ba60f8,sao bernardo do campo,SP,Standard,Sports,1030517.78,35
ACC_00483,0ee4fb99ac55ffbbc98795aa01b7f8fa,Seller 0ee4fb99,santana de parnaiba,SP,Enterprise,Fashion,1032885.24,11
ACC_00484,c5f7e746b7e6d07def6c0dae9903279b,Seller c5f7e746,curitiba,PR,Standard,Electronics,834693.67,21
ACC_00485,2d20f1cd18725c91147da0791d498022,Seller 2d20f1cd,londrina,PR,Standard,Home & Garden,931483.9,19
ACC_00486,002100f778ceb8431b7a1020ff7ab48f,Seller 002100f7,franca,SP,Standard,Electronics,1943420.63,34
ACC_00487,70f84699be677ec988d1fa824aef7d90,Seller 70f84699,sete lagoas,MG,Premium,Retail,1673358.33,46
ACC_00488,5bc24d989e71e93c33e50a7782431b0e,Seller 5bc24d98,campo do meio,MG,Standard,Electronics,1726337.36,49
ACC_00489,36f98ad67cc981f50ce8aed093d5783c,Seller 36f98ad6,toledo,PR,Standard,Electronics,1125093.9,27
ACC_00490,70ee69419916dc13e3aed619061f996c,Seller 70ee6941,mogi das cruzes,SP,Standard,Home & Garden,1457959.69,30
ACC_00491,6eb94e1466490d327a09abf8f3552a50,Seller 6eb94e14,jundiai,SP,Standard,Electronics,1595936.51,23
ACC_00492,8ff1a9df749e454105c55cda13e79143,Seller 8ff1a9df,marilia,SP,Enterprise,Home & Garden,1889610.89,31
ACC_00493,c4fabeea6e569d42d02993bb1f4f1cbc,Seller c4fabeea,fortaleza,CE,Standard,Retail,1904920.82,14
ACC_00494,5236605f4d4b0b3e4df85b850393fca0,Seller 5236605f,sao paulo,SP,Standard,Fashion,738384.08,23
ACC_00495,45c20d94d9171b0bcfab3c955e47d67b,Seller 45c20d94,cordeiropolis,SP,Standard,Electronics,240506.12,41
ACC_00496,5bc237df65098fe211bb4818f4d26d78,Seller 5bc237df,uberlandia,MG,Premium,Retail,1184427.17,14
ACC_00497,6a38087bc8ad4f89ff453561005f6dea,Seller 6a38087b,anapolis,GO,Premium,Home & Garden,768910.1,30
ACC_00498,4e5725ba188db8252977a4f0227bd462,Seller 4e5725ba,ribeirao preto,SP,Standard,Retail,1022539.15,36
ACC_00499,e4f121bf6ef8b9a1d4d3e65dd0473fab,Seller e4f121bf,sao jose do rio preto,SP,Premium,Home & Garden,689489.08,39
ACC_00500,eebb3372362aa9a46975164bed19a7e7,Seller eebb3372,sao paulo,SP,Standard,Sports,188368.6,17
ACC_00501,2ec6e37d992a95eaddb3369dcbcc76d9,Seller 2ec6e37d,porto alegre,RS,Standard,Retail,235681.15,14
ACC_00502,f84a00e60c73a49e7e851c9bdca3a5bb,Seller f84a00e6,rio de janeiro,RJ,Enterprise,Health & Beauty,901777.88,21
ACC_00503,e5a38146df062edaf55c38afa99e42dc,Seller e5a38146,sao paulo,SP,Premium,Health & Beauty,1470476.51,40
ACC_00504,80cfd480be3eb6d6267139f5cb793555,Seller 80cfd480,sao paulo,SP,Standard,Health & Beauty,1003904.32,46
ACC_00505,62c50c1af4dfdc4149d25c5222043d39,Seller 62c50c1a,sao paulo,SP,Enterprise,Home & Garden,360345.87,21
ACC_00506,4de6e4ba574aa9dfdc824bc44dc47fdd,Seller 4de6e4ba,colombo,PR,Premium,Sports,1987733.2,17
ACC_00507,6548c2550b6e2d8f18053216e1c7b6f3,Seller 6548c255,diadema,SP,Standard,Home & Garden,100669.87,5
ACC_00508,f45122a9ab94eb4f3f8953578bc0c560,Seller f45122a9,piracicaba,SP,Premium,Fashion,1227621.02,45
ACC_00509,7901646fdd36a55f564ffaf2dbccaaf7,Seller 7901646f,rio de janeiro,RJ,Standard,Health & Beauty,1997747.01,10
ACC_00510,6481e96574816ead57975da2c0f6d80d,Seller 6481e965,sorocaba,SP,Standard,Retail,1983027.11,24
ACC_00511,e8dba4d70f7f2b20e775d09cae01142d,Seller e8dba4d7,santa barbara d oeste,SP,Standard,Retail,1537500.8,30
ACC_00512,13e85aac53340018b40c2af68001b7e0,Seller 13e85aac,pedreira,SP,Enterprise,Sports,403398.25,32
ACC_00513,b6dc74ed30f124f95227bed4e43a3bed,Seller b6dc74ed,arapongas,PR,Enterprise,Health & Beauty,568740.24,5
ACC_00514,48436dade18ac8b2bce089ec2a041202,Seller 48436dad,volta redonda,SP,Standard,Sports,1932447.12,20
ACC_00515,f5f2ab9bdb6b30c14c61be68c5ed37da,Seller f5f2ab9b,porto ferreira,SP,Standard,Home & Garden,1433957.62,29
ACC_00516,8ed8ea9a57c862f2c18c2fe41f601d56,Seller 8ed8ea9a,blumenau,SC,Enterprise,Home & Garden,1368734.21,10
ACC_00517,c76d418370990614e89e956c7a7567d9,Seller c76d4183,taboao da serra,SP,Standard,Home & Garden,370516.82,21
ACC_00518,ceb7b4fb9401cd378de7886317ad1b47,Seller ceb7b4fb,04482255,RJ,Standard,Fashion,891416.13,11
ACC_00519,ea846a0e7ad98a741783e886d89dfa44,Seller ea846a0e,aracatuba,SP,Standard,Fashion,579803.93,26
ACC_00520,2c54051840f19eca309a5423cf22df36,Seller 2c540518,curitiba,PR,Premium,Home & Garden,162669.14,23
ACC_00521,ee27a8f15b1dded4d213a468ba4eb391,Seller ee27a8f1,goiania,GO,Premium,Sports,1331776.72,40
ACC_00522,69b5eaa096c3f9d1e5c398c597f567d6,Seller 69b5eaa0,birigui,SP,Premium,Retail,636381.51,34
ACC_00523,5b92bfa4120daa27c574daa2e386c693,Seller 5b92bfa4,sorocaba,SP,Standard,Health & Beauty,1188645.49,15
ACC_00524,1554a68530182680ad5c8b042c3ab563,Seller 1554a685,monte siao,MG,Premium,Fashion,1962344.59,46
ACC_00525,fc38b5dceee1a730fad8853453437fbd,Seller fc38b5dc,campinas,SP,Standard,Health & Beauty,1481694.57,5
ACC_00526,152ee17e4c8aaf53dac99f3462e4999b,Seller 152ee17e,garuva,SC,Premium,Sports,1689762.08,42
ACC_00527,fac35d150712afb921ec59ac5f39bb11,Seller fac35d15,bonfinopolis de minas,MG,Standard,Electronics,1948571.11,31
ACC_00528,04aa0a1c5ce6b222003403a3e11c3cc0,Seller 04aa0a1c,cosmopolis,SP,Standard,Sports,1094507.96,48
ACC_00529,ede0c03645598cdfc63ca8237acbe73d,Seller ede0c036,ribeirao preto,SP,Standard,Health & Beauty,1106431.81,18
ACC_00530,1e47defeeadeca0e9a18fa5a9311e735,Seller 1e47defe,catanduva,SP,Standard,Electronics,1067670.17,29
ACC_00531,a7b7354cc588f7566a848bcbb1ce3d96,Seller a7b7354c,sao paulo,SP,Standard,Sports,1172041.41,12
ACC_00532,ef0ace09169ac090589d85746e3e036f,Seller ef0ace09,sao goncalo,RJ,Standard,Health & Beauty,1954381.6,31
ACC_00533,a7dc4098e4da6e41b426269d12ae7e91,Seller a7dc4098,sao paulo,SP,Standard,Health & Beauty,1267423.46,29
ACC_00534,918717417d88a9f9ae9735567e6c7682,Seller 91871741,sao paulo,SP,Premium,Fashion,1575452.95,34
ACC_00535,26f6b7ab07be3e9e69ce82a6552efc19,Seller 26f6b7ab,rio de janeiro,RJ,Standard,Fashion,57177.29,31
ACC_00536,cad9969167c09b48ae6f1d123f7fa68d,Seller cad99691,pocos de caldas,MG,Enterprise,Fashion,336804.78,2
ACC_00537,7c4adcc13272c0e26fa23aac642adb7b,Seller 7c4adcc1,sao goncalo,RJ,Standard,Home & Garden,1238962.14,47
ACC_00538,f19516b9ff26bfeb091b30108db4ddbd,Seller f19516b9,artur nogueira,SP,Premium,Fashion,797209.03,44
ACC_00539,ed8cb7b190ceb6067227478e48cf8dde,Seller ed8cb7b1,santos,SP,Premium,Health & Beauty,1108146.6,28
ACC_00540,97e50a621f8e801f4baf69e08687c192,Seller 97e50a62,sao paulo,SP,Premium,Sports,1717403.35,7
ACC_00541,562f8cfc51f265411f487d07e9c40e7f,Seller 562f8cfc,belo horizonte,MG,Enterprise,Fashion,857086.08,22
ACC_00542,a21c11ec5c3f03e7cc9f9203bff9e1c6,Seller a21c11ec,santana de parnaiba,SP,Standard,Electronics,61609.84,17
ACC_00543,97e4a63591ca439a2b8b7efd20e6e19e,Seller 97e4a635,rio de janeiro,RJ,Premium,Electronics,1812991.99,33
ACC_00544,07017df32dc5f2f1d2801e579548d620,Seller 07017df3,joao pessoa,PB,Enterprise,Home & Garden,1819522.82,19
ACC_00545,52092ddbd3a58c450a4459bf051b2287,Seller 52092ddb,dois corregos,SP,Premium,Retail,1007703.52,19
ACC_00546,1a8e2d9c38b84a9702ac7922924b0573,Seller 1a8e2d9c,araquari,SC,Standard,Fashion,369868.43,4
ACC_00547,f1198c871e0171278b63f40d112caeec,Seller f1198c87,sao paulo,SP,Standard,Fashion,1576498.35,20
ACC_00548,87142160b41353c4e5fca2360caf6f92,Seller 87142160,porto alegre,RS,Standard,Sports,690122.24,15
ACC_00549,a0e19590a0923cdd0614ea9427713ced,Seller a0e19590,sao jose dos pinhais,PR,Standard,Electronics,346084.28,32
ACC_00550,289cdb325fb7e7f891c38608bf9e0962,Seller 289cdb32,belo horizonte,SP,Standard,Fashion,1360222.64,23
ACC_00551,11305281b50fff20ae8bb473f8e11876,Seller 11305281,uba,MG,Premium,Fashion,1752212.56,20
ACC_00552,723a46b89fd5c3ed78ccdf039e33ac63,Seller 723a46b8,"novo hamburgo, rio grande do sul, brasil",RS,Standard,Sports,909925.56,16
ACC_00553,d9b00a97818674c7f8d8b1ef0e689679,Seller d9b00a97,ponta grossa,PR,Enterprise,Fashion,144588.98,43
ACC_00554,9d681c7e12db302cb261e721040dde65,Seller 9d681c7e,curitiba,PR,Enterprise,Health & Beauty,1000907.77,39
ACC_00555,c7bb64409aa480bb7d0335faaaf3d242,Seller c7bb6440,joinville,SC,Standard,Sports,261254.65,23
ACC_00556,bb7ad8a45c027be8ab075b8e465f8ca0,Seller bb7ad8a4,floranopolis,SC,Standard,Home & Garden,1936477.44,39
ACC_00557,8a207b6080964f3c1fc9d35bd6096ba4,Seller 8a207b60,jaci,SP,Standard,Home & Garden,742194.06,24
ACC_00558,fa1c13f2614d7b5c4749cbc52fecda94,Seller fa1c13f2,sumare,SP,Standard,Electronics,1331263.57,43
ACC_00559,bf100ecb7997df312b285358fb32f92c,Seller bf100ecb,sao jose dos pinhais,PR,Standard,Electronics,1299637.69,28
ACC_00560,3504c0cb71d7fa48d967e0e4c94d59d9,Seller 3504c0cb,maua,SP,Standard,Health & Beauty,1583198.62,35
ACC_00561,164a5a8794e6d42e14f55e447b12a3bc,Seller 164a5a87,guaira,PR,Premium,Home & Garden,78530.85,26
ACC_00562,de09d00cfc265b8804c7df34075a68fa,Seller de09d00c,sao paulo,SP,Standard,Electronics,905818.68,34
ACC_00563,638cba8be1fb599bbb76fd6948351eb3,Seller 638cba8b,sao jose dos campos,SP,Standard,Retail,1496893.07,16
ACC_00564,2f73e04d12cdf0c945ded66bb3fcf6c7,Seller 2f73e04d,cachoeiro de itapemirim,ES,Enterprise,Electronics,951991.99,29
ACC_00565,fbc14c0cf93505ef89f64665ffa4a7b5,Seller fbc14c0c,serrana,SP,Standard,Electronics,1310552.29,21
ACC_00566,c3ee2331a724e6fc02c4b698b57a73f3,Seller c3ee2331,sao paulo,SP,Standard,Health & Beauty,1424438.42,2
ACC_00567,e9874ae10b2d60d43917b6bbfa13a599,Seller e9874ae1,rolandia,PR,Enterprise,Fashion,1067987.64,16
ACC_00568,df47da4ae86fa4db890d05aaf24e21d8,Seller df47da4a,sao paulo,SP,Premium,Electronics,1701724.31,4
ACC_00569,ddd51ae8cda92f3995a51fc0f0f3eec7,Seller ddd51ae8,rio de janeiro,RJ,Standard,Home & Garden,420489.26,44
ACC_00570,e644cbadf7eeb30d0d29f335ce7d52ec,Seller e644cbad,sao paulo,SP,Standard,Fashion,1301882.55,11
ACC_00571,2bdb95a56a36ebbc6640337ac5eac174,Seller 2bdb95a5,sao paulo,SP,Standard,Fashion,78372.76,35
ACC_00572,34d1ca11b242c0fee2c834ae8d788566,Seller 34d1ca11,congonhas,MG,Enterprise,Retail,783014.11,21
ACC_00573,324583d68897f5ddbaf38f6248322176,Seller 324583d6,sao jose do rio preto,SP,Standard,Retail,1489642.5,11
ACC_00574,96493fab2fbb13a14d0c0e8772eef5c3,Seller 96493fab,sao paulo,SP,Standard,Health & Beauty,1369749.94,39
ACC_00575,d4ffeb15b67e81ff9af2b4252d99fb7e,Seller d4ffeb15,atibaia,SP,Premium,Home & Garden,858399.41,27
ACC_00576,b5d034ac251546e25afe9067f05c1539,Seller b5d034ac,itapecerica da serra,SP,Standard,Home & Garden,1587671.53,43
ACC_00577,8a1ff5c35f6595a73fef4c7b96e4908a,Seller 8a1ff5c3,sao  jose dos pinhais,PR,Standard,Retail,676657.07,40
ACC_00578,a150c540f572d0fb53992264bc5c10b5,Seller a150c540,sorocaba,SP,Standard,Home & Garden,508413.27,35
ACC_00579,7c1fea10b5b006671d608b1d7c446ec4,Seller 7c1fea10,boituva,SP,Enterprise,Fashion,493290.06,33
ACC_00580,b6e1504972665f739dec4facb9943775,Seller b6e15049,piracicaba,SP,Standard,Health & Beauty,1952803.5,1
ACC_00581,f76a3b1349b6df1ee875d1f3fa4340f0,Seller f76a3b13,sao paulo,SP,Standard,Health & Beauty,1758070.14,17
ACC_00582,99eaacc9e6046db1c82b163c5f84869f,Seller 99eaacc9,franca,SP,Premium,Health & Beauty,651656.2,23
ACC_00583,8603f0038fe0e52fedd3382d266723de,Seller 8603f003,garopaba,SC,Premium,Fashion,251126.67,4
ACC_00584,d98eec89afa3380e14463da2aabaea72,Seller d98eec89,porto alegre,RS,Standard,Health & Beauty,489007.98,45
ACC_00585,ab75b89cc49c9ab3160d0c91565a442a,Seller ab75b89c,tupa,SP,Standard,Fashion,1953476.54,48
ACC_00586,08084d990eb3f53af056ccbc1730c8a7,Seller 08084d99,sao paulo,SP,Standard,Electronics,978998.14,45
ACC_00587,d85efbc8eff2b7adf524e2820569adc8,Seller d85efbc8,sao paulo,SP,Standard,Retail,1466479.13,41
ACC_00588,23613d49c3ac2bd302259e55c06c050c,Seller 23613d49,porto ferreira,SP,Standard,Retail,419549.94,18
ACC_00589,87d3c3aeb3ead335511b3ce315eb341e,Seller 87d3c3ae,sao paulo,SP,Enterprise,Retail,452957.77,41
ACC_00590,93b9a99027bd8bd6af682aff18dd19bf,Seller 93b9a990,mairipora,SP,Standard,Fashion,518830.3,2
ACC_00591,0bf0150d5b9d60d9cd2906003332f085,Seller 0bf0150d,sao paulo,SP,Enterprise,Health & Beauty,691486.1,34
ACC_00592,7ecef8194babfec876ca720714327841,Seller 7ecef819,campinas,SP,Enterprise,Retail,846825.7,47
ACC_00593,87b4428a334b8f676fd9a7f3bf544fb5,Seller 87b4428a,guaimbe,SP,Standard,Sports,847608.23,39
ACC_00594,30829ded4523ab9224b93bc49a62c95f,Seller 30829ded,parai,RS,Enterprise,Sports,1114119.27,27
ACC_00595,dcb7367a92f5ffb89f1e2152ed260285,Seller dcb7367a,osvaldo cruz,SP,Standard,Retail,413690.9,28
ACC_00596,513a54369b6a8a6602fcb0e129c6d78d,Seller 513a5436,sao bernardo do campo,SP,Standard,Home & Garden,619316.35,22
ACC_00597,5075aaa8404020ae6aa8bf4792099b41,Seller 5075aaa8,pocos de caldas,MG,Enterprise,Sports,1275923.74,27
ACC_00598,d354c38a7182125a748cb10474fe963b,Seller d354c38a,aperibe,RJ,Enterprise,Electronics,810131.46,25
ACC_00599,4be9ae93c4fc0f41713d71a4194ee1b3,Seller 4be9ae93,divinopolis,MG,Enterprise,Home & Garden,1391512.34,48
ACC_00600,e0487761face83d64fcada2408959a36,Seller e0487761,sao paulo,SP,Premium,Health & Beauty,273050.87,6
ACC_00601,9996ae921c50e8dff411ac69c0b4bb8b,Seller 9996ae92,tupa,SP,Standard,Fashion,704661.19,49
ACC_00602,c3cfdc648177fdbbbb35635a37472c53,Seller c3cfdc64,curitiba,PR,Standard,Health & Beauty,197205.03,34
ACC_00603,c8cc60ffd415254af5d9b9f34f32c369,Seller c8cc60ff,sorocaba,SP,Standard,Retail,842456.97,34
ACC_00604,1ce3ae5a399804d1a87e706f8a813c3e,Seller 1ce3ae5a,jaguaruna,SC,Standard,Retail,1925921.61,13
ACC_00605,5f26c1408a65b42a7224cd463bdf3292,Seller 5f26c140,arapongas,PR,Premium,Retail,402807.38,46
ACC_00606,e59e575a175fadcadf8479e191770425,Seller e59e575a,nova iguacu,RJ,Standard,Sports,567914.07,39
ACC_00607,2138ccb85b11a4ec1e37afbd1c8eda1f,Seller 2138ccb8,sao paulo,SP,Standard,Health & Beauty,386571.75,7
ACC_00608,83d458c0d6d4f94295d63f091460bd60,Seller 83d458c0,vila velha,SP,Standard,Sports,1607532.29,48
ACC_00609,ef30892870c278497523264be1be2241,Seller ef308928,araraquara,SP,Standard,Sports,1323807.09,38
ACC_00610,d5b9a084373da994a6e37f732169a853,Seller d5b9a084,santo andre,SP,Premium,Health & Beauty,198630.39,32
ACC_00611,e9c2dc0dd4ac38448289be644ac94f42,Seller e9c2dc0d,joinville,SC,Standard,Fashion,441076.44,28
ACC_00612,fe87f472055fbcf1d7e691c00b1560dc,Seller fe87f472,campinas,SP,Standard,Home & Garden,1391734.15,37
ACC_00613,5a32c398a06c345440bf2a683b017ad3,Seller 5a32c398,rio de janeiro,RJ,Premium,Health & Beauty,487052.8,19
ACC_00614,f46490624488d3ff7ce78613913a7711,Seller f4649062,guarulhos,SP,Standard,Sports,563711.17,6
ACC_00615,4d0041cdbe51b4617d95c70b19decc74,Seller 4d0041cd,juiz de fora,MG,Standard,Sports,1225139.68,43
ACC_00616,db46ca7bce82b11f7e247539271fc390,Seller db46ca7b,rio de janeiro,RJ,Standard,Health & Beauty,1121211.02,25
ACC_00617,ad420dd0c4f92f8af951ac24b86d0cf5,Seller ad420dd0,fronteira,MG,Standard,Fashion,723931.35,27
ACC_00618,e8b4225284fbb02d16f200513f1f395d,Seller e8b42252,novo horizonte,SP,Standard,Fashion,470383.67,35
ACC_00619,f61c63d13f7cd800549d5acdd390ae72,Seller f61c63d1,pilar do sul,SP,Standard,Retail,1639260.43,17
ACC_00620,054694fa03fe82cec4b7551487331d74,Seller 054694fa,itajobi,SP,Enterprise,Retail,701061.31,48
ACC_00621,dc50afafdfa325eadc890c7fa42a8f4e,Seller dc50afaf,maringa,PR,Standard,Sports,1985164.59,5
ACC_00622,376d67b61dce0c990155286e7ae486a4,Seller 376d67b6,sao paulo,SP,Premium,Fashion,1901068.95,2
ACC_00623,7994b065a7ffb14e71c6312cf87b9de2,Seller 7994b065,cariacica / es,ES,Premium,Fashion,981771.37,30
ACC_00624,a9415cf907dfa12f9ed18693244f5329,Seller a9415cf9,prados,MG,Standard,Retail,372165.28,40
ACC_00625,b7d5b4b87af9d42b601865d3f3810bff,Seller b7d5b4b8,florianopolis,SC,Standard,Home & Garden,897523.01,28
ACC_00626,7315baebc0572ff220d226283dc66728,Seller 7315baeb,sao carlos,SP,Premium,Health & Beauty,723664.48,31
ACC_00627,4125d9385a25e82d2f72d3a0fd55bc3f,Seller 4125d938,santos,SP,Standard,Sports,79008.83,36
ACC_00628,c8b0e2b0a7095e5d8219575d5e7e1181,Seller c8b0e2b0,itaquaquecetuba,SP,Standard,Sports,478726.07,47
ACC_00629,38102b031c2a15e54623d711bfc753d3,Seller 38102b03,mucambo,CE,Standard,Retail,268563.3,35
ACC_00630,160e4f13fd3a64b1b86807be88b5ffb0,Seller 160e4f13,colombo,PR,Standard,Electronics,412958.41,23
ACC_00631,8ccf3cf69651cc1d8a02c8bfaf3b8568,Seller 8ccf3cf6,rio claro,SP,Standard,Sports,1067871.62,19
ACC_00632,391fc6631aebcf3004804e51b40bcf1e,Seller 391fc663,ibitinga,SP,Standard,Home & Garden,1712060.72,40
ACC_00633,33cbbec1e7e1044aaf11d152172c776f,Seller 33cbbec1,bento goncalves,RS,Standard,Electronics,164695.58,16
ACC_00634,da03c298e3999e9d828591fc2179d109,Seller da03c298,sao paulo,SP,Standard,Fashion,135935.26,18
ACC_00635,49383af7ab774e4e8f3000f49c83dc4b,Seller 49383af7,taubate,SP,Standard,Retail,1964264.49,45
ACC_00636,8a2d12a90e92f012ce5226fc6592b653,Seller 8a2d12a9,curitiba,PR,Enterprise,Retail,948845.4,9
ACC_00637,52956b80ae65fda598f06f6b9943e7a9,Seller 52956b80,maringa,PR,Standard,Home & Garden,1683873.03,10
ACC_00638,762ed976527cddf02787edba70fffa2a,Seller 762ed976,londrina,PR,Premium,Electronics,609687.3,17
ACC_00639,7994081388d55b9cf976c050653dd359,Seller 79940813,sao paulo,SP,Premium,Home & Garden,1625171.66,24
ACC_00640,585175ec331ea177fa47199e39a6170a,Seller 585175ec,montes claros,MG,Premium,Sports,1473271.49,5
ACC_00641,e59aa562b9f8076dd550fcddf0e73491,Seller e59aa562,curitiba,PR,Premium,Fashion,636891.05,49
ACC_00642,e84ad2127668df3aafc6b73531a0beb8,Seller e84ad212,sao paulo,SP,Premium,Home & Garden,1625856.5,40
ACC_00643,1a6245add4353f18ed55138808906979,Seller 1a6245ad,sao bernardo do campo,SP,Standard,Retail,496316.41,35
ACC_00644,e9779976487b77c6d4ac45f75ec7afe9,Seller e9779976,praia grande,SP,Premium,Home & Garden,1183073.33,13
ACC_00645,6b90f847357d8981edd79a1eb1bf0acb,Seller 6b90f847,guarulhos,SP,Standard,Retail,114437.89,23
ACC_00646,48328ec9a579151d9cc6a86d4a59336c,Seller 48328ec9,canoas,RS,Standard,Retail,1586996.71,1
ACC_00647,73a63f72308aa20a46f4b1632018f196,Seller 73a63f72,curitiba,PR,Standard,Retail,1736018.41,44
ACC_00648,f62d7bb4a613ec758a03342d46b580b2,Seller f62d7bb4,vicosa,MG,Standard,Sports,187967.05,18
ACC_00649,252e76235acb79183cfca6e34f13337d,Seller 252e7623,campinas,SP,Premium,Retail,1513850.93,15
ACC_00650,7c5b05cbdb5542049f38d90d7815b97d,Seller 7c5b05cb,sao paulo,SP,Enterprise,Health & Beauty,499398.62,16
ACC_00651,db4350fd57ae30082dec7acbaacc17f9,Seller db4350fd,sao paulo,SP,Standard,Sports,207754.28,14
ACC_00652,845e8036c3f7bf62099352f5ed910240,Seller 845e8036,rio de janeiro,RJ,Standard,Health & Beauty,1321070.97,45
ACC_00653,712efd3b68f9686dc856b84abd0f21ae,Seller 712efd3b,curitiba,PR,Standard,Health & Beauty,426299.31,9
ACC_00654,3364a91ec4d56c98e44174de954b94f6,Seller 3364a91e,porto velho,RO,Premium,Home & Garden,162625.08,33
ACC_00655,b00af24704019bd2e1b335e70ad11f7c,Seller b00af247,salvador,BA,Standard,Home & Garden,1819631.72,35
ACC_00656,4324dd16853115efb0fd9d0d131ba6f4,Seller 4324dd16,sao jose do rio pardo,SP,Standard,Home & Garden,1300665.01,17
ACC_00657,0a198e95d32b1be2da9424c962a6ebfa,Seller 0a198e95,contagem,MG,Standard,Retail,642233.49,44
ACC_00658,d1a1b40ec554c593a1a99366746289dd,Seller d1a1b40e,pato branco,PR,Standard,Home & Garden,1908391.6,28
ACC_00659,55a5b51f93f2b70ea513f5a047b0262a,Seller 55a5b51f,sao joao del rei,MG,Premium,Fashion,1109852.13,8
ACC_00660,6426d21aca402a131fc0a5d0960a3c90,Seller 6426d21a,ribeirao preto,SP,Standard,Home & Garden,1176273.23,34
ACC_00661,8a432f4e5b471f8da497d7dc517666e2,Seller 8a432f4e,presidente prudente,SP,Premium,Sports,543994.36,32
ACC_00662,da3fede3469bf49b7293ce3fc45b294d,Seller da3fede3,mogi das cruzes,SP,Standard,Retail,1458085.32,36
ACC_00663,c092292535a57dacd95a8765f5518f87,Seller c0922925,paracambi,RJ,Premium,Health & Beauty,958038.12,45
ACC_00664,20a8b0dc55da94fe74d112082427c84f,Seller 20a8b0dc,itu,SP,Standard,Health & Beauty,864637.81,40
ACC_00665,bfd27a966d91cfaafdb25d076585f0da,Seller bfd27a96,serra negra,SP,Standard,Retail,1786028.12,3
ACC_00666,fadb07c842a2aef5d5a676b85f220e71,Seller fadb07c8,sao jose do rio preto,SP,Standard,Electronics,423611.77,19
ACC_00667,6b15924333bd1a741595fe981ea04822,Seller 6b159243,sao caetano do sul,SP,Standard,Health & Beauty,1310352.38,33
ACC_00668,1c83418358f249c9d6affa52d579db0e,Seller 1c834183,sao paulo,SP,Standard,Fashion,456342.08,46
ACC_00669,04e38a233f726ef161074ab1c9b0399a,Seller 04e38a23,sao paulo,SP,Premium,Fashion,1781029.16,5
ACC_00670,1b4b28463457a256e9a784ebe2a8f630,Seller 1b4b2846,piracicaba,SP,Standard,Electronics,1915772.41,14
ACC_00671,db7ed69a53aa9fb1c01930ba54a88bbe,Seller db7ed69a,jaguariuna,SP,Standard,Sports,265855.47,28
ACC_00672,f664f98bfda2eaf266a23ff144e7a872,Seller f664f98b,sao paulo,SP,Standard,Health & Beauty,163788.16,20
ACC_00673,7ade73f1b9b4e965f9009a4c3a7e2c15,Seller 7ade73f1,bauru,SP,Premium,Home & Garden,1476558.51,27
ACC_00674,a369d693961cb93b61ca2cc518872a85,Seller a369d693,sao jose do rio preto,SP,Standard,Health & Beauty,490483.67,47
ACC_00675,fb8904a8ea99f8831b64ce27db2c1765,Seller fb8904a8,sao caetano do sul,SP,Standard,Retail,1699613.55,44
ACC_00676,2ef086a599b597572aca4433b7ed6b3d,Seller 2ef086a5,jaragua do sul,SC,Standard,Sports,876736.87,48
ACC_00677,134285d1f41da5c13a756ee8142c8a4e,Seller 134285d1,sao paulo,SP,Standard,Health & Beauty,419005.0,47
ACC_00678,9ed65337433adfbedefd23dd76eaa494,Seller 9ed65337,sao paulo,SP,Standard,Electronics,1571155.84,36
ACC_00679,aec99834ab5d38ead22766ada8497e87,Seller aec99834,colombo,PR,Standard,Fashion,133976.82,40
ACC_00680,b8578d2d823bd8e251f6fdd02b40902d,Seller b8578d2d,blumenau,SC,Premium,Fashion,1848785.7,47
ACC_00681,d9d43faf741ceaa8da52fdbb81d9e0e3,Seller d9d43faf,juiz de fora,SP,Standard,Retail,166356.49,26
ACC_00682,964ff64dc05b13811c6d0f41e0aa5f6b,Seller 964ff64d,sao paulo,SP,Standard,Home & Garden,1048300.69,4
ACC_00683,96e5dc09087bad639b4ee193104ec2e5,Seller 96e5dc09,bom jardim,RJ,Standard,Home & Garden,736485.84,10
ACC_00684,24c1de8d9551c0b4fbc53317d53efda8,Seller 24c1de8d,serra redonda,PB,Standard,Electronics,1468634.45,35
ACC_00685,0336182e1b3e92f029d5354832045fdf,Seller 0336182e,ibitinga,SP,Standard,Sports,274843.52,21
ACC_00686,c03121937e54a93fcc1825c3098bbb6e,Seller c0312193,curitiba,PR,Standard,Sports,1350359.24,14
ACC_00687,b87a7ea0c30fad2dd6781b74a0064859,Seller b87a7ea0,sao paulo,SP,Premium,Electronics,307254.85,14
ACC_00688,84c945f15571830c1a91a33978e94009,Seller 84c945f1,sao paulo,SP,Standard,Electronics,769489.78,16
ACC_00689,2d378dbb39815785238c0139c7647fb7,Seller 2d378dbb,sao francisco do sul,SC,Standard,Fashion,1123875.07,35
ACC_00690,0b0ddbc7b9d9584f442c7ac92b0ff6c9,Seller 0b0ddbc7,guarulhos,SP,Enterprise,Sports,345729.71,10
ACC_00691,51209b446b2073894bdc0face6c73ffc,Seller 51209b44,vila velha,ES,Premium,Health & Beauty,1992389.91,21
ACC_00692,5996cddab893a4652a15592fb58ab8db,Seller 5996cdda,presidente prudente,SP,Premium,Sports,245752.31,19
ACC_00693,aa8af66c623d7d544dfe4bb85b5ebe3b,Seller aa8af66c,betim,MG,Standard,Retail,1232859.63,14
ACC_00694,1690cada046eb7e92c12f98b1f8a8167,Seller 1690cada,sao paulo,SP,Standard,Fashion,1022403.23,17
ACC_00695,385799a1cddbd26dfeb9157356a42282,Seller 385799a1,sao paulo,SP,Standard,Sports,968529.55,32
ACC_00696,42b729f859728f5079499127a9c2ef37,Seller 42b729f8,sao paulo,SP,Premium,Electronics,603590.89,32
ACC_00697,556a6409838156ea299c9d1f9e2dde43,Seller 556a6409,curitiba,PR,Premium,Sports,575472.6,21
ACC_00698,179d859f51292aac5c10806a356f7af9,Seller 179d859f,ribeirao pires,SP,Standard,Sports,1734396.29,19
ACC_00699,934ed5cd1b9c1c7382d0a94a94b9e639,Seller 934ed5cd,curitiba,PR,Premium,Home & Garden,1285078.55,8
ACC_00700,be3b4b0f050a6aa1b2d901c4b77e979f,Seller be3b4b0f,imbituva,PR,Standard,Health & Beauty,1248142.66,13
ACC_00701,6806dad1da97bfb5a9038eac6881f706,Seller 6806dad1,guaratuba,PR,Standard,Sports,1556624.9,19
ACC_00702,94231344608e603693b0a8891143f65d,Seller 94231344,porto alegre,SP,Standard,Fashion,1860543.74,8
ACC_00703,446cc09cdbb130904da114e807dbec40,Seller 446cc09c,sao paulo,SP,Standard,Fashion,112283.29,29
ACC_00704,47efca563408aae19bb7206c2d969ea9,Seller 47efca56,teresina,PI,Standard,Home & Garden,499519.39,24
ACC_00705,00ab3eff1b5192e5f1a63bcecfee11c8,Seller 00ab3eff,sao paulo,SP,Premium,Health & Beauty,1523235.51,23
ACC_00706,71271995e85f5b8530be99ed54a91b89,Seller 71271995,porto alegre,RS,Standard,Fashion,398506.79,49
ACC_00707,a435b009cd956ea60748b5cfbddf2e24,Seller a435b009,franca,SP,Standard,Electronics,619149.57,4
ACC_00708,11938fcc75f6902fea1d0a6f72b54a57,Seller 11938fcc,sao miguel d'oeste,SC,Standard,Retail,1241571.92,21
ACC_00709,9b76ad3d04236f76bc71c59470305e13,Seller 9b76ad3d,boituva,SP,Enterprise,Electronics,1105487.46,42
ACC_00710,d7ab82074b5f1dfba46db123df101bff,Seller d7ab8207,atibaia,SP,Standard,Fashion,711696.85,6
ACC_00711,9c0e69c7bf2619675bbadf47b43f655a,Seller 9c0e69c7,sao jose dos campos,SP,Standard,Fashion,1491988.89,15
ACC_00712,94d76e96eedd976258cd3278ce56d5f2,Seller 94d76e96,sao roque,SP,Standard,Retail,1499658.62,18
ACC_00713,52f976b17ea7f2f087f56dcc419328f6,Seller 52f976b1,california,PR,Standard,Home & Garden,1100376.25,9
ACC_00714,4e326052e5dbba8adcd512f3450a307e,Seller 4e326052,sao paulo,SP,Premium,Electronics,847101.98,24
ACC_00715,3586b8580d9c917874e053a1bb37b5ff,Seller 3586b858,araraquara,SP,Premium,Home & Garden,762649.5,5
ACC_00716,6edacfd9f9074789dad6d62ba7950b9c,Seller 6edacfd9,guarulhos,SP,Enterprise,Electronics,215767.3,45
ACC_00717,52831e5990d0771cb4951d6f12928167,Seller 52831e59,tupa,SP,Enterprise,Electronics,501517.87,41
ACC_00718,9e7c5f4d7770eab65738cca38f9efccf,Seller 9e7c5f4d,sao paulo,SP,Standard,Retail,234855.28,10
ACC_00719,4677a5437afda5fa7140b927b07be1cc,Seller 4677a543,japira,PR,Standard,Retail,127885.72,2
ACC_00720,3e8bd881d92466e63ba9e3e809cd3c50,Seller 3e8bd881,rio de janeiro,RJ,Standard,Home & Garden,920767.84,11
ACC_00721,4a1917ef994878940e1fb03eeb787ad7,Seller 4a1917ef,brasilia,DF,Premium,Retail,234735.98,32
ACC_00722,334cab711dee080b079fa5779b584783,Seller 334cab71,santo andre,SP,Standard,Home & Garden,452297.15,34
ACC_00723,9dd59e43f0c9f0553244e8f9c2fb247e,Seller 9dd59e43,foz do iguacu,PR,Standard,Health & Beauty,979536.64,38
ACC_00724,ccf8813e5a7d6c84d865cd38bfc2b130,Seller ccf8813e,taubate,SP,Standard,Sports,569190.11,23
ACC_00725,8d956fec2e4337affcb520f56fd8cbfd,Seller 8d956fec,sao bernardo do campo,SP,Standard,Home & Garden,324541.5,7
ACC_00726,e5a3438891c0bfdb9394643f95273d8e,Seller e5a34388,limeira,SP,Standard,Health & Beauty,444019.13,3
ACC_00727,f9f68daa2af419d38f745478bcb3da1a,Seller f9f68daa,sumare,SP,Premium,Sports,1375564.34,46
ACC_00728,138dbe45fc62f1e244378131a6801526,Seller 138dbe45,sao paulo,SP,Premium,Retail,482816.92,46
ACC_00729,5058e8c1e82653974541e83690655b4a,Seller 5058e8c1,itaquaquecetuba,SP,Premium,Sports,1912853.05,44
ACC_00730,cd2169d9f31ff6fbb9ca3373b0c9e354,Seller cd2169d9,nova friburgo,RJ,Standard,Retail,662380.55,47
ACC_00731,15aec03fe4cf30dfa574cf550f5ff5ff,Seller 15aec03f,rio de janeiro,RJ,Premium,Health & Beauty,347930.8,31
ACC_00732,9674754b5a0cb32b638cec001178f799,Seller 9674754b,sao paulo,SP,Standard,Electronics,1879355.34,19
ACC_00733,c161d1327ebc3a156c09582ab2f59f6c,Seller c161d132,sao paulo,SP,Standard,Retail,1576363.34,18
ACC_00734,4d232b78ab7ef10393dc3807d827bc0d,Seller 4d232b78,belo horizonte,MG,Standard,Electronics,1292164.98,46
ACC_00735,23ff42c4bf1f8f16cddb19d8b972974a,Seller 23ff42c4,itau de minas,MG,Standard,Sports,1216822.92,10
ACC_00736,d3dcf0604eabf0224fbd5948b5e02f69,Seller d3dcf060,sao paulo,SP,Premium,Retail,1395823.52,1
ACC_00737,49067458c68f7701fd334ce326accbe0,Seller 49067458,juiz de fora,MG,Standard,Sports,268927.58,19
ACC_00738,dfa0c4c6229ab200a4a1336b4d7128ff,Seller dfa0c4c6,florianopolis,SC,Standard,Home & Garden,380952.73,25
ACC_00739,35281d148dcf7134bae913c57db4e6da,Seller 35281d14,sao paulo,SP,Standard,Health & Beauty,534169.32,36
ACC_00740,76833248bbc0e65a0293ec62023e4396,Seller 76833248,birigui,SP,Standard,Sports,1110811.41,37
ACC_00741,48e5ee06fb2dc74df1c711a9b6dfac2a,Seller 48e5ee06,oliveira,MG,Premium,Retail,63334.3,22
ACC_00742,2cb6eb1b7185064167657fa09f541105,Seller 2cb6eb1b,sabara,MG,Enterprise,Electronics,1844500.22,23
ACC_00743,0f7eea709efdf942b5f95c7516dbacd7,Seller 0f7eea70,pedrinhas paulista,SP,Enterprise,Fashion,200162.14,33
ACC_00744,54583ab379489add547fe47b628db589,Seller 54583ab3,sao bernardo do campo,SP,Premium,Sports,246310.41,7
ACC_00745,51e0557bc7b86de13e946c60ee91ce39,Seller 51e0557b,belo horizonte,MG,Standard,Electronics,755650.28,14
ACC_00746,0bebbb2cea103a4a020c95d43fd7d754,Seller 0bebbb2c,sao paulo,SP,Enterprise,Electronics,1577409.79,22
ACC_00747,9da1ca0bef29ee170e541927a5aeabdc,Seller 9da1ca0b,votuporanga,SP,Standard,Fashion,1122808.1,37
ACC_00748,6c7d50c24b3ccd2fd83b44d8bb34e073,Seller 6c7d50c2,presidente prudente,SP,Standard,Home & Garden,898305.03,29
ACC_00749,3faf68a3b0af94b10bac70d86077be49,Seller 3faf68a3,holambra,SP,Standard,Electronics,376129.27,27
ACC_00750,05feb94f19d094d4b0f9281f0b1d4c99,Seller 05feb94f,mogi das cruzes,SP,Standard,Electronics,511108.81,45
ACC_00751,f650a9708fa1bab22bdd8d3a818cc415,Seller f650a970,ararangua,SC,Standard,Sports,141239.83,2
ACC_00752,5cbbd5a299cab112b7bf23862255e43e,Seller 5cbbd5a2,pinhais,PR,Standard,Health & Beauty,1209459.8,25
ACC_00753,07d75e33f2750d97d467fb57e4dfdd8a,Seller 07d75e33,sao paulo,SP,Standard,Retail,1510554.75,41
ACC_00754,8a8835a43bda99fd37310ad76c457510,Seller 8a8835a4,sao caetano do sul,SP,Premium,Home & Garden,1187898.51,46
ACC_00755,ca3bd7cd9f149df75950150d010fe4a2,Seller ca3bd7cd,sao paulo,SP,Standard,Retail,1449737.72,26
ACC_00756,323ce52b5b81df2cd804b017b7f09aa7,Seller 323ce52b,sao paulo,SP,Standard,Sports,514773.4,33
ACC_00757,ebd1417732defaf66c50b5a800eb293e,Seller ebd14177,londrina,PR,Standard,Electronics,473195.05,36
ACC_00758,76ea5315acb3f5f7ade3cd261faf922a,Seller 76ea5315,sao paulo,SP,Standard,Home & Garden,1038279.56,18
ACC_00759,4b1eaadf791bdbbad8c4a35b65236d52,Seller 4b1eaadf,ribeirao preto,SP,Standard,Home & Garden,469605.83,30
ACC_00760,4cc43a222a0f94910728b62b97a8c5f8,Seller 4cc43a22,ribeirao preto,SP,Standard,Retail,61796.2,43
ACC_00761,bc503e244f187939d10c92a5c8e378ce,Seller bc503e24,birigui,SP,Premium,Sports,353314.76,11
ACC_00762,b6f52e346160519c24a23af05410ad32,Seller b6f52e34,sao paulo,SP,Standard,Fashion,191031.37,36
ACC_00763,70125af26c2d6d4ef401a1d02ae7701f,Seller 70125af2,goiania,GO,Enterprise,Home & Garden,1098645.99,2
ACC_00764,c84592044b180dec206770c38603814b,Seller c8459204,sao paulo,SP,Standard,Electronics,1400677.15,39
ACC_00765,1caf283236cd69af44cbc09a0a1e7d32,Seller 1caf2832,nova iguacu,RJ,Standard,Sports,1768401.69,46
ACC_00766,ba90964cff9b9e0e6f32b23b82465f7b,Seller ba90964c,guarulhos,SP,Standard,Health & Beauty,976537.04,4
ACC_00767,5e9f5bd34e0830569f05c9d4f56e04a8,Seller 5e9f5bd3,porto alegre,RS,Standard,Home & Garden,1193027.9,24
ACC_00768,15fa791d5e017f66402dc28c44480657,Seller 15fa791d,sao paulo,SP,Standard,Fashion,1015064.23,43
ACC_00769,20d83f3ef0e6925fd74bfd59170babf7,Seller 20d83f3e,sao paulo,SP,Standard,Home & Garden,386451.87,41
ACC_00770,59417c56835dd8e2e72f91f809cd4092,Seller 59417c56,limeira,SP,Enterprise,Electronics,635852.59,31
ACC_00771,a13580f0e8f782b7a543885a0ef99f08,Seller a13580f0,rio de janeiro,RJ,Standard,Sports,572493.31,47
ACC_00772,ccada0ef508e698917a6eab263375905,Seller ccada0ef,pato bragado,PR,Standard,Sports,1455662.77,48
ACC_00773,4bde6149c15cf7e177b36fa060dd6de8,Seller 4bde6149,carazinho,RS,Premium,Electronics,264527.37,30
ACC_00774,fe1bbc5feda5c8979a8a1b3b2512d5a6,Seller fe1bbc5f,arinos,MG,Standard,Electronics,224278.07,49
ACC_00775,23a0ffca143a15b9b5bbdb7d552f626a,Seller 23a0ffca,sao pedro,SP,Premium,Health & Beauty,531049.6,47
ACC_00776,32b8764b4ef628b53608fc34011fcc13,Seller 32b8764b,lages,SC,Standard,Health & Beauty,1805701.77,48
ACC_00777,e7df4cd29ab5abab70fb0783ddb53987,Seller e7df4cd2,sao paulo,SP,Enterprise,Health & Beauty,755416.64,21
ACC_00778,0432ead42b6c8a0bdf68154add917fdf,Seller 0432ead4,maua,SP,Premium,Home & Garden,1440509.75,29
ACC_00779,7e959205cebc10adefcb331f934238a4,Seller 7e959205,sao paulo,SP,Standard,Electronics,1524538.23,4
ACC_00780,2a261b5b644fa05f4f2700eb93544f2c,Seller 2a261b5b,porto ferreira,SP,Enterprise,Retail,663227.27,49
ACC_00781,f680f85bee2d253556ac91be391d2c82,Seller f680f85b,carapicuiba,SP,Enterprise,Retail,771907.11,5
ACC_00782,3785b653b1b82de85ab47dd139938091,Seller 3785b653,ampere,PR,Standard,Retail,1678674.91,17
ACC_00783,d379f449f2a3b271bc01c0782020f705,Seller d379f449,divinopolis,MG,Standard,Sports,1728929.36,4
ACC_00784,7ea5bfa6c340f58f8e71fc1f0412b0d6,Seller 7ea5bfa6,belo horizonte,MG,Standard,Home & Garden,791980.44,39
ACC_00785,dc120d932ddf9d4dfb6fd68beefda622,Seller dc120d93,sao jose dos pinhais,PR,Standard,Home & Garden,1437680.48,33
ACC_00786,6902157ee16728322d61a1321fa79e58,Seller 6902157e,sao paulo,SP,Standard,Fashion,1258889.36,13
ACC_00787,f3041c2e75ec683697a6a5ea82192210,Seller f3041c2e,itauna,MG,Enterprise,Home & Garden,698583.93,25
ACC_00788,c54679b132454625907c773d273d4126,Seller c54679b1,guaruja,SP,Enterprise,Sports,216682.96,36
ACC_00789,d26aa40b90272d4843d63be7c1462c8d,Seller d26aa40b,sao paulo,SP,Standard,Sports,232507.35,22
ACC_00790,a2fa0bdc798ee84cdb08281337cf4fb6,Seller a2fa0bdc,florianopolis,SC,Standard,Home & Garden,498194.79,21
ACC_00791,bd697db56ff8e7c9cd1abeb7f72029b2,Seller bd697db5,sao paulo,SP,Enterprise,Retail,1456535.19,38
ACC_00792,2aafae69bf4c41fbd94053d9413e87ee,Seller 2aafae69,porto alegre,RS,Premium,Home & Garden,1948588.6,18
ACC_00793,483ca627d131e18f988349b1655c0acd,Seller 483ca627,mogi mirim,SP,Standard,Sports,1359681.22,43
ACC_00794,1a3df491d1c4f1589fc2b934ada68bf2,Seller 1a3df491,joinville,SC,Standard,Retail,1439065.14,29
ACC_00795,e81e1f9c3e762e620f3fb60a51499e16,Seller e81e1f9c,curitibanos,SC,Premium,Health & Beauty,1802574.98,27
ACC_00796,4170f6a9367e6b5d6401d03ce6d54569,Seller 4170f6a9,brasilia df,DF,Standard,Fashion,1222211.17,45
ACC_00797,4e480be820e37de1444325ff358c9296,Seller 4e480be8,tres coracoes,MG,Premium,Retail,1630637.49,1
ACC_00798,6560211a19b47992c3666cc44a7e94c0,Seller 6560211a,sao paulo,SP,Standard,Retail,1063928.19,9
ACC_00799,3da38366e7bd9baf6369071f782ecdf0,Seller 3da38366,fortaleza,CE,Standard,Sports,239051.75,26
ACC_00800,e3e290b38963293022cdcd6db8328103,Seller e3e290b3,sao paulo,SP,Premium,Health & Beauty,1437061.94,29
ACC_00801,70b52a4cfc823994561b00bad161b4ed,Seller 70b52a4c,sao paulo,SP,Standard,Sports,1800474.88,35
ACC_00802,c1552b1dab6e6f760950368ae61fb600,Seller c1552b1d,sao jose dos campos,SP,Standard,Fashion,1255393.2,39
ACC_00803,596849622429351f47b32e6cae1055ff,Seller 59684962,mogi das cruses,SP,Standard,Sports,1798527.78,21
ACC_00804,e6ffc9ac6a7adc9d16a1cfc2286dd546,Seller e6ffc9ac,sao paulo,SP,Premium,Retail,302686.2,25
ACC_00805,bf0045791395e66460eb04749c68672a,Seller bf004579,sao paulo,SP,Standard,Home & Garden,197185.21,3
ACC_00806,718539d38d07dd351c76db862760e2e2,Seller 718539d3,campinas,SP,Standard,Sports,588610.14,22
ACC_00807,b76f4d90e85657a240495c876313adc5,Seller b76f4d90,hortolandia,SP,Premium,Retail,1231073.95,31
ACC_00808,979e9f8b5b39dd243a2550c8b05aecf0,Seller 979e9f8b,sao paulo,SP,Premium,Electronics,1269011.33,22
ACC_00809,22a23e5ac7061fc538cc2a019afaaf16,Seller 22a23e5a,belo horizonte,MG,Standard,Sports,1830706.07,12
ACC_00810,0b90b6df587eb83608a64ea8b390cf07,Seller 0b90b6df,maringa,PR,Premium,Fashion,174853.03,10
ACC_00811,9200e6ce317b67196b6b0bad4d4bd567,Seller 9200e6ce,rio de janeiro,RJ,Enterprise,Health & Beauty,1655167.88,22
ACC_00812,4c60877808f4318ef1107fbeb8f89afa,Seller 4c608778,atibaia,SP,Premium,Home & Garden,930379.34,28
ACC_00813,3bb32fedaa74e4ad20f4ce067733bd31,Seller 3bb32fed,porto belo,SC,Standard,Health & Beauty,51277.3,7
ACC_00814,ae8bfdbf1c2a2a2dee92d799db0a31c6,Seller ae8bfdbf,toledo,PR,Standard,Fashion,1543743.4,17
ACC_00815,1927cdb9fa74f5270097f6250e8e8f34,Seller 1927cdb9,marilia,SP,Premium,Sports,1808593.17,40
ACC_00816,8a87611c08849ffeeccab52aa798b6c7,Seller 8a87611c,curitiba,PR,Premium,Electronics,607894.64,13
ACC_00817,679769a98cfcc6da877c8486ff1c13f3,Seller 679769a9,ipatinga,MG,Premium,Health & Beauty,1186420.58,21
ACC_00818,acf974e4d5950ad143a247471b831eb9,Seller acf974e4,caxias do sul,RS,Standard,Electronics,1132798.0,12
ACC_00819,20a7efa9721046319bdde5d60b6b5365,Seller 20a7efa9,laguna,SP,Standard,Electronics,502394.05,26
ACC_00820,febab0275244b9a49a623f0bd613ca2f,Seller febab027,pedreira,SP,Premium,Fashion,1986267.99,14
ACC_00821,f3da5b2ff499efb8d4a6d371d175d7dd,Seller f3da5b2f,sao paulo,SP,Standard,Health & Beauty,260345.5,3
ACC_00822,436bf27f2f18474fc6047702e9f8a866,Seller 436bf27f,campinas,SP,Standard,Fashion,468660.2,44
ACC_00823,d2f3e277560ed4c6361284429b00f037,Seller d2f3e277,atibaia,SP,Standard,Retail,857666.13,1
ACC_00824,cd843d4cf8ef32827de0396605163ba3,Seller cd843d4c,juiz de fora,MG,Standard,Health & Beauty,925159.28,42
ACC_00825,67883baaae6134ee81b271a542613728,Seller 67883baa,sao paulo,SP,Standard,Sports,230409.71,14
ACC_00826,7dc9a3355bae96dd82008b313d3a456c,Seller 7dc9a335,dores de campos,MG,Premium,Retail,372376.38,2
ACC_00827,05e107217c7266362fd44b75b2cd4cc4,Seller 05e10721,sao paulo - sp,SP,Standard,Home & Garden,1116547.69,45
ACC_00828,1acde099eb406aa220b1169b188b42da,Seller 1acde099,sao paulo,SP,Standard,Electronics,661213.14,42
ACC_00829,d97df38225e5abadaff1e72cb72b823c,Seller d97df382,sao caetano do sul,SP,Standard,Retail,294966.86,29
ACC_00830,45213867cefbf2cd4c6177e10216a951,Seller 45213867,araras,SP,Premium,Electronics,1057943.74,47
ACC_00831,61b893c57e33626afb104d4112b1be76,Seller 61b893c5,divisa nova,MG,Standard,Electronics,1640828.44,24
ACC_00832,a420f60ff1aa9acc80d0e42959f2b313,Seller a420f60f,sao paulo,SP,Standard,Health & Beauty,1939336.69,7
ACC_00833,ff4ea69c2a729e83e63c7579e4ef8170,Seller ff4ea69c,guarulhos,SP,Standard,Fashion,1926388.77,45
ACC_00834,fa5fdc4e4bb6bd1009ad0e4ac4096562,Seller fa5fdc4e,santo andre,SP,Standard,Electronics,1400871.62,13
ACC_00835,916748bc99315c2d202898ae58b1617e,Seller 916748bc,sorocaba,SP,Standard,Fashion,1899895.54,9
ACC_00836,bc2ac6b95e1accce9858528ee566c17e,Seller bc2ac6b9,campinas,SP,Standard,Health & Beauty,894946.38,5
ACC_00837,25debeafbce801fdd479539350185eee,Seller 25debeaf,igaracu do tiete,SP,Standard,Sports,319206.59,22
ACC_00838,02c988090b766852e088c69d7fb3b551,Seller 02c98809,americana,SP,Premium,Home & Garden,1752889.62,24
ACC_00839,e5f9e61ceb5f523cc966e0f34095032f,Seller e5f9e61c,brusque,SC,Premium,Health & Beauty,164485.56,44
ACC_00840,ad97a199236354e53fcd91a5a913e9a2,Seller ad97a199,brusque,SC,Standard,Sports,1419779.9,26
ACC_00841,3606774ec64634822d78dc2db6d37045,Seller 3606774e,sao caetano do sul,SP,Premium,Retail,1374670.88,6
ACC_00842,94165aea8a35c3c21499cbcae239b16c,Seller 94165aea,uberlandia,MG,Standard,Electronics,1505673.99,14
ACC_00843,c8665a4dd081a2c436b1cd921079d0d9,Seller c8665a4d,pitangueiras,SP,Standard,Electronics,471633.63,41
ACC_00844,c7dcd301ecfe5ab7f778ac172cf74be7,Seller c7dcd301,belo horizonte,MG,Standard,Sports,763559.93,39
ACC_00845,6c17baf138731a4aaacc3210adf2037b,Seller 6c17baf1,franca,SP,Standard,Sports,171298.64,14
ACC_00846,50c361bcf670d16f6df4d52de3dff924,Seller 50c361bc,sao paulo,SP,Standard,Electronics,1719698.04,46
ACC_00847,32e5635e63cb374eb63afdd242fb6134,Seller 32e5635e,rio de janeiro,RJ,Premium,Sports,1628333.95,36
ACC_00848,c1f12f926d0ba950578b4fa41115cbb6,Seller c1f12f92,sao paulo,SP,Standard,Home & Garden,1518341.89,45
ACC_00849,8602a61d680a10a82cceeeda0d99ea3d,Seller 8602a61d,sao paulo,SP,Standard,Sports,879052.08,41
ACC_00850,c3acdfac4e3e97ff87529454fbc03642,Seller c3acdfac,sao paulo,SP,Standard,Sports,328700.74,11
ACC_00851,fde0cc9ea29c8ccfc0a2c22256a58c71,Seller fde0cc9e,curitiba,PR,Premium,Fashion,857073.79,6
ACC_00852,e63e8bfa530fb16910dd6956e592bb81,Seller e63e8bfa,guarulhos,SP,Standard,Fashion,1115457.91,34
ACC_00853,c4f7fee5b0db50e87766f5a4d1b1b758,Seller c4f7fee5,sorocaba,SP,Premium,Fashion,1283926.76,1
ACC_00854,d7485b33791774c36108f8c69602d48d,Seller d7485b33,curitiba,PR,Premium,Health & Beauty,295323.52,47
ACC_00855,515d781150feed28a6ac091bb0e3cb8c,Seller 515d7811,campo grande,MS,Premium,Electronics,1746371.25,15
ACC_00856,e908c0f3646e8b60375734a350d95d71,Seller e908c0f3,sao paulo,SP,Premium,Home & Garden,732802.7,47
ACC_00857,2646baaf662d4d92ac48f047e35db92d,Seller 2646baaf,sao paulo,SP,Premium,Fashion,1720775.19,20
ACC_00858,13fa2a6c6b9d0f43cb588d7c82117a12,Seller 13fa2a6c,sao paulo,SP,Standard,Fashion,166051.13,48
ACC_00859,5343d0649eca2a983820bfe93fc4d17e,Seller 5343d064,santo andre,SP,Standard,Retail,410347.53,48
ACC_00860,7c9130f5f3729edd32aa059141d92484,Seller 7c9130f5,garca,SP,Premium,Home & Garden,581043.47,39
ACC_00861,e4ebd3f87bf70440014f07ddda7fbe03,Seller e4ebd3f8,presidente epitacio,SP,Standard,Retail,967283.32,39
ACC_00862,33a17d60c64393351ebf1ef860f4e0f2,Seller 33a17d60,porto alegre,RS,Enterprise,Electronics,471448.96,13
ACC_00863,640e21a7d01df7614a3b4923e990d40c,Seller 640e21a7,ibitinga,SP,Premium,Electronics,1335469.57,10
ACC_00864,d57e18d5f73c7ccb7f7339b61166898d,Seller d57e18d5,sao paulo,SP,Standard,Sports,163935.28,29
ACC_00865,dd2bdf855a9172734fbc3744021ae9b9,Seller dd2bdf85,belo horizonte,MG,Premium,Sports,797761.96,14
ACC_00866,9d213f303afae4983637247556438ede,Seller 9d213f30,ibitinga,SP,Standard,Fashion,266623.57,29
ACC_00867,aadfe0417e61315688b6bd7043361e25,Seller aadfe041,goiania,GO,Standard,Home & Garden,1282214.55,13
ACC_00868,079d295dcbf06ee8bb1b65ba964eb2b6,Seller 079d295d,sao paulo,SP,Enterprise,Sports,552441.35,11
ACC_00869,55c26bcb609f480eb7868594245febb5,Seller 55c26bcb,tabatinga,SP,Standard,Fashion,1217924.63,16
ACC_00870,cbf09e831b0c11f6f23ffb51004db972,Seller cbf09e83,sbc/sp,SP,Standard,Home & Garden,1143457.05,36
ACC_00871,7fdb0720c8d7c9075538b365dc8c3a22,Seller 7fdb0720,toledo,PR,Standard,Health & Beauty,1964222.53,31
ACC_00872,933446e9a59dece7ae9175103820ca8f,Seller 933446e9,curitiba,PR,Standard,Health & Beauty,972766.59,1
ACC_00873,3f8247d0f772ffa58560e5c682521ad5,Seller 3f8247d0,joinville,SC,Premium,Health & Beauty,1302841.51,22
ACC_00874,e46bc031f2c5bae4ccb40bb90712e9b4,Seller e46bc031,sao paulo,SP,Premium,Health & Beauty,1854586.28,14
ACC_00875,4aba391bc3b88717ce08eb11e44937b2,Seller 4aba391b,arraial d'ajuda (porto seguro),BA,Standard,Electronics,168231.8,18
ACC_00876,fcba71d4d5db057f43249145e4eb1e27,Seller fcba71d4,limeira,SP,Enterprise,Retail,80437.72,43
ACC_00877,c747d5b92c7648417faea95d36d763e8,Seller c747d5b9,pacatuba,CE,Standard,Retail,311260.97,16
ACC_00878,715bbd5ba4e6b74cb0d2f29eb45058b0,Seller 715bbd5b,serra negra,SP,Premium,Home & Garden,621250.74,5
ACC_00879,1430239a858e7682bbc43b20758af153,Seller 1430239a,sao paulo,SP,Premium,Electronics,1591369.03,34
ACC_00880,bb7a14e229b1c95156719c3d9552eeee,Seller bb7a14e2,rio de janeiro,RJ,Standard,Health & Beauty,900419.01,6
ACC_00881,d598f929fc44e1e38678e7f47250ec04,Seller d598f929,formosa,GO,Premium,Electronics,1893831.91,10
ACC_00882,edc518ba25576a0188a0e8f2c3af186f,Seller edc518ba,guarulhos,SP,Premium,Health & Beauty,383074.07,13
ACC_00883,4c18691b6037662be2df78a765d98ab5,Seller 4c18691b,sao paulo,SP,Standard,Retail,948880.47,30
ACC_00884,8f2b51a30523cdecddc2f179f351c7d6,Seller 8f2b51a3,sao paulo,SP,Standard,Fashion,1391063.79,17
ACC_00885,6b536a23086fba0d58c08d68814397f6,Seller 6b536a23,niteroi,RJ,Standard,Health & Beauty,1314216.29,12
ACC_00886,95f83f51203c626648c875dd41874c7f,Seller 95f83f51,borda da mata,MG,Standard,Sports,703606.49,4
ACC_00887,6b243f80ed07b10f0e8aa0f21a205f3c,Seller 6b243f80,curitiba,PR,Standard,Electronics,856160.75,14
ACC_00888,e7f3bf1ecd8526eb7f3b18059e6716e5,Seller e7f3bf1e,ubatuba,SP,Standard,Fashion,357611.97,30
ACC_00889,4d600e08ecbe08258c79e536c5a42fee,Seller 4d600e08,entre rios do oeste,PR,Standard,Retail,181340.8,25
ACC_00890,2089a6d640999f9b9141ac719b2af596,Seller 2089a6d6,sao carlos,SP,Enterprise,Sports,1554177.59,34
ACC_00891,2a167ca73899c85001a837d8fb4962f6,Seller 2a167ca7,sao paulo,SP,Premium,Health & Beauty,1418401.84,34
ACC_00892,458c6fa920810ce2492da71bc26d9eec,Seller 458c6fa9,catanduva,SP,Standard,Home & Garden,1310193.57,2
ACC_00893,7494d0dcba8551df6cf37f1b905dc2f7,Seller 7494d0dc,santos,SP,Premium,Sports,499723.07,17
ACC_00894,698f5fa55a5f73d0740e9d9a773e8093,Seller 698f5fa5,rio de janeiro,RJ,Premium,Health & Beauty,931492.04,41
ACC_00895,4f0d637c1197fd65405ebd755ac9f86b,Seller 4f0d637c,taboao da serra,SP,Standard,Electronics,827821.29,31
ACC_00896,3969863bb8af7f72580b3b1ffd3a17b3,Seller 3969863b,sao paulo,SP,Premium,Fashion,1890674.01,7
ACC_00897,2a5b78b41cd05baeac8df54c6606b92c,Seller 2a5b78b4,formiga,MG,Standard,Home & Garden,717937.23,49
ACC_00898,1f7dfad2cb384ea4d2d7e1ffbd78c407,Seller 1f7dfad2,sao paulo,SP,Premium,Health & Beauty,1030475.04,22
ACC_00899,08f5819815f3d06545011850bd70f0a8,Seller 08f58198,santos,SP,Premium,Health & Beauty,121909.41,17
ACC_00900,b32be1695eb7ec5f10f72d9610a12527,Seller b32be169,caxias do sul,RS,Premium,Health & Beauty,511005.89,33
ACC_00901,b94cc9f10ddc85e4ba73a6f7974e7101,Seller b94cc9f1,macae,RJ,Premium,Retail,826056.85,43
ACC_00902,53243585a1d6dc2643021fd1853d8905,Seller 53243585,lauro de freitas,BA,Premium,Home & Garden,1774137.64,28
ACC_00903,6df688df543f90e9b38f4319e75a9d88,Seller 6df688df,belo horizonte,MG,Standard,Home & Garden,158797.01,19
ACC_00904,7f40d06aa0b5f1aa4f41af8c0480e2ef,Seller 7f40d06a,rio claro,SP,Premium,Home & Garden,691671.97,10
ACC_00905,dd88d13bea9e4c2bf47daf224f8141e5,Seller dd88d13b,lajeado,RS,Standard,Health & Beauty,1280901.7,43
ACC_00906,72c38a04bd6a1c3dbc5298425a0db86d,Seller 72c38a04,cascavel,PR,Premium,Fashion,782109.41,20
ACC_00907,9e17b9d64683aebcbb9ee362d06463b4,Seller 9e17b9d6,ribeirao preto,SP,Premium,Retail,1064308.48,2
ACC_00908,b5bb2b985208834bd5bd86c7a402bbad,Seller b5bb2b98,venancio aires,RS,Enterprise,Sports,233858.01,14
ACC_00909,b1fecf4da1fa2689bccffa0121953643,Seller b1fecf4d,campo grande,MS,Premium,Fashion,900679.16,44
ACC_00910,7b1222c3624aa89b9558b50a2594188c,Seller 7b1222c3,sao jose do rio preto,SP,Standard,Sports,1453740.03,2
ACC_00911,e595809a6c31ec4314fd06ef198c244d,Seller e595809a,navegantes,SC,Standard,Home & Garden,1701167.6,33
ACC_00912,ba6b68b55fe8704377a7d43c8e5c0185,Seller ba6b68b5,belo horizonte,MG,Standard,Home & Garden,440309.66,38
ACC_00913,b8114f2f589a6804810f04f99b36b498,Seller b8114f2f,sao bernardo do campo,SP,Standard,Fashion,1397959.86,2
ACC_00914,83d7070a0b9a8b4625fa8682b819fabb,Seller 83d7070a,cotia,SP,Premium,Retail,1382080.96,41
ACC_00915,570d4583587a5fe2d47c7be89b91ad27,Seller 570d4583,sao paulo,SP,Standard,Retail,828174.9,34
ACC_00916,9591fc341b1bfb7ef561e2968ec6e011,Seller 9591fc34,sao paulo,SP,Enterprise,Health & Beauty,1622567.3,31
ACC_00917,0af977692321d895349eded183341d28,Seller 0af97769,santos,SP,Premium,Sports,846843.52,13
ACC_00918,b33aaadd1a8891d2dfef0c4c3bdf0371,Seller b33aaadd,limeira,SP,Standard,Retail,1687029.92,35
ACC_00919,5d9dc90a686a8fddacffab6bab5653a3,Seller 5d9dc90a,santana de parnaiba,SP,Standard,Fashion,980148.94,47
ACC_00920,cc80e2f693fa6e2408f47ccf62413fc1,Seller cc80e2f6,curitiba,PR,Premium,Health & Beauty,155497.42,39
ACC_00921,dee656f0f566ed1aa85bd137c943f08f,Seller dee656f0,cruzeiro,SP,Enterprise,Home & Garden,152833.99,26
ACC_00922,ace601496e211a664100321f038f50af,Seller ace60149,sao paulo,SP,Standard,Home & Garden,894970.95,34
ACC_00923,d673a59aac7a70d8b01e6902bf090a11,Seller d673a59a,ibitinga,SP,Enterprise,Home & Garden,353349.34,6
ACC_00924,966cb4760537b1404caedd472cc610a5,Seller 966cb476,diadema,SP,Premium,Health & Beauty,1925383.43,35
ACC_00925,d4a5e99e0dd915df64ba55a7fbd583fd,Seller d4a5e99e,sao paulo,SP,Standard,Retail,178409.2,37
ACC_00926,6bcb2352a2a0c38b845f598298ab9d26,Seller 6bcb2352,maringa,PR,Standard,Retail,1020922.6,1
ACC_00927,2c2c9832d1bb38c5b0034a3b47d313ee,Seller 2c2c9832,santa maria,RS,Enterprise,Home & Garden,99325.55,11
ACC_00928,f3b80352b986ab4d1057a4b724be19d0,Seller f3b80352,brasilia,DF,Standard,Electronics,915820.83,47
ACC_00929,b452cb0ae35044c4a53179c39f49fb06,Seller b452cb0a,sorocaba,SP,Standard,Sports,986805.92,21
ACC_00930,0307f7565ff85b299b6e5ef162b1b1a9,Seller 0307f756,sao jose do rio preto,SP,Premium,Fashion,1278235.14,38
ACC_00931,ffeee66ac5d5a62fe688b9d26f83f534,Seller ffeee66a,mirassol,SP,Premium,Home & Garden,1406532.47,24
ACC_00932,3bfad056cf05c00dabe2f895925d83b1,Seller 3bfad056,osasco,SP,Standard,Electronics,1568763.75,49
ACC_00933,9aa388272ee334b6ae07bc73706e254a,Seller 9aa38827,muriae,MG,Premium,Home & Garden,1922569.84,48
ACC_00934,74bafed391319577bce6f4d2acc0589a,Seller 74bafed3,sao paulo,SP,Enterprise,Home & Garden,1355715.69,15
ACC_00935,2b03ac196f5ed62ac483960fe0fa3b65,Seller 2b03ac19,sao paulo,SP,Standard,Health & Beauty,265340.34,21
ACC_00936,0b64bcdb0784abc139af04077d49a20e,Seller 0b64bcdb,canoas,RS,Premium,Health & Beauty,554488.56,20
ACC_00937,0bfd0b434243adc5c2e1aa6baf19c6aa,Seller 0bfd0b43,rio de janeiro,RJ,Premium,Health & Beauty,1302173.58,33
ACC_00938,92d14edfb62ee5ae7fdff70b0f4e7233,Seller 92d14edf,sao bernardo do campo,SP,Standard,Fashion,1042823.75,17
ACC_00939,5e105f5c9f63f5f1fd75d6cb942e55b1,Seller 5e105f5c,sao jose do rio preto,SP,Premium,Sports,447881.55,44
ACC_00940,2fb25ab44bdbeae6a4d816e0d0c9d500,Seller 2fb25ab4,volta redonda,RJ,Premium,Sports,1165383.12,28
ACC_00941,ed4311e67debd72b8610a5347a743087,Seller ed4311e6,guarulhos,SP,Premium,Fashion,935554.42,45
ACC_00942,5bf397d04035b5f45cc41e82ec106803,Seller 5bf397d0,sao paulo,SP,Premium,Fashion,1328041.98,15
ACC_00943,f9bbdd976532d50b7816d285a22bd01e,Seller f9bbdd97,sao paulo,SP,Standard,Electronics,1498094.58,49
ACC_00944,e3e15e2c0b9700561efac21c6be48066,Seller e3e15e2c,sao paulo,SP,Standard,Electronics,685665.38,30
ACC_00945,a5bff0f43eb51f0cad7c37fac7244c8a,Seller a5bff0f4,sao paulo,SP,Premium,Home & Garden,1652133.36,3
ACC_00946,f52c2422904463fdd7741f99045fecb6,Seller f52c2422,santo andre/sao paulo,SP,Standard,Health & Beauty,287311.97,15
ACC_00947,14f2b3587172b9db894c9bad8dab520b,Seller 14f2b358,ipe,RS,Standard,Home & Garden,675514.62,46
ACC_00948,1354d51653f645349064725ed204e85e,Seller 1354d516,sao paulo,SP,Enterprise,Home & Garden,1559249.32,20
ACC_00949,eaaa46e98c9e61f6764dd1d7a2ab8b3e,Seller eaaa46e9,messias targino,RN,Standard,Fashion,1810299.85,40
ACC_00950,5b664594895aefb418afaee6d40a9a23,Seller 5b664594,petropolis,RJ,Enterprise,Electronics,737010.52,30
ACC_00951,bf00385a5f7fc1ef39a13c2e9ee50a5f,Seller bf00385a,sao paulo,SP,Enterprise,Electronics,1122826.2,21
ACC_00952,391bbd13b6452244774beff1824006ed,Seller 391bbd13,campinas,SP,Enterprise,Fashion,1059111.07,28
ACC_00953,c714262700f93defc16bf17a51a4cb23,Seller c7142627,sao paulo,SP,Standard,Sports,1366170.17,47
ACC_00954,bcd2d7510d58e293f20fad6438c1b314,Seller bcd2d751,curitiba,PR,Standard,Sports,1807110.43,31
ACC_00955,ec4608a1f76453166bb312b2968aeaf4,Seller ec4608a1,porto ferreira,SP,Standard,Home & Garden,1918118.19,27
ACC_00956,5c603ffb38cbbf25a0e0698941324143,Seller 5c603ffb,varginha,MG,Premium,Fashion,378993.82,1
ACC_00957,2bd05d410a8fd26dc4184a15f4f2f588,Seller 2bd05d41,belo horizonte,MG,Premium,Health & Beauty,1236446.17,37
ACC_00958,4dab98ca6cd6d3df586203cefd28a042,Seller 4dab98ca,porto alegre,RS,Standard,Electronics,1956023.06,27
ACC_00959,293dee954235e4e4e43f129313625ebe,Seller 293dee95,brasilia,DF,Enterprise,Sports,371748.51,15
ACC_00960,cd68562d3f44870c08922d380acae552,Seller cd68562d,ribeirao preto,SP,Standard,Electronics,1674562.35,18
ACC_00961,082e0bf4cb865a6533b1e8e498cc0255,Seller 082e0bf4,botucatu,SP,Premium,Retail,465450.22,38
ACC_00962,c286ec035ee04ba81c97508f0b5df544,Seller c286ec03,curitiba,PR,Premium,Fashion,385115.47,17
ACC_00963,dd8a29ce82d5c705ba932d81494600a5,Seller dd8a29ce,sao paulo,SP,Standard,Home & Garden,716840.18,31
ACC_00964,41da412d33e8da4f22baf55cb1bde82c,Seller 41da412d,domingos martins,ES,Premium,Electronics,353456.18,38
ACC_00965,782f78b632a43875dd5b53e3e49c9564,Seller 782f78b6,campinas,SP,Enterprise,Sports,794036.58,30
ACC_00966,28405831a29823802aa22c084cfd0649,Seller 28405831,sao paulo,SP,Standard,Sports,601748.85,9
ACC_00967,fe19dce63ae80346207c6c55713d1023,Seller fe19dce6,uberaba,MG,Standard,Electronics,316499.91,33
ACC_00968,a67780aba9dd436e7ac0aa1f889e73ec,Seller a67780ab,presidente prudente,SP,Premium,Health & Beauty,1889403.42,28
ACC_00969,d594982fd877af63ace38ea1fca27c76,Seller d594982f,sao paulo,SP,Standard,Fashion,559202.83,37
ACC_00970,dda37071807e404c5bb2a1590c66326f,Seller dda37071,sao paulo,SP,Premium,Sports,1799130.57,14
ACC_00971,5bc55dbe2f12b6af6d83ed46023e0dc8,Seller 5bc55dbe,coronel fabriciano,MG,Standard,Electronics,1984018.34,28
ACC_00972,b1b3948701c5c72445495bd161b83a4c,Seller b1b39487,sao paulo,SP,Standard,Fashion,1783051.9,3
ACC_00973,4e92348462c75b6c842b994ce84a0ed4,Seller 4e923484,cachoeirinha,RS,Enterprise,Fashion,583163.81,32
ACC_00974,6e13dd869aa7185f601c941423abcc8f,Seller 6e13dd86,sao paulo,SP,Standard,Fashion,101509.39,38
ACC_00975,723cd880edaacdb998898b67c8f9da30,Seller 723cd880,ibitinga,SP,Premium,Fashion,1859081.34,48
ACC_00976,00ee68308b45bc5e2660cd833c3f81cc,Seller 00ee6830,sao paulo,SP,Standard,Electronics,507086.69,34
ACC_00977,1fbe10c70e30765ed1de86d9f7e98409,Seller 1fbe10c7,maua,SP,Standard,Sports,719168.35,8
ACC_00978,001e6ad469a905060d959994f1b41e4f,Seller 001e6ad4,sao goncalo,RJ,Enterprise,Electronics,792567.5,23
ACC_00979,685b870da5b52a710782c9c0fefbeb5b,Seller 685b870d,sao bernardo do campo,SP,Standard,Home & Garden,1510481.57,37
ACC_00980,701938c450705b8ae65fc923b70f35c7,Seller 701938c4,s jose do rio preto,SP,Standard,Home & Garden,1996174.34,40
ACC_00981,f3862c2188522d89860c38a3ea8b550d,Seller f3862c21,ribeirao preto,SP,Enterprise,Fashion,1708867.7,42
ACC_00982,f5f1f2c5f923f36ad79ea1d07185ddc9,Seller f5f1f2c5,taruma,SP,Premium,Retail,188095.48,32
ACC_00983,cf8ab1616079e2793aa29d524df01bb1,Seller cf8ab161,sao paulo,SP,Standard,Fashion,1910350.09,41
ACC_00984,160851d3ece7aa1a510f8d1a4bb8a8af,Seller 160851d3,garca,SP,Standard,Fashion,770817.41,19
ACC_00985,61c36f0fc4a47f9532e5512b66668e62,Seller 61c36f0f,guarulhos,SP,Standard,Home & Garden,84637.2,44
ACC_00986,59b22a78efb79a4797979612b885db36,Seller 59b22a78,uberlandia,MG,Standard,Health & Beauty,723011.8,11
ACC_00987,553a440137d6e0cf776aee0bb83ac9f5,Seller 553a4401,limeira,SP,Standard,Retail,941103.83,18
ACC_00988,ea8482cd71df3c1969d7b9473ff13abc,Seller ea8482cd,sao paulo,SP,Standard,Home & Garden,1539540.55,26
ACC_00989,72bc2cce903c872fe376a8faaa81d237,Seller 72bc2cce,sao paulo,SP,Standard,Home & Garden,817205.76,32
ACC_00990,65c255b299faf2d12050937cc219c46c,Seller 65c255b2,sao paulo,SP,Enterprise,Retail,1126104.75,3
ACC_00991,f09e26011d833ddab11593c1a097a92a,Seller f09e2601,pirassununga,SP,Premium,Retail,1083235.62,4
ACC_00992,72c73be2b085b9d57650dd53eb2004c9,Seller 72c73be2,sao paulo,SP,Premium,Electronics,919445.8,19
ACC_00993,c2bda99904207edd1834f03e0022b007,Seller c2bda999,sao paulo,SP,Premium,Electronics,851554.92,18
ACC_00994,3d4824f20035949c710eaf111f869d39,Seller 3d4824f2,sorocaba,SP,Standard,Electronics,883802.55,13
ACC_00995,042573af89b6d931f672efaf789d8358,Seller 042573af,sorocaba,SP,Standard,Retail,1347883.47,48
ACC_00996,5b925e1d006e9476d738aa200751b73b,Seller 5b925e1d,sao paulo,SP,Premium,Home & Garden,1975463.81,40
ACC_00997,06bb3a2fe5e7b7a845b13e8fb91bd944,Seller 06bb3a2f,belo horizonte,MG,Premium,Sports,962170.8,6
ACC_00998,5f5a58930c3c35f3b5af264f34fb8c85,Seller 5f5a5893,ribeirao preto,SP,Standard,Fashion,61063.58,32
ACC_00999,fe2032dab1a61af8794248c8196565c9,Seller fe2032da,campinas,SP,Enterprise,Fashion,277669.77,16
ACC_01000,3092c0b297aacfb4bb6e056ebe13b9b8,Seller 3092c0b2,aruja,SP,Standard,Home & Garden,295755.04,36
ACC_01001,c004e5ea15737026cecaee0447e00b75,Seller c004e5ea,sao paulo,SP,Premium,Retail,1984016.55,17
ACC_01002,8629a7efec1aab257e58cda559f03ba7,Seller 8629a7ef,goiania,GO,Standard,Electronics,1363768.67,29
ACC_01003,1c56ffe0e9dea2657fc6e95b53f40b13,Seller 1c56ffe0,sao carlos,SP,Premium,Retail,305548.18,39
ACC_01004,74a9b9bddf14ece02beb81f52c41a88d,Seller 74a9b9bd,sao paulo,SP,Standard,Health & Beauty,286827.19,3
ACC_01005,1cbd32d00d01bb8087a5eb088612fd9c,Seller 1cbd32d0,sp / sp,SP,Standard,Retail,1937411.26,48
ACC_01006,850857dfac77488c307e2b1cbd84ab5a,Seller 850857df,cascavel,PR,Premium,Health & Beauty,1911078.55,1
ACC_01007,e0a366315b1b726b6c7832d664c0f530,Seller e0a36631,sao paulo,SP,Premium,Electronics,73403.62,33
ACC_01008,4049512728d969bec69f84088b012416,Seller 40495127,belo horizonte,MG,Standard,Home & Garden,114298.97,35
ACC_01009,120476eb7a04c149d14772edaf5d9bf2,Seller 120476eb,angra dos reis,RJ,Enterprise,Home & Garden,1246069.78,45
ACC_01010,cd6efc47efaabf134f8bdb654e10b4f1,Seller cd6efc47,rio de janeiro,RJ,Premium,Fashion,987219.22,23
ACC_01011,2a7c6c0b0d5efde2bf75ec1e1cec2d41,Seller 2a7c6c0b,maringa,PR,Standard,Health & Beauty,1766541.88,40
ACC_01012,4e17c65a516f69d023a2ae78b84f28d6,Seller 4e17c65a,suzano,SP,Premium,Health & Beauty,690689.48,3
ACC_01013,a8739afb32aaa45e01815ca76f76f54b,Seller a8739afb,sao bernardo do campo,SP,Standard,Health & Beauty,1503584.53,41
ACC_01014,d4828feed4cda2cd9d6b37899a95a71e,Seller d4828fee,juzeiro do norte,CE,Standard,Retail,1679320.29,9
ACC_01015,e3d3b3efac954a60d61be70b7e05b49b,Seller e3d3b3ef,sao paulo,SP,Enterprise,Electronics,798254.46,48
ACC_01016,d558ebe531605a1285ab2b1bc3256dfb,Seller d558ebe5,divinopolis,MG,Enterprise,Home & Garden,1124032.7,46
ACC_01017,c7a0a13cbcf29d5ce51c8f80afdc0b89,Seller c7a0a13c,laurentino,SC,Standard,Fashion,1589388.7,32
ACC_01018,33ac3e28642ab8bda860a2f693000e78,Seller 33ac3e28,cotia,SP,Premium,Fashion,223004.6,21
ACC_01019,8936ba0de1073ee888cb3185ae5dc661,Seller 8936ba0d,sao paulo,SP,Premium,Home & Garden,1230711.02,4
ACC_01020,18a349e75d307f4b4cc646a691ed4216,Seller 18a349e7,sao paulo,SP,Standard,Retail,53884.16,15
ACC_01021,a72c2f59332659e361d647515c698798,Seller a72c2f59,flores da cunha,RS,Enterprise,Electronics,1021856.97,8
ACC_01022,b55638ad525e906c698fa2ce742c1742,Seller b55638ad,imbituba,SC,Standard,Fashion,91499.89,1
ACC_01023,be9a160a9011f627c3e121d076c1ec7b,Seller be9a160a,jaragua do sul,SC,Standard,Fashion,1484737.73,42
ACC_01024,ed859002ad59dbf8cf3602696a6c3000,Seller ed859002,londrina,PR,Enterprise,Sports,1596697.99,39
ACC_01025,12b9676b00f60f3b700e83af21824c0e,Seller 12b9676b,montenegro,RS,Standard,Sports,652533.72,41
ACC_01026,ef2fbc2b607d8492bcffe657a4645434,Seller ef2fbc2b,rio de janeiro,RJ,Premium,Home & Garden,533897.88,3
ACC_01027,a080fc8a850289b27500f6b49cca2553,Seller a080fc8a,sao paulo,SP,Premium,Home & Garden,446937.85,13
ACC_01028,9c57bc60cfad5ee62d35d3f1ce4593a1,Seller 9c57bc60,curitiba,PR,Premium,Fashion,317883.97,9
ACC_01029,9539213aa8e023c01937bef95dc006da,Seller 9539213a,sao paulo,SP,Premium,Retail,1859849.92,34
ACC_01030,69a43819c758c65a5befb0b471c954d7,Seller 69a43819,apucarana,PR,Enterprise,Sports,1995805.51,19
ACC_01031,8fdca8e349553f99bc738833a62c8802,Seller 8fdca8e3,sao paulo,SP,Standard,Health & Beauty,1362899.71,17
ACC_01032,0bb27263628258b8111a0262769fa9db,Seller 0bb27263,sao paulo,SP,Premium,Health & Beauty,894795.38,5
ACC_01033,08061dc0fc165ed41288cc7acde738ee,Seller 08061dc0,osasco,SP,Standard,Sports,790535.44,4
ACC_01034,4ebdc7e6cd6102a022dadc49156d4ea8,Seller 4ebdc7e6,sao paulo,SP,Standard,Fashion,1972030.92,2
ACC_01035,f918546be4bec7104d117789ba758b2b,Seller f918546b,sao paulo,SP,Premium,Home & Garden,491413.98,40
ACC_01036,eb4a59a06b3948e851a7d7a830bcbc42,Seller eb4a59a0,salvador,BA,Standard,Fashion,678372.91,2
ACC_01037,80146bc52c4f6af5239b23de2a20262b,Seller 80146bc5,taboao da serra,SP,Standard,Fashion,1684947.24,47
ACC_01038,4091f77d8c768fc3e81c20761471761d,Seller 4091f77d,sao paulo,SP,Premium,Retail,1985153.75,25
ACC_01039,0dfbed20065e425d2eaefb101f9816c0,Seller 0dfbed20,porto ferreira,SP,Standard,Retail,1112744.84,49
ACC_01040,26bad72add1f86e08a776ce4ffdaf1ca,Seller 26bad72a,pedregulho,SP,Standard,Sports,1532987.47,31
ACC_01041,e174dc2de86d60fee178170a154c05e7,Seller e174dc2d,santo andre,SP,Standard,Health & Beauty,701098.1,33
ACC_01042,612170e34b97004b3ba37eae81836b4c,Seller 612170e3,novo hamburgo,RS,Standard,Electronics,1489124.62,45
ACC_01043,2a84855fd20af891be03bc5924d2b453,Seller 2a84855f,belo horizonte,MG,Enterprise,Health & Beauty,632037.06,12
ACC_01044,cf2384dd2f1dddea3f838efed0945e65,Seller cf2384dd,serra negra,SP,Standard,Electronics,1115676.92,35
ACC_01045,377bc18334c78dd2f1535ef22a3ad225,Seller 377bc183,sao jose dos pinhais,PR,Standard,Home & Garden,516354.93,31
ACC_01046,439a47cc365d6e3bd526812ea9de3c29,Seller 439a47cc,mogi das cruzes,SP,Standard,Electronics,1225066.51,49
ACC_01047,6ba4733aa33f6386e9fb0c0fd3993b38,Seller 6ba4733a,torres,RS,Standard,Home & Garden,1473526.75,39
ACC_01048,4b39558c138930b9e5489c93b6df5fe3,Seller 4b39558c,aracaju,SE,Standard,Home & Garden,880532.33,13
ACC_01049,4b9750c8ad28220fe6702d4ecb7c898f,Seller 4b9750c8,limeira,SP,Standard,Health & Beauty,1323489.28,36
ACC_01050,278b6e0b20c4f61fefaa0577943d7a35,Seller 278b6e0b,itajai,SC,Premium,Fashion,332925.93,39
ACC_01051,ba8e85df286308fe68a2ce83a8f8b2d6,Seller ba8e85df,santa catarina,SC,Standard,Electronics,123056.51,31
ACC_01052,2059c39f76271d4ca3f15b5ffaccc8b8,Seller 2059c39f,curitiba,PR,Standard,Fashion,882229.65,5
ACC_01053,5a05a16bb50629ee31afab8a6d4c2674,Seller 5a05a16b,caxias do sul,RS,Standard,Health & Beauty,729348.49,2
ACC_01054,edb65fe661681b1c0de8bd47c8655855,Seller edb65fe6,sao paulo,SP,Standard,Sports,633418.66,37
ACC_01055,8cbac7e12637ed9cffa18c7875207478,Seller 8cbac7e1,jaragua do sul,SC,Premium,Sports,1302858.96,22
ACC_01056,fdb9095204a334cd8872252ffec6f2db,Seller fdb90952,sao paulo,SP,Standard,Electronics,1883679.48,34
ACC_01057,0cab2da43793a6f3c5ed8514c5f54627,Seller 0cab2da4,curitiba,PR,Premium,Health & Beauty,541544.09,24
ACC_01058,5b97c06a046398e7005b2b7c0d707a92,Seller 5b97c06a,joao pinheiro,MG,Standard,Electronics,502241.28,24
ACC_01059,aae3bfea055532c57fb453ed3ec80b30,Seller aae3bfea,santo andre,SP,Standard,Fashion,1414602.52,34
ACC_01060,866558b3bccef2dbc6d29a2b5995016f,Seller 866558b3,arapongas,PR,Standard,Retail,1285751.95,32
ACC_01061,cb5df0dcb9e280b1780e9d589889f2c7,Seller cb5df0dc,bady bassitt,SP,Enterprise,Electronics,1415330.82,28
ACC_01062,9bcdfa7b615b3abb9461d9e3ad9886ae,Seller 9bcdfa7b,blumenau,SC,Standard,Retail,1278181.63,35
ACC_01063,271c58a1d139c45eaf3316107c6d3a3b,Seller 271c58a1,sao paulo,SP,Standard,Retail,1797787.1,11
ACC_01064,2dee2ce60de9709b1a24083217181a1f,Seller 2dee2ce6,sinop,MT,Standard,Fashion,769780.19,44
ACC_01065,a154d7316f158bb42e6fa18bbe3afd3a,Seller a154d731,sao paulo,SP,Standard,Fashion,1821802.14,40
ACC_01066,f84fa566034f5e8e880a07ec624c56af,Seller f84fa566,indaiatuba,SP,Standard,Fashion,129367.88,48
ACC_01067,4c1c7281388a33dd06daac44f9fadbd1,Seller 4c1c7281,marilia,SP,Premium,Fashion,678539.14,15
ACC_01068,2063dd1b9f568df1c16741ea7d3e6adb,Seller 2063dd1b,guarapuava,PR,Standard,Retail,1388357.05,31
ACC_01069,9cea4682e16655f7da87f406902e989e,Seller 9cea4682,araucaria,PR,Standard,Fashion,1361051.89,3
ACC_01070,b1ac6ea7895bc3dd6f0f6f4abbdd2821,Seller b1ac6ea7,canoas,RS,Premium,Fashion,1117554.87,16
ACC_01071,851773c885feb5e2da3b4f82bc2b17ce,Seller 851773c8,lencois paulista,SP,Standard,Fashion,275476.54,10
ACC_01072,0ff83046c3fa22efee8ecf291888b191,Seller 0ff83046,caxias do sul,RS,Enterprise,Sports,1452500.33,14
ACC_01073,2b2fed75b8e5ea3a052fc4c0825da485,Seller 2b2fed75,juiz de fora,MG,Standard,Health & Beauty,1488900.36,9
ACC_01074,9f50216bfd01913736a55a11b55ea842,Seller 9f50216b,taubate,SP,Standard,Fashion,280600.19,6
ACC_01075,2d518637f53161b973e01f56ea4bb88e,Seller 2d518637,sao paulo,SP,Standard,Electronics,762903.34,29
ACC_01076,aafe36600ce604f205b86b5084d3d767,Seller aafe3660,sao jose,SC,Standard,Retail,256388.35,32
ACC_01077,efff9341f3f8f5237b44ff67ed36a7bf,Seller efff9341,vitoria,ES,Premium,Sports,1709822.97,29
ACC_01078,a7d0f8dd44f57ef6de7f7f02e3d82630,Seller a7d0f8dd,sao paulo,SP,Premium,Electronics,1707025.09,34
ACC_01079,5b07547f10dd980738a1a27f685af669,Seller 5b07547f,guarulhos,SP,Premium,Sports,1224853.66,38
ACC_01080,a99504ac23ed125aaf5302af6cc30af9,Seller a99504ac,batatais,SP,Standard,Electronics,83165.56,44
ACC_01081,5882820ef11c4c068eea0677a7a879b4,Seller 5882820e,caxias do sul,RS,Premium,Home & Garden,464607.08,48
ACC_01082,7357b52d27cbaa90f81a96cbc1279396,Seller 7357b52d,lagoa santa,MG,Standard,Sports,124830.76,8
ACC_01083,180c3376aff0e43dd5788709df48a843,Seller 180c3376,sao paulo,SP,Standard,Home & Garden,1099065.91,26
ACC_01084,b4b447d715f9ab302a188fb43d3e96b3,Seller b4b447d7,sao paulo,SP,Premium,Health & Beauty,873254.86,4
ACC_01085,5e25c632f9db6cfb8bc100421c2737b6,Seller 5e25c632,chapeco,SC,Premium,Retail,855805.57,40
ACC_01086,f4c4daa86e30c7e5a553a8d518ac03a5,Seller f4c4daa8,cascavel,PR,Standard,Home & Garden,1378190.47,31
ACC_01087,398cb257329ef7af7f1943a8974a3cbc,Seller 398cb257,salvador,BA,Standard,Fashion,1499687.03,27
ACC_01088,4003520d80d0bad1d5623f7aa3c63cda,Seller 4003520d,rio de janeiro,RJ,Enterprise,Health & Beauty,1467734.77,19
ACC_01089,3289d8c3eef4873f91ce0b1343c0dd58,Seller 3289d8c3,praia grande,SP,Premium,Home & Garden,93870.19,33
ACC_01090,b0f2a6122a90a93eb03e68653dd960e3,Seller b0f2a612,curitiba,PR,Standard,Fashion,1762302.97,15
ACC_01091,6c1b6d0c604b776f844125f911eb7377,Seller 6c1b6d0c,sao paulo,SP,Standard,Sports,652279.08,46
ACC_01092,c4af86330efa7a2620772227d2d670c9,Seller c4af8633,mogi das cruzes,SP,Standard,Electronics,1910452.7,9
ACC_01093,a888faf2d1baececa6baf9c3d603ee1f,Seller a888faf2,umuarama,PR,Standard,Health & Beauty,1560621.44,12
ACC_01094,681fce914360217db47784ae28905a96,Seller 681fce91,araucaria,PR,Standard,Retail,338313.59,27
ACC_01095,31be790e64fc99f8ff48ec2bd18a3104,Seller 31be790e,sao bernardo do campo,SP,Enterprise,Home & Garden,1305027.91,7
ACC_01096,7b3447b497e55af8c15fc7bd89d7b81a,Seller 7b3447b4,sao paulo,SP,Enterprise,Retail,581588.36,21
ACC_01097,e560e4022d8f7aebf155db95946c5c0f,Seller e560e402,belo horizonte,MG,Premium,Health & Beauty,569668.78,23
ACC_01098,2f9b7ce230a057a98a9f5df5893ee36c,Seller 2f9b7ce2,barueri,SP,Standard,Sports,143950.93,35
ACC_01099,41b39e28db005d9731d9d485a83b4c38,Seller 41b39e28,santo andre,SP,Standard,Fashion,611446.49,29
ACC_01100,809413606dbfe5deefd2db646693ef67,Seller 80941360,sao paulo,SP,Premium,Fashion,463415.39,10
ACC_01101,609e1a9a6c2539919b8205cf7c4e6ff0,Seller 609e1a9a,brusque,SC,Standard,Home & Garden,1282954.75,40
ACC_01102,c3e2398fcc7e581cda2e546557bf6968,Seller c3e2398f,sao paulo,SP,Standard,Electronics,1229461.77,5
ACC_01103,740205fedfe4e90ca6857bc77db0f2b4,Seller 740205fe,caxias do sul,SP,Standard,Health & Beauty,1232593.48,23
ACC_01104,c79151301b9d90985d1fa52879213105,Seller c7915130,maringa,PR,Standard,Home & Garden,1421149.4,7
ACC_01105,3e46a38ee171c503c3b4a3f23fe3bf0c,Seller 3e46a38e,sorocaba,SP,Standard,Fashion,1304787.14,20
ACC_01106,3d4b1ae7539303b5704493798893e82c,Seller 3d4b1ae7,sao paulo,SP,Standard,Retail,1585304.22,39
ACC_01107,bdf0d02d36a1d839d0c39c4a887cdd49,Seller bdf0d02d,birigui,SP,Standard,Fashion,798874.86,46
ACC_01108,65a7c0788e4d632ccb5e1b594b87f0bb,Seller 65a7c078,sao paulo,SP,Premium,Sports,393799.69,11
ACC_01109,d7f1cfc638473be93baedbfd02208016,Seller d7f1cfc6,belford roxo,RJ,Standard,Home & Garden,1533535.64,30
ACC_01110,001cca7ae9ae17fb1caed9dfb1094831,Seller 001cca7a,cariacica,ES,Standard,Health & Beauty,1547693.54,45
ACC_01111,7f35f9daf223da737b78738fbae4d977,Seller 7f35f9da,valinhos,SP,Standard,Fashion,1406443.32,48
ACC_01112,2eb70248d66e0e3ef83659f71b244378,Seller 2eb70248,campinas,SP,Standard,Home & Garden,246236.29,2
ACC_01113,6061155addc1e54b4cfb51c1c2a32ad8,Seller 6061155a,campinas,SP,Premium,Health & Beauty,915829.19,1
ACC_01114,8b87cd0d43d49b9bdf40f56229364d59,Seller 8b87cd0d,sao paulo,SP,Standard,Home & Garden,1457491.16,34
ACC_01115,52a50b42accf164f9f019941e5759d9b,Seller 52a50b42,monte alegre do sul,SP,Standard,Health & Beauty,852823.94,26
ACC_01116,c6bda72e4dbf5c5866b13cb1810c6d03,Seller c6bda72e,sao paulo,SP,Enterprise,Retail,87803.42,21
ACC_01117,270572bb714b00531be85e16e1550f26,Seller 270572bb,maua,SP,Premium,Fashion,1762734.72,20
ACC_01118,16bdc8cefd0e32a6f0824d296c5ad14a,Seller 16bdc8ce,sp,SP,Premium,Electronics,1587629.79,24
ACC_01119,4a82c4af97ffc0fb2dc26bfdc03b1842,Seller 4a82c4af,lagoa da prata,MG,Standard,Electronics,1939472.6,10
ACC_01120,3985a3c45be355a4c57fde108bfabd1c,Seller 3985a3c4,rolante,RS,Standard,Sports,1115144.05,4
ACC_01121,07e8e8fc5222bb358e6f259da3197074,Seller 07e8e8fc,sao paulo,SP,Premium,Health & Beauty,1612806.34,2
ACC_01122,cd06602b43d8800bd0afad514919d35c,Seller cd06602b,sao paulo,SP,Standard,Retail,1316400.07,12
ACC_01123,8f0fbe2cd4d472157dc1cdef6edecaa9,Seller 8f0fbe2c,sao paulo,SP,Standard,Home & Garden,1097951.3,29
ACC_01124,f44b6f775a2b390380e0e30b5c9d3eee,Seller f44b6f77,sao paulo,SP,Premium,Fashion,1558334.41,48
ACC_01125,365e4bce19bda0082c3d15d83fdb8bcd,Seller 365e4bce,sao caetano do sul,SP,Standard,Electronics,852999.82,44
ACC_01126,2e0dba2da448400b1c11d7b4b22f32a4,Seller 2e0dba2d,santo andre,SP,Standard,Home & Garden,82378.56,9
ACC_01127,e882b2a25a10b9c057cc49695f222c19,Seller e882b2a2,teresopolis,RJ,Standard,Electronics,588271.47,39
ACC_01128,734def04b237117a09321dd6d8f3f2a2,Seller 734def04,araras,SP,Enterprise,Fashion,781100.74,10
ACC_01129,28c7d8743fbc8679f484868cc0fcaefb,Seller 28c7d874,itaporanga,SP,Standard,Health & Beauty,650906.06,2
ACC_01130,9baf5cb77970f539089d09a38bcec5c3,Seller 9baf5cb7,indaiatuba,SP,Standard,Electronics,296089.98,24
ACC_01131,e3dd723429d1b23614b7fa85e2c7a853,Seller e3dd7234,sao bernardo do campo,SP,Standard,Health & Beauty,1102953.99,46
ACC_01132,f4a04f7be452aa3bb31760bf00055dd0,Seller f4a04f7b,santo andre,SP,Standard,Sports,1452684.45,11
ACC_01133,dbc22125167c298ef99da25668e1011f,Seller dbc22125,borda da mata,MG,Standard,Home & Garden,868846.44,32
ACC_01134,bc302730ea8cf49b5c74f579febb5bbf,Seller bc302730,campinas,SP,Standard,Health & Beauty,473972.42,5
ACC_01135,e64ddbe1cbcf4f2fc3092b7c481f3f9d,Seller e64ddbe1,sao paulo,SP,Standard,Electronics,306102.85,42
ACC_01136,56e361f411e38dcef17cdc2a3d99628b,Seller 56e361f4,guarulhos,SP,Standard,Retail,321058.29,34
ACC_01137,048c2757535328e0d7dac690ad3c0aae,Seller 048c2757,franca,SP,Standard,Sports,1520094.14,4
ACC_01138,bdb3edbaee43a761e2d4f258dc08f348,Seller bdb3edba,lencois paulista,SP,Premium,Electronics,1409362.7,6
ACC_01139,b127efdabeffb5d559349c7b172eb75d,Seller b127efda,sao paulo,SP,Enterprise,Electronics,1968607.26,26
ACC_01140,951e8cef368f09bb3f3d03c00ca4702c,Seller 951e8cef,ibitinga,SP,Standard,Retail,1074766.54,27
ACC_01141,33d677f27a69b84051204ee4ae76eaca,Seller 33d677f2,joinville,SC,Standard,Health & Beauty,319828.9,3
ACC_01142,b88e7c57cb2d8b973b7dd4a2bfa14b36,Seller b88e7c57,curitiba,PR,Premium,Retail,1957383.95,5
ACC_01143,1967a9e2ad6f51802b093147d861df58,Seller 1967a9e2,sao paulo,SP,Premium,Health & Beauty,1035366.82,33
ACC_01144,9da15f4a4ea758d9eeb49000dbe57e22,Seller 9da15f4a,osasco,SP,Premium,Health & Beauty,1399097.73,45
ACC_01145,d91fb3b7d041e83b64a00a3edfb37e4f,Seller d91fb3b7,praia grande,SP,Premium,Sports,752007.82,24
ACC_01146,749e7cdabbaf72f16677859e27874ba5,Seller 749e7cda,guarulhos,SP,Premium,Home & Garden,994868.22,26
ACC_01147,3d5d0dc7073a299e31fa718ce1bc00b6,Seller 3d5d0dc7,rio de janeiro,RJ,Enterprise,Retail,956728.55,5
ACC_01148,688756f717c462a206ad854c5027a64a,Seller 688756f7,guarulhos,SP,Premium,Electronics,1811530.67,34
ACC_01149,56a8b450e802502ba53a9885ee38e29f,Seller 56a8b450,sao bernardo do campo,SP,Standard,Health & Beauty,157601.36,1
ACC_01150,9b00ed88b7fdb95d6ff76e27c1b52d16,Seller 9b00ed88,sao paulo,SP,Premium,Retail,1349150.38,44
ACC_01151,4be6b962d83299498bae2190f95d6566,Seller 4be6b962,sao carlos,SP,Premium,Sports,850190.72,16
ACC_01152,c13fb473e7cb8b83ccd543c094df0608,Seller c13fb473,sao paulo,SP,Standard,Sports,1612387.57,39
ACC_01153,17998cf586426bf0f2c3726cb0a4b211,Seller 17998cf5,belo horizonte,MG,Standard,Home & Garden,993383.42,39
ACC_01154,c88f62b4c386a59281014d677864d016,Seller c88f62b4,arapongas,PR,Standard,Sports,399634.11,17
ACC_01155,c864036feaab8c1659f65ea4faebe1da,Seller c864036f,campo largo,PR,Standard,Health & Beauty,511074.13,48
ACC_01156,8d899e15a5925f097cca50faa49b15e3,Seller 8d899e15,sao roque,SP,Standard,Home & Garden,621741.52,21
ACC_01157,79565f7d5603b24ddf07ade262547f2f,Seller 79565f7d,araraquara,SP,Standard,Electronics,1703136.62,43
ACC_01158,ba143b05f0110f0dc71ad71b4466ce92,Seller ba143b05,sao paulo,SP,Standard,Sports,1970692.09,34
ACC_01159,4e0d109ccfba9a1151c103049880c857,Seller 4e0d109c,sao joao de meriti,RJ,Enterprise,Health & Beauty,919127.72,47
ACC_01160,89dda63a3c907c468ec88c310ed91213,Seller 89dda63a,maua/sao paulo,SP,Standard,Health & Beauty,1787294.71,8
ACC_01161,c522be04e020c1e7b79f3acff36513d5,Seller c522be04,santana de parnaiba,SP,Standard,Fashion,1836451.96,14
ACC_01162,5f5b43b2bffa8656e4bc6efeb13cc649,Seller 5f5b43b2,sao paulo,SP,Standard,Fashion,1091988.2,32
ACC_01163,87f3e35268860433e13d577825aada95,Seller 87f3e352,bom jesus dos perdoes,SP,Standard,Home & Garden,1486686.16,12
ACC_01164,c5e60e39c0f42b8e827daa13cff74afa,Seller c5e60e39,sao paulo,SP,Standard,Sports,730309.17,48
ACC_01165,bca9230d3bbb4efa51872bf605a2f1ad,Seller bca9230d,sao paulo,SP,Premium,Retail,1775773.17,4
ACC_01166,4bc3d93e4a5f88a598d3d8ce4ae510b3,Seller 4bc3d93e,sao paulo,SP,Standard,Sports,1849670.15,42
ACC_01167,6e864f5c4669eff3d98140a07cc50202,Seller 6e864f5c,sao paulo,SP,Standard,Home & Garden,1103458.35,2
ACC_01168,7bcd7c5f8631701474db233ccf1c094b,Seller 7bcd7c5f,sao paulo,SP,Standard,Health & Beauty,1195304.52,48
ACC_01169,8b2d4ab22f42c5cfc338b846decfda60,Seller 8b2d4ab2,fazenda rio grande,PR,Standard,Fashion,995978.8,32
ACC_01170,d9bd94811c3338dceb4181f3dbc0c73e,Seller d9bd9481,sao paulo,SP,Standard,Fashion,457934.52,14
ACC_01171,e70053bf73d1b5863932e53a9fa47496,Seller e70053bf,sao paulo,SP,Premium,Retail,417038.85,7
ACC_01172,dbd66278cbfe1aa1000f90a217ca4695,Seller dbd66278,sao paulo,SP,Standard,Fashion,384760.59,16
ACC_01173,e7d5b006eb624f13074497221eb37807,Seller e7d5b006,santo andre,SP,Standard,Home & Garden,210773.76,24
ACC_01174,6c9875b2f94ba781186f0c1aed8d1687,Seller 6c9875b2,brotas,SP,Premium,Fashion,666080.15,48
ACC_01175,d63f306de130e0391d38a792541723b8,Seller d63f306d,sao paulo,SP,Standard,Home & Garden,497742.17,32
ACC_01176,2f74af7a0ee5636f12c2336f9fffed47,Seller 2f74af7a,sao paulo,SP,Premium,Health & Beauty,440340.64,8
ACC_01177,c7fdb77fdbff3c41981bc52f787e959e,Seller c7fdb77f,santo andre,SP,Standard,Electronics,136010.89,36
ACC_01178,04fdea0c111866e6cf812f1570d6b5bd,Seller 04fdea0c,sao paulo,SP,Standard,Sports,1011557.91,32
ACC_01179,63b464dbf392c7b80d12d932fa7cafed,Seller 63b464db,sao paulo,SP,Standard,Retail,1437713.36,7
ACC_01180,747c1cdcd1737dcfbd1547f6eb6f2cf3,Seller 747c1cdc,ibitinga,SP,Standard,Sports,1088608.9,34
ACC_01181,2b402d5dc42554061f8ea98d1916f148,Seller 2b402d5d,irece,BA,Enterprise,Sports,373253.91,47
ACC_01182,9c068d10aca38e85c50202e17b4a7e88,Seller 9c068d10,coxim,MS,Standard,Health & Beauty,476387.04,49
ACC_01183,7c67e1448b00f6e969d365cea6b010ab,Seller 7c67e144,itaquaquecetuba,SP,Premium,Sports,178727.34,43
ACC_01184,9ef932e837d8b7f392c0bfee9d359dc2,Seller 9ef932e8,ibitinga,SP,Premium,Retail,1356862.97,34
ACC_01185,d8bf0fc082fd4a77fc2e5679b6c00133,Seller d8bf0fc0,sao paulo,SP,Standard,Electronics,658708.35,36
ACC_01186,66dc1b1632bd6a3e508510c5b3492107,Seller 66dc1b16,jau,SP,Standard,Fashion,1168805.08,36
ACC_01187,a7ecf689b40a44361e259b28939023e4,Seller a7ecf689,vila velha,ES,Premium,Retail,992903.06,22
ACC_01188,939e6227d6964a11a70aa91243e418f2,Seller 939e6227,conselheiro lafaiete,MG,Standard,Retail,54074.8,19
ACC_01189,db1f0f7c7e5e87f40b62226f020bb297,Seller db1f0f7c,pinhais,PR,Enterprise,Health & Beauty,421296.48,15
ACC_01190,91f0eec23d4a61d7d7caeefa3f0ad1ca,Seller 91f0eec2,tubarao,SC,Standard,Home & Garden,314548.71,30
ACC_01191,edf3fabebcc20f7463cc9c53da932ea8,Seller edf3fabe,sao paulo,SP,Standard,Fashion,266238.02,44
ACC_01192,b335c59ab742f751a85db9c411a86739,Seller b335c59a,araguari,MG,Enterprise,Electronics,1329579.37,16
ACC_01193,c24173065483e421f9e5e7f599de101d,Seller c2417306,sao paulo,SP,Premium,Retail,737567.82,35
ACC_01194,01fdefa7697d26ad920e9e0346d4bd1b,Seller 01fdefa7,londrina,PR,Premium,Health & Beauty,1233080.03,11
ACC_01195,d9e8c084b68fe958861d8f2c21202e6b,Seller d9e8c084,sao paulo,SP,Standard,Electronics,1528731.5,11
ACC_01196,466222e777149751370e7e98fb623b0c,Seller 466222e7,rio de janeiro,RJ,Standard,Fashion,1070861.52,45
ACC_01197,43f8c9950d11ecd03a0304a49e010da6,Seller 43f8c995,carapicuiba,SP,Standard,Sports,918649.08,37
ACC_01198,4450bd8327d471c4a11a83d1445b1b62,Seller 4450bd83,cotia,SP,Standard,Health & Beauty,1591516.83,8
ACC_01199,257e61d3251fb5efb9daadddbc2cf7ca,Seller 257e61d3,apucarana,PR,Standard,Retail,603961.44,47
ACC_01200,5d76d80a2f5f39c891b996a1bf4c9853,Seller 5d76d80a,sao paulo,SP,Standard,Electronics,1431685.1,21
ACC_01201,e5def42655b7490edac5a56fe8e9e603,Seller e5def426,amparo,SP,Standard,Retail,254766.95,17
ACC_01202,091065b789659bc3cd9af9cb3a6253ff,Seller 091065b7,canoas,RS,Standard,Sports,1876648.73,8
ACC_01203,c74f14c1e26cf1bd5bd34b6a1e274426,Seller c74f14c1,sao miguel do oeste,SC,Standard,Health & Beauty,1373710.71,7
ACC_01204,c26a2be5b53b7db6b276280da212a779,Seller c26a2be5,nova friburgo,RJ,Standard,Electronics,1731228.15,23
ACC_01205,cfa5ab0e4d3fc212fd0b3410e7081c62,Seller cfa5ab0e,uba,MG,Premium,Fashion,157822.19,23
ACC_01206,19d62d484cba71963c93f0f00ab42013,Seller 19d62d48,gaspar,SC,Premium,Retail,1790144.1,7
ACC_01207,6750d71153f00fc58829af2a8ef1bcf1,Seller 6750d711,rio bonito,RJ,Premium,Health & Beauty,1032393.66,36
ACC_01208,c60b801f2d52c7f7f91de00870882a75,Seller c60b801f,guarulhos,SP,Premium,Electronics,1985178.8,40
ACC_01209,b57e8460909fa137df7951b4a3b5ea84,Seller b57e8460,porto alegre,RS,Standard,Retail,289237.49,2
ACC_01210,eeb6de78f79159600292e314a77cbd18,Seller eeb6de78,lages,SC,Standard,Health & Beauty,1605226.57,11
ACC_01211,abe021b01ba992245271b9aa422032df,Seller abe021b0,curitiba,PR,Standard,Home & Garden,525996.12,48
ACC_01212,5305693ffae2d3463377b1f6fe67b15a,Seller 5305693f,penapolis,SP,Standard,Sports,773238.6,32
ACC_01213,f049a72cf58fd31b11f8919cade515e7,Seller f049a72c,sao paulo,SP,Standard,Home & Garden,429735.16,17
ACC_01214,e51f22821f0c12a16ad5c020cdcd55e9,Seller e51f2282,carapicuiba,SP,Standard,Home & Garden,1718550.61,46
ACC_01215,a2a41aedb70551d4a85aa04dc2fced48,Seller a2a41aed,sao paulo,SP,Premium,Electronics,1050993.86,5
ACC_01216,4bf2f4ee540798a61f9636d12cd9cc80,Seller 4bf2f4ee,assis,SP,Standard,Electronics,873412.9,4
ACC_01217,c0e0b73d039eb9a99b6ce4cb7a429cd3,Seller c0e0b73d,laurentino,SC,Standard,Health & Beauty,543878.8,33
ACC_01218,19484c79cef6c062cb177aa4ef2fcc3c,Seller 19484c79,valinhos,SP,Standard,Retail,1678042.09,32
ACC_01219,25e6ffe976bd75618accfe16cefcbd0d,Seller 25e6ffe9,sao paulo,SP,Standard,Home & Garden,65579.05,37
ACC_01220,9dda5bbacd45e18d6485fee649205d09,Seller 9dda5bba,santa rita do sapucai,MG,Standard,Sports,1719422.69,11
ACC_01221,2528744c5ef5d955adc318720a94d2e7,Seller 2528744c,jundiai,SP,Standard,Retail,1819629.93,47
ACC_01222,b8d890108a7a80e4f5d59eea9f362438,Seller b8d89010,curitiba,PR,Standard,Home & Garden,1268804.55,3
ACC_01223,2c9005d8043aff18b8557ffb7b13cda4,Seller 2c9005d8,cachoeiro de itapemirim,ES,Premium,Home & Garden,1603858.59,48
ACC_01224,062c325cd6a2b87845fab56b4ec2eeae,Seller 062c325c,sao paulo,SP,Premium,Health & Beauty,1058115.18,5
ACC_01225,1d8dbc4f32378d715c717c1c1fc57bae,Seller 1d8dbc4f,arapongas,PR,Standard,Fashion,1038269.64,45
ACC_01226,fc906263ca5083d09dce42fe02247800,Seller fc906263,belo horizonte,MG,Standard,Fashion,1895277.95,12
ACC_01227,1d2732ef8321502ee8488e8bed1ab8cd,Seller 1d2732ef,rio de janeiro,RJ,Premium,Sports,1338791.55,34
ACC_01228,626ab1cd96932367f0eeec2e47046c12,Seller 626ab1cd,sao paulo,SP,Premium,Sports,1716859.29,22
ACC_01229,a70e9066dbfd10b6b97a3f54a1356762,Seller a70e9066,mandaguari,PR,Standard,Health & Beauty,1040102.4,4
ACC_01230,ce69a8021d18961dd2a40269b7c2c293,Seller ce69a802,curitiba,PR,Premium,Electronics,1228081.96,8
ACC_01231,9596c870880d900012f2e8e6e30d06d7,Seller 9596c870,varginha,MG,Standard,Retail,317244.29,24
ACC_01232,4b98b0428fc1932cc2514ef9ce2505e6,Seller 4b98b042,taboao da serra,SP,Standard,Sports,1234526.0,36
ACC_01233,1da366cade6d8276e7d8beea7af5d4bf,Seller 1da366ca,uba,MG,Enterprise,Sports,491547.37,43
ACC_01234,a3082f442524a1be452e3189e003b361,Seller a3082f44,curitiba,SP,Enterprise,Fashion,409246.76,49
ACC_01235,a56a8043ebf66e42119618fb8cf232c6,Seller a56a8043,joinville,SC,Standard,Electronics,478791.28,25
ACC_01236,184725737946a1a938bbbd1a9e978103,Seller 18472573,maua,SP,Standard,Electronics,524753.82,21
ACC_01237,3820c6537b3853be1a0687d5a60807ec,Seller 3820c653,cotia,SP,Enterprise,Health & Beauty,1300685.5,43
ACC_01238,244b04680fdbded0acf5aebd9c92b44a,Seller 244b0468,jundiai,SP,Standard,Electronics,1643009.05,3
ACC_01239,e96498ed8daaa3e9c23f7a62da76591c,Seller e96498ed,sao paulo,SP,Premium,Sports,206674.33,48
ACC_01240,5741dc2bf5044c34d0698681c5081bed,Seller 5741dc2b,sao jose dos campos,SP,Premium,Sports,1855839.68,13
ACC_01241,ad781527c93d00d89a11eecd9dcad7c1,Seller ad781527,sao jose do rio preto,SP,Premium,Home & Garden,684611.85,20
ACC_01242,b5e3e38609125694d2ea2417522a60b7,Seller b5e3e386,florianopolis,SC,Standard,Health & Beauty,1791496.28,28
ACC_01243,bacb1f0ed56ad24198f5810d2b3fe9a5,Seller bacb1f0e,jacarei,SP,Standard,Electronics,1990428.12,16
ACC_01244,980640c45d7a4635885491d077167e4d,Seller 980640c4,rio claro,SP,Standard,Retail,1178738.75,47
ACC_01245,ae45ad30c2d2e5913094769690a239d2,Seller ae45ad30,franca,SP,Premium,Sports,1624155.23,10
ACC_01246,2cb98e27ce1c18abdb42209b34c382a7,Seller 2cb98e27,ribeirao preto,SP,Standard,Retail,1804841.6,5
ACC_01247,2156f2671501a81034d7d07f217609d0,Seller 2156f267,sp,SP,Standard,Fashion,210622.89,19
ACC_01248,de0c78824586e9a5f5f04fd84e25df39,Seller de0c7882,vargem grande paulista,SP,Premium,Electronics,1555405.58,12
ACC_01249,128639473a139ac0f3e5f5ade55873a5,Seller 12863947,maringa,PR,Standard,Home & Garden,591618.32,18
ACC_01250,0791d9fc1e30678ecf03d3e55fa108d3,Seller 0791d9fc,belo horizonte,MG,Standard,Electronics,128248.71,9
ACC_01251,7a241947449cc45dbfda4f9d0798d9d0,Seller 7a241947,jacutinga,MG,Standard,Retail,1837958.77,36
ACC_01252,cfd7ddab722b902f7ac5b5f3ba6d723d,Seller cfd7ddab,contagem,MG,Premium,Retail,1508047.51,44
ACC_01253,0e72c1a751b496722a6cb1f10653b62a,Seller 0e72c1a7,sao paulo,SP,Standard,Fashion,1547399.43,48
ACC_01254,7e1fb0a3ebfb01ffb3a7dae98bf3238d,Seller 7e1fb0a3,franca,SP,Standard,Home & Garden,548826.5,13
ACC_01255,376a891762bbdecbc02b4b6adec3fdda,Seller 376a8917,goiania,GO,Standard,Electronics,1294872.65,28
ACC_01256,90b36c5aeb728d5504a39f435bef0c5f,Seller 90b36c5a,conchal,SP,Standard,Sports,639970.55,2
ACC_01257,e76ecc7e9a1a1e3c6df9d2a8261c423d,Seller e76ecc7e,belo horizonte,MG,Premium,Fashion,1810105.68,23
ACC_01258,1dfe5347016252a7884b694d4f10f5c4,Seller 1dfe5347,ibitinga,SP,Standard,Health & Beauty,748667.3,32
ACC_01259,528bcf6680c36dddf07620bd35b33a6f,Seller 528bcf66,sao paulo,SP,Premium,Electronics,1776895.06,23
ACC_01260,f114dca2828bf718548db175ebe2cfcd,Seller f114dca2,cambe,PR,Standard,Health & Beauty,726346.34,39
ACC_01261,33dd941c27854f7625b968cc6195a552,Seller 33dd941c,vila velha,ES,Standard,Electronics,668073.2,41
ACC_01262,579891617139df7d8671d373f0669622,Seller 57989161,rio de janeiro,RJ,Standard,Sports,1905886.24,15
ACC_01263,48985c61529077fa4f1e38bcff0f2ed3,Seller 48985c61,porto alegre,RS,Standard,Fashion,1475973.82,6
ACC_01264,25c5c91f63607446a97b143d2d535d31,Seller 25c5c91f,itauna,MG,Standard,Health & Beauty,376336.28,14
ACC_01265,f205b1a3ca9a34e0f8a228bae6e4c7b3,Seller f205b1a3,cachoeirinha,RS,Standard,Sports,302294.71,12
ACC_01266,d2374cbcbb3ca4ab1086534108cc3ab7,Seller d2374cbc,ibitinga,SP,Premium,Home & Garden,50711.23,38
ACC_01267,ef728fa1f17436c91ed1ccd03dcf9631,Seller ef728fa1,jau,SP,Standard,Retail,1677437.09,33
ACC_01268,1eade46fba20122dc4aefb379f8c636b,Seller 1eade46f,sao paulo,SP,Premium,Health & Beauty,806150.81,31
ACC_01269,b9de031b671cd48b28fae9d828cbf2b4,Seller b9de031b,sao paulo,SP,Premium,Sports,216378.68,21
ACC_01270,6f835fd4be26989b1b064399da346143,Seller 6f835fd4,curitiba,PR,Premium,Retail,438338.31,3
ACC_01271,c9a06ece156bb057372c68718ec8909b,Seller c9a06ece,brasilia,DF,Standard,Fashion,1956038.41,43
ACC_01272,6b2612338467c08c9b25f0cc55b1578d,Seller 6b261233,marialva,PR,Standard,Fashion,1535566.66,15
ACC_01273,40d54b51e962dbe09cabbcfd33298dee,Seller 40d54b51,santo andre,SP,Standard,Home & Garden,1433036.41,31
ACC_01274,70c27847eca8195c983ed7e798c56743,Seller 70c27847,rio de janeiro,RJ,Standard,Sports,1882986.61,8
ACC_01275,b98b715fe9e276204e2a3464f48cd796,Seller b98b715f,sao paulo,SP,Standard,Retail,1707461.26,48
ACC_01276,0b1ca3ef18a63d7eb0c8897fa0849c08,Seller 0b1ca3ef,sao roque,SP,Standard,Retail,1767638.96,34
ACC_01277,37ceb404da208418c9032f0674e57804,Seller 37ceb404,sao paulo,SP,Enterprise,Fashion,1911076.14,4
ACC_01278,05d2173d43ea568aa0540eba70d2ca76,Seller 05d2173d,alfenas,MG,Standard,Home & Garden,1953122.65,15
ACC_01279,661ad5fcc28cdfb8bcadb12bb2272475,Seller 661ad5fc,balneario camboriu,SC,Premium,Home & Garden,1025864.15,43
ACC_01280,999f6d9a1c7c81f43be44c6b7d076210,Seller 999f6d9a,sao paulo,SP,Standard,Retail,821969.93,45
ACC_01281,101a3a003516bc11253298b2fad3cb65,Seller 101a3a00,rio claro,SP,Standard,Retail,1311552.71,19
ACC_01282,b839e41795b7f3ad94cc2014a52f6796,Seller b839e417,sao caetano do sul,SP,Standard,Sports,425462.05,12
ACC_01283,a20d8058c866dbaeca014d2cd20ac62e,Seller a20d8058,sao jose dos campos,SP,Standard,Electronics,1359486.63,18
ACC_01284,6824a69c9ea0313eba299dd4a2dba09a,Seller 6824a69c,formiga,MG,Standard,Retail,1341631.05,28
ACC_01285,058cb5aeb36d7c0fcae20fc85d5e0a59,Seller 058cb5ae,rio de janeiro,RJ,Enterprise,Fashion,672395.92,10
ACC_01286,48efc9d94a9834137efd9ea76b065a38,Seller 48efc9d9,curitiba,PR,Standard,Electronics,271499.3,42
ACC_01287,218f991754f360af9c2daa5e0b8e990c,Seller 218f9917,sao paulo,SP,Standard,Sports,1588948.93,26
ACC_01288,5dc4bdaf869e8c77c648078cbe8d59c2,Seller 5dc4bdaf,florianopolis,SC,Standard,Home & Garden,1062300.53,37
ACC_01289,9261d76c62caaf0b24677c2ceb7f8f20,Seller 9261d76c,palhoca,SC,Standard,Fashion,1850298.62,26
ACC_01290,a3b0df0065e264a91b7bbf5f844af5cd,Seller a3b0df00,sao bernardo do capo,SP,Premium,Health & Beauty,1767294.9,26
ACC_01291,37dd29b36c458d82f74a953c40c43645,Seller 37dd29b3,limeira,SP,Premium,Home & Garden,1662000.04,13
ACC_01292,077c5fae4bea9500e3737b16f71b9d3a,Seller 077c5fae,sorocaba,SP,Premium,Electronics,251134.89,23
ACC_01293,0dd184061fb0eaa7ca37932c68ab91c5,Seller 0dd18406,guarulhos,SP,Premium,Electronics,1655575.03,40
ACC_01294,5b35136197710e16ac5e7b7c2bd4ea85,Seller 5b351361,rio de janeiro,RJ,Premium,Health & Beauty,136955.05,41
ACC_01295,60562ab00b8054280520d390c8c0045c,Seller 60562ab0,sao paulo,SP,Premium,Retail,851911.3,23
ACC_01296,1d29dfba02015238dfbe2449a5eaa361,Seller 1d29dfba,vicosa,MG,Standard,Sports,823586.16,19
ACC_01297,ad273c9eb54ecb4532de4bf75bae9e4e,Seller ad273c9e,curitiba,PR,Premium,Retail,1569909.35,16
ACC_01298,7813ea3ebd9411dc600b4dd01f7a97b9,Seller 7813ea3e,osasco,SP,Standard,Health & Beauty,1934763.3,33
ACC_01299,559d56f3b8f0bc2e5a9a62fe2ce2a39f,Seller 559d56f3,joinville,SC,Standard,Home & Garden,1913781.49,29
ACC_01300,57df9869a600bd6b7c405f2a862eccfb,Seller 57df9869,santa rita do sapucai,MG,Standard,Electronics,500358.22,26
ACC_01301,777a0c55737f34ffeb78010f7542ab41,Seller 777a0c55,sao paulo,SP,Standard,Fashion,347898.87,22
ACC_01302,2aa3443d7bf9d9bb11133f420d75e083,Seller 2aa3443d,rio de janeiro,RJ,Premium,Sports,1479096.01,33
ACC_01303,c3867b4666c7d76867627c2f7fb22e21,Seller c3867b46,guara,SP,Standard,Electronics,344338.13,48
ACC_01304,0bae85eb84b9fb3bd773911e89288d54,Seller 0bae85eb,itajai,SP,Standard,Home & Garden,924732.76,1
ACC_01305,35fb511489d9ee3ee27a76debce9df06,Seller 35fb5114,londrina,PR,Premium,Fashion,1858183.33,29
ACC_01306,df91910b6a03bb2e3358fa6a35e32f6f,Seller df91910b,sao paulo,SP,Standard,Sports,945081.38,46
ACC_01307,7e3dde9ffba72d5340f9aaf09b4424be,Seller 7e3dde9f,cambe,PR,Standard,Health & Beauty,934421.78,36
ACC_01308,dbdd0ec73a4817971d962698f2fea022,Seller dbdd0ec7,fortaleza,CE,Standard,Electronics,1524613.86,32
ACC_01309,8ff38bc3969e67c36c48343a07090f66,Seller 8ff38bc3,sao paulo,SP,Standard,Electronics,1699597.02,18
ACC_01310,6e1862e15f33d9994bc25922a85e1efc,Seller 6e1862e1,rio claro,SP,Standard,Sports,654219.61,1
ACC_01311,058fd0aa2bfdb2274e05e1ae971dabb6,Seller 058fd0aa,santo andre,SP,Premium,Retail,1250015.97,37
ACC_01312,f615fe7efbef0f4f08fd3086bc7a3e60,Seller f615fe7e,atibaia,SP,Standard,Retail,158456.36,38
ACC_01313,aa1eb17b9fdf6dfd546e25c45c7b9235,Seller aa1eb17b,sao paulo,SP,Premium,Health & Beauty,1053523.62,34
ACC_01314,07bf9669d84d1f11be443a9dd938f698,Seller 07bf9669,sao paulo,SP,Standard,Health & Beauty,62132.97,4
ACC_01315,08633c14ef2db992c11f840f04fad4cd,Seller 08633c14,ribeirao pires,SP,Premium,Sports,1585796.22,4
ACC_01316,b0398568231ba5e6734af1881671a317,Seller b0398568,colatina,ES,Standard,Electronics,1412336.4,45
ACC_01317,f419677537694f0462a91990df6ca44f,Seller f4196775,sao bernardo do campo,SP,Standard,Fashion,615841.79,13
ACC_01318,e88c9b79e592e370d6bd852eeefbf057,Seller e88c9b79,pato branco,PR,Standard,Home & Garden,1655336.8,8
ACC_01319,70bf57d811208f8923b41bbd499a67a4,Seller 70bf57d8,franco da rocha,SP,Standard,Electronics,624040.61,5
ACC_01320,8c0de775f52fe41590b376a3b7c50f68,Seller 8c0de775,sumare,SP,Standard,Retail,754980.18,34
ACC_01321,7a91bf945c6fae0779f1c61ce97fe45c,Seller 7a91bf94,mesquita,RJ,Premium,Health & Beauty,611829.42,41
ACC_01322,6dc9bec584588412a6a338830946a3e4,Seller 6dc9bec5,sao paulo,SP,Enterprise,Retail,962740.25,25
ACC_01323,b19c48688808720822399ffa9f2dbe2f,Seller b19c4868,sao paulo,SP,Standard,Health & Beauty,1134348.08,23
ACC_01324,5b8154610ebb21fb90eb587365e673df,Seller 5b815461,sao jose dos campos,SP,Standard,Fashion,1889555.1,29
ACC_01325,bb2afe2061d53c6968aa0cffa233a8ec,Seller bb2afe20,sao paulo,SP,Standard,Fashion,598084.77,28
ACC_01326,1cbdc7cf130a41fd13a3c2a7d2fcfda7,Seller 1cbdc7cf,lambari,MG,Standard,Electronics,1459018.41,16
ACC_01327,fb89df7f89fd1b8f03fa2acca1ba7364,Seller fb89df7f,foz do iguacu,PR,Premium,Retail,412354.08,1
ACC_01328,b18871c324516afa228a13e8f1ef0ae9,Seller b18871c3,sao paulo,SP,Standard,Sports,1575582.66,11
ACC_01329,17ca9b9e9b9ef8fdb529001b49ebb50f,Seller 17ca9b9e,betim,MG,Standard,Home & Garden,1317401.34,10
ACC_01330,3f0e48d209018b466fcd3bb4ccfeb520,Seller 3f0e48d2,curitiba,PR,Standard,Electronics,366251.46,21
ACC_01331,9add47bf45ce8e8c7db6b9cf670b1e09,Seller 9add47bf,fazenda rio grande,PR,Premium,Retail,1866777.51,22
ACC_01332,acce39e832338debb07b02385cde5967,Seller acce39e8,contagem,MG,Premium,Sports,473415.38,41
ACC_01333,397c4d0c005b6f41f90098ac724e28cb,Seller 397c4d0c,santo andre,SP,Standard,Home & Garden,131145.82,20
ACC_01334,b2c97074649f92197d9387d9033dda5f,Seller b2c97074,botucatu,SP,Premium,Electronics,1534895.93,5
ACC_01335,f262cbc1c910c83959f849465454ddd3,Seller f262cbc1,sao paulo,SP,Standard,Home & Garden,105972.86,9
ACC_01336,c113b8df1fc375bc3d73d29c1b1144d1,Seller c113b8df,sao paulo,SP,Enterprise,Electronics,1991347.52,10
ACC_01337,bd65d163ded559eb90a10cd09fec178f,Seller bd65d163,sao paulo,SP,Standard,Retail,1812122.56,46
ACC_01338,720e6cf846ea7572cbb66b743fb91e6c,Seller 720e6cf8,mogi das cruzes / sp,SP,Standard,Home & Garden,1439958.71,25
ACC_01339,8f580d36c1e9d6fbce95283403c7d447,Seller 8f580d36,ribeirao preto,SP,Premium,Health & Beauty,97683.87,30
ACC_01340,be7a093e5b4d147b36b72bb1f9e415e5,Seller be7a093e,toledo,PR,Standard,Electronics,1642230.53,2
ACC_01341,cb4a705d00e100b9732d0ca34817d441,Seller cb4a705d,florianopolis,SC,Standard,Fashion,1417167.81,41
ACC_01342,f266295f49a28eee21f413e0cbb0521d,Seller f266295f,ponta grossa,PR,Premium,Electronics,128574.31,15
ACC_01343,31eec405c9bb71dec8e2629a92e764fa,Seller 31eec405,cachoeiro de itapemirim,ES,Enterprise,Fashion,1795912.87,8
ACC_01344,6235903333ba7de1928c869e268e5964,Seller 62359033,treze tilias,SC,Enterprise,Electronics,502869.39,47
ACC_01345,c360e4787614ed31ac7a2f95d3b22dc6,Seller c360e478,lencois paulista,SP,Premium,Home & Garden,953915.86,31
ACC_01346,1e47d8b6546eb3a77b1acddcc9406242,Seller 1e47d8b6,campinas,SP,Standard,Sports,1082914.03,38
ACC_01347,cf1313c6e2c01c2f4b014f97db4bcd2b,Seller cf1313c6,rio de janeiro \rio de janeiro,RJ,Premium,Electronics,456744.09,13
ACC_01348,14ee35374a7876217954b5fa08e50463,Seller 14ee3537,sao jose do rio preto,SP,Standard,Fashion,1644553.26,47
ACC_01349,8fe8786ee000001ab51d030dfd4a7bf1,Seller 8fe8786e,paulo lopes,SC,Standard,Home & Garden,470734.46,12
ACC_01350,e72b4feb7abe210c52aa667abc25a3a2,Seller e72b4feb,sao paulo,SP,Standard,Retail,1660893.52,23
ACC_01351,373ee4a3a775a733770ca3f790b8b9ac,Seller 373ee4a3,rio de janeiro,RJ,Premium,Home & Garden,1331981.32,20
ACC_01352,432c37c9dfba871172ec162e20118b8c,Seller 432c37c9,brasilia,DF,Standard,Fashion,1882112.06,2
ACC_01353,daf565f087a52def0fd5c5825b3661bc,Seller daf565f0,brusque,SC,Enterprise,Sports,1854561.87,7
ACC_01354,ea3ebea5317b0efbc663ecc8ce5e9bc2,Seller ea3ebea5,florianopolis,SC,Premium,Home & Garden,1421731.73,25
ACC_01355,1fe61aa5494bd3ae92a2c13e067c810f,Seller 1fe61aa5,santa cecilia,SC,Premium,Health & Beauty,1819816.56,6
ACC_01356,e9511df20ccd82658a30c37b7fb343af,Seller e9511df2,bauru,SP,Standard,Retail,1889984.81,20
ACC_01357,4c8545742faaf58fafd5fd14d25d75cf,Seller 4c854574,fernandopolis,SP,Enterprise,Electronics,1956998.04,33
ACC_01358,27a56ff04b34c2ba34ce6ba4d3b9d616,Seller 27a56ff0,campinas,SP,Standard,Home & Garden,378881.16,45
ACC_01359,888faa8bfb0b159c37de6d898b961c31,Seller 888faa8b,braco do norte,SC,Enterprise,Retail,1131630.28,2
ACC_01360,0aa2205ca24f113f4658a5c536667426,Seller 0aa2205c,sao paulo,SP,Enterprise,Health & Beauty,50816.14,39
ACC_01361,432c67955c0acd1fd6b0b5d678766a71,Seller 432c6795,sao paulo,SP,Premium,Health & Beauty,1835469.33,45
ACC_01362,d8c7ba53e7e38711eaef8c2849d6d2e1,Seller d8c7ba53,floresta,PR,Standard,Retail,1484094.28,39
ACC_01363,8a43128d7f9a3db592b866e6861a6cce,Seller 8a43128d,sao paulo,SP,Standard,Electronics,90510.62,37
ACC_01364,7cb946b1ad19faebe28c3e86c2794ec3,Seller 7cb946b1,sete lagoas,MG,Standard,Sports,1534938.51,7
ACC_01365,6338ea67c41078a46ad99cc009654956,Seller 6338ea67,farroupilha,RS,Standard,Electronics,1242656.54,16
ACC_01366,6c12e40690c335dbc2f68a4134d30dc1,Seller 6c12e406,castro,PR,Standard,Home & Garden,1076097.23,45
ACC_01367,65febd49fd28ec955651299159b1f527,Seller 65febd49,sao paulo,SP,Standard,Fashion,1059509.37,21
ACC_01368,9a84ba99f5367fdbd4598363496f1ea2,Seller 9a84ba99,luziania,GO,Standard,Retail,242935.6,41
ACC_01369,954e95f20808d7e5d11f0de292d078e0,Seller 954e95f2,joao monlevade,MG,Standard,Home & Garden,1787222.81,32
ACC_01370,fb503a924a0b9db19d83dd0ac6dbef8c,Seller fb503a92,pelotas,RS,Premium,Sports,1243108.64,44
ACC_01371,4ba52dfeba874da5b9ee7b17c7494f04,Seller 4ba52dfe,mogi das cruzes,SP,Premium,Health & Beauty,829378.87,42
ACC_01372,5b581417df4480f632484ba681e53944,Seller 5b581417,florianopolis,SC,Standard,Health & Beauty,1897304.58,45
ACC_01373,d0d70d21e2234dd7cd3cf63fe414148a,Seller d0d70d21,sao bento,PB,Premium,Sports,163160.85,21
ACC_01374,c7c7b2682c648339a0e9846bb1023a39,Seller c7c7b268,braganca paulista,SP,Standard,Electronics,207521.28,26
ACC_01375,06e5eefc71ec47ae763c5c6f8db7064f,Seller 06e5eefc,porto alegre,RS,Standard,Retail,1195541.76,14
ACC_01376,28ea411b354f14b1a494be4e79f0ce02,Seller 28ea411b,sao paulo,SP,Enterprise,Fashion,1109906.37,22
ACC_01377,2a6fbeaa7ab9e5d59a35841a8da71ce4,Seller 2a6fbeaa,jaragua do sul,SC,Enterprise,Sports,614183.36,47
ACC_01378,77fccaae319668a8ab6cd0fd16aec48c,Seller 77fccaae,campos dos goytacazes,RJ,Standard,Fashion,94468.56,23
ACC_01379,3fadb4cba4c35bce6a7eaf9872d5623a,Seller 3fadb4cb,caxias do sul,RS,Premium,Health & Beauty,1819205.21,6
ACC_01380,1987cd4be10fe09ee50454f9c354d1c6,Seller 1987cd4b,ouro fino,MG,Premium,Health & Beauty,909598.33,49
ACC_01381,aae5e7b457a3c72ee230a47d98fceda5,Seller aae5e7b4,sao jose dos pinhas,PR,Standard,Home & Garden,1544053.65,12
ACC_01382,2d22fc3089eb907b29ebff50581fb472,Seller 2d22fc30,macae,RJ,Premium,Fashion,1464040.64,37
ACC_01383,ff1fb4c404b2efe68b03350a8dc24122,Seller ff1fb4c4,mogi das cruzes,SP,Standard,Retail,1384090.72,45
ACC_01384,817f85dbb65aa3e70831d90fe75cdf89,Seller 817f85db,tiete,SP,Standard,Electronics,348680.35,16
ACC_01385,2b5ed0c9139dae8883a200dfcb272ece,Seller 2b5ed0c9,sao paulo,SP,Standard,Electronics,256217.91,22
ACC_01386,86bf77bdb52e615674772d5817c6212f,Seller 86bf77bd,viamao,RS,Standard,Fashion,235196.54,32
ACC_01387,9b1585752613ec342d03bbab9997ec48,Seller 9b158575,rio de janeiro,RJ,Standard,Electronics,1230036.48,26
ACC_01388,9b00cad94ef3078faf6fba2e792c158f,Seller 9b00cad9,janauba,MG,Standard,Electronics,1902996.86,48
ACC_01389,6860153b69cc696d5dcfe1cdaaafcf62,Seller 6860153b,capivari,SP,Premium,Sports,1533736.24,7
ACC_01390,903037660cf848a717166eb7a06d616e,Seller 90303766,sao paulo,SP,Premium,Home & Garden,1279135.73,9
ACC_01391,f08c008c8a8d31417763738a1788a2a8,Seller f08c008c,santa terezinha de itaipu,PR,Premium,Health & Beauty,1373760.11,16
ACC_01392,bf3c6d2a28b2b5501e6c15448982dcc9,Seller bf3c6d2a,sao paulo,SP,Premium,Health & Beauty,731102.83,9
ACC_01393,e99e927c81e3f51739c94fcdfca9f10f,Seller e99e927c,uberlandia,MG,Standard,Health & Beauty,895995.9,10
ACC_01394,49cdc90518a4f82676b38b3c1aa43ff6,Seller 49cdc905,sao paulo,SP,Premium,Electronics,305916.31,16
ACC_01395,066a6914e1ebf3ea95a216c73a986b91,Seller 066a6914,foz do iguacu,PR,Standard,Health & Beauty,297046.29,44
ACC_01396,3cfa1358a6caa965278721344c8d76f2,Seller 3cfa1358,sao bernardo do campo,SP,Standard,Electronics,1160736.24,48
ACC_01397,6d66611d7c44cc30ce351abc49a68421,Seller 6d66611d,sao paulo,SP,Premium,Home & Garden,1379146.81,34
ACC_01398,e48cc16ab70bfa09e1401740dce0b3d7,Seller e48cc16a,aracatuba,SP,Standard,Home & Garden,1927068.45,42
ACC_01399,da20530872245d6cd9d2f5725613c430,Seller da205308,igrejinha,RS,Standard,Fashion,675984.32,38
ACC_01400,3d8fa2f5b647373c8620330c4e077a9f,Seller 3d8fa2f5,sao paulo,SP,Premium,Retail,896294.54,20
ACC_01401,57d2ba47f7a3209aa347532ae75c1165,Seller 57d2ba47,sao bento do sul,SC,Standard,Sports,1951405.63,17
ACC_01402,76d5af76d0271110f9af36c92573f765,Seller 76d5af76,sao paulo,SP,Standard,Sports,1811675.15,9
ACC_01403,729f06993dac8e860d4f02d7088ca48a,Seller 729f0699,limeira,SP,Standard,Retail,796830.86,30
ACC_01404,9e9b539eb2806acee3f5c28085c1db9f,Seller 9e9b539e,contagem,MG,Standard,Health & Beauty,1221874.35,23
ACC_01405,fa18c782a4866d313cadab567097f8f1,Seller fa18c782,belo horizonte,MG,Standard,Home & Garden,1347105.94,21
ACC_01406,b77a27b1864483e721dc831d5ba4afa0,Seller b77a27b1,duque de caxias,RJ,Standard,Retail,1042783.34,12
ACC_01407,41c9d3997dd3c072c31139dc5bb5761f,Seller 41c9d399,araxa,MG,Premium,Retail,1007675.44,26
ACC_01408,700f03c207639c22d933381ff60b35c2,Seller 700f03c2,barretos,SP,Standard,Retail,1869221.46,26
ACC_01409,762fafdaa57a532ee0119731697579dd,Seller 762fafda,itu,SP,Enterprise,Sports,719272.26,1
ACC_01410,50770d25768b0486d89be26afca3108f,Seller 50770d25,santo andre,SP,Premium,Retail,1067110.62,30
ACC_01411,b3b17aab11f273023a5f22ca52e1eb70,Seller b3b17aab,londrina,PR,Standard,Fashion,1731757.82,38
ACC_01412,b19f3ca2ea475913750f25a5c37c8d8f,Seller b19f3ca2,divinopolis,MG,Standard,Fashion,1959676.5,34
ACC_01413,6179a28a13a726c29b3bf54c070dccab,Seller 6179a28a,varginha,MG,Premium,Home & Garden,1173639.33,41
ACC_01414,cc419e0650a3c5ba77189a1882b7556a,Seller cc419e06,santo andre,SP,Standard,Sports,1883528.16,3
ACC_01415,0df3984f9dfb3d49ac6366acbd3bbb85,Seller 0df3984f,betim,MG,Standard,Fashion,775193.63,16
ACC_01416,7008613ea464bad5cb9b83456e1e6a8f,Seller 7008613e,canoinhas,SC,Premium,Sports,1232105.71,20
ACC_01417,7f152321c60a266edc53af1925ef96c1,Seller 7f152321,criciuma,SC,Standard,Fashion,1305075.66,43
ACC_01418,c4fb51fb1c5b7c07bc5e67be6e7e8f6e,Seller c4fb51fb,curitiba,PR,Standard,Sports,362687.47,44
ACC_01419,52ac6f920b7280e4c6d30dd94de6259b,Seller 52ac6f92,pinhais,PR,Standard,Fashion,1462000.77,11
ACC_01420,7d7d2b7a51328016102d4528c411d630,Seller 7d7d2b7a,ibitinga,SP,Standard,Home & Garden,764029.84,38
ACC_01421,9e94fa26a70ede4d26226e918e8706a2,Seller 9e94fa26,sao carlos,SP,Standard,Retail,1173513.84,46
ACC_01422,eddd1991bd6d9309995a480c39b95137,Seller eddd1991,ponta grossa,PR,Premium,Health & Beauty,1100114.34,26
ACC_01423,994f04b3718c2bab35c2adfa8afecd2a,Seller 994f04b3,jaguariuna,SP,Premium,Health & Beauty,1142376.92,38
ACC_01424,3f3486b61f45078d4f31ee5e43d8c5bb,Seller 3f3486b6,sao paulo,SP,Premium,Retail,94125.74,25
ACC_01425,5db42a6cd9bf1bf0d3aab9582767f168,Seller 5db42a6c,vitoria,ES,Standard,Fashion,627964.69,41
ACC_01426,a06c8ff043abea0528ee44171e2140a2,Seller a06c8ff0,divinopolis,MG,Standard,Health & Beauty,1487467.53,35
ACC_01427,6b3bd31ad8fcda4b2635ec9f3ff2ecdf,Seller 6b3bd31a,rio de janeiro,RJ,Standard,Health & Beauty,277581.56,20
ACC_01428,977f9f63dd360c2a32ece2f93ad6d306,Seller 977f9f63,tabatinga,SP,Standard,Retail,548916.7,49
ACC_01429,2c43fb513632d29b3b58df74816f1b06,Seller 2c43fb51,belo horizonte,MG,Standard,Electronics,1653115.12,42
ACC_01430,910a922b426b7ff95eaee129ad6c0e1f,Seller 910a922b,sao jose do rio preto,SP,Standard,Electronics,1445048.26,44
ACC_01431,d9442042130b7fe579d1295f9f4a248f,Seller d9442042,sao paulo,SP,Standard,Retail,283114.98,40
ACC_01432,da2782c804606d2a5d8e1760dbb3e7ec,Seller da2782c8,sao paulo,SP,Standard,Health & Beauty,1389775.96,29
ACC_01433,ce248b21cb2adc36282ede306b7660e5,Seller ce248b21,jaragua do sul,SC,Standard,Health & Beauty,1020341.46,30
ACC_01434,5b0cc932433fa5184b5b94bfe6bcc256,Seller 5b0cc932,ibitinga,SP,Premium,Health & Beauty,232339.79,10
ACC_01435,7ff588a03c2aeae4fbd23f9ae64b760d,Seller 7ff588a0,guarulhos,SP,Enterprise,Health & Beauty,1832558.11,39
ACC_01436,08cdbae123ff67ca4e36d9d641ce0119,Seller 08cdbae1,uba,MG,Enterprise,Fashion,731789.68,32
ACC_01437,77dcbb67ccb3659bd58eaf5661560a30,Seller 77dcbb67,lajeado,RS,Premium,Home & Garden,1951407.86,17
ACC_01438,7ad32824caee82087b3e2e5f33b1bf32,Seller 7ad32824,ibitinga,SP,Standard,Retail,369477.17,6
ACC_01439,de722cd6dad950a92b7d4f82673f8833,Seller de722cd6,recife,PE,Premium,Health & Beauty,432906.79,27
ACC_01440,70849ca4f400aaabb62cb7462a6f1428,Seller 70849ca4,belo horizonte,MG,Standard,Electronics,437704.17,47
ACC_01441,b16d3dadc47d4eb18be3d88bad0775ce,Seller b16d3dad,estancia velha,RS,Standard,Home & Garden,223735.98,35
ACC_01442,5c3460cd3e8a984382ae254e7dd20d9f,Seller 5c3460cd,sao jose do rio preto,SP,Standard,Retail,1572809.9,13
ACC_01443,22c32ec35d0116ef02c281798a25bf8b,Seller 22c32ec3,maringa,PR,Premium,Electronics,1620288.06,28
ACC_01444,8d46553a36e68f95350a200c12f8f2e2,Seller 8d46553a,campinas,SP,Standard,Health & Beauty,1008198.36,19
ACC_01445,45ba18c210d42734ec52c0c1c574e9ee,Seller 45ba18c2,sao roque,SP,Standard,Electronics,307122.84,21
ACC_01446,10cdd491d1dbea8fb4ead97b19c334ce,Seller 10cdd491,santa rita do sapucai,MG,Premium,Home & Garden,1856177.03,10
ACC_01447,dc317f341ab0e22f39acbd9dbf9b4a1f,Seller dc317f34,cachoeirinha,RS,Standard,Sports,1975145.84,23
ACC_01448,fe9d9cf8631285d5982c6e2cf27fb114,Seller fe9d9cf8,barbacena/ minas gerais,MG,Standard,Electronics,271153.63,14
ACC_01449,d93844a9c55ba7ce353388bcf849ea56,Seller d93844a9,curitiba,PR,Standard,Health & Beauty,1707895.72,21
ACC_01450,52b53f7061969fe471d119b6195da864,Seller 52b53f70,itajai,SP,Standard,Fashion,578382.75,44
ACC_01451,1b8356dabde1d35e17cef975c3f82730,Seller 1b8356da,sao paulo,SP,Standard,Sports,626500.4,2
ACC_01452,43402bdf22aa2310e8f99e2f94f78628,Seller 43402bdf,ribeirao pires,SP,Standard,Electronics,276833.62,26
ACC_01453,c4b911d06343b21dd906651f8101cb49,Seller c4b911d0,vera cruz,SP,Standard,Home & Garden,1668307.42,24
ACC_01454,f44bdc12aa39f5271f0b95f66cd4c289,Seller f44bdc12,braganca paulista,SP,Standard,Sports,92752.02,21
ACC_01455,9bf11dfc0bec77e5a23028043c3c5a8f,Seller 9bf11dfc,contagem,MG,Standard,Sports,1110300.98,27
ACC_01456,13f57c12a00ed4610db646b913a7f5c6,Seller 13f57c12,santos,SP,Premium,Retail,650894.24,11
ACC_01457,54c04bdb5ec46762f8f08c7e8f86ed4a,Seller 54c04bdb,florianopolis,SC,Standard,Retail,944725.22,15
ACC_01458,b5dd7151a92ccaaa282cbe9681a05f44,Seller b5dd7151,ribeirao preto,SP,Premium,Health & Beauty,178535.03,11
ACC_01459,447d377bdb757058acb569025ee18a93,Seller 447d377b,carazinho,RS,Premium,Fashion,1921438.32,17
ACC_01460,52562a9f449c3dc3d53f5f5b9ed74903,Seller 52562a9f,parnamirim,RN,Standard,Retail,837490.13,30
ACC_01461,2a73cba571d90c694b7caca072ccf6ce,Seller 2a73cba5,sao caetano do sul,SP,Standard,Fashion,1558999.87,27
ACC_01462,3d2400ac620cffa23ac81bd192f7f555,Seller 3d2400ac,sao bernardo do campo,SP,Standard,Health & Beauty,231637.1,41
ACC_01463,968268a686aa05d1f529fb07dff08130,Seller 968268a6,sao paulo,SP,Standard,Retail,1494097.83,48
ACC_01464,7c462184585ae80bd6e5774c62ce50f2,Seller 7c462184,campinas,SP,Standard,Sports,469690.36,17
ACC_01465,3ea00e1dea2b0659dbaf654735929220,Seller 3ea00e1d,curitiba,PR,Standard,Health & Beauty,1680872.39,13
ACC_01466,54965bbe3e4f07ae045b90b0b8541f52,Seller 54965bbe,foz do iguacu,PR,Standard,Retail,664482.91,24
ACC_01467,4965a7002cca77301c82d3f91b82e1a9,Seller 4965a700,sorocaba,SP,Standard,Sports,385340.17,5
ACC_01468,2d8cfba3fcd3170555941605edaa196a,Seller 2d8cfba3,osasco,SP,Standard,Retail,1524218.33,37
ACC_01469,6039e27294dc75811c0d8a39069f52c0,Seller 6039e272,osasco,SP,Standard,Retail,1077404.15,44
ACC_01470,b45d7ebfb7378630f1bcd74b6ff86ff7,Seller b45d7ebf,belo horizonte,MG,Premium,Sports,366819.31,43
ACC_01471,e2a1ac9bf33e5549a2a4f834e70df2f8,Seller e2a1ac9b,sao paulo,SP,Premium,Health & Beauty,1016763.07,32
ACC_01472,bc07d855eac23aab5ac8a120f21d16b2,Seller bc07d855,mogi das cruzes,SP,Premium,Health & Beauty,605624.23,44
ACC_01473,3492e68f37fd1df87f4f2f2ea247f445,Seller 3492e68f,salto,SP,Premium,Sports,695292.15,18
ACC_01474,93bef6edaa84956e8e575016449b6351,Seller 93bef6ed,sao paulo,SP,Standard,Health & Beauty,1295980.22,38
ACC_01475,05ff92fedb5be47920fea08e501238b9,Seller 05ff92fe,santo angelo,RS,Premium,Health & Beauty,1757140.92,40
ACC_01476,68f86ba270525243e68ae74044f992b9,Seller 68f86ba2,rio de janeiro,RJ,Standard,Fashion,664113.65,20
ACC_01477,aeb36d67f1414f234d42a29e27cf1f17,Seller aeb36d67,santo andre,SP,Premium,Health & Beauty,375054.14,26
ACC_01478,916c9de0b5ad957346eeeb12f332687e,Seller 916c9de0,curitiba,PR,Premium,Health & Beauty,280523.99,29
ACC_01479,c68fb906c8f4b4b946d8386bfa6e5467,Seller c68fb906,jaboticabal,SP,Standard,Fashion,1662096.77,14
ACC_01480,53d00c40e32aeb924a84ce72b1af869d,Seller 53d00c40,ibitinga,SP,Enterprise,Health & Beauty,1079963.21,12
ACC_01481,93dc87703c046b603023e75222018b45,Seller 93dc8770,belo horizonte,MG,Premium,Fashion,990400.1,23
ACC_01482,10076e5788b8ee532724bcd460baf762,Seller 10076e57,batatais,SP,Standard,Health & Beauty,409162.58,5
ACC_01483,804287717b9156fb7a787acd9af4fac1,Seller 80428771,maringa,PR,Standard,Sports,893761.47,38
ACC_01484,4dc646b9b9e8e411ef48ba000ea3ac6f,Seller 4dc646b9,valinhos,SP,Standard,Sports,261624.06,23
ACC_01485,e9c6969d40e6a3d2d0f90013165c2b98,Seller e9c6969d,sao paulo,SP,Standard,Health & Beauty,915061.18,31
ACC_01486,bd0a1b0aadca9a83d9304f7e8ff5fbd5,Seller bd0a1b0a,sao paulo,SP,Premium,Electronics,1066428.91,28
ACC_01487,340636a908b13bbe0f4fb63fbe1d0c03,Seller 340636a9,sao jose dos campos,SP,Enterprise,Health & Beauty,1267322.25,47
ACC_01488,cf654707ed6a99f112c7ec3d6f314b8b,Seller cf654707,sao paulo,SP,Enterprise,Retail,321965.74,13
ACC_01489,01c97ebb5cdac52891c0ed1c37ba0012,Seller 01c97ebb,catanduva,SP,Standard,Electronics,1479766.0,46
ACC_01490,f0b47fbbc6dee9aafe415a6e33051b3f,Seller f0b47fbb,maua,SP,Premium,Electronics,1692922.13,18
ACC_01491,bd149ed516d4c5d418d5781f8e18919f,Seller bd149ed5,guarulhos,SP,Enterprise,Health & Beauty,657682.96,2
ACC_01492,3dbbce181edfaa4a597ec858c382d2ec,Seller 3dbbce18,curitiba,PR,Standard,Health & Beauty,1540476.74,20
ACC_01493,06532f10282704ef4c69168b914b77be,Seller 06532f10,paincandu,PR,Standard,Fashion,850158.75,22
ACC_01494,1127b7f2594683f2510f1c2c834a486b,Seller 1127b7f2,campinas,SP,Premium,Fashion,973388.81,15
ACC_01495,cd52a8efd71af3336b14b5039b951cc1,Seller cd52a8ef,palhoca,SP,Standard,Electronics,1782987.5,24
ACC_01496,79ed755314cfe6df0daef2c6cd3022cd,Seller 79ed7553,rio claro,SP,Enterprise,Health & Beauty,962091.18,6
ACC_01497,2c9e548be18521d1c43cde1c582c6de8,Seller 2c9e548b,mogi das cruzes,SP,Standard,Retail,338441.7,4
ACC_01498,bc47d5d1490df2b36add65d733eafaba,Seller bc47d5d1,santo andre,SP,Premium,Electronics,1495399.18,19
ACC_01499,7caa63f175b1cecbfaadd8b5ab9998c7,Seller 7caa63f1,sao paulo,SP,Standard,Electronics,1273394.44,14
ACC_01500,de66a66f2dd06bb9ec37aa96987466a3,Seller de66a66f,rio de janeiro,RJ,Standard,Sports,1240590.39,49
ACC_01501,fec6275253471ace26d209bbaa64cd0f,Seller fec62752,nova friburgo,RJ,Standard,Health & Beauty,135371.72,8
ACC_01502,c31eff8334d6b3047ed34bebd4d62c36,Seller c31eff83,salto,SP,Standard,Electronics,1705937.86,12
ACC_01503,c87abc38c8ed3240861729e1aeadf221,Seller c87abc38,sao paulo,SP,Standard,Sports,1851657.53,12
ACC_01504,07a9bc7f61396b658ddf3ac534efe44c,Seller 07a9bc7f,sao paulo,SP,Standard,Electronics,531119.35,14
ACC_01505,822166ed1e47908f7cfb49946d03c726,Seller 822166ed,tres rios,RJ,Standard,Sports,1924683.08,20
ACC_01506,a45314082d50d578a4721c9787ce09ab,Seller a4531408,mirassol,SP,Enterprise,Electronics,1927429.28,38
ACC_01507,98e164d549402270247f3c96a1a158ef,Seller 98e164d5,sao paulo,SP,Premium,Health & Beauty,301175.54,36
ACC_01508,59bbc819b99a733f02f0d6b49d1c253d,Seller 59bbc819,campinas,SP,Standard,Health & Beauty,1080769.23,39
ACC_01509,2e3be8a987a30d7544dbbda6861cc14e,Seller 2e3be8a9,belo horizonte,MG,Standard,Health & Beauty,1151497.44,39
ACC_01510,b6c6854d4d92a5f6f46be8869da3fa1a,Seller b6c6854d,sao paulo,SP,Standard,Sports,1226503.21,7
ACC_01511,f1b93673502375d491780bb49d615dbc,Seller f1b93673,sao jose dos campos,SP,Standard,Electronics,868397.67,37
ACC_01512,bbd3acfe6de99892e73940d3fdceaf68,Seller bbd3acfe,santo andre,SP,Standard,Electronics,569172.26,16
ACC_01513,b3f19518fcec265b2e97af287725f981,Seller b3f19518,tanabi,SP,Standard,Home & Garden,1430963.08,27
ACC_01514,b2ba3715d723d245138f291a6fe42594,Seller b2ba3715,sao paulo,SP,Standard,Sports,609564.99,9
ACC_01515,b410bdd36d5db7a65dcd42b7ead933b8,Seller b410bdd3,goiania,GO,Standard,Sports,988726.1,49
ACC_01516,31344c16881c08a8a72c6d2eb29918c1,Seller 31344c16,uba,MG,Premium,Fashion,963862.81,29
ACC_01517,4e42581f08e8cfc7c090f930bac4552a,Seller 4e42581f,portoferreira,SP,Premium,Sports,1921460.72,13
ACC_01518,9a208dee8f95cfdf00760c4d627828ec,Seller 9a208dee,belford roxo,RJ,Standard,Sports,471888.64,17
ACC_01519,d58d521f3789def2e7a22715e0badd93,Seller d58d521f,sao paulo,SP,Standard,Electronics,1231856.32,2
ACC_01520,0aea4c6ae1505b3228ddf3dd7822ee5b,Seller 0aea4c6a,sorocaba,SP,Standard,Retail,246444.1,42
ACC_01521,b3809b8d4394588a47c8470ea331e135,Seller b3809b8d,sao paulo,SP,Standard,Fashion,1851524.44,5
ACC_01522,fcb5ace8bcc92f75707dc0f01a27d269,Seller fcb5ace8,guarulhos,SP,Premium,Retail,110105.48,21
ACC_01523,6a0cbc8af2e8abd1bdfb777943d174c6,Seller 6a0cbc8a,batatais,SP,Premium,Health & Beauty,206743.48,15
ACC_01524,1b0b0f4f95e962d6f32fe90c759d0479,Seller 1b0b0f4f,sao paulo,SP,Standard,Electronics,750038.13,12
ACC_01525,70126eecc6aa1274392a1743866e9678,Seller 70126eec,barueri,SP,Premium,Health & Beauty,295507.05,36
ACC_01526,cb0b3bcf14e0a709df412a99424a59d7,Seller cb0b3bcf,sao paulo,SP,Premium,Fashion,1468622.75,28
ACC_01527,8931a84a914b3fe9b1ddaa4d704947ca,Seller 8931a84a,sao paulo,SP,Standard,Electronics,1904860.36,16
ACC_01528,7681ef142fd2c19048da7430856b5588,Seller 7681ef14,guarulhos,SP,Standard,Fashion,1035225.61,45
ACC_01529,3771c85bac139d2344864ede5d9341e3,Seller 3771c85b,sorocaba,SP,Standard,Retail,59678.54,32
ACC_01530,7ddcbb64b5bc1ef36ca8c151f6ec77df,Seller 7ddcbb64,sao paulo,SP,Premium,Electronics,1872367.88,30
ACC_01531,02b72cdeb9cfcc429f1af6f4e3f3b737,Seller 02b72cde,ibitinga,SP,Premium,Retail,1119004.32,35
ACC_01532,3481aa57cd91f9f9d3fa1fa12d9a3bf7,Seller 3481aa57,capivari,SP,Enterprise,Retail,1275277.06,28
ACC_01533,a218df5c097b0ca409cfaac1488cc7f6,Seller a218df5c,araraquara,SP,Standard,Retail,817751.32,39
ACC_01534,bd0389da23d89b726abf911cccc54596,Seller bd0389da,brasilia,DF,Standard,Electronics,1794314.87,39
ACC_01535,af3ef48d0e13835e529c29ac573c63e5,Seller af3ef48d,araraquara,SP,Standard,Sports,569748.57,15
ACC_01536,855668e0971d4dfd7bef1b6a4133b41b,Seller 855668e0,itatiba,SP,Standard,Home & Garden,784717.83,7
ACC_01537,77e4abfd739aed9c46480f90f81c0eb4,Seller 77e4abfd,brasilia,DF,Standard,Sports,977358.76,29
ACC_01538,bac44fa8e13424950488659b5f765c41,Seller bac44fa8,sao paulo,SP,Standard,Health & Beauty,1648443.67,42
ACC_01539,863d2ebcd347ce4922de7a0f9a5581d6,Seller 863d2ebc,rio de janeiro,RJ,Standard,Home & Garden,886672.92,39
ACC_01540,1c68394e931a64f90ea236c5ea590300,Seller 1c68394e,sarandi,PR,Standard,Retail,490644.24,3
ACC_01541,95b293867b5862941c9cd74f756a3c68,Seller 95b29386,sao paulo,SP,Standard,Health & Beauty,1704607.2,46
ACC_01542,e62b2d6ac10570a035a30bafcf01d263,Seller e62b2d6a,sao paulo,SP,Premium,Home & Garden,1029594.68,2
ACC_01543,f63d8f293af3a6454377546bd9dd19ff,Seller f63d8f29,votorantim,SP,Enterprise,Electronics,1677789.64,44
ACC_01544,7a425d299613df3e613bcf9d2eaf5c49,Seller 7a425d29,rio de janeiro,RJ,Enterprise,Electronics,1090532.86,22
ACC_01545,6bb0724edf0b62fb91ac404873a97241,Seller 6bb0724e,cotia,SP,Premium,Electronics,1317726.65,6
ACC_01546,112453736dbe3889cfb74e1aaa0ba0c1,Seller 11245373,sao paulo,SP,Standard,Fashion,1058801.57,21
ACC_01547,f593898ec748b7a8cb81fc04edafd98a,Seller f593898e,pedreira,SP,Standard,Home & Garden,777967.62,30
ACC_01548,96f7c797de9ca20efbe14545bed63eec,Seller 96f7c797,cravinhos,SP,Enterprise,Health & Beauty,1313617.67,29
ACC_01549,77530e9772f57a62c906e1c21538ab82,Seller 77530e97,curitiba,PR,Premium,Fashion,1678625.27,47
ACC_01550,297d5eccd19fa9a83b2630071ff105e4,Seller 297d5ecc,curitiba,PR,Standard,Retail,1500568.46,10
ACC_01551,191d55f7edb8524d525ed01b20fe32e8,Seller 191d55f7,brasilia,DF,Standard,Sports,797770.74,23
ACC_01552,ff69aa92bb6b1bf9b8b7a51c2ed9cf8b,Seller ff69aa92,sao paulo,SP,Standard,Electronics,1199703.72,13
ACC_01553,5733d806668f8712c24b9abaefbfa642,Seller 5733d806,chapeco,SP,Standard,Retail,469762.82,20
ACC_01554,65b081a070633e057c462abdd6fb9dd8,Seller 65b081a0,morrinhos,GO,Premium,Retail,1230628.39,16
ACC_01555,edf96ef93ed595084bbcbd9224bd2894,Seller edf96ef9,sao paulo,SP,Standard,Retail,162107.86,36
ACC_01556,6a8b085f816a1f75f92dbac6eb545f8f,Seller 6a8b085f,bebedouro,SP,Standard,Sports,1947464.55,42
ACC_01557,f3295428338a40977a03f555246a70f4,Seller f3295428,vitoria,ES,Standard,Home & Garden,642856.03,47
ACC_01558,75fbb52eda0cbc24f479d3b2fbfa8d3e,Seller 75fbb52e,goiania,GO,Standard,Home & Garden,1877115.22,43
ACC_01559,e5d4b2b0c3bca22085f7a19a28de0c42,Seller e5d4b2b0,joinville,SC,Premium,Sports,1565069.4,15
ACC_01560,6187a137b2af59dfdbad8d9f8c373c14,Seller 6187a137,osasco,SP,Standard,Electronics,1921700.78,35
ACC_01561,062ce95fa2ad4dfaedfc79260130565f,Seller 062ce95f,lajeado,RS,Standard,Electronics,1174083.34,46
ACC_01562,c200c73f9d7e5a08ca439d6a0803da7c,Seller c200c73f,almirante tamandare,PR,Premium,Sports,866639.12,37
ACC_01563,2ee0a0689f2f6a72f35a7cb6033f6e7e,Seller 2ee0a068,presidente prudente,SP,Standard,Home & Garden,1669894.4,23
ACC_01564,a08692680c77d30a0b4280da5df01c5a,Seller a0869268,sao paulo,SP,Standard,Fashion,1721403.03,45
ACC_01565,dd533b429f380718b70ad9922c294bae,Seller dd533b42,barretos,SP,Premium,Fashion,1850199.89,13
ACC_01566,582d4f8675b945722eda7c0cb61ba4c7,Seller 582d4f86,bertioga,SP,Premium,Fashion,1261694.01,8
ACC_01567,74636e24f01da9268b0ed88dacd8513e,Seller 74636e24,sao paulo,SP,Standard,Electronics,888197.75,14
ACC_01568,09bad886111255c5b5030314fc7f1a4a,Seller 09bad886,sao paulo,SP,Standard,Retail,1836424.36,32
ACC_01569,94144541854e298c2d976cb893b81343,Seller 94144541,viamao,RS,Standard,Sports,1608574.11,24
ACC_01570,bf84056e679dbe9c69929847a40e338f,Seller bf84056e,sao paulo,SP,Enterprise,Health & Beauty,1759246.9,5
ACC_01571,21c62b998a043ebe31161d38f84929fc,Seller 21c62b99,fortaleza,CE,Enterprise,Retail,762202.45,40
ACC_01572,02d35243ea2e497335cd0f076b45675d,Seller 02d35243,natal,RN,Standard,Home & Garden,447853.09,23
ACC_01573,1c129092bf23f28a5930387c980c0dfc,Seller 1c129092,sao paulo,SP,Standard,Retail,1884094.45,48
ACC_01574,a1040efe9ff4a6f93c28b0499eada8f5,Seller a1040efe,jundiai,SP,Standard,Retail,124871.91,1
ACC_01575,2d9e8987a2ea5cf88dce330249043ff1,Seller 2d9e8987,jaci,SP,Standard,Retail,1223239.53,13
ACC_01576,fdf736c18c589ed030e058312203e1b2,Seller fdf736c1,pocos de caldas,MG,Standard,Health & Beauty,259539.99,13
ACC_01577,e433f5fd4050e3352b5d83522b7fe24b,Seller e433f5fd,arapongas,PR,Standard,Home & Garden,1028853.79,10
ACC_01578,b01c2b7b8599b325103ebcddc67413e1,Seller b01c2b7b,venancio aires,RS,Standard,Electronics,278505.19,19
ACC_01579,bb5d956dece964a06c12bceb66b923ae,Seller bb5d956d,rio de janeiro,RJ,Premium,Home & Garden,1389950.5,41
ACC_01580,3afc536624bc2e65bddfb5db33cc01f3,Seller 3afc5366,belo horizonte,MG,Standard,Retail,950436.85,3
ACC_01581,8090490573c6c0aa343a7231ebcb8c86,Seller 80904905,sao paulo - sp,SP,Premium,Electronics,518305.99,31
ACC_01582,26d6bbee02420494d471c9f6436929c0,Seller 26d6bbee,curitiba,PR,Standard,Retail,361144.89,13
ACC_01583,602044f2c16190c2c6e45eb35c2e21cb,Seller 602044f2,ibitinga,SP,Premium,Sports,858895.08,17
ACC_01584,b347677812ea483b0f528eaf8cbc09b7,Seller b3476778,curitiba,PR,Premium,Home & Garden,721507.02,43
ACC_01585,d94ba08b99bedd6a5f6c875ecc4a6fac,Seller d94ba08b,apucarana,PR,Standard,Retail,1213455.24,41
ACC_01586,880ce4951cf857ab1d9e0b75c1d856f4,Seller 880ce495,belo horizont,MG,Enterprise,Health & Beauty,648850.36,44
ACC_01587,b499c00f28f4b7069ff6550af8c1348a,Seller b499c00f,limeira,SP,Premium,Sports,1619362.65,44
ACC_01588,7a2d2949aea47fab95fd98d6c9f618b1,Seller 7a2d2949,curitiba,PR,Standard,Health & Beauty,851867.64,19
ACC_01589,fad44952713764836814be105382aee5,Seller fad44952,rio de janeiro,RJ,Enterprise,Fashion,108231.58,30
ACC_01590,f1ed6bd0a9b11b581f16c851c6a5a527,Seller f1ed6bd0,porto alegre,RS,Standard,Fashion,504067.52,31
ACC_01591,624f4ece8da4aafb77699233d480f8ef,Seller 624f4ece,sao paulo,SP,Standard,Fashion,833603.94,2
ACC_01592,95e03ca3d4146e4011985981aeb959b9,Seller 95e03ca3,rio de janeiro,RJ,Premium,Health & Beauty,229950.51,26
ACC_01593,1771297ac436903d1dd6b0e9279aa505,Seller 1771297a,guarulhos,SP,Standard,Health & Beauty,57924.85,14
ACC_01594,1d503743d2526f03f0c2c89540ee008c,Seller 1d503743,sao paulo,SP,Premium,Electronics,1813803.1,1
ACC_01595,fc5a0d7a310a7a41abf86a458585ff2b,Seller fc5a0d7a,sao paulo,SP,Standard,Retail,599119.25,32
ACC_01596,e1bed63d68ac36fe1f3061befe196af5,Seller e1bed63d,mogi guacu,SP,Enterprise,Retail,1945485.21,37
ACC_01597,73da1880b39c71de2b262bc7720c1494,Seller 73da1880,sao carlos,SP,Standard,Health & Beauty,495133.39,5
ACC_01598,df560393f3a51e74553ab94004ba5c87,Seller df560393,loanda,PR,Premium,Home & Garden,463743.62,3
ACC_01599,253f95b3a0e6983ae18aed49fbc2b845,Seller 253f95b3,sao paulo,SP,Premium,Retail,1560436.42,28
ACC_01600,834f3294fba9f932f56edc879193f925,Seller 834f3294,araraquara,SP,Enterprise,Retail,825061.34,24
ACC_01601,6c177e38df6d3f34182b1f1d427231bf,Seller 6c177e38,curitiba,PR,Premium,Electronics,99089.54,33
ACC_01602,08d0949a9a17c027262db1f3c450c26c,Seller 08d0949a,cascavel,PR,Premium,Sports,818811.13,8
ACC_01603,11fb6f6d341adbe19e81733701704635,Seller 11fb6f6d,sao paulo,SP,Premium,Health & Beauty,315781.26,49
ACC_01604,04843805947f0fc584fc1969b6e50fe7,Seller 04843805,ivoti,RS,Standard,Health & Beauty,1560959.72,9
ACC_01605,e3b4998c7a498169dc7bce44e6bb6277,Seller e3b4998c,sao paulo,SP,Standard,Electronics,1260475.69,8
ACC_01606,a37c340b91cb0169e8b029db6440fba2,Seller a37c340b,sao paulo,SP,Standard,Retail,260915.08,14
ACC_01607,e628d4a53c109f09ca88098338b3a3f5,Seller e628d4a5,belo horizonte,MG,Premium,Retail,1307354.65,6
ACC_01608,381c83fdca332ea6afd896da20bf6e4a,Seller 381c83fd,curitiba,PR,Premium,Retail,1483439.79,9
ACC_01609,6fd52c528dcb38be2eea044946b811f8,Seller 6fd52c52,sao paulo,SP,Premium,Sports,574614.55,43
ACC_01610,189ca3538ce9f920cacf0f982cbe223b,Seller 189ca353,sao paulo,SP,Standard,Sports,1565898.59,25
ACC_01611,20cb7c2fde3e5bf10f0bbe7394e1c6a9,Seller 20cb7c2f,andira-pr,PR,Enterprise,Health & Beauty,559702.2,10
ACC_01612,7e79d65b5c6f1f544b7daea036acf720,Seller 7e79d65b,sao caetano do sul,SP,Standard,Fashion,129217.34,20
ACC_01613,fd435faa3c0422b60440ea3480d0e77c,Seller fd435faa,joao pessoa,PB,Standard,Fashion,497363.43,8
ACC_01614,6bef34c5be6f2bbd70aa5165f6df94b1,Seller 6bef34c5,timbo,SC,Standard,Retail,218487.94,45
ACC_01615,ae9690c6e8fee182c28c9ff8e11ca52c,Seller ae9690c6,sao paulo,SP,Standard,Home & Garden,370885.36,26
ACC_01616,f7720c4fa8e3aba4546301ab80ea1f1b,Seller f7720c4f,curitiba,PR,Standard,Home & Garden,1377712.76,41
ACC_01617,5bba18b40e8c973b0f32e748004775b0,Seller 5bba18b4,itajobi,SP,Standard,Retail,1042303.07,18
ACC_01618,7b7f91e98f8c6def45a1407923304402,Seller 7b7f91e9,osasco,SP,Premium,Retail,697993.2,4
ACC_01619,4c2b230173bb36f9b240f2b8ac11786e,Seller 4c2b2301,sao paulo,SP,Standard,Electronics,1251290.79,11
ACC_01620,a23266650e7c84bb93fbbba502137478,Seller a2326665,porto alegre,RS,Standard,Fashion,1177877.98,36
ACC_01621,d2df77822373f19934e87694d8640767,Seller d2df7782,arapongas,PR,Enterprise,Fashion,1852664.13,46
ACC_01622,8fbd63429be6d3e5e6d1a709b6464802,Seller 8fbd6342,santo andre,SP,Premium,Health & Beauty,711498.3,17
ACC_01623,ac6417315ae5da8f9a38ee11de6f7780,Seller ac641731,aruja,SP,Enterprise,Fashion,466095.65,20
ACC_01624,81336a0f57a33776419727a300249e90,Seller 81336a0f,sao carlos,SP,Standard,Health & Beauty,657042.66,27
ACC_01625,02f623a8eb246f3c5f7c2f96462654e6,Seller 02f623a8,botucatu,SP,Standard,Retail,851813.11,41
ACC_01626,56db5c0782e8f7ddc9343f9576ff6d16,Seller 56db5c07,palhoca,SC,Standard,Electronics,1983008.75,36
ACC_01627,29fe9f200d3fa0c668d2aa1ec7e08dfb,Seller 29fe9f20,balneario camboriu,SC,Premium,Health & Beauty,1268870.84,30
ACC_01628,271b8923c6a549e02d3c9fd1f8c0422b,Seller 271b8923,praia grande,SP,Premium,Sports,768842.79,42
ACC_01629,4e06067cc08b3f41d837768d392c3ee3,Seller 4e06067c,betim,MG,Standard,Fashion,274294.61,26
ACC_01630,ec933281fb017b5020d06df29c3f77e8,Seller ec933281,sao paulo,SP,Standard,Electronics,1371727.93,41
ACC_01631,49e7217cfe4e427191c378ec626d8737,Seller 49e7217c,formiga,MG,Premium,Electronics,750688.58,22
ACC_01632,34f563c82a85b99ae9e6d60db5fc2e28,Seller 34f563c8,campo bom,RS,Standard,Sports,265982.37,38
ACC_01633,4ddeb3e828550cddc8d45c8bc36ab2d1,Seller 4ddeb3e8,sao paulo,SP,Premium,Health & Beauty,971973.3,4
ACC_01634,90d4125885ab6c86e8820a722be71974,Seller 90d41258,taboao da serra,SP,Enterprise,Fashion,1234656.28,4
ACC_01635,3a734b715d333a2588a3d54a0c9b8746,Seller 3a734b71,osasco,SP,Premium,Fashion,241158.24,2
ACC_01636,f5b84683a9bf9e1df748cf40f601b39c,Seller f5b84683,sao paulo,SP,Premium,Home & Garden,199936.45,13
ACC_01637,392e0502231ae2f8b29994ef6398cd77,Seller 392e0502,cerqueira cesar,SP,Standard,Fashion,1990869.48,26
ACC_01638,5d0363b33554b373851fc1622e4d5f3c,Seller 5d0363b3,atibaia,SP,Standard,Health & Beauty,922339.51,1
ACC_01639,6e85dc5ecd97a61094b89b046a509d8e,Seller 6e85dc5e,marapoama,SP,Premium,Sports,1323084.87,40
ACC_01640,417a1e6c7321084d2a0ae0d023cfad93,Seller 417a1e6c,imigrante,RS,Standard,Fashion,1826033.61,36
ACC_01641,013900e863eace745d3ec7614cab5b1a,Seller 013900e8,curitiba,PR,Premium,Health & Beauty,1702425.62,39
ACC_01642,c157bdeedcbc9a8e3c8bf0d87ff24428,Seller c157bdee,mairinque,SP,Premium,Sports,1705454.66,33
ACC_01643,fa3a0b5aabb344b9a92e3524b0202123,Seller fa3a0b5a,sao jose dos pinhais,SP,Premium,Sports,722297.04,10
ACC_01644,88cf19ec1fc2c58f161aee259d57142c,Seller 88cf19ec,sao carlos,SP,Standard,Home & Garden,261401.68,20
ACC_01645,c13ef0cfbe42f190780f621ce81f2234,Seller c13ef0cf,sao paulo sp,SP,Standard,Fashion,134168.5,28
ACC_01646,fc908879b9ca1bd65419e54e50432d38,Seller fc908879,sao paulo,SP,Standard,Health & Beauty,1019845.81,3
ACC_01647,c679fb69a36e1d8349e8c50a217b4d58,Seller c679fb69,caxias do sul,RS,Premium,Fashion,822822.33,10
ACC_01648,17a053fcb14bd219540cbde0df490be0,Seller 17a053fc,mogi guacu,SP,Enterprise,Electronics,419889.68,16
ACC_01649,2d34636518ba88f5349b732fcf8ba2e4,Seller 2d346365,sao paulo,SP,Standard,Sports,1126430.39,31
ACC_01650,d79e8478eed9999493990b44955fb22e,Seller d79e8478,rio de janeiro / rio de janeiro,RJ,Premium,Electronics,451659.82,17
ACC_01651,458d868c9642f55f18f04e951a3fdde6,Seller 458d868c,porto alegre,RS,Standard,Fashion,566554.35,3
ACC_01652,41b14765bd56c8ad10971074380f9c0c,Seller 41b14765,santo andre,SP,Premium,Home & Garden,1464154.48,31
ACC_01653,e439f7176d763f92de325271111b2fd5,Seller e439f717,joinville,SC,Standard,Electronics,1940852.32,28
ACC_01654,7f2617c58d5d06806987308b45654351,Seller 7f2617c5,sao paulo,SP,Enterprise,Sports,1953989.35,27
ACC_01655,cac63f48c38cd7d002a7e846dcd99a23,Seller cac63f48,sumare,SP,Standard,Retail,1690932.28,37
ACC_01656,04ee0ec01589969663ba5967c0e0bdc0,Seller 04ee0ec0,lajeado,RS,Enterprise,Health & Beauty,1790420.37,24
ACC_01657,f00e21b1e91a79653163b7fd8f293ff1,Seller f00e21b1,andradas,SP,Standard,Sports,176926.87,9
ACC_01658,9140ef75cc8211c4035935e80e567204,Seller 9140ef75,maringa,PR,Premium,Fashion,964171.27,13
ACC_01659,79a679c36c08d606b3fd47ead9de109b,Seller 79a679c3,sao paulo,SP,Standard,Sports,162629.76,45
ACC_01660,cc5a78bbad32776dc4e3af205218368c,Seller cc5a78bb,divinopolis,MG,Standard,Health & Beauty,517154.68,44
ACC_01661,6eeed17989b0ae47c9f11ece6f38ea90,Seller 6eeed179,sao paulo,SP,Standard,Electronics,61520.04,47
ACC_01662,b5f0712d22a873b6797ab6cc65c3fcba,Seller b5f0712d,sao paulo,SP,Standard,Sports,1330627.13,5
ACC_01663,3f9c56764fabca627406093dcb3ef0b4,Seller 3f9c5676,rio de janeiro,RJ,Standard,Home & Garden,1199419.28,37
ACC_01664,efb628aa07c8ca93d7db0d85b91a4f5a,Seller efb628aa,nova iguacu,RJ,Premium,Electronics,1621921.28,16
ACC_01665,4e922959ae960d389249c378d1c939f5,Seller 4e922959,jacarei,SP,Standard,Retail,354756.29,49
ACC_01666,47648caee88ccfe951fbb27fbf7b4cbe,Seller 47648cae,diadema,SP,Enterprise,Sports,1311518.76,29
ACC_01667,ca4b77513ac2040591b0d8fae6958380,Seller ca4b7751,sando andre,SP,Standard,Fashion,1222708.73,32
ACC_01668,7957cac1a02f45d0a4a7e45626382ec2,Seller 7957cac1,curitiba,PR,Enterprise,Health & Beauty,514862.89,9
ACC_01669,4cc4fd4fdd406a85bbdc1f824b731bd7,Seller 4cc4fd4f,toledo,PR,Standard,Retail,688614.45,13
ACC_01670,b8630e1121437d41cb08e3c749c2c2e2,Seller b8630e11,duque de caxias,RJ,Premium,Home & Garden,320717.59,14
ACC_01671,cfe94489ddd337d1e29e12f2a7205d10,Seller cfe94489,sao paulo,SP,Standard,Home & Garden,1841456.48,48
ACC_01672,9cf787a239c1aa29dbd76f153dc13f9a,Seller 9cf787a2,franca,SP,Standard,Health & Beauty,1698389.48,46
ACC_01673,2a50b7ee5aebecc6fd0ff9784a4747d6,Seller 2a50b7ee,brasilia,DF,Premium,Home & Garden,719174.07,18
ACC_01674,d297f1055de2956aedfd3b04113dce3e,Seller d297f105,nova odessa,SP,Standard,Health & Beauty,368201.71,27
ACC_01675,2c3d56f92f360fb89d849b84e8f50eae,Seller 2c3d56f9,barueri,SP,Premium,Health & Beauty,651307.64,32
ACC_01676,3442033154be05bac582e173ef54fd12,Seller 34420331,sao paulo,SP,Standard,Fashion,633258.98,2
ACC_01677,78744a20ee2f80ba64f6804c25def2b8,Seller 78744a20,recife,PE,Premium,Sports,1710047.47,40
ACC_01678,c990d6cf976a5718aaedc539f383ab88,Seller c990d6cf,paulinia,SP,Standard,Health & Beauty,1669740.74,20
ACC_01679,94e93ce877be27a515118dbfd2c2be41,Seller 94e93ce8,votuporanga,SP,Premium,Electronics,572330.22,1
ACC_01680,b566ab0ef88016e00422755e305103c6,Seller b566ab0e,extrema,MG,Standard,Electronics,224626.48,45
ACC_01681,d9cb0052a666de5308b32f32ad5f1b1c,Seller d9cb0052,olimpia,SP,Premium,Home & Garden,549206.24,30
ACC_01682,a89e143d5211473ae18db9577ee34b64,Seller a89e143d,limeira,SP,Standard,Health & Beauty,1581650.49,19
ACC_01683,1f2eebc0e970fd3c463e4f5d9652687a,Seller 1f2eebc0,sao paulo,SP,Enterprise,Health & Beauty,912443.01,37
ACC_01684,941554c5757b73ba0e50aa7732310afc,Seller 941554c5,sao paulo,SP,Premium,Home & Garden,908514.78,25
ACC_01685,8581055ce74af1daba164fdbd55a40de,Seller 8581055c,guarulhos,SP,Premium,Electronics,518688.04,48
ACC_01686,a9ae440659f48b7849df83e82734150b,Seller a9ae4406,santo andre,SP,Standard,Electronics,154241.24,45
ACC_01687,c963a25b8671419c6ce9eebe8fd03218,Seller c963a25b,angra dos reis rj,RJ,Premium,Retail,1629408.46,1
ACC_01688,9485a23c0430ba1d58d359391606fce6,Seller 9485a23c,santo andre,SP,Enterprise,Fashion,552639.28,16
ACC_01689,0951a6e282947e09cd47969f4ed0b47f,Seller 0951a6e2,taboao da serra,SP,Enterprise,Fashion,1863843.94,15
ACC_01690,52f0fe436a347ddad7ed5f9aa4e27eaa,Seller 52f0fe43,sao paulo,SP,Premium,Home & Garden,1718001.27,22
ACC_01691,9c7fd21e0aa159b20da593371f08ff7c,Seller 9c7fd21e,osasco,SP,Standard,Fashion,699045.02,8
ACC_01692,c33847515fa6305ce6feb1e818569f13,Seller c3384751,brusque,SC,Premium,Home & Garden,356084.65,12
ACC_01693,8b8cfc8305aa441e4239358c9f6f2485,Seller 8b8cfc83,londrina,PR,Standard,Health & Beauty,726551.95,9
ACC_01694,2c00c85d30361cd2ced2969cffbbffa3,Seller 2c00c85d,belo horizonte,MG,Standard,Sports,374832.98,35
ACC_01695,d4e4b5192cba4e0e66eb12a9d347239d,Seller d4e4b519,toledo,PR,Standard,Retail,1963014.34,13
ACC_01696,ade45994b717ccee333492330fbf037b,Seller ade45994,umuarama,PR,Enterprise,Electronics,188487.86,43
ACC_01697,bb5bd94c8f59cc050072d2930c869cac,Seller bb5bd94c,sao paulo,SP,Standard,Electronics,832780.41,32
ACC_01698,b05b432bf68945d4d9783f9e3ca29ee8,Seller b05b432b,birigui,SP,Standard,Retail,382475.49,39
ACC_01699,2a7dc43cecabf23403078e2188437d1d,Seller 2a7dc43c,sao paulo,SP,Standard,Sports,482196.82,45
ACC_01700,578fa3a9cb6b6dceab39231ad59cdaca,Seller 578fa3a9,fortaleza,CE,Standard,Health & Beauty,1726551.49,45
ACC_01701,615c3462099ffa940d37b17dfda19594,Seller 615c3462,rio de janeiro,RJ,Standard,Fashion,1101296.2,20
ACC_01702,a3f0b55de503387383c7b1de3ad7f678,Seller a3f0b55d,curitiba,PR,Standard,Sports,781486.85,12
ACC_01703,6d7f8d9d594e28796b6b3205b00f459c,Seller 6d7f8d9d,curitiba,PR,Standard,Retail,1076843.73,2
ACC_01704,7b7ed56ae755e2880f2b69632e839c1e,Seller 7b7ed56a,goiania,GO,Standard,Health & Beauty,1247865.65,10
ACC_01705,4fae87d32467e18eb46e4a76a0a0b9ce,Seller 4fae87d3,ronda alta,RS,Premium,Retail,1261952.73,46
ACC_01706,ea566164622c6b439516ab18062c42cd,Seller ea566164,sao  paulo,SP,Standard,Sports,1019125.86,17
ACC_01707,821fb029fc6e495ca4f08a35d51e53a5,Seller 821fb029,sao paulo,SP,Enterprise,Electronics,1227307.63,39
ACC_01708,d6ab728cf30867cf3f1a2e216ae2f9b7,Seller d6ab728c,sao paulo,SP,Premium,Health & Beauty,1700141.1,11
ACC_01709,1a932caad4f9d804097d7f8e615baed1,Seller 1a932caa,sao paulo,SP,Standard,Fashion,976265.77,36
ACC_01710,173d56ffbd4c56cb80fc3615487d712b,Seller 173d56ff,sao vicente,SP,Standard,Electronics,128248.95,9
ACC_01711,2be17df1c49978426251562096c3cc09,Seller 2be17df1,tubarao,SC,Premium,Fashion,863924.75,29
ACC_01712,f7c31656c19db6275a8acadca289f426,Seller f7c31656,ibitinga,SP,Standard,Retail,496102.82,25
ACC_01713,6025c79c035c3d772133b8b8238463b2,Seller 6025c79c,pinhais/pr,PR,Standard,Fashion,1945321.59,15
ACC_01714,c6381d2d013342748761e906d45aff76,Seller c6381d2d,portao,RS,Premium,Home & Garden,374497.77,43
ACC_01715,c500367424994318b9e779ff1ae9a330,Seller c5003674,paulinia,SP,Premium,Retail,1048459.75,9
ACC_01716,19e0f40a907ec568c34bfac15de4f4a1,Seller 19e0f40a,americana,SP,Premium,Electronics,178991.22,38
ACC_01717,ecccfa2bb93b34a3bf033cc5d1dcdc69,Seller ecccfa2b,curitiba,PR,Premium,Home & Garden,404199.06,49
ACC_01718,c66dccfb3f109511246da627dd5a2498,Seller c66dccfb,registro,SP,Standard,Retail,1800767.23,49
ACC_01719,d921b68bf747894be13a97ae52b0f386,Seller d921b68b,formiga,MG,Enterprise,Home & Garden,1358102.77,17
ACC_01720,929f342384a6607afe143d789ade1316,Seller 929f3423,londrina,PR,Standard,Electronics,948175.8,6
ACC_01721,e256a62e0ac58c0edfba09966142d561,Seller e256a62e,curitiba,PR,Standard,Fashion,549280.2,10
ACC_01722,b5b800c4065bebf4d3442311c9857344,Seller b5b800c4,sao paulo,SP,Standard,Home & Garden,244690.54,34
ACC_01723,c8417879a15366a17c30af34c798c332,Seller c8417879,sao paulo,SP,Standard,Health & Beauty,1052883.77,29
ACC_01724,8dfbc5ff27df12f6cef751d3b9554222,Seller 8dfbc5ff,curitiba,PR,Premium,Sports,53870.38,37
ACC_01725,e732329483fd5f27367dd997b47f598a,Seller e7323294,blumenau,SC,Standard,Sports,1452130.87,7
ACC_01726,989becdce12ebc39863c2bceab6f3ca1,Seller 989becdc,curitiba,PR,Standard,Home & Garden,934263.36,7
ACC_01727,9f56a7a649097b166d8ed286ad86a15c,Seller 9f56a7a6,rio de janeiro,RJ,Premium,Sports,252599.5,47
ACC_01728,c4d51195486dc781531876a7d00453d8,Seller c4d51195,presidente prudente,SP,Standard,Electronics,323090.96,12
ACC_01729,98115075dd26cb8835946fc6086f5d30,Seller 98115075,ao bernardo do campo,SP,Standard,Sports,1567402.82,26
ACC_01730,2305ab43e846518f58dd9d59f3f54e96,Seller 2305ab43,sao paulo,SP,Premium,Electronics,1121323.75,21
ACC_01731,2528513dd95219a6013d4d05176e391a,Seller 2528513d,osasco,SP,Standard,Health & Beauty,129392.56,4
ACC_01732,64c9a1db4e73e19aaafd3286dc448c96,Seller 64c9a1db,curitiba,PR,Enterprise,Sports,1254593.66,24
ACC_01733,44ed138eca6214d572ce1d813fb0049b,Seller 44ed138e,canoas,RS,Standard,Sports,464798.99,22
ACC_01734,ce4755084bc097113867e6454f8f5e52,Seller ce475508,ribeirao preto,SP,Standard,Health & Beauty,456923.97,12
ACC_01735,3e51f9cbe317bc3a88f2c76583811ee4,Seller 3e51f9cb,sao paulo,SP,Premium,Home & Garden,332301.27,1
ACC_01736,204b4e07bddef3c9b317f70189135b22,Seller 204b4e07,borda da mata,MG,Enterprise,Home & Garden,1310571.01,19
ACC_01737,921323538c9f1c4e816f2720eac02bea,Seller 92132353,sao paulo,SP,Standard,Health & Beauty,1552267.15,21
ACC_01738,1464afc72f696af775557a821c2e253f,Seller 1464afc7,nova friburgo,RJ,Enterprise,Electronics,1365556.48,6
ACC_01739,77a515caa36327151d1cc6c32a9f00e1,Seller 77a515ca,diadema,SP,Standard,Health & Beauty,653998.75,32
ACC_01740,32fdd5d44ecb43dfd6a24b9369eca144,Seller 32fdd5d4,carmo do cajuru,MG,Premium,Health & Beauty,1838234.29,26
ACC_01741,4b0fdb526525f9890eb145bf1534640e,Seller 4b0fdb52,ibitinga,SP,Premium,Health & Beauty,1125412.54,39
ACC_01742,1cd9e0cc1839d55516843def5600816d,Seller 1cd9e0cc,sao paulo,SP,Premium,Electronics,1081064.6,21
ACC_01743,7fc87cc3e89b3d1d5cabdca32f8485aa,Seller 7fc87cc3,guarulhos,SP,Standard,Home & Garden,587535.01,39
ACC_01744,0c7f30ae9b147eca07affbef92832a6a,Seller 0c7f30ae,ponta grossa,PR,Standard,Fashion,297076.51,6
ACC_01745,e09887ca8c7bf8a4621ce481820414ef,Seller e09887ca,sao paulo,SP,Standard,Electronics,1230514.33,20
ACC_01746,318f287a62ab7ac10b703ac37435a231,Seller 318f287a,sao paulo,SP,Standard,Electronics,293585.58,12
ACC_01747,52bb00821bcdd358a5a5a27e1f6be5a1,Seller 52bb0082,osasco,SP,Standard,Sports,868029.75,8
ACC_01748,acb6c2ca5c82411c1fdb88d5fd5eb95e,Seller acb6c2ca,sao paulo,SP,Premium,Retail,64332.61,45
ACC_01749,26e2e5033827d2ba53929f43e03d8ffe,Seller 26e2e503,sao paulo,SP,Premium,Sports,495158.71,48
ACC_01750,55dedd83e501d8248880557d9073cbfd,Seller 55dedd83,rio de janeiro,RJ,Standard,Fashion,1233110.82,45
ACC_01751,5b179e9e8cc7ab6fd113a46ca584da81,Seller 5b179e9e,sao paulo,SP,Standard,Health & Beauty,720122.87,18
ACC_01752,ffdd9f82b9a447f6f8d4b91554cc7dd3,Seller ffdd9f82,curitiba,PR,Premium,Health & Beauty,1634222.97,28
ACC_01753,4eeb99008a0f59d2c7759c59f9a346eb,Seller 4eeb9900,embu das artes,SP,Standard,Health & Beauty,94640.64,24
ACC_01754,f3511c85f59f8dec53d140501ee8e7a8,Seller f3511c85,curitiba,PR,Standard,Fashion,1657816.46,6
ACC_01755,60da8bfa7eebe230b7d66ac4082d79b3,Seller 60da8bfa,fernando prestes,SP,Premium,Retail,535948.65,47
ACC_01756,2c538755f1ca9540af144f266e70df6c,Seller 2c538755,castro pires,MG,Standard,Sports,905985.94,9
ACC_01757,cb41bfbcbda0aea354a834ab222f9a59,Seller cb41bfbc,sao paulo,SP,Standard,Electronics,1293647.78,3
ACC_01758,2379bdc3888025689a9deb7b141507d5,Seller 2379bdc3,mogi mirim,SP,Standard,Health & Beauty,1864082.52,6
ACC_01759,5ee7fd217d08dfe5d3e2f51f96a12c9a,Seller 5ee7fd21,vargem grande do sul,SP,Premium,Health & Beauty,1012564.24,28
ACC_01760,a414555ce331b8c8aea4a9cb8395194d,Seller a414555c,sao paulo,SP,Standard,Retail,568033.04,10
ACC_01761,92992bec39dde5766f590d3b1f46d465,Seller 92992bec,sao paulo,SP,Standard,Electronics,1282058.28,11
ACC_01762,834f8533b2ecb6598dd004ff3de7203a,Seller 834f8533,sao paulo,SP,Standard,Electronics,1266820.05,21
ACC_01763,b5f49fe968dff6b112861e6cd8e192ef,Seller b5f49fe9,curitiba,PR,Enterprise,Sports,823070.64,42
ACC_01764,b26741d31a563d769b4af0465ab20c56,Seller b26741d3,florianopolis,SC,Standard,Fashion,811406.54,39
ACC_01765,f7315bb81aea4ddca2d39e249a801c98,Seller f7315bb8,guarulhos,SP,Standard,Retail,324593.97,5
ACC_01766,8e2b3afb420011ef0c88c9d5f11ea526,Seller 8e2b3afb,campinas,SP,Enterprise,Home & Garden,1642174.51,16
ACC_01767,8fff28c4263ddec387f28d237fb42773,Seller 8fff28c4,sao paulo,SP,Standard,Retail,1884915.91,30
ACC_01768,0ddefe3c7a032b91f4e25b9c3a08fca1,Seller 0ddefe3c,sao bernardo do campo,SP,Premium,Health & Beauty,1229147.58,11
ACC_01769,730937bf88cb151eb2eb849f642fc213,Seller 730937bf,rio claro,SP,Premium,Health & Beauty,1240775.15,29
ACC_01770,cc3d14116804f7209f3884f6367f1152,Seller cc3d1411,curitiba,PR,Premium,Fashion,1867604.83,21
ACC_01771,5dc203c7b84a0e71e878a179de05fb9a,Seller 5dc203c7,pompeia,SP,Standard,Home & Garden,1812481.36,36
ACC_01772,440dd6ab244315c632130ecfb63827b1,Seller 440dd6ab,votuporanga,SP,Standard,Retail,886553.94,1
ACC_01773,66fd84ee7528c0c0de85d0f44a73d5ab,Seller 66fd84ee,campina das missoes,RS,Standard,Fashion,235112.62,38
ACC_01774,fec6912baad85d41729669edd6b4d3b8,Seller fec6912b,ribeirao preto,SP,Standard,Electronics,674278.02,36
ACC_01775,666658b8da8370f30e1f89893b1de5e6,Seller 666658b8,sao paulo,SP,Standard,Electronics,1493398.5,48
ACC_01776,f3c38ab652836d21de61fb8314b69182,Seller f3c38ab6,sao paulo,SP,Standard,Sports,1273503.39,26
ACC_01777,90b57083da5d803237da74daec6dcb2b,Seller 90b57083,curitiba,PR,Standard,Retail,1961127.01,30
ACC_01778,45d33f715e24d15a6ccf5c17b3a23e3c,Seller 45d33f71,sorocaba,SP,Standard,Fashion,515545.41,38
ACC_01779,1bb3812d5f0747a3ab7348f199001a10,Seller 1bb3812d,sao paulo,SP,Premium,Retail,1410487.96,23
ACC_01780,c33a5c3c983090c8b78a28e65052a20d,Seller c33a5c3c,criciuma,SC,Standard,Retail,632271.82,9
ACC_01781,003554e2dce176b5555353e4f3555ac8,Seller 003554e2,goiania,GO,Standard,Electronics,746898.98,18
ACC_01782,16090f2ca825584b5a147ab24aa30c86,Seller 16090f2c,atibaia,SP,Premium,Home & Garden,530489.82,34
ACC_01783,5659d77e8d90378e39b960ad5956f64e,Seller 5659d77e,taubate,SP,Premium,Electronics,1069363.67,47
ACC_01784,b561927807645834b59ef0d16ba55a24,Seller b5619278,sao paulo,SP,Standard,Electronics,601947.03,26
ACC_01785,28d162ab86bb49d719c32f0ee6186eaa,Seller 28d162ab,ribeirao preto,SP,Standard,Retail,1414177.02,9
ACC_01786,e06f09ec0a4aca210779cf1cfc63cf19,Seller e06f09ec,sao paulo,SP,Premium,Electronics,189919.97,43
ACC_01787,8c9348f33ae3dada25c99c99ade2af78,Seller 8c9348f3,carapicuiba,SP,Standard,Sports,1780543.36,1
ACC_01788,da6a60cc8cc724fe51be021ff8be779c,Seller da6a60cc,sao pedro da aldeia,RJ,Premium,Sports,565250.76,4
ACC_01789,461ff5303b6c9c1a4a07f40c5aece516,Seller 461ff530,pinhais,PR,Premium,Sports,1161116.87,41
ACC_01790,e82de6494d91d3c4c54450f59b227a94,Seller e82de649,ibitinga,SP,Premium,Retail,685599.28,45
ACC_01791,213b25e6f54661939f11710a6fddb871,Seller 213b25e6,salto,SP,Standard,Fashion,1058505.56,1
ACC_01792,78c99c6dff4eeae5be99bf635ed21e3f,Seller 78c99c6d,marilia,SP,Enterprise,Electronics,1673742.74,42
ACC_01793,a36ac007a4d18f865c8d32c3b2402c2d,Seller a36ac007,barueri,SP,Standard,Retail,299462.03,42
ACC_01794,a2e85714b56b1cb6bb24a9a6e6cad36f,Seller a2e85714,miguelopolis,SP,Standard,Sports,1709491.23,16
ACC_01795,6b333a05bf188ef3e1f1662a86bd9855,Seller 6b333a05,brasilia,DF,Premium,Electronics,1545679.89,21
ACC_01796,56642bcb79900e777d68e91915cb4267,Seller 56642bcb,sao paulo,SP,Standard,Home & Garden,1322345.73,32
ACC_01797,41b86b552e54e3a7009596125aa8b167,Seller 41b86b55,sao paulo,SP,Premium,Sports,1550983.69,29
ACC_01798,1d0997ff06b524ce9289ffd75114ecd3,Seller 1d0997ff,recife,PE,Standard,Retail,331807.97,8
ACC_01799,73b8eb4a9a729d4019b24ed1be748cbf,Seller 73b8eb4a,campinas,SP,Standard,Health & Beauty,1958938.18,12
ACC_01800,a69aa24cec11168e7e39a3fbc727e925,Seller a69aa24c,carapicuiba,SP,Standard,Electronics,1251738.49,46
ACC_01801,8ea394aed8138685abe1eb9f25e1021d,Seller 8ea394ae,sorocaba,SP,Premium,Home & Garden,867727.93,10
ACC_01802,8a130737016f838139d31878787a39c9,Seller 8a130737,sao paulo,SP,Standard,Retail,1487467.27,29
ACC_01803,f682e0f848abafc6f41e0d4e868c66ef,Seller f682e0f8,mairipora,SP,Premium,Electronics,356375.69,18
ACC_01804,11742f81550ac064cc9a40f67151d9ad,Seller 11742f81,catanduva,SP,Standard,Home & Garden,1306320.98,42
ACC_01805,8a40ae794fa3f9892cee24bd5af0488b,Seller 8a40ae79,curitiba,PR,Standard,Health & Beauty,1252952.94,40
ACC_01806,0936e1837d0c79253456bbb2ffaaef10,Seller 0936e183,sao paulo,SP,Standard,Electronics,1428432.43,42
ACC_01807,850f4f8af5ea87287ac68de36e29107f,Seller 850f4f8a,sao paulo,SP,Standard,Health & Beauty,1583712.67,42
ACC_01808,4dc2e811a1760953cb7c6a590b498943,Seller 4dc2e811,itapui,SP,Premium,Fashion,1129721.9,32
ACC_01809,343e716476e3748b069f980efbaa294e,Seller 343e7164,campinas,SP,Premium,Fashion,1203041.38,38
ACC_01810,e9729944ba65dc3ce425e0c5a22ae7b2,Seller e9729944,petropolis,RJ,Premium,Fashion,325548.34,33
ACC_01811,e0eabded302882513ced4ea3eb0c7059,Seller e0eabded,campinas,SP,Premium,Sports,224538.36,8
ACC_01812,643214e62b870443ccbe55ab29a4dccf,Seller 643214e6,sao paulo,SP,Standard,Sports,1260037.68,45
ACC_01813,0aa124728afc1131dff5655f4c6f487b,Seller 0aa12472,alfenas,MG,Premium,Electronics,1430012.22,16
ACC_01814,ce27a3cc3c8cc1ea79d11e561e9bebb6,Seller ce27a3cc,sao paulo,SP,Standard,Home & Garden,648086.32,29
ACC_01815,da4d149c0ddbac90557103ac0a0ec356,Seller da4d149c,sbc,SP,Standard,Home & Garden,194610.36,36
ACC_01816,0241d4d5d36f10f80c644447315af0bd,Seller 0241d4d5,curitiba,PR,Standard,Fashion,264588.52,30
ACC_01817,272f092de69afedd4d2969440b37f18f,Seller 272f092d,sao paulo,SP,Standard,Electronics,116287.08,44
ACC_01818,d1aa1ec0839dcab73a6161130eb1f94a,Seller d1aa1ec0,curitiba,PR,Premium,Sports,918767.62,30
ACC_01819,8e8a7ce9f2f970dc00e2acf6f6e199f6,Seller 8e8a7ce9,sao goncalo,RJ,Standard,Electronics,802947.86,47
ACC_01820,d7827b2af99326a03b0ed9c7a24db0d3,Seller d7827b2a,londrina,SP,Standard,Health & Beauty,1257738.81,32
ACC_01821,3935fe5fe0f82787a9dcb8deb62be09d,Seller 3935fe5f,sao paulo,SP,Standard,Health & Beauty,821589.13,7
ACC_01822,119d1aef1b4144adba89163f6cd9f5d4,Seller 119d1aef,pedreira,SP,Standard,Electronics,1987352.27,6
ACC_01823,9a1aea68d3efa00862ec88c0768037d0,Seller 9a1aea68,catanduva,SP,Standard,Home & Garden,1910694.81,16
ACC_01824,a9b533a26e898b12e8b8d4c07279bf4d,Seller a9b533a2,rio de janeiro,RJ,Enterprise,Sports,549397.85,17
ACC_01825,5b51032eddd242adc84c38acab88f23d,Seller 5b51032e,borda da mata,MG,Standard,Fashion,1633683.77,18
ACC_01826,8cc6a0e5738e61a87b03c78b2ba9db4b,Seller 8cc6a0e5,andradas,MG,Enterprise,Electronics,970722.89,45
ACC_01827,c53bcd3be457a342a97e39e5a9f0be22,Seller c53bcd3b,neopolis,SE,Premium,Electronics,1452787.97,32
ACC_01828,f4db9b37944bcb8873e6b456ee190bbf,Seller f4db9b37,itaquaquecetuba,SP,Premium,Health & Beauty,811366.68,5
ACC_01829,729b2d09b2a0bdab221076327f13d050,Seller 729b2d09,mineiros do tiete,SP,Standard,Health & Beauty,647805.9,45
ACC_01830,18e694e0e48ed6f7aa3f24aade5fd697,Seller 18e694e0,varzea paulista,SP,Premium,Sports,1239473.16,8
ACC_01831,30a81d8cf85fb2ada1b1b094c9583a95,Seller 30a81d8c,sao paulo,SP,Standard,Home & Garden,936469.16,17
ACC_01832,6561d6bf844e464b4019442692b40e02,Seller 6561d6bf,franco da rocha,SP,Standard,Fashion,1354489.24,14
ACC_01833,e64d65bc8dbec2accda90c58de5d1246,Seller e64d65bc,rio claro,SP,Standard,Home & Garden,593999.66,15
ACC_01834,3903c788ded8dc03b5ebab37a2f3e9a1,Seller 3903c788,carapicuiba,SP,Premium,Electronics,820896.43,27
ACC_01835,63191ead8d3b2f937cd1996fdcbbad20,Seller 63191ead,jundiai,SP,Standard,Home & Garden,1416594.08,37
ACC_01836,67bf6941ba2f1fa1d02c375766bc3e53,Seller 67bf6941,curitiba,PR,Premium,Home & Garden,536563.35,8
ACC_01837,897060da8b9a21f655304d50fd935913,Seller 897060da,ribeirao preto,SP,Standard,Sports,1735206.33,21
ACC_01838,76c47a299e4a8fe992316a85865acbe9,Seller 76c47a29,ribeirao preto,SP,Standard,Fashion,1465579.73,43
ACC_01839,d1b9d4be4b6f9ebd85f8acd6745ba612,Seller d1b9d4be,nova lima,MG,Standard,Fashion,1820722.73,47
ACC_01840,3ea08c48e851106d2f584349daba335f,Seller 3ea08c48,barbacena,MG,Premium,Home & Garden,1223908.03,42
ACC_01841,389e45560e33d2d0747f949dcddbc08e,Seller 389e4556,sao jose dos campos,SP,Premium,Home & Garden,1088228.61,19
ACC_01842,b81e3a6c866a764974fe849821abeebd,Seller b81e3a6c,maua,SP,Standard,Health & Beauty,1942150.47,1
ACC_01843,40536e7ca18e1bce252828e5876466cc,Seller 40536e7c,caieiras,SP,Standard,Health & Beauty,139619.99,17
ACC_01844,b494891378bd8f4560abe576c52deacd,Seller b4948913,sao paulo,SP,Enterprise,Health & Beauty,1011357.66,24
ACC_01845,09f952a5f58d2285b0372551ae8f9b01,Seller 09f952a5,sao bernardo do campo,SP,Premium,Retail,1342992.38,34
ACC_01846,14d7985702e72162bbf13b6beb74ab2b,Seller 14d79857,santo andre,SP,Standard,Electronics,64429.25,26
ACC_01847,2c4c47cb51acd5ea5db5e0ae0e26542a,Seller 2c4c47cb,buritama,SP,Standard,Home & Garden,87227.62,6
ACC_01848,b416191c9813d821a295cfabafff4161,Seller b416191c,franca,SP,Premium,Sports,1842476.73,9
ACC_01849,9616352088dcf83a7c06637f4ebf1c80,Seller 96163520,umuarama,PR,Standard,Electronics,1252176.76,47
ACC_01850,557f22c76691849db52d2abccf0015d0,Seller 557f22c7,morrinhos,GO,Standard,Retail,1633615.08,22
ACC_01851,968ee78631915a63fef426d6733d7422,Seller 968ee786,erechim,RS,Standard,Fashion,991669.72,36
ACC_01852,533d46c1b06970e99f09523a61df4972,Seller 533d46c1,itapetininga,SP,Standard,Electronics,713893.95,45
ACC_01853,1dd33b8119b3cb1056ed5dc88cd0aaf4,Seller 1dd33b81,sao paulo,SP,Standard,Retail,570052.71,38
ACC_01854,ac137bac82ffa8548e62bd9d01d2a14f,Seller ac137bac,sao paulo,SP,Standard,Health & Beauty,701777.35,24
ACC_01855,2dcf93836ae3ce0d7c93e2f10876467a,Seller 2dcf9383,sao jose dos campos,SP,Premium,Electronics,1332613.93,14
ACC_01856,51702dc2a3e106c76dbff722b5bf0726,Seller 51702dc2,conchal,SP,Premium,Fashion,230480.41,39
ACC_01857,97512d3fc193b2d1dfcdba0f9d1f0f8a,Seller 97512d3f,sao paulo,SP,Standard,Sports,1583632.47,38
ACC_01858,f3975e8a41157005d4bcbb358678cd9b,Seller f3975e8a,pinhalzinho,SC,Standard,Health & Beauty,405391.23,36
ACC_01859,76d336555bb25f3165d2f0d6da719c40,Seller 76d33655,sorocaba,SP,Standard,Health & Beauty,1918614.41,31
ACC_01860,f08a5b9dd6767129688d001acafc21e5,Seller f08a5b9d,porto alegre,RS,Standard,Sports,1366722.5,7
ACC_01861,ae45df84722b1d15c5f32b23a095746c,Seller ae45df84,sao paulo,SP,Standard,Sports,1530501.88,29
ACC_01862,d197aa8fbc64087f61984deef05f6227,Seller d197aa8f,sao jose dos campos,SP,Premium,Sports,657723.49,33
ACC_01863,afa6714acee029b2dfdf357e5579cc03,Seller afa6714a,descalvado,SP,Standard,Home & Garden,1116384.95,3
ACC_01864,520b493b57809f446cb0a233bb3e25c7,Seller 520b493b,santos,SP,Premium,Health & Beauty,1612254.96,30
ACC_01865,9b1ab052f5fca308ba743ac789ebb2e1,Seller 9b1ab052,pitanga,PR,Premium,Electronics,605306.23,9
ACC_01866,bab0a8cd684e41ba6e2637dca0979d3b,Seller bab0a8cd,rio de janeiro,RJ,Enterprise,Home & Garden,410134.77,40
ACC_01867,b83cedfb587e7911540e3f576d6917ce,Seller b83cedfb,sao paulo,SP,Premium,Health & Beauty,81846.43,49
ACC_01868,0ef83d7d83ed97cd2a0049ac8be5f88a,Seller 0ef83d7d,curitiba,PR,Premium,Fashion,792200.11,20
ACC_01869,d13e50eaa47b4cbe9eb81465865d8cfc,Seller d13e50ea,santo andre,SP,Premium,Fashion,547317.61,14
ACC_01870,37303482a42fb700d8d127e70a9cd6c8,Seller 37303482,campinas,SP,Premium,Health & Beauty,1538769.15,2
ACC_01871,b2bdc5e7940a7d7ca8c4a37953b27a42,Seller b2bdc5e7,vargem grande do sul,SP,Standard,Retail,433834.35,28
ACC_01872,5c6d4016c2a288f074fa0848a2b653d2,Seller 5c6d4016,sao paulo,SP,Standard,Retail,1434599.22,49
ACC_01873,88cd3681e0a2ba85e190f7d817629c4c,Seller 88cd3681,brusque,SC,Standard,Sports,1249026.13,9
ACC_01874,da8622b14eb17ae2831f4ac5b9dab84a,Seller da8622b1,piracicaba,SP,Standard,Health & Beauty,660229.08,16
ACC_01875,fe26f3ecb51a15e6d8335cd92da42562,Seller fe26f3ec,sao paulo,SP,Standard,Home & Garden,1133342.5,23
ACC_01876,5151aea44289d6c6b090ee31c2132508,Seller 5151aea4,marilia,SP,Standard,Health & Beauty,1114807.6,33
ACC_01877,9c351405b754cc5ce3e2ecf277bb034a,Seller 9c351405,sao paulo,SP,Premium,Sports,1161803.08,18
ACC_01878,13511db12ac61e2f89c53b72a944a60b,Seller 13511db1,caxias do sul,RS,Premium,Home & Garden,1928344.45,47
ACC_01879,4b90495391ac0bd181a80a459df1e718,Seller 4b904953,bage,RS,Standard,Fashion,1675706.75,13
ACC_01880,b37c4c02bda3161a7546a4e6d222d5b2,Seller b37c4c02,sao paulo,SP,Premium,Health & Beauty,1922621.47,49
ACC_01881,5f1dc28029d2c244352a68107ec2b542,Seller 5f1dc280,sao paulo,SP,Standard,Electronics,582694.67,42
ACC_01882,710e3548e02bc1d2831dfc4f1b5b14d4,Seller 710e3548,rolandia,PR,Premium,Home & Garden,435686.72,32
ACC_01883,485452467ff670447e84a8370c3fc898,Seller 48545246,taio,SC,Premium,Retail,72341.11,4
ACC_01884,4d8809767a5bafe22909c77951fb6b41,Seller 4d880976,embu das artes,SP,Premium,Home & Garden,1884094.81,11
ACC_01885,3ab971ce71839580d2ae5b4e40fe8044,Seller 3ab971ce,sao paulo,SP,Standard,Retail,573348.05,24
ACC_01886,9d4db00d65d7760644ac0c14edb5fd86,Seller 9d4db00d,sorocaba,SP,Premium,Electronics,1315466.34,14
ACC_01887,1dcfa3835714681d4ba4a93bc1e0fd41,Seller 1dcfa383,birigui,SP,Standard,Electronics,726173.64,40
ACC_01888,6da1992f915d77be95d7fa48b36904af,Seller 6da1992f,sao paulo,SP,Standard,Sports,818674.89,45
ACC_01889,d4f117125b59ce73c3302f88ee40c458,Seller d4f11712,sao paulo,SP,Premium,Electronics,1997522.86,3
ACC_01890,1de62b6f2fd96227629786db492433db,Seller 1de62b6f,sp,SP,Enterprise,Electronics,1013959.73,22
ACC_01891,30a2f535bb48308f991d0b9ad4a8c4bb,Seller 30a2f535,santa barbara d'oeste,SP,Premium,Electronics,605881.43,3
ACC_01892,a36b125ac6d5fdbc7f50de85c9157bdc,Seller a36b125a,ribeirao preto,SP,Premium,Retail,241657.06,38
ACC_01893,1336efc61c316ddf92c899eb817f7cae,Seller 1336efc6,assis,SP,Standard,Home & Garden,1990039.83,3
ACC_01894,620c87c171fb2a6dd6e8bb4dec959fc6,Seller 620c87c1,petropolis,RJ,Standard,Retail,243027.51,20
ACC_01895,ab91571efab27993ff2f6b36e38055c3,Seller ab91571e,sao paulo,SP,Standard,Electronics,1428002.3,48
ACC_01896,63a79f5a7eb5cb48a7e5787b141c7993,Seller 63a79f5a,patos de minas,MG,Standard,Home & Garden,934316.12,21
ACC_01897,070d165398b553f3b4b851c216b8a358,Seller 070d1653,sao paulo,SP,Standard,Home & Garden,1166908.76,5
ACC_01898,b64d51f0435e884e8de603b1655155ae,Seller b64d51f0,garulhos,SP,Premium,Fashion,150488.13,30
ACC_01899,9fc70243fb26800cba56e8f014797004,Seller 9fc70243,belo horizonte,MG,Standard,Retail,1049284.82,19
ACC_01900,1cbcd2ee0afb3fc09963b87eb65e7e4f,Seller 1cbcd2ee,curitiba,PR,Premium,Electronics,1670523.0,39
ACC_01901,344223b2a90784f64136a8a5da012e7f,Seller 344223b2,gaspar,SC,Enterprise,Electronics,933633.34,27
ACC_01902,4c8b8048e33af2bf94f2eb547746a916,Seller 4c8b8048,ibitinga,SP,Premium,Sports,72262.29,41
ACC_01903,7a704e63bb29c446869efde5d57524c8,Seller 7a704e63,francisco beltrao,PR,Standard,Retail,1392034.09,2
ACC_01904,88460e8ebdecbfecb5f9601833981930,Seller 88460e8e,maringa,PR,Standard,Electronics,206502.74,18
ACC_01905,7d76b645482be4a332374e8223836592,Seller 7d76b645,sao paulo,SP,Premium,Home & Garden,923574.84,32
ACC_01906,296729ffb9b684050dd24836dac4494a,Seller 296729ff,curitiba,SP,Standard,Retail,420424.83,25
ACC_01907,5f06030071324cc52bf0304014ac7234,Seller 5f060300,marilia,SP,Standard,Home & Garden,1201825.5,44
ACC_01908,c542f5a8c64d973f30e9df8d06f70b4a,Seller c542f5a8,sao paulo,SP,Standard,Retail,1265674.53,44
ACC_01909,d36b07fd3c5088e477a72d1fccfe29d4,Seller d36b07fd,itapetininga,SP,Premium,Sports,440962.97,33
ACC_01910,46ef1a25845fc051c2998d878354810c,Seller 46ef1a25,claudio,MG,Standard,Fashion,422522.3,32
ACC_01911,a61cc04793308395a840807104365121,Seller a61cc047,jarinu,SP,Standard,Fashion,305084.86,29
ACC_01912,cac4c8e7b1ca6252d8f20b2fc1a2e4af,Seller cac4c8e7,indaiatuba,SP,Premium,Electronics,274937.0,20
ACC_01913,cc63f0dd2acba93ffed4fe9f8e0321fa,Seller cc63f0dd,sao jose do rio preto,SP,Standard,Fashion,1873324.03,37
ACC_01914,b29d3380981c51df13fc6fbe87e1763d,Seller b29d3380,ribeirao preto,SP,Standard,Home & Garden,375050.49,48
ACC_01915,a53f60f05f822b5c621a50ff6a5cb362,Seller a53f60f0,uberlandia,MG,Standard,Fashion,1190816.25,25
ACC_01916,dbec9a0a7efeff029d4d9dce7dc4cc95,Seller dbec9a0a,belo horizonte,MG,Standard,Home & Garden,1534055.59,3
ACC_01917,8de8fe3af4449ed695d2434c933ed73e,Seller 8de8fe3a,sao paulo,SP,Premium,Sports,1387779.69,29
ACC_01918,aa762680c40618316a896838866140ea,Seller aa762680,curitiba,PR,Standard,Home & Garden,329669.51,38
ACC_01919,577719699805dd125d5b6fdde5943bba,Seller 57771969,nova petropolis,RS,Standard,Fashion,247430.8,35
ACC_01920,13dd308f81fea30cc670c656b2b46cc3,Seller 13dd308f,santa barbara d'oeste,SP,Standard,Sports,950890.27,4
ACC_01921,01fd077212124329bac32490e8ef80d9,Seller 01fd0772,ribeirao preto / sao paulo,SP,Standard,Home & Garden,120186.9,23
ACC_01922,7a188843479798ca813108fa7b959286,Seller 7a188843,sao paulo,SP,Standard,Retail,725566.89,42
ACC_01923,cb32766839f443db85c82a43c4a6c19e,Seller cb327668,rio claro,SP,Standard,Retail,1085579.06,14
ACC_01924,7aa538dd6e114e503a2e6154ea352253,Seller 7aa538dd,catanduva,SP,Standard,Electronics,1520613.89,8
ACC_01925,e0a3c37054ade6478d923a6efc10f308,Seller e0a3c370,camboriu,SC,Standard,Health & Beauty,278421.15,5
ACC_01926,0d4c8269e7f0401201794deef160edd6,Seller 0d4c8269,ribeirao preto,SP,Standard,Fashion,681501.42,41
ACC_01927,3d68c634a99a1ba46dbca3967a69c623,Seller 3d68c634,nova trento,SC,Premium,Electronics,450816.64,23
ACC_01928,8fbe2ee446b97e128471be4ce983dc0d,Seller 8fbe2ee4,sorocaba,SP,Premium,Fashion,1241334.63,2
ACC_01929,e0b162a693bc7f9eab00f783a31d60ea,Seller e0b162a6,pelotas,RS,Standard,Electronics,354244.77,47
ACC_01930,1f867308a0ce13133a4e639ff4de0c02,Seller 1f867308,curitiba,PR,Standard,Home & Garden,1310588.61,11
ACC_01931,06a2c3af7b3aee5d69171b0e14f0ee87,Seller 06a2c3af,sao luis,MA,Standard,Retail,951396.74,44
ACC_01932,2e90cb1677d35cfe24eef47d441b7c87,Seller 2e90cb16,sao paulo,SP,Standard,Health & Beauty,1936102.62,1
ACC_01933,9315e491484b1b0081ca166fc164108d,Seller 9315e491,londrina,PR,Standard,Retail,1442390.63,26
ACC_01934,adbc26658d6c7b4b6219f9d934598091,Seller adbc2665,curitiba,PR,Standard,Fashion,1871436.23,34
ACC_01935,0ffa40d54288e4f3499b8780dd0f144f,Seller 0ffa40d5,presidente prudente,SP,Standard,Sports,162775.33,35
ACC_01936,d05ae8f7a5bd1d2a690a44cd079e4e27,Seller d05ae8f7,rio de janeiro,RJ,Standard,Retail,1488994.82,13
ACC_01937,508808d438fe2ff972ed13bb8f4a82e2,Seller 508808d4,sao paulo,SP,Premium,Electronics,1353255.46,45
ACC_01938,28fb0829fd777877cdc350d25cb5bd5b,Seller 28fb0829,sao jose do rio pret,SP,Standard,Sports,318346.73,20
ACC_01939,c794dab4928dd97beb41d05514441e86,Seller c794dab4,artur nogueira,SP,Standard,Home & Garden,1343790.64,6
ACC_01940,1976a05ecf2996d6ffb7b5430e635fe7,Seller 1976a05e,assis,SP,Standard,Health & Beauty,846594.37,48
ACC_01941,c70a353f02429c00775a46a75fb787da,Seller c70a353f,sao paulo,SP,Standard,Fashion,435327.46,23
ACC_01942,39d61be7a92eb77b7da367bd4845bc0e,Seller 39d61be7,sao paulo,SP,Enterprise,Retail,1078259.0,24
ACC_01943,c510bc1718f0f2961eaa42a23330681a,Seller c510bc17,indaiatuba,SP,Premium,Retail,1450553.04,9
ACC_01944,8cf21434553b02cbd37c0bbd07e041b0,Seller 8cf21434,sao jose,SC,Premium,Health & Beauty,308418.56,39
ACC_01945,edd066cd02126d7800f9b66e980e9931,Seller edd066cd,brasilia,DF,Standard,Electronics,1606009.81,25
ACC_01946,cf281cf8b7affbdfe751b29cc85580e1,Seller cf281cf8,eusebio,CE,Standard,Retail,599731.09,37
ACC_01947,392353362d22cc2c236e1ee81ff19890,Seller 39235336,blumenau,SC,Premium,Home & Garden,1153860.05,4
ACC_01948,1f7fd2a6fcd5a6fa5d8a4dabc72aaae0,Seller 1f7fd2a6,venancio aires,RS,Premium,Retail,1163001.76,34
ACC_01949,c878515173c84a492ebe50d6b493230b,Seller c8785151,itaipulandia,PR,Standard,Health & Beauty,1636685.32,25
ACC_01950,77714512e8d4dda9c234da8e3faf16e4,Seller 77714512,guarulhos,SP,Premium,Retail,657824.0,2
ACC_01951,0eaa7e33d73809f1f925f7d07c506cbd,Seller 0eaa7e33,santo andre,SP,Standard,Electronics,399649.29,49
ACC_01952,bcf5566870987da7bc811fbc8c5b9fd9,Seller bcf55668,sao paulo,SP,Standard,Home & Garden,683324.21,11
ACC_01953,3d01d1c414c44b5943a09619ff3853cb,Seller 3d01d1c4,campinas,SP,Standard,Retail,1602099.07,13
ACC_01954,2e1c9f22be269ef4643f826c9e650a52,Seller 2e1c9f22,sao paulo,SP,Enterprise,Home & Garden,347299.23,49
ACC_01955,00fc707aaaad2d31347cf883cd2dfe10,Seller 00fc707a,maringa,PR,Standard,Fashion,678479.5,10
ACC_01956,52f6f9f13ba19504c02781132a049e75,Seller 52f6f9f1,curitiba,PR,Premium,Health & Beauty,63036.04,45
ACC_01957,83c8aafbefb034674a70de0eac5b8954,Seller 83c8aafb,francisco beltrao,PR,Standard,Sports,1301024.21,14
ACC_01958,58e4b302b54937e55a678c4d15111da4,Seller 58e4b302,colombo,PR,Premium,Home & Garden,1702413.92,14
ACC_01959,d1c281d3ae149232351cd8c8cc885f0d,Seller d1c281d3,ibitinga,SP,Enterprise,Fashion,1135039.89,3
ACC_01960,33c51922b6e3c16b24a8f28e5833c99d,Seller 33c51922,londrina,PR,Standard,Health & Beauty,196264.85,40
ACC_01961,f80edd2c5aaa505cc4b0a3b219abf4b8,Seller f80edd2c,sao paulo,SP,Standard,Retail,1358091.47,14
ACC_01962,0761743cbffb25d7148189e9f1a5f03a,Seller 0761743c,ribeirao preto,SP,Standard,Home & Garden,1704272.0,41
ACC_01963,0b46f784306be7200ca1700aa55d819f,Seller 0b46f784,belo horizonte,MG,Standard,Health & Beauty,229951.36,20
ACC_01964,7a9c12e235c36247c3c81f50d6ea9cea,Seller 7a9c12e2,sao caetano do sul,SP,Premium,Health & Beauty,1538418.2,18
ACC_01965,8629c241b3622ac12cd4118afdc8d394,Seller 8629c241,ribeirao preto,SP,Standard,Retail,888603.58,19
ACC_01966,3ade81dab5a172b88e1871c28ae05260,Seller 3ade81da,sao jose do rio preto,SP,Standard,Fashion,629936.1,19
ACC_01967,562fc2f2c2863ab7e79a9e4388a58a14,Seller 562fc2f2,campinas,SP,Standard,Electronics,190983.25,19
ACC_01968,7dc8c42cc750eeafea6c85712ffee9bf,Seller 7dc8c42c,sao paulo,SP,Standard,Home & Garden,891879.74,17
ACC_01969,247587846358bb1d2e4c6522020b36fe,Seller 24758784,sao jose do rio preto,SP,Standard,Fashion,703558.21,35
ACC_01970,a35ef466c6fd6d052f5d241240d3c5e2,Seller a35ef466,novo hamburgo,RS,Premium,Sports,446542.7,4
ACC_01971,651530bf5c607240ccdd89a30c9c9712,Seller 651530bf,ipira,BA,Premium,Retail,927995.76,33
ACC_01972,f1c1ac3f3efc07e659c035008e615e66,Seller f1c1ac3f,sao paulo,SP,Standard,Sports,854846.39,11
ACC_01973,df0f42bc4c2142eacf0eaf2cffd0cfbb,Seller df0f42bc,itajai,SC,Standard,Retail,1139703.34,24
ACC_01974,40db9e9aa57f7bb151bcda6b0f9bdbb7,Seller 40db9e9a,recife,PE,Standard,Fashion,1156762.78,49
ACC_01975,68ca56ce86830f3d31b1b7ec6a54da3e,Seller 68ca56ce,guaratuba,PR,Premium,Health & Beauty,1510507.77,45
ACC_01976,960945e1a9535cbc0cd6ddd35fbe7ae8,Seller 960945e1,sao paulo,SP,Enterprise,Sports,1483857.77,16
ACC_01977,c00396cbdd2e088fe4281baa5920aef1,Seller c00396cb,campo magro,PR,Standard,Home & Garden,973664.75,6
ACC_01978,8d92f3ea807b89465643c219455e7369,Seller 8d92f3ea,sao paulo,SP,Standard,Electronics,210418.98,27
ACC_01979,c52c644cc0dc85121207a27013efc6af,Seller c52c644c,tiradentes,MG,Standard,Sports,1612174.0,36
ACC_01980,7e26c750b4cb9f6766f58265ff9ebe95,Seller 7e26c750,belo horizonte,MG,Standard,Home & Garden,1950832.23,1
ACC_01981,5a8e7d5003a1f221f9e1d6e411de7c23,Seller 5a8e7d50,campinas,SP,Premium,Home & Garden,180109.65,26
ACC_01982,6d1b9c9579132c87d2703ec38c30f2c5,Seller 6d1b9c95,curitiba,PR,Standard,Electronics,1602501.24,49
ACC_01983,20f0aeea30bc3b8c4420be8ced4226c0,Seller 20f0aeea,santa barbara d'oeste,SP,Enterprise,Electronics,124059.99,34
ACC_01984,575df70bde3f9f2b30bf8d2e9910d725,Seller 575df70b,sao jose do rio preto,SP,Premium,Sports,192354.15,40
ACC_01985,5d3bb11474a06bdc23fb9e89f1164ee0,Seller 5d3bb114,assis,SP,Standard,Sports,386447.69,45
ACC_01986,c35affa65afd250151285c5917fc1c8a,Seller c35affa6,sao paluo,SP,Standard,Sports,1817237.96,23
ACC_01987,e59e489e2ea74bd409b798b5daf49de3,Seller e59e489e,maringa,PR,Premium,Fashion,1926402.19,18
ACC_01988,7d948535954aaf8c5d39db007f74372e,Seller 7d948535,guaruja,SP,Standard,Health & Beauty,1276246.07,49
ACC_01989,c7b7db6c8f3c64a7cc1afa634db21d50,Seller c7b7db6c,sao paulo,SP,Standard,Health & Beauty,1875404.12,29
ACC_01990,1352e06ae67b410cdae0b2a22361167b,Seller 1352e06a,rio de janeiro,RJ,Standard,Sports,921248.1,31
ACC_01991,3bb548e3cb7f70f28e3f11ee9dce0e59,Seller 3bb548e3,maringa,PR,Premium,Retail,1054275.33,45
ACC_01992,ee2fbacc2fc3794e656cc4d933d59ce7,Seller ee2fbacc,sao paulo,SP,Standard,Health & Beauty,1158039.52,47
ACC_01993,522620dcb18a6b31cd7bdf73665113a9,Seller 522620dc,cascavel,PR,Standard,Electronics,1430872.81,13
ACC_01994,d32e3909cfb714fb2a6cb092c85b9c5f,Seller d32e3909,jundiai,SP,Standard,Fashion,317629.43,38
ACC_01995,e5c84227854980f1db19a58958c551d9,Seller e5c84227,fazenda rio grande,PR,Standard,Electronics,1753837.82,25
ACC_01996,ce7d1888639e6fb06b2749cbfdac1ff7,Seller ce7d1888,baependi,MG,Standard,Sports,1672203.48,10
ACC_01997,693660429f9dc4ff704eb3d88dad54d7,Seller 69366042,santo andre,SP,Standard,Electronics,1374629.05,7
ACC_01998,2cb4700db635baa1c0d4f90ed27b6669,Seller 2cb4700d,curitiba,PR,Enterprise,Home & Garden,876053.59,7
ACC_01999,a4b6b9b992b46e9ef863637af96e04bc,Seller a4b6b9b9,florianopolis,SC,Premium,Home & Garden,146655.15,20
ACC_02000,ff1e15b778c700abdd4d239b81ac466d,Seller ff1e15b7,curitiba,PR,Premium,Sports,1366793.41,33
ACC_02001,820c7c9eaf76d2b226b6c242bcf3f34d,Seller 820c7c9e,sao paulo,SP,Premium,Health & Beauty,850180.69,23
ACC_02002,85d9eb9ddc5d00ca9336a2219c97bb13,Seller 85d9eb9d,belo horizonte,MG,Standard,Sports,939418.12,26
ACC_02003,a673821011d0cec28146ea42f5ab767f,Seller a6738210,sao paulo,SP,Enterprise,Electronics,323037.93,47
ACC_02004,ebe3dabc4955c9b0d695e7bda38bf5c3,Seller ebe3dabc,ribeirao preto,SP,Standard,Fashion,186078.97,15
ACC_02005,ca7c6bd577e559472af1c699de9e764e,Seller ca7c6bd5,sao bernardo do campo,SP,Premium,Fashion,996219.15,25
ACC_02006,c8b3445d737de6befde0c88ede534a5e,Seller c8b3445d,sao paulo,SP,Premium,Electronics,72020.6,3
ACC_02007,eb5b6204dde3a6e03b5f1bb8479f055b,Seller eb5b6204,embu guacu,SP,Standard,Home & Garden,1033183.58,26
ACC_02008,4a5b36211b1f51bf7eaa5c10a57fa483,Seller 4a5b3621,sao goncalo,RJ,Standard,Electronics,60127.11,44
ACC_02009,2e1a7d075abe038c1b2743005fe42ff1,Seller 2e1a7d07,sao paulo,SP,Premium,Electronics,127480.76,10
ACC_02010,973f21788dfab357250f69a8dcb7ddee,Seller 973f2178,claudio,MG,Premium,Electronics,276485.55,44
ACC_02011,ba89796db68db180bd389de96b2ff3b6,Seller ba89796d,sao paulo,SP,Standard,Home & Garden,883915.09,4
ACC_02012,b9ec22de23f18567de0e09d776ca0309,Seller b9ec22de,brasilia,DF,Standard,Health & Beauty,1703211.07,32
ACC_02013,79ee721b6f766066a80264402548d359,Seller 79ee721b,bauru,SP,Standard,Retail,1361530.45,2
ACC_02014,11bfa66332777660bd0640ee84d47006,Seller 11bfa663,ribeirao preto,SP,Premium,Health & Beauty,1177142.79,16
ACC_02015,7d484ca289afaac6bf5fc6a1e96d2226,Seller 7d484ca2,campo grande,MS,Premium,Sports,1146021.27,45
ACC_02016,5160d23075764e18e07c1f4a87fad743,Seller 5160d230,sao bernardo do campo,SP,Standard,Health & Beauty,1069403.74,33
ACC_02017,3a1a1fec38dd360f15fc912e821e169d,Seller 3a1a1fec,sao paulo,SP,Standard,Retail,939970.19,10
ACC_02018,141440cad9341e553f8401c574a2aa38,Seller 141440ca,pitanga,PR,Standard,Home & Garden,1673975.8,39
ACC_02019,05aebce0b5c8f0d41b29b686f2d05fd3,Seller 05aebce0,sao paulo,SP,Enterprise,Retail,187515.07,39
ACC_02020,dd39ad39b5d3df33037e141c72497ba6,Seller dd39ad39,sao paulo,SP,Standard,Retail,273902.26,21
ACC_02021,695051e2981c8b19e77cafe450d5bdf3,Seller 695051e2,osasco,SP,Standard,Electronics,1279433.68,7
ACC_02022,dd55f1bb788714a40e7954c3be6df745,Seller dd55f1bb,sao paulo,SP,Standard,Home & Garden,1424797.38,2
ACC_02023,ae7ab174effdead6c241e547e4ca13f0,Seller ae7ab174,arapongas,PR,Standard,Home & Garden,1295918.09,22
ACC_02024,9d7a1d34a5052409006425275ba1c2b4,Seller 9d7a1d34,franca,SP,Premium,Health & Beauty,639169.31,34
ACC_02025,8c351ed7c326c62123318f4f3246e906,Seller 8c351ed7,praia grande,SP,Standard,Sports,912518.5,5
ACC_02026,dc4a0fc896dc34b0d5bfec8438291c80,Seller dc4a0fc8,ibitinga,SP,Premium,Retail,986177.58,45
ACC_02027,3a4127e1ba7208ea37044c5092aae170,Seller 3a4127e1,sao paulo,SP,Standard,Health & Beauty,1965825.88,2
ACC_02028,7c4402417d51474d4d0cda9557340e40,Seller 7c440241,sao caetano do sul,SP,Standard,Home & Garden,1372809.2,43
ACC_02029,b9ca8e8baa5d4aa038394a700f63e69f,Seller b9ca8e8b,sao paulo,SP,Standard,Home & Garden,1736697.14,7
ACC_02030,3968920b9aa752ab98f7d5888c9252f2,Seller 3968920b,bauru,SP,Standard,Home & Garden,1475311.0,7
ACC_02031,9b522ba7eae9e1d04082f267144583cc,Seller 9b522ba7,sao paulo,SP,Standard,Retail,186185.81,28
ACC_02032,539ed9e19811677513447759be5eccfc,Seller 539ed9e1,belo horizonte,MG,Standard,Health & Beauty,1879431.53,15
ACC_02033,e26901d5ab434ce92fd9b5c256820a4e,Seller e26901d5,maua,SP,Standard,Health & Beauty,1755052.82,17
ACC_02034,9d5604a1f112324ad6b2aa552122e0fb,Seller 9d5604a1,florianopolis,SP,Premium,Electronics,617159.32,8
ACC_02035,a6fe7de3d16f6149ffe280349a8535a0,Seller a6fe7de3,franca,SP,Enterprise,Health & Beauty,188929.65,25
ACC_02036,aac29b1b99776be73c3049939652091d,Seller aac29b1b,uberlandia,MG,Standard,Sports,1347624.48,23
ACC_02037,54a1852d1b8f10312c55e906355666ee,Seller 54a1852d,santa barbara d'oeste,SP,Standard,Home & Garden,324829.63,38
ACC_02038,88ae906ea2acf6971f26c3e8b7cb4357,Seller 88ae906e,sao paulo,SP,Premium,Sports,126365.06,34
ACC_02039,bba8d0c234a52b87b3957037a215d1a4,Seller bba8d0c2,goiania,GO,Standard,Fashion,296543.33,34
ACC_02040,c826c40d7b19f62a09e2d7c5e7295ee2,Seller c826c40d,guarulhos,SP,Enterprise,Fashion,208096.17,30
ACC_02041,a425f92c199eb576938df686728acd20,Seller a425f92c,curitiba,PR,Standard,Health & Beauty,1154882.44,14
ACC_02042,3c3017960b2dbd72711a61f0400aab8f,Seller 3c301796,jaragua do sul,SC,Standard,Fashion,1695498.22,9
ACC_02043,ab9db4cf53b08b828b64dccaafc2d9f0,Seller ab9db4cf,paraiso do sul,RS,Standard,Home & Garden,1926568.8,8
ACC_02044,113e3a788b935f48aad63e1c41dac1bd,Seller 113e3a78,aparecida,SP,Enterprise,Home & Garden,192055.69,46
ACC_02045,94c49f20a123aeb9360dbf80ff912bf6,Seller 94c49f20,sorocaba,SP,Premium,Electronics,783480.34,18
ACC_02046,1ca4bdb0cd7fc48e949bac066188ed26,Seller 1ca4bdb0,cataguases,MG,Standard,Fashion,1311762.19,43
ACC_02047,d12c926d74ceff0a90a21184466ce161,Seller d12c926d,sao paulo,SP,Enterprise,Health & Beauty,355154.69,44
ACC_02048,71dc18fd8cbf5fd77f45dd8b427abb34,Seller 71dc18fd,curitiba,PR,Standard,Sports,53569.15,22
ACC_02049,b43d8b707f887a30f4675391098354a0,Seller b43d8b70,ipira,SP,Standard,Sports,593007.28,8
ACC_02050,f235413f677777a0738ff215d0184901,Seller f235413f,bariri,SP,Premium,Sports,653436.32,29
ACC_02051,985c92cc412091f8529c12d7f23d3fef,Seller 985c92cc,sao joao del rei,MG,Enterprise,Sports,767057.07,18
ACC_02052,038b75b729c8a9a04b0d07cba7eabe86,Seller 038b75b7,sao jose dos campos,SP,Premium,Sports,1224836.37,15
ACC_02053,a4b8d97cd5d3674eeff96abc99d8ed67,Seller a4b8d97c,sumare,SP,Standard,Sports,674352.15,34
ACC_02054,ffad1e7127fb622cb64a900751590acd,Seller ffad1e71,americana,SP,Premium,Retail,831032.85,1
ACC_02055,594f9aaa48e5bf431f011ddc5669b0d5,Seller 594f9aaa,contagem,MG,Standard,Home & Garden,1477398.68,44
ACC_02056,eba88037e1dca898cd02881f67ced679,Seller eba88037,sao paulo,SP,Enterprise,Home & Garden,202835.22,3
ACC_02057,01ed254b9ff8407dfb9d99ba1e17d923,Seller 01ed254b,mogi das cruzes,SP,Standard,Sports,487746.74,46
ACC_02058,f7ccf836d21b2fb1de37564105216cc1,Seller f7ccf836,ibitinga,SP,Premium,Retail,210585.45,31
ACC_02059,7e3f87d16fb353f408d467e74fbd8014,Seller 7e3f87d1,sao paulo,SP,Standard,Health & Beauty,1462368.05,19
ACC_02060,9140bd1d9de28b197dce077bdd687438,Seller 9140bd1d,amparo,SP,Premium,Retail,621267.96,35
ACC_02061,a2b911e9ad40dc7d61c142a4683e2d85,Seller a2b911e9,barra mansa,RJ,Standard,Fashion,1706741.54,40
ACC_02062,a56e351445e5863fc8960640ba9190c7,Seller a56e3514,itajai,SC,Premium,Home & Garden,1988877.46,19
ACC_02063,bb135baca94c82fcb731335ad5b04a03,Seller bb135bac,sao paulo,SP,Standard,Health & Beauty,1951614.95,40
ACC_02064,a353b1083c9863d756d9404695016d64,Seller a353b108,cariacica,ES,Enterprise,Fashion,833649.55,17
ACC_02065,b56828a9f9027f3c918c04ca720d9e3c,Seller b56828a9,praia grande,SP,Premium,Sports,915606.31,49
ACC_02066,6e0908ef4d4efadbc3cc2b74ea477cb0,Seller 6e0908ef,rio de janeiro,RJ,Standard,Retail,192856.92,46
ACC_02067,5d9f3746e112e696f98ea22c56b3e912,Seller 5d9f3746,sao paulo,SP,Standard,Home & Garden,71933.39,21
ACC_02068,c8143b3069f6746a77421b5ce30a450c,Seller c8143b30,abadia de goias,GO,Standard,Health & Beauty,1827322.29,6
ACC_02069,f5f46307a4d15880ca14fab4ad9dfc9b,Seller f5f46307,rio do sul,SC,Premium,Home & Garden,435076.63,33
ACC_02070,58c851d1a3c7cd3da329eb59453fed44,Seller 58c851d1,rio claro,SP,Premium,Electronics,384651.59,34
ACC_02071,4830e40640734fc1c52cd21127c341d4,Seller 4830e406,sao paulo,SP,Standard,Electronics,1122399.36,44
ACC_02072,dbb9b48c841a0e39e21f98e1a6b2ec3e,Seller dbb9b48c,sao paulo,SP,Standard,Retail,411475.58,4
ACC_02073,8fb67a334bacec338885b4e9e1708073,Seller 8fb67a33,toledo,PR,Premium,Sports,309741.71,34
ACC_02074,c6a7539d424a8402232c2228d7a03c5e,Seller c6a7539d,sao paulo,SP,Standard,Fashion,1715423.86,32
ACC_02075,72c5da29406b4234927b81855e7b64f6,Seller 72c5da29,guarulhos,SP,Premium,Retail,209867.23,15
ACC_02076,e83c76265fc54bf41eac728805e4da77,Seller e83c7626,aracatuba,SP,Standard,Home & Garden,1815160.83,21
ACC_02077,a72f15980dc3e9bfd1a49ac9b2f3af65,Seller a72f1598,marilia,SP,Premium,Sports,437736.11,4
ACC_02078,ad738d3fcf42655ed15c4960b7b6c601,Seller ad738d3f,novo hamburgo,RS,Premium,Fashion,1074987.84,43
ACC_02079,0ed6ce5d87fd9c69eaacaeb778d67235,Seller 0ed6ce5d,americana,SP,Standard,Sports,685460.28,23
ACC_02080,00d8b143d12632bad99c0ad66ad52825,Seller 00d8b143,belo horizonte,MG,Premium,Health & Beauty,1355023.61,43
ACC_02081,fedf2c1386e137f296b3bbf3b635e69d,Seller fedf2c13,sao paulo,SP,Standard,Electronics,1819513.96,14
ACC_02082,8bdd8e3fd58bafa48af76b2c5fd71974,Seller 8bdd8e3f,sao paulo,SP,Premium,Retail,153635.08,36
ACC_02083,4391ea5c5990502176a1dcda44a2373d,Seller 4391ea5c,porto alegre,RS,Standard,Home & Garden,641847.42,31
ACC_02084,38e6dada03429a47197d5d584d793b41,Seller 38e6dada,sao paulo,SP,Premium,Retail,1219244.95,17
ACC_02085,6973a06f484aacf400ece213dbf3d946,Seller 6973a06f,sao jose dos campos,SP,Premium,Fashion,232996.54,48
ACC_02086,e83e93b71371817b11d78a63ff156aee,Seller e83e93b7,barueri,SP,Standard,Electronics,1891288.38,38
ACC_02087,9bade61a92bed55a25d2b67b9f4ed739,Seller 9bade61a,sao jose dos pinhais,PR,Standard,Fashion,1700773.33,41
ACC_02088,6c6cc59a5c00cacc5054ca06d65cc282,Seller 6c6cc59a,santa maria,RS,Standard,Retail,1108243.58,37
ACC_02089,c6381b1321d7d97717a5bb4ed5b77882,Seller c6381b13,sao paulo,SP,Standard,Home & Garden,1979878.7,17
ACC_02090,d29ba1220fb8634fa3a107e54497b8a4,Seller d29ba122,sao carlos,SP,Standard,Fashion,1602398.18,30
ACC_02091,226b05fe067266c59c15dae208213d06,Seller 226b05fe,curitiba,PR,Enterprise,Sports,1921326.58,10
ACC_02092,578460d8319c51dab351cd9db95eadfe,Seller 578460d8,goiania,GO,Premium,Fashion,1300470.04,24
ACC_02093,328acb143b4a73aad6bee8e734f5d20d,Seller 328acb14,foz do iguacu,PR,Premium,Home & Garden,521697.1,48
ACC_02094,788f22bafdd7ab0e1e79f19db72f16a4,Seller 788f22ba,sao paulo,SP,Standard,Sports,1134405.47,12
ACC_02095,86ff3eaef0267069cc891a2ed9d10a17,Seller 86ff3eae,palhoca,SC,Enterprise,Sports,326884.91,46
ACC_02096,5f7300535881cef3b625fd683cf7d145,Seller 5f730053,canoas,RS,Standard,Fashion,637589.01,18
ACC_02097,0cbcee27c791afa0cdcb08587a2013a8,Seller 0cbcee27,tres coracoes,MG,Premium,Health & Beauty,753956.6,27
ACC_02098,20611af7866c6068fd5ae1f9dbe15c92,Seller 20611af7,porto ferreira,SP,Premium,Retail,982097.52,22
ACC_02099,1fa2d3def6adfa70e58c276bb64fe5bb,Seller 1fa2d3de,sao paulo,SP,Standard,Electronics,173718.87,33
ACC_02100,3d2531eccfbde1d7c8db7a3a12fb267a,Seller 3d2531ec,contagem,MG,Enterprise,Electronics,569733.62,21
ACC_02101,fcdd820084f17e9982427971e4e9d47f,Seller fcdd8200,ribeirao preto,SP,Enterprise,Home & Garden,1450263.75,22
ACC_02102,d8dd176509baa37f359644d082bf7f7b,Seller d8dd1765,sao caetano do sul,SP,Premium,Fashion,359150.4,34
ACC_02103,cb5ff1b9715e99589f3e0c7a6afab9e3,Seller cb5ff1b9,maringa,PR,Premium,Electronics,1789597.94,10
ACC_02104,9b1f656ca3060f8af17a50d8a024b533,Seller 9b1f656c,santos,SP,Standard,Retail,1075582.64,38
ACC_02105,43a5d4a57af536fddc96d08be3afdfcb,Seller 43a5d4a5,varginha,MG,Standard,Fashion,1659418.66,35
ACC_02106,b1a81260566c1bac3114a6d124413f27,Seller b1a81260,carazinho,RS,Premium,Home & Garden,1533717.95,18
ACC_02107,080199a181c46c657dc5aa235411be3b,Seller 080199a1,osasco,SP,Standard,Electronics,1564312.25,41
ACC_02108,cca3071e3e9bb7d12640c9fbe2301306,Seller cca3071e,ibitinga,SP,Premium,Electronics,519001.28,3
ACC_02109,788e857f317e53de488d393e65a80f45,Seller 788e857f,sao paulo,SP,Premium,Fashion,1427691.4,29
ACC_02110,d51e0a403fe2e689ece6c73359d96e12,Seller d51e0a40,pompeia,SP,Premium,Retail,925482.58,48
ACC_02111,b080809eaacb49e5ca07290981472431,Seller b080809e,belo horizonte,MG,Standard,Electronics,1998073.73,42
ACC_02112,7f7b8245c336066a1f9933c359f11d77,Seller 7f7b8245,mogi mirim,SP,Premium,Health & Beauty,1390620.44,24
ACC_02113,8648b1e89e9b349e32d3741b30ec737e,Seller 8648b1e8,jacarei,SP,Standard,Sports,1524589.94,2
ACC_02114,d50d79cb34e38265a8649c383dcffd48,Seller d50d79cb,sao paulo,SP,Premium,Retail,537167.1,24
ACC_02115,f214d28e8d8e3ef068748498ccc2f813,Seller f214d28e,sao paulo,SP,Standard,Retail,660129.93,45
ACC_02116,717b78b0950b51ed00b1471d858b0edc,Seller 717b78b0,alambari,SP,Enterprise,Health & Beauty,447101.94,47
ACC_02117,aa2640d851ec322526f1295bbeb20092,Seller aa2640d8,sao paulo,SP,Standard,Retail,535991.24,8
ACC_02118,ebd2d60905fb58271facef5596b620d3,Seller ebd2d609,lencois paulista,SP,Premium,Electronics,215933.1,26
ACC_02119,efcd8d2104f1a05d028af7bad20d974b,Seller efcd8d21,aracatuba,SP,Standard,Electronics,1983509.82,31
ACC_02120,6562efe88ce0826a4ca4f189f03b4b84,Seller 6562efe8,maringa,PR,Standard,Retail,1624382.15,7
ACC_02121,400f221ab83037c0ea78f1267da9624d,Seller 400f221a,osvaldo cruz,SP,Premium,Retail,1627533.2,9
ACC_02122,530ec6109d11eaaf87999465c6afee01,Seller 530ec610,cascavel,PR,Premium,Fashion,1218266.99,48
ACC_02123,a5259c149128e82c9d6d46e0c1c812bb,Seller a5259c14,ji parana,RO,Standard,Home & Garden,764926.46,46
ACC_02124,f543ba3c973276f519d89d59bd46cead,Seller f543ba3c,sao jose do rio preto,SP,Standard,Electronics,726833.98,48
ACC_02125,89f69225956f951295ca4c7fb1266553,Seller 89f69225,vassouras,RJ,Enterprise,Retail,845504.89,17
ACC_02126,8b11118053756a9a2932f447e11fc1b5,Seller 8b111180,igaracu do tiete,SP,Premium,Retail,988667.7,20
ACC_02127,6bb62a4912377c7bfe7cb17b406bc7e6,Seller 6bb62a49,jundiai,SP,Standard,Fashion,628225.81,3
ACC_02128,f9d010e39375d9c91dce3f40b73a2f84,Seller f9d010e3,lorena,SP,Standard,Retail,372948.88,5
ACC_02129,052577151711aec5c744fe12e66db3e1,Seller 05257715,rodeio,SC,Standard,Sports,1707938.55,45
ACC_02130,0adac9fbd9a2b63cccaac4f8756c1ca8,Seller 0adac9fb,louveira,SP,Standard,Home & Garden,1012695.68,48
ACC_02131,269cff2d3c8d205c11f37a52402ea93b,Seller 269cff2d,catanduva,SP,Premium,Fashion,1000288.62,29
ACC_02132,402916f742e5c740cc751493d9cf5053,Seller 402916f7,guanhaes,MG,Standard,Fashion,841357.32,1
ACC_02133,443d880f15cbd3572885e1d44bf2c478,Seller 443d880f,marilia,SP,Standard,Electronics,1159286.96,6
ACC_02134,6d22a1fcebb6dd08c9cd90b92a93e8d0,Seller 6d22a1fc,joinville,SC,Premium,Electronics,1791679.8,9
ACC_02135,04aba03279157f6d4e0fe8ccaf21963c,Seller 04aba032,santo antonio de padua,RJ,Standard,Sports,1346197.82,22
ACC_02136,b39d7fe263ef469605dbb32608aee0af,Seller b39d7fe2,ibitinga,SP,Standard,Retail,340245.5,46
ACC_02137,ca77545ca4d2dfd1431bf61334e2fa3c,Seller ca77545c,maringa,PR,Standard,Fashion,237692.72,13
ACC_02138,36890be00bbfc1cdb9a4a38a6af05a69,Seller 36890be0,osasco,SP,Premium,Home & Garden,713176.16,35
ACC_02139,7b0df942f46435babab05d49b744b2c4,Seller 7b0df942,braganca paulista,SP,Standard,Home & Garden,91295.76,11
ACC_02140,f26d70155c2b6326fcfa1780c8c684e4,Seller f26d7015,presidente getulio,SC,Enterprise,Fashion,1143736.47,49
ACC_02141,42fb44130ac3134cde8e35cf8ec7df25,Seller 42fb4413,pinhalzinho,SP,Standard,Electronics,376696.1,26
ACC_02142,dd9661d3cda1e6feb237f0c4d8b26f2e,Seller dd9661d3,campos novos,SC,Premium,Fashion,1367585.59,49
ACC_02143,f27e33c6d29b5138fa9967bcd445b6d5,Seller f27e33c6,sao paulo,SP,Standard,Home & Garden,1003493.23,46
ACC_02144,55d3daac7c404d59e51c2aa2f4dc5a23,Seller 55d3daac,sao paulo,SP,Enterprise,Home & Garden,382014.83,18
ACC_02145,659e8466eb3ff1b0e8740d74fb7bbedd,Seller 659e8466,eunapolis,BA,Enterprise,Fashion,585669.49,26
ACC_02146,1c40343cc5d18c2d8248ac2f3366de34,Seller 1c40343c,limeira,SP,Premium,Retail,1565610.93,4
ACC_02147,e3a386fc36e22064434e1fa256f6a9fa,Seller e3a386fc,engenheiro coelho,SP,Premium,Home & Garden,775516.3,48
ACC_02148,c9aafcd0621b2207c10e32c649cada4d,Seller c9aafcd0,sao paulo,SP,Premium,Fashion,1032832.05,42
ACC_02149,72431a818f97fe6ab9c81eee3e297e54,Seller 72431a81,rio das pedras,SP,Premium,Home & Garden,1019602.36,17
ACC_02150,184a67a8f9f63234d3a92340bbdb727f,Seller 184a67a8,joinville,SC,Standard,Retail,777000.34,28
ACC_02151,9fe7c6641c79970ab48185498f547c09,Seller 9fe7c664,sao paulo,SP,Premium,Electronics,114024.2,48
ACC_02152,08ad4ac1388e4420ca531c3edfc46198,Seller 08ad4ac1,itapevi,SP,Premium,Home & Garden,1323443.06,13
ACC_02153,6fc26fe110feebd80a433e1f012a84f9,Seller 6fc26fe1,fernandopolis,SP,Premium,Fashion,1407990.06,22
ACC_02154,2f4b9d112bfa44a214bc6cef085d17c8,Seller 2f4b9d11,afonso claudio,ES,Standard,Electronics,1143438.06,11
ACC_02155,ab27bbbad5239bc31a34709275a70db4,Seller ab27bbba,tatui,SP,Standard,Retail,540480.67,9
ACC_02156,c37b2059d4f90d4feead554e5246565e,Seller c37b2059,sao paulo,SP,Standard,Home & Garden,503649.96,13
ACC_02157,f43827dd686be3a4a80e00aa299990fb,Seller f43827dd,sao jose do rio preto,SP,Standard,Health & Beauty,1381600.68,5
ACC_02158,e601b04acf48b4576e73ddca9481f0dc,Seller e601b04a,sao paulo,SP,Standard,Electronics,356366.4,37
ACC_02159,98dac6635aee4995d501a3972e047414,Seller 98dac663,sao paulo,SP,Standard,Sports,439746.84,40
ACC_02160,3d39fbf22a665714baf62fae36029e23,Seller 3d39fbf2,campinas,SP,Premium,Health & Beauty,480188.94,33
ACC_02161,a49928bcdf77c55c6d6e05e09a9b4ca5,Seller a49928bc,sao paulo,SP,Standard,Fashion,436499.52,10
ACC_02162,b12cfd255810394b60caef18ae163547,Seller b12cfd25,cascavel,PR,Premium,Home & Garden,1098980.9,5
ACC_02163,a1bea7061f61f6fdd9a85a6325ba1033,Seller a1bea706,carapicuiba / sao paulo,SP,Standard,Electronics,1405319.78,21
ACC_02164,3c88ed2e76a2247933a15daa7161eb1c,Seller 3c88ed2e,cosmopolis,SP,Premium,Retail,1119354.88,34
ACC_02165,51ed72984a04e5dd35c2b27e77179038,Seller 51ed7298,sao jose do rio preto,SP,Standard,Retail,309982.64,33
ACC_02166,3ac588cd562971392504a9e17130c40b,Seller 3ac588cd,limeira,SP,Enterprise,Home & Garden,710877.36,46
ACC_02167,606ce7768feac12c5e8bd58db8b08f0f,Seller 606ce776,campinas,SP,Standard,Retail,1214262.97,26
ACC_02168,6879c4d287a8dd06b11f54ea8f78e4da,Seller 6879c4d2,osasco,SP,Standard,Electronics,1535276.84,43
ACC_02169,ccbd753e6863fe7314dc6c0ca5a074e7,Seller ccbd753e,blumenau,SC,Standard,Health & Beauty,1795133.7,20
ACC_02170,0d85bbda9889ce1f7e63778d24f346eb,Seller 0d85bbda,uberlandia,MG,Standard,Fashion,1148885.32,48
ACC_02171,4c61e37f664c3c88aff092aa5ac779d7,Seller 4c61e37f,niteroi,RJ,Premium,Health & Beauty,607619.27,46
ACC_02172,b44dbfbf62e52125f3c15d230569ea91,Seller b44dbfbf,sao paulo,SP,Standard,Fashion,716388.92,22
ACC_02173,d624126b9206f595fb3fbb6ba03b28a8,Seller d624126b,curitiba,PR,Premium,Retail,1250165.64,3
ACC_02174,26d8a1c7c75d513045798992ead43aa2,Seller 26d8a1c7,apucarana,PR,Standard,Home & Garden,1383728.53,45
ACC_02175,e6a69c4a27dfdd98ffe5aa757ad744bc,Seller e6a69c4a,sao paulo,SP,Standard,Home & Garden,78357.66,19
ACC_02176,6bd69102ab48df500790a8cecfc285c2,Seller 6bd69102,sao paulo,SP,Standard,Sports,98502.35,1
ACC_02177,f181738b150df1f37cb0bd72e705b193,Seller f181738b,carapicuiba,SP,Standard,Electronics,990581.06,49
ACC_02178,4305fe92735c8a43d154ff6dd2b8d927,Seller 4305fe92,coronel fabriciano,MG,Standard,Electronics,183538.42,31
ACC_02179,4f1f1c8666cdb6442f775c4e8caed465,Seller 4f1f1c86,belo horizonte,MG,Premium,Sports,1174416.63,26
ACC_02180,7dea6f73af847b42cc3985bd620f994d,Seller 7dea6f73,cascavel,PR,Standard,Health & Beauty,446159.5,18
ACC_02181,a0a14e50070f3225b3eabba5b85da517,Seller a0a14e50,curitiba,PR,Standard,Retail,1380628.85,35
ACC_02182,bd4889b5e9133b35b66e42a8665cea5c,Seller bd4889b5,sao paulo,SP,Premium,Retail,323359.35,9
ACC_02183,0b3f27369a4d8df98f7eb91077e438ac,Seller 0b3f2736,aruja,SP,Premium,Sports,1669929.1,25
ACC_02184,d5c530f4884a75ae0dba9c148718d278,Seller d5c530f4,centro,MG,Enterprise,Home & Garden,1904597.33,7
ACC_02185,5ab05b6d86d417796c69ffd6774ec832,Seller 5ab05b6d,assis,SP,Premium,Home & Garden,215017.4,18
ACC_02186,d4d99b60c4c94cd35acd502cec65dc8d,Seller d4d99b60,sao paulo,SP,Premium,Electronics,748175.78,12
ACC_02187,9de4643a8dbde634fe55621059d92273,Seller 9de4643a,joinville,SC,Standard,Retail,1221025.8,29
ACC_02188,3be634553519fb6536a03e1358e9fdc7,Seller 3be63455,sao paulo,SP,Enterprise,Retail,94817.05,3
ACC_02189,b906dd0e57f282c7089171b6ed07982e,Seller b906dd0e,parana,PR,Standard,Fashion,1925141.44,18
ACC_02190,ed46f1eb4a638113deb2a1137b5f22e9,Seller ed46f1eb,indaial,SC,Standard,Electronics,315907.85,35
ACC_02191,c8025364abeecb115431bf95c11a747f,Seller c8025364,porto alegre,RS,Premium,Health & Beauty,899877.57,32
ACC_02192,04308b1ee57b6625f47df1d56f00eedf,Seller 04308b1e,bombinhas,SC,Standard,Retail,1135866.52,23
ACC_02193,457fe919b032a3f7dadba6fb92cf7855,Seller 457fe919,paulinia,SP,Standard,Home & Garden,1948781.77,13
ACC_02194,f3055483058c84d75ca2a3314fb4deef,Seller f3055483,salvador,BA,Standard,Sports,1928055.74,38
ACC_02195,0ac4201fda2c68ebc0e47cb9423cf3c9,Seller 0ac4201f,sao paulo,SP,Standard,Electronics,363916.28,15
ACC_02196,a2b5b6105ea5942300631d2e76f4ffe0,Seller a2b5b610,osasco,SP,Standard,Health & Beauty,1333577.4,48
ACC_02197,23d7c96d4a1160db1c726b248601b25a,Seller 23d7c96d,capivari,SP,Enterprise,Home & Garden,997873.12,15
ACC_02198,e883aa812c37a7413226856f4579fe91,Seller e883aa81,itapevi,SP,Standard,Retail,781677.87,3
ACC_02199,86bb7c4b535e49a541baf3266b1c95b1,Seller 86bb7c4b,franca,SP,Standard,Health & Beauty,840346.15,23
ACC_02200,cb810bd318f51b3dc3c753944d61a1fa,Seller cb810bd3,niteroi,RJ,Standard,Retail,872325.8,5
ACC_02201,c0563dd588b775f2e37747ef6ad6c92c,Seller c0563dd5,santo andre,SP,Standard,Health & Beauty,226955.64,11
ACC_02202,820cc752a266cdc6c1a1e61dd4583330,Seller 820cc752,maringa,PR,Standard,Sports,489824.58,26
ACC_02203,e5475dcab1e07b63d7f6e902d8f5eda8,Seller e5475dca,diadema,SP,Standard,Health & Beauty,411413.34,41
ACC_02204,333c4210e76a1aa2ab817b99437e3ff1,Seller 333c4210,vargem grande do sul,SP,Standard,Health & Beauty,1093925.58,14
ACC_02205,aded58c8142dedc5494a81f948431fab,Seller aded58c8,rio de janeiro,RJ,Premium,Health & Beauty,1554932.12,43
ACC_02206,33a6f4b1e7cdc205511e76ba1b6e0186,Seller 33a6f4b1,guarulhos,SP,Standard,Fashion,383573.46,8
ACC_02207,91f848e9f4be368f4318775aac733370,Seller 91f848e9,sao paulo,SP,Standard,Health & Beauty,460921.64,11
ACC_02208,7a67c85e85bb2ce8582c35f2203ad736,Seller 7a67c85e,sao paulo,SP,Premium,Retail,1279635.45,45
ACC_02209,55029529919c0123526150bd26ca8f20,Seller 55029529,contagem,MG,Standard,Sports,71834.31,33
ACC_02210,b372ee768ed69e46ca8cdbd267aa7a38,Seller b372ee76,sao jose do rio preto,SP,Premium,Health & Beauty,1420090.02,42
ACC_02211,d20b021d3efdf267a402c402a48ea64b,Seller d20b021d,ibitinga,SP,Enterprise,Sports,625127.82,8
ACC_02212,cf6f6bc4df3999b9c6440f124fb2f687,Seller cf6f6bc4,sao paulo,SP,Standard,Health & Beauty,87776.14,24
ACC_02213,a3b42d266fa8afc874b909422ce88582,Seller a3b42d26,orlandia,SP,Standard,Fashion,619651.69,21
ACC_02214,d63c73efd41eb002280e7ec831424edb,Seller d63c73ef,piracicaba,SP,Premium,Health & Beauty,765163.12,48
ACC_02215,dc7192adf8ba09569261f4a8d576afe0,Seller dc7192ad,itapeva,SP,Premium,Home & Garden,599008.17,13
ACC_02216,0ea22c1cfbdc755f86b9b54b39c16043,Seller 0ea22c1c,sete lagoas,MG,Standard,Electronics,465710.05,49
ACC_02217,be8e909810184b9b19e886129149d8e5,Seller be8e9098,piracicaba,SP,Standard,Health & Beauty,776488.17,48
ACC_02218,269c5fc9fcadee614364c3620c30a1f9,Seller 269c5fc9,guarulhos,SP,Standard,Retail,304824.61,4
ACC_02219,bbaff50f3b708fda865918715276cd87,Seller bbaff50f,atibaia,SP,Premium,Sports,1570756.93,42
ACC_02220,3b18f9856c6eb2413eafedb58e9eecd9,Seller 3b18f985,santo andre,SP,Premium,Retail,817583.98,7
ACC_02221,db2956745b3a8e9f3785c99f34b5d25e,Seller db295674,sao sebastiao,SP,Standard,Sports,786753.44,42
ACC_02222,8fb791022c1fc8909664f48ab7dc636d,Seller 8fb79102,sao paulo,SP,Premium,Sports,755247.23,2
ACC_02223,232a6014e7b10cba61c6c2b2ea6bb4b0,Seller 232a6014,cafelandia,SP,Premium,Home & Garden,851084.83,27
ACC_02224,6614814a00d344b846ae209f95ee7e3f,Seller 6614814a,macatuba,SP,Standard,Retail,350371.89,33
ACC_02225,59cd88080b93f3c18508673122d26169,Seller 59cd8808,praia grande,SP,Standard,Home & Garden,1124329.41,26
ACC_02226,fffd5413c0700ac820c7069d66d98c89,Seller fffd5413,amparo,SP,Enterprise,Home & Garden,1467735.16,20
ACC_02227,712e6ed8aa4aa1fa65dab41fed5737e4,Seller 712e6ed8,videira,SC,Premium,Sports,1018688.15,9
ACC_02228,b5abf4f36adc043117b4fca82c22984c,Seller b5abf4f3,brasilia,DF,Enterprise,Fashion,710446.34,33
ACC_02229,6dd7dce75cd55c1ce255dc38d9f0cd46,Seller 6dd7dce7,palhoca,SC,Standard,Health & Beauty,694730.24,48
ACC_02230,bbe87dce25ba8b38bb61cc7210a3f10b,Seller bbe87dce,sao joao da boa vista,SP,Standard,Health & Beauty,840378.38,49
ACC_02231,99a25c39b28a74d1151c35c18d178292,Seller 99a25c39,sao paulo,SP,Standard,Health & Beauty,644713.16,1
ACC_02232,05730013efda596306417c3b09302475,Seller 05730013,criciuma,SC,Enterprise,Fashion,773340.55,28
ACC_02233,0b35c634521043bf4b47e21547b99ab5,Seller 0b35c634,teixeira soares,PR,Standard,Electronics,573149.84,4
ACC_02234,c35672b10ad50968f567ea3f4b91e877,Seller c35672b1,mesquita,RJ,Premium,Fashion,1671701.55,24
ACC_02235,f5403d3f50089112c4eed37928b7f622,Seller f5403d3f,fernandopolis,SP,Standard,Sports,1243820.53,45
ACC_02236,f435898e493ba0356019a0b1cb8b55b1,Seller f435898e,curitiba,PR,Premium,Fashion,932993.38,11
ACC_02237,7adbd3210a7b3cc2235e225eef33574d,Seller 7adbd321,sao paulo,SP,Standard,Retail,1299129.12,17
ACC_02238,d8cf3b6a2151949f930d0252b180ec42,Seller d8cf3b6a,mandaguacu,PR,Premium,Fashion,866661.74,37
ACC_02239,4ce8b55b4bfa4659184e7becc1fba3f2,Seller 4ce8b55b,fazenda rio grande,PR,Standard,Home & Garden,59601.92,43
ACC_02240,5d043cd5512d4bd2f88e5ccdd5736c38,Seller 5d043cd5,sao paulo,SP,Standard,Electronics,75457.12,19
ACC_02241,7a073a40a9d3f1fee8bc45670ea1e909,Seller 7a073a40,londrina,PR,Standard,Retail,953329.88,39
ACC_02242,edb1ef5e36e0c8cd84eb3c9b003e486d,Seller edb1ef5e,teresopolis,RJ,Premium,Sports,438796.7,8
ACC_02243,761681a821d8275bc79f552116d06869,Seller 761681a8,sao paulo,SP,Standard,Sports,1272989.43,32
ACC_02244,3361277dc30b7cccdb0c286b24219756,Seller 3361277d,maringa,PR,Standard,Electronics,1563163.37,14
ACC_02245,519a7aa428f18d125a283cf8c014fdd6,Seller 519a7aa4,rio do oeste,SC,Standard,Sports,699205.17,31
ACC_02246,3c7c4a49ec3c6550809089c6a2ca9370,Seller 3c7c4a49,sao paulo,SP,Standard,Sports,513423.11,41
ACC_02247,53b0300ca793f9834cd69c0678d35ee8,Seller 53b0300c,indaiatuba,SP,Premium,Electronics,1375742.98,12
ACC_02248,822bad9bc42b51213ba522fe87b7ab5d,Seller 822bad9b,balneario camboriu,SC,Standard,Electronics,1222763.04,26
ACC_02249,48162d548f5b1b11b9d29d1e01f75a61,Seller 48162d54,piracicaba,SP,Premium,Retail,518590.14,48
ACC_02250,88ef59b51bdaa941d10a853429f2b6ce,Seller 88ef59b5,guaratuba,PR,Standard,Sports,655466.93,13
ACC_02251,1992f8fb6b19fcccd97ca819811e7267,Seller 1992f8fb,sao paulo,SP,Standard,Home & Garden,63025.54,6
ACC_02252,3fd1e727ba94cfe122d165e176ce7967,Seller 3fd1e727,araraquara,SP,Premium,Home & Garden,142981.22,49
ACC_02253,ea4e9ce63a2134743b4a92777437fcdd,Seller ea4e9ce6,palhoca,SC,Enterprise,Sports,293156.89,49
ACC_02254,45a3d05fb00435e52a28859dd03703b3,Seller 45a3d05f,guarulhos,SP,Standard,Retail,967869.92,40
ACC_02255,c3fe93ba3085f92855c97e57f38c8c05,Seller c3fe93ba,curitiba,PR,Premium,Home & Garden,574043.72,24
ACC_02256,9646c3513289980f17226a2fc4720dbd,Seller 9646c351,sao jose dos campos,SP,Standard,Electronics,1792199.85,41
ACC_02257,52a52b9f656520e99716f5bc40f661c8,Seller 52a52b9f,sao carlos,SP,Premium,Health & Beauty,1837905.36,11
ACC_02258,36a968b544695394e4e9d7572688598f,Seller 36a968b5,santos,SP,Standard,Health & Beauty,238029.72,40
ACC_02259,4b5f66b7adcf57f1ecc0d3c07dd6b177,Seller 4b5f66b7,vendas@creditparts.com.br,PR,Standard,Electronics,66451.27,2
ACC_02260,ec21206b7894c503788a684a7bc822a6,Seller ec21206b,armacao dos buzios,RJ,Standard,Fashion,163192.16,11
ACC_02261,b1aaae6b66ad3c40f54b389d7ea4bee0,Seller b1aaae6b,sao paulo,SP,Standard,Home & Garden,1004588.91,5
ACC_02262,89ad3263c0931c47f976d7c5778e60f6,Seller 89ad3263,sao paulo,SP,Standard,Home & Garden,1424328.38,16
ACC_02263,af4a0e4cfe1d9c26b6712b1be25a72e5,Seller af4a0e4c,mateus leme,MG,Premium,Health & Beauty,1852604.26,10
ACC_02264,6f1a1263039c76e68f40a8e536b1da6a,Seller 6f1a1263,sao paulop,SP,Premium,Health & Beauty,639319.88,1
ACC_02265,5f67c6082caacb26e431a7b17940cece,Seller 5f67c608,maringa,PR,Enterprise,Health & Beauty,1315481.68,11
ACC_02266,5721089ba9214e80074f27d5a03fc0eb,Seller 5721089b,sao paulo,SP,Premium,Home & Garden,1019223.42,20
ACC_02267,1782ce2db72c3dda627d5e7c898104e1,Seller 1782ce2d,taboao da serra,SP,Standard,Retail,1015686.61,33
ACC_02268,8160255418d5aaa7dbdc9f4c64ebda44,Seller 81602554,ibitinga,SP,Standard,Electronics,422978.7,21
ACC_02269,cee48807215b30a12ca2ca10ffb5f250,Seller cee48807,guaruja,SP,Standard,Electronics,69397.72,32
ACC_02270,8e670472e453ba34a379331513d6aab1,Seller 8e670472,juiz de fora,MG,Premium,Retail,1476015.98,29
ACC_02271,633ecdf879b94b5337cca303328e4a25,Seller 633ecdf8,sao paulo,SP,Standard,Retail,1128350.77,4
ACC_02272,05a940b4ecae36cadfd8e93bd9c43257,Seller 05a940b4,goiania,GO,Premium,Home & Garden,989633.72,3
ACC_02273,da7039f29f90ce5b4846ffc0fcc93beb,Seller da7039f2,santo andre,SP,Standard,Fashion,1269745.91,23
ACC_02274,4c03b9dd4c11ee2cb35c96c49efc9420,Seller 4c03b9dd,campo limpo paulista,SP,Standard,Electronics,1745170.16,27
ACC_02275,a5a1bfcf728ab0e19182959cf0771ee4,Seller a5a1bfcf,socorro,SP,Premium,Sports,721139.97,23
ACC_02276,431050a06a317f2b38168dec3dcd2b46,Seller 431050a0,sao paulo,SP,Enterprise,Electronics,1766597.86,2
ACC_02277,40ec8ab6cdafbcc4f544da38c67da39a,Seller 40ec8ab6,francisco beltrao,PR,Standard,Retail,356322.04,41
ACC_02278,ffff564a4f9085cd26170f4732393726,Seller ffff564a,campinas,SP,Enterprise,Retail,1607151.05,33
ACC_02279,bede56095ba33c42038fb85f707b8a42,Seller bede5609,valinhos,SP,Standard,Sports,829101.95,45
ACC_02280,bbad7e518d7af88a0897397ffdca1979,Seller bbad7e51,sao paulo,SP,Standard,Retail,1390461.5,16
ACC_02281,a806a4bb063ea7ca6d374eafa50a6058,Seller a806a4bb,serra,ES,Premium,Retail,727108.79,34
ACC_02282,1b1ae47a313a825a7ccceb8e2e30fa9d,Seller 1b1ae47a,bocaiuva do sul,PR,Standard,Electronics,179212.62,17
ACC_02283,d9e7e7778b32987280a6f2cb9a39c57d,Seller d9e7e777,sao paulo,SP,Premium,Retail,1667717.22,24
ACC_02284,99a54764c341d5dc80b4a8fac4eba3fb,Seller 99a54764,sao paulo,SP,Standard,Fashion,903576.16,42
ACC_02285,939f6e231201f26803cb5c3a3d2940b3,Seller 939f6e23,bauru,SP,Enterprise,Retail,1893055.45,18
ACC_02286,282f23a9769b2690c5dda22e316f9941,Seller 282f23a9,belo horizonte,MG,Standard,Electronics,1818484.87,3
ACC_02287,427165bf50f8ca07efc7bdc2bfcf1688,Seller 427165bf,americana,SP,Premium,Health & Beauty,681353.68,1
ACC_02288,d03698c2efd04a549382afa6623e27fb,Seller d03698c2,ilheus,BA,Premium,Health & Beauty,749635.11,35
ACC_02289,e21a1e8be4715b0fcfd5385643bc49c4,Seller e21a1e8b,jaguaruna,SC,Enterprise,Health & Beauty,1293048.1,40
ACC_02290,1e26c56af8d48424e1df0140a2401f83,Seller 1e26c56a,jaguariuna,SP,Standard,Fashion,767472.46,16
ACC_02291,8f119a0aee85c0c8fc534629734e94fd,Seller 8f119a0a,barueri,SP,Standard,Home & Garden,775399.86,4
ACC_02292,fdaaf5bfda82b7b80535610c831b8d09,Seller fdaaf5bf,sao jose do rio preto,SP,Enterprise,Home & Garden,495765.48,5
ACC_02293,b274baf5bbd142410eb2958cf685d684,Seller b274baf5,montenegro,RS,Premium,Home & Garden,1211399.68,9
ACC_02294,bcc9dd23e2a8bd8267cf92b19304a1b9,Seller bcc9dd23,ibitinga,SP,Standard,Sports,440274.54,33
ACC_02295,751e274377499a8503fd6243ad9c56f6,Seller 751e2743,campinas,SP,Enterprise,Electronics,1717161.67,4
ACC_02296,1fddcb7b326905d3ad5efe82187db347,Seller 1fddcb7b,sao paulo,SP,Premium,Health & Beauty,1539477.38,11
ACC_02297,b1fc4f64df5a0e8b6913ab38803c57a9,Seller b1fc4f64,sao goncalo,RJ,Premium,Retail,1070565.84,37
ACC_02298,4eb61f060e7dcc1d5a80d806c35cc541,Seller 4eb61f06,sao paulo,SP,Standard,Retail,53503.74,33
ACC_02299,1d0646a72178a6fb37ee8082140e06ec,Seller 1d0646a7,joinville,SC,Standard,Sports,1541511.91,44
ACC_02300,0ebd97a106433a45a4aebe57c1799778,Seller 0ebd97a1,contagem,MG,Premium,Fashion,1163384.36,4
ACC_02301,63bc58679c44e8a998792119fd7ad23e,Seller 63bc5867,sao paulo,SP,Enterprise,Health & Beauty,285539.06,21
ACC_02302,101921376b577a4540dc30e9009133ca,Seller 10192137,rio claro,SP,Standard,Home & Garden,1206108.74,45
ACC_02303,f0ec78809fe0bc3edb11c9fe5b97b059,Seller f0ec7880,sao paulo,SP,Standard,Fashion,1405891.83,24
ACC_02304,6219ba2359cfb97f2e38fd4c321eb309,Seller 6219ba23,sao paulo,SP,Standard,Sports,851451.82,14
ACC_02305,a7f13822ceb966b076af67121f87b063,Seller a7f13822,itaquaquecetuba,SP,Standard,Home & Garden,1353387.52,34
ACC_02306,4e8dacf3d38f281ae26c3e0321d92d88,Seller 4e8dacf3,sao paulo,SP,Standard,Home & Garden,374888.99,45
ACC_02307,78a4d36f65a019172c6154468831a69f,Seller 78a4d36f,bauru,SP,Standard,Retail,328390.5,43
ACC_02308,c64a2aec32cc408a8a4c6d7c46017f91,Seller c64a2aec,imbe,RS,Premium,Sports,1414898.37,48
ACC_02309,cb162c8eef257253782d245c08d9097c,Seller cb162c8e,barueri,SP,Premium,Fashion,1054037.72,21
ACC_02310,fc6295add6f51a0936407ead70c1001d,Seller fc6295ad,sao paulo,SP,Standard,Sports,559410.75,29
ACC_02311,f0e103c63864d5405b958d984b6e94c9,Seller f0e103c6,osasco,SP,Premium,Home & Garden,211229.88,2
ACC_02312,5def4c3732941a971cba8fdee992ede1,Seller 5def4c37,sao paulo,SP,Standard,Fashion,1210673.6,3
ACC_02313,80e6699fe29150b372a0c8a1ebf7dcc8,Seller 80e6699f,pinhais,PR,Premium,Health & Beauty,1158671.24,41
ACC_02314,42ef3192a9ff87a22d1867b74b3ee205,Seller 42ef3192,santo andre,SP,Standard,Home & Garden,569297.04,22
ACC_02315,a2deecd5398f5df4987110c80a1972a3,Seller a2deecd5,sao paulo,SP,Standard,Home & Garden,1755531.35,30
ACC_02316,9853a239ab7b7ebbdc3a21248d5b8e1f,Seller 9853a239,campo largo,PR,Premium,Retail,1229261.53,1
ACC_02317,f8e2c1b59cd4225a3e4fd0d013a76b93,Seller f8e2c1b5,ribeirao preto,SP,Premium,Sports,490943.58,35
ACC_02318,9c3c24eca51c52b91c1de727d2a2ae06,Seller 9c3c24ec,caxias do sul,RS,Standard,Sports,130306.99,9
ACC_02319,f524ad65d7e0f1daab730ef2d2e86196,Seller f524ad65,soledade,RS,Standard,Electronics,1161181.07,6
ACC_02320,aae5953b9edddf14749c0d65d60eb4b9,Seller aae5953b,belo horizonte,MG,Premium,Home & Garden,430909.76,39
ACC_02321,c003204e1ab016dfa150abc119207b24,Seller c003204e,cajamar,SP,Standard,Sports,213896.81,15
ACC_02322,5656537e588803a555b8eb41f07a944b,Seller 5656537e,brasilia,DF,Standard,Retail,222349.31,15
ACC_02323,503c1de08ae81a2d86f17951b204db55,Seller 503c1de0,sao paulo,SP,Enterprise,Retail,1117797.23,4
ACC_02324,b8bc237ba3788b23da09c0f1f3a3288c,Seller b8bc237b,itajai,SC,Premium,Retail,1963044.49,48
ACC_02325,7816cd9c5b1238e320545f5bf7eb80e8,Seller 7816cd9c,araraquara,SP,Premium,Sports,1792638.44,13
ACC_02326,213fafb0ca06fb3d5886579c2565791b,Seller 213fafb0,sete lagoas,MG,Standard,Sports,1117757.42,1
ACC_02327,404e1ba01358af4cd63f679b2c4d1fa1,Seller 404e1ba0,juiz de fora,MG,Standard,Home & Garden,1181732.15,24
ACC_02328,186cdd1b2df32caa72cfb410bba768d3,Seller 186cdd1b,rio negrinho,SC,Standard,Fashion,1312958.59,22
ACC_02329,de23c3b98a88888289c6f5cc1209054a,Seller de23c3b9,sao paulo,SP,Standard,Fashion,146936.75,37
ACC_02330,fe49ee029e61e789a1f3a5525f57ba8d,Seller fe49ee02,osasco,SP,Premium,Health & Beauty,384532.71,25
ACC_02331,902c99f1ac505c0d18778b61bcd636f7,Seller 902c99f1,mogi guacu,SP,Standard,Sports,903954.27,38
ACC_02332,94ca168e8bcb407ab85c5da308863027,Seller 94ca168e,clementina,SP,Premium,Electronics,330958.14,43
ACC_02333,82921991ff5b557b045605b8bbf08d49,Seller 82921991,sao paulo,SP,Premium,Electronics,1714277.51,5
ACC_02334,77128dec4bec4878c37ab7d6169d6f26,Seller 77128dec,sao paulo,SP,Standard,Health & Beauty,904726.74,38
ACC_02335,4bf658053d453036c70976bccb2c31b2,Seller 4bf65805,sao jose do rio preto,SP,Standard,Home & Garden,1457722.65,16
ACC_02336,e8a85b5f3df47be0984c55fd4064dbb4,Seller e8a85b5f,brasilia,DF,Standard,Health & Beauty,103710.99,46
ACC_02337,28f10b1c5e5abb9d4857745bede6147c,Seller 28f10b1c,sao paulo,SP,Standard,Sports,1372093.26,33
ACC_02338,48bad451945f5227341793478d6353ea,Seller 48bad451,sao paulo,SP,Standard,Home & Garden,1920758.92,41
ACC_02339,2a61c271b1ac763450d846849783e922,Seller 2a61c271,santo andre,SP,Standard,Electronics,416847.74,5
ACC_02340,ba6ce6de456f6c11d08c17701ba5c26f,Seller ba6ce6de,sorocaba,SP,Standard,Retail,334142.22,47
ACC_02341,5dceca129747e92ff8ef7a997dc4f8ca,Seller 5dceca12,santa barbara d´oeste,SP,Standard,Home & Garden,697665.13,5
ACC_02342,e1dc0754bada9ee4cfe9713f22f61292,Seller e1dc0754,duque de caxias,RJ,Standard,Fashion,1990952.05,49
ACC_02343,39a5005f2605cbdb4f9ac14485cabfd1,Seller 39a5005f,barretos,SP,Standard,Health & Beauty,1081994.66,42
ACC_02344,2bf28e311bba65237358230cabac3f15,Seller 2bf28e31,londrina,PR,Standard,Retail,552185.23,29
ACC_02345,0e44d110fa6a54e121cb2c095a77762f,Seller 0e44d110,francisco morato,SP,Standard,Retail,1787774.62,47
ACC_02346,3d871de0142ce09b7081e2b9d1733cb1,Seller 3d871de0,campo limpo paulista,SP,Standard,Fashion,249309.56,13
ACC_02347,bf0d50a6410d487dc97d2baac0a8c0be,Seller bf0d50a6,piracicaba,SP,Standard,Electronics,60374.3,2
ACC_02348,51e4e89242cbb846c2deff3dc015650e,Seller 51e4e892,rio grande,RS,Standard,Retail,1595471.5,19
ACC_02349,86ccac0b835037332a596a33b6949ee1,Seller 86ccac0b,blumenau,SC,Enterprise,Health & Beauty,721393.47,25
ACC_02350,c97aa4ee7420f937da13b7f9e2228b99,Seller c97aa4ee,novo hamburgo,RS,Premium,Retail,1725542.97,26
ACC_02351,aac51c486b672a9850d59f3e84b1cf88,Seller aac51c48,sao paulo,SP,Enterprise,Fashion,1999187.01,7
ACC_02352,3340ef1913fb70d28420f6ceb685c339,Seller 3340ef19,maringa,PR,Standard,Home & Garden,659777.95,46
ACC_02353,76de363de16dacc923eec8daf91df504,Seller 76de363d,xaxim,SC,Enterprise,Sports,820444.48,21
ACC_02354,58b98ccb79873e04eac4357cacc590d9,Seller 58b98ccb,campinas,SP,Standard,Retail,635731.98,10
ACC_02355,fc99f99385ae90f66f01733856fb88c9,Seller fc99f993,boituva,SP,Standard,Home & Garden,1383104.73,21
ACC_02356,b74d1c09cb380e1d03a6f859c6f4224b,Seller b74d1c09,rio de janeiro,RJ,Standard,Electronics,1347126.91,1
ACC_02357,1bb2bdb95f4841f1bba2c0d2cd83d3c9,Seller 1bb2bdb9,sao paulo,SP,Standard,Electronics,698773.89,19
ACC_02358,670c26e0f1bf8d0576271d5cfaec6d2b,Seller 670c26e0,maringa,PR,Standard,Sports,395803.01,33
ACC_02359,c32fc744b9160ac853450488e3cfea93,Seller c32fc744,ribeirao preto,SP,Standard,Fashion,432144.75,35
ACC_02360,59de1d4c8c057c2a53acd4ca66531af2,Seller 59de1d4c,curitiba,PR,Premium,Electronics,143424.9,22
ACC_02361,e64882b4ef12aee8d0faca4db5b681f4,Seller e64882b4,goiania,GO,Premium,Electronics,1376383.3,9
ACC_02362,1b65c144b17e607c0f37f10bb7dfec8d,Seller 1b65c144,rio do sul,SC,Standard,Sports,1433135.96,33
ACC_02363,15ac3c501e2599e4917316fde5c5669a,Seller 15ac3c50,sao paulo,SP,Premium,Electronics,344444.03,31
ACC_02364,f4aba7c0bca51484c30ab7bdc34bcdd1,Seller f4aba7c0,sao paulo,SP,Standard,Fashion,1869897.84,36
ACC_02365,e0878efa0e0b7e5313ac0b43bc04c081,Seller e0878efa,curitiba,PR,Standard,Home & Garden,597524.08,45
ACC_02366,03a2a6dcbe45d639c4dc2a0d24769c40,Seller 03a2a6dc,maua,SP,Premium,Electronics,1768966.01,13
ACC_02367,327b89b872c14d1c0be7235ef4871685,Seller 327b89b8,manaus,AM,Standard,Sports,1505000.67,17
ACC_02368,e9d99831abad74458942f21e16f33f92,Seller e9d99831,sao paulo,SP,Enterprise,Home & Garden,62414.57,33
ACC_02369,a45765f8afb1e594b22bf9e974b46765,Seller a45765f8,sao paulo,SP,Standard,Retail,1698189.15,4
ACC_02370,dc8798cbf453b7e0f98745e396cc5616,Seller dc8798cb,sao paulo,SP,Standard,Sports,265078.44,44
ACC_02371,d9cd369bffa979d1634f8e1318bf2f1b,Seller d9cd369b,bady bassitt,SP,Premium,Fashion,717524.52,22
ACC_02372,240b9776d844d37535668549a396af32,Seller 240b9776,niteroi,RJ,Standard,Fashion,1894150.96,36
ACC_02373,70f7e8018e3d46c748c92f026aa2585a,Seller 70f7e801,sao paulo,SP,Premium,Sports,812914.44,8
ACC_02374,d1e2fe627180431ffda076abb303c56f,Seller d1e2fe62,rio de janeiro,RJ,Enterprise,Retail,1541837.78,49
ACC_02375,3f2af2670e104d1bcb54022274daeac5,Seller 3f2af267,terra boa,PR,Standard,Health & Beauty,1657068.04,23
ACC_02376,bb3dca718920a4d7ec3cc9ffb025108b,Seller bb3dca71,sao paulo,SP,Premium,Retail,1203671.69,46
ACC_02377,babcc0ab201e4c60188427cae51a5b8b,Seller babcc0ab,porto ferreira,SP,Premium,Home & Garden,407136.84,12
ACC_02378,eed78ac17f7f795a19a709745f00cd4e,Seller eed78ac1,botucatu,SP,Standard,Health & Beauty,1835763.48,46
ACC_02379,a2e874074c877c5a05abae80ad6e488f,Seller a2e87407,sao jose do rio preto,SP,Standard,Retail,305767.34,48
ACC_02380,abcd2cb37d46c2c8fb1bf071c859fc5b,Seller abcd2cb3,cuiaba,MT,Premium,Fashion,605484.4,10
ACC_02381,1703bc09972dab9782e7a9194943b69f,Seller 1703bc09,minas gerais,MG,Standard,Electronics,306995.92,3
ACC_02382,365e445f796710c3431557e85caa25db,Seller 365e445f,sao paulo,SP,Standard,Fashion,209586.66,25
ACC_02383,0bb738e4d789e63e2267697c42d35a2d,Seller 0bb738e4,sao roque,SP,Premium,Health & Beauty,1166486.09,47
ACC_02384,3d290fe363c60a77498c1126fd3fb8d3,Seller 3d290fe3,itapevi,SP,Enterprise,Sports,1014753.8,28
ACC_02385,325f3178fb58e2a9778334621eecdbf9,Seller 325f3178,taboao da serra,SP,Premium,Fashion,567633.26,4
ACC_02386,8c16d1f32a54d92897cc437244442e1b,Seller 8c16d1f3,blumenau,SC,Standard,Retail,208506.97,5
ACC_02387,f5a590cf36251cf1162ea35bef76fe84,Seller f5a590cf,sao bernardo do campo,SP,Standard,Sports,1286758.2,12
ACC_02388,61f159ef6da2d441951d2c0efa719362,Seller 61f159ef,serra,ES,Premium,Home & Garden,628155.4,17
ACC_02389,1e8b33f18b4f7598d87f5cbee2282cc2,Seller 1e8b33f1,sao paulo,SP,Standard,Home & Garden,1661630.87,19
ACC_02390,59cea8e446d3834393058e7e0666b6fb,Seller 59cea8e4,maringa,PR,Premium,Fashion,405596.39,9
ACC_02391,8c5e007d7bd5693fa1386ffefbc99f6c,Seller 8c5e007d,indaiatuba,SP,Enterprise,Health & Beauty,880178.74,25
ACC_02392,1da3aeb70d7989d1e6d9b0e887f97c23,Seller 1da3aeb7,sao paulo,SP,Standard,Electronics,658394.58,23
ACC_02393,5b67882648febfb6e1225e6ad7164f6b,Seller 5b678826,umuarama,PR,Enterprise,Sports,1452173.16,17
ACC_02394,53e4c6e0f4312d4d2107a8c9cddf45cd,Seller 53e4c6e0,pedreira,SP,Enterprise,Fashion,419337.28,42
ACC_02395,039e6ad9dae79614493083e241147386,Seller 039e6ad9,sao paulo,SP,Standard,Fashion,519308.9,37
ACC_02396,d65f31d2413268e671989503f6cf9993,Seller d65f31d2,artur nogueira,SP,Standard,Retail,552352.9,24
ACC_02397,cad10cc982ab6a391570c211b995c17c,Seller cad10cc9,avare,SP,Premium,Retail,363143.19,1
ACC_02398,527801b552d0077ffd170872eb49683b,Seller 527801b5,garca,SP,Premium,Home & Garden,555993.42,48
ACC_02399,be67f78487e2cecb0d55bc769709e4f5,Seller be67f784,ibirite,MG,Standard,Home & Garden,1119833.65,41
ACC_02400,8ca1551acf9832a4cf467bbbac15851f,Seller 8ca1551a,campo largo,PR,Standard,Electronics,288011.02,44
ACC_02401,2ea0861cc19e94cad86438c984c52da4,Seller 2ea0861c,sao paulo,SP,Premium,Sports,1132519.46,49
ACC_02402,7202e2ba20579a9bd1acb29e61fe71f6,Seller 7202e2ba,franca,SP,Standard,Sports,1247266.66,39
ACC_02403,0509040ea3fe50071181bbc359eb7738,Seller 0509040e,belo horizonte,MG,Standard,Electronics,234499.43,27
ACC_02404,20fd2d2080ed85fa67fad3fcbb2c1813,Seller 20fd2d20,colombo,PR,Enterprise,Sports,310302.82,5
ACC_02405,2039c5e51785b5dde7cf93ccb3b7be2c,Seller 2039c5e5,guaira,SP,Premium,Sports,102183.19,4
ACC_02406,62de60d81c55c29d76a6bce418b31cef,Seller 62de60d8,ibitinga,SP,Enterprise,Sports,1465308.21,20
ACC_02407,eaf6d55068dea77334e8477d3878d89e,Seller eaf6d550,sao paulo,SP,Standard,Sports,883584.36,43
ACC_02408,e89c4adbe7b1d0819dbb636e16461cf1,Seller e89c4adb,indaiatuba,SP,Standard,Electronics,526732.41,2
ACC_02409,2e2f44824ab87a0cb961f68bf4073e7f,Seller 2e2f4482,curitiba,PR,Standard,Sports,1643869.6,47
ACC_02410,85ecf03781da592876b7844acc1b729f,Seller 85ecf037,sao paulo,SP,Standard,Retail,1424010.43,40
ACC_02411,5c853bb56f70f4d14218944bae111d7a,Seller 5c853bb5,cotia,SP,Standard,Retail,1031177.92,10
ACC_02412,bba74270a87732727b5a3b4fd9ac1c39,Seller bba74270,betim,MG,Enterprise,Retail,587983.35,18
ACC_02413,e8ff5a6ceb895583033fc2a0f314e3c2,Seller e8ff5a6c,blumenau,SC,Standard,Retail,233258.85,13
ACC_02414,835f0f7810c76831d6c7d24c7a646d4d,Seller 835f0f78,sao paulo,SP,Standard,Home & Garden,163913.17,35
ACC_02415,702835e4b785b67a084280efca355756,Seller 702835e4,juiz de fora,MG,Enterprise,Sports,746036.54,5
ACC_02416,4ea2f12dbe91deeacd2c1e74f069a6e6,Seller 4ea2f12d,sao paulo,SP,Standard,Fashion,156879.39,28
ACC_02417,a066df7361163e7ddc5d7452dd17448b,Seller a066df73,franca,SP,Premium,Retail,1022827.8,16
ACC_02418,bc8c8d665ec4664d286be0d521722b19,Seller bc8c8d66,sao paulo,SP,Standard,Fashion,694720.79,22
ACC_02419,5e106d93b717c2682b9383da480364a1,Seller 5e106d93,santa terezinha de itaipu,PR,Standard,Retail,1986225.82,1
ACC_02420,bd4431c1a8dfa744b59e1e2a8bc99b9e,Seller bd4431c1,rio de janeiro,RJ,Standard,Home & Garden,1355567.02,38
ACC_02421,bd4ff04377f974574f7f0bf9d6ce7dde,Seller bd4ff043,santa maria da serra,SP,Standard,Retail,659466.88,11
ACC_02422,3076499bbc033a927bf4a8a41bcf7fd4,Seller 3076499b,auriflama,SP,Standard,Health & Beauty,1542679.85,14
ACC_02423,010da0602d7774602cd1b3f5fb7b709e,Seller 010da060,sao bernardo do campo,SP,Premium,Electronics,315730.25,44
ACC_02424,4d6fb82c629c7a5028bfd973c07b05e0,Seller 4d6fb82c,belo horizonte,MG,Standard,Home & Garden,1874691.7,8
ACC_02425,5d505d2298ad549e4e4e835562fa0c1e,Seller 5d505d22,birigui,SP,Premium,Home & Garden,1800556.18,3
ACC_02426,5aaa890629f83706d8d9bfecd8377c1c,Seller 5aaa8906,petropolis,RJ,Standard,Retail,464112.02,20
ACC_02427,ad14615bdd492b01b0d97922e87cb87f,Seller ad14615b,tubarao,SC,Premium,Sports,1975843.77,3
ACC_02428,7df1fc11cc5cbc518b39faa60cf5d67c,Seller 7df1fc11,campo grande,MS,Standard,Home & Garden,644516.34,7
ACC_02429,238fac594e170b59c6d228f5a4f4f1d9,Seller 238fac59,dois corregos,SP,Premium,Fashion,1930806.14,35
ACC_02430,29c322e3f09f886f8bacbe91dfbd979e,Seller 29c322e3,santa maria,RS,Premium,Sports,1758038.6,32
ACC_02431,134a288e7de827ec5ec62e3ec9c3a295,Seller 134a288e,sao paulo,SP,Standard,Sports,1154007.08,16
ACC_02432,33fd411ed63a7c2f9005e3f065d9f85d,Seller 33fd411e,condor,RS,Premium,Sports,658593.28,3
ACC_02433,edb58a1390adf273840030a3d6253829,Seller edb58a13,piracicaba,SP,Standard,Home & Garden,1440082.55,27
ACC_02434,1e8c6a4c538f286aee9573239740a4b4,Seller 1e8c6a4c,itatiba,SP,Premium,Health & Beauty,130053.73,36
ACC_02435,07de60b03d150fb3ea09eab5da5e4c8b,Seller 07de60b0,ibitinga,SP,Standard,Fashion,1716515.8,12
ACC_02436,f1ce5fdecd64935c28b9ff932751d0dc,Seller f1ce5fde,santana de parnaiba,SP,Premium,Health & Beauty,1731943.14,26
ACC_02437,ede2977fbaf3738583170735ca403f6c,Seller ede2977f,curitiba,PR,Standard,Sports,891402.09,14
ACC_02438,03bd479e1d9484cdb14104d3023f7321,Seller 03bd479e,uberlandia,MG,Premium,Electronics,310840.12,23
ACC_02439,31e60bf8d103ce47932a85f5562deb16,Seller 31e60bf8,goiania,GO,Standard,Home & Garden,761495.47,18
ACC_02440,83645b1645cdee8953ee54c29ceed564,Seller 83645b16,santa terezinha de itaipu,PR,Standard,Electronics,458743.06,13
ACC_02441,bdae679a9b282249bc23b9b69dae9a99,Seller bdae679a,brasilia,DF,Premium,Electronics,1505645.78,28
ACC_02442,5cf13accae3222c70a9cac40818ae839,Seller 5cf13acc,patos de minas,MG,Premium,Electronics,1209478.22,21
ACC_02443,a247197e2e9c19a6a53a6888cb8b660f,Seller a247197e,sao jose do rio preto,SP,Standard,Electronics,1187071.7,23
ACC_02444,249f0e9905a6e06ad6c6bea7547ab9f6,Seller 249f0e99,rio de janeiro,RJ,Standard,Sports,1138932.89,10
ACC_02445,96804ea39d96eb908e7c3afdb671bb9e,Seller 96804ea3,ibia,MG,Enterprise,Fashion,1727796.33,29
ACC_02446,cd233f8bfa30ebfd651f47ee7d054951,Seller cd233f8b,birigui,SP,Premium,Sports,1612591.31,43
ACC_02447,3986c0b54f6b748b75e7bd4e092aa3e5,Seller 3986c0b5,curitiba,PR,Premium,Retail,1325681.54,14
ACC_02448,5563732abe64c3036cb97ad924128dd1,Seller 5563732a,guarulhos,SP,Standard,Electronics,175936.6,18
ACC_02449,51f108f62cb87d61918159902c8f8583,Seller 51f108f6,cascavel,PR,Standard,Health & Beauty,172823.93,41
ACC_02450,134b867a0f7f8bbe6abf10f91874891e,Seller 134b867a,valinhos,SP,Standard,Fashion,1135357.78,4
ACC_02451,57c764b4a836300be881e2ff86e449f9,Seller 57c764b4,ribeirao preto,SP,Enterprise,Home & Garden,1359316.23,34
ACC_02452,2fa13c8bd5705d279f7ed5cc9ec61c68,Seller 2fa13c8b,sao paulo,SP,Standard,Sports,227202.48,31
ACC_02453,e627629ba868740e287800f1a9be81c2,Seller e627629b,sao paulo,SP,Premium,Electronics,1930134.08,26
ACC_02454,c72de06d72748d1a0dfb2125be43ba63,Seller c72de06d,guanambi,BA,Standard,Electronics,825868.17,17
ACC_02455,8d79c8a04e42d722a75097ce5cbcf2ef,Seller 8d79c8a0,caucaia,CE,Standard,Home & Garden,1263938.18,40
ACC_02456,8060d731897e33b5c5ae575ce1e209e1,Seller 8060d731,blumenau,SP,Standard,Fashion,1270203.91,24
ACC_02457,4c4d546adf3c3868fe19c9ec6e9ffda9,Seller 4c4d546a,maringa,PR,Premium,Electronics,664243.3,37
ACC_02458,5a9c0859cb00fd8aa4db443837f0a700,Seller 5a9c0859,treze tilias,SC,Standard,Sports,837146.22,26
ACC_02459,cecd97bc34ed8330bd4cd15713eda670,Seller cecd97bc,cordilheira alta,SC,Standard,Electronics,1315445.52,23
ACC_02460,9c3a1c416c765687bc79a04113269929,Seller 9c3a1c41,carmo da mata,MG,Premium,Sports,945698.65,19
ACC_02461,8ae520247981aa06bc94abddf5f46d34,Seller 8ae52024,navegantes,SC,Premium,Electronics,1391379.74,8
ACC_02462,ac3508719a1d8f5b7614b798f70af136,Seller ac350871,canoas,RS,Premium,Retail,1678074.73,2
ACC_02463,15cd6eefe58588619aaed41dfa6621b1,Seller 15cd6eef,ouro preto,MG,Standard,Electronics,1237680.39,22
ACC_02464,4a3ca9315b744ce9f8e9374361493884,Seller 4a3ca931,ibitinga,SP,Standard,Electronics,1846328.61,33
ACC_02465,478bfe564db21eeb44386606aa30b650,Seller 478bfe56,pedro leopoldo,MG,Premium,Home & Garden,1360657.66,1
ACC_02466,6d988d6174a2c27441597174f8905515,Seller 6d988d61,maringa,PR,Standard,Fashion,175479.67,44
ACC_02467,ed49da7cadefc454d6a67de249eab240,Seller ed49da7c,sao paulo,SP,Standard,Home & Garden,575958.9,39
ACC_02468,6f892e20a171e98efe17fdb971ff319b,Seller 6f892e20,sao paulo,SP,Standard,Retail,1948313.52,6
ACC_02469,4bfc7a4a1cf8d4d2121c27422d9e50b5,Seller 4bfc7a4a,sao paulo,SP,Premium,Electronics,1423543.0,3
ACC_02470,acadd4d36859671cb635527c6c977533,Seller acadd4d3,santa rosa de viterbo,SP,Standard,Home & Garden,867775.61,35
ACC_02471,034b9387752bfa309f350a70cd45ffa3,Seller 034b9387,blumenau,SC,Premium,Fashion,1192007.65,2
ACC_02472,a1ed30492b3b798bc121845bc4aa7366,Seller a1ed3049,sao paulo,SP,Premium,Retail,431591.66,2
ACC_02473,abbf6046bbdf1028606a5bc7f00c99e7,Seller abbf6046,xanxere,SC,Premium,Electronics,843201.02,32
ACC_02474,901b460cdce0c64e471230d7f2f9f3a3,Seller 901b460c,porto alegre,RS,Premium,Fashion,1840838.63,48
ACC_02475,81ed90f07c0bacb7594940ba2ef676aa,Seller 81ed90f0,divinopolis,MG,Standard,Fashion,1613501.94,39
ACC_02476,11eac105f3f90a9b87b19c89d91e24f3,Seller 11eac105,sao paulo,SP,Standard,Sports,1470503.34,10
ACC_02477,0725b8c0f3f906e58f70cbe76b7c748c,Seller 0725b8c0,guarulhos,SP,Standard,Health & Beauty,885486.2,31
ACC_02478,d1a5cc844736958c11b8efab9a2b4c87,Seller d1a5cc84,curitiba,PR,Premium,Home & Garden,1936718.69,4
ACC_02479,f35becee938e982bd615edf8ef12bcfb,Seller f35becee,alvares machado,SP,Premium,Health & Beauty,1999182.73,40
ACC_02480,634964b17796e64304cadf1ad3050fb7,Seller 634964b1,rio de janeiro,RJ,Standard,Sports,1643067.75,25
ACC_02481,6624bc09786f0e41ae48dfc5eeb1a9e2,Seller 6624bc09,belo horizonte,MG,Standard,Electronics,1291829.14,49
ACC_02482,54219883e72aad869adfb2a54b7bfa0f,Seller 54219883,sorocaba,SP,Enterprise,Sports,1467394.01,45
ACC_02483,5795aebfe331fbcd02a2c4b679fb7952,Seller 5795aebf,palhoca,SC,Standard,Sports,730158.39,11
ACC_02484,6e2d3e2dc84fb30f6078f39dd3bddd6f,Seller 6e2d3e2d,colombo,PR,Premium,Health & Beauty,1875478.2,15
ACC_02485,3078096983cf766a32a06257648502d1,Seller 30780969,scao jose do rio pardo,SP,Premium,Home & Garden,1811894.37,34
ACC_02486,014d9a685fd57276679edd00e07089e5,Seller 014d9a68,maringa,PR,Premium,Home & Garden,705710.33,4
ACC_02487,656591be56071d4c9ef4e5fee78a578a,Seller 656591be,santo andre,SP,Premium,Retail,678347.48,37
ACC_02488,26562f211dd1364af2a8596dc945e8ae,Seller 26562f21,sao bernardo do campo,SP,Premium,Retail,439404.36,36
ACC_02489,bccf933e006e9b94a6184af782963e77,Seller bccf933e,assis,SP,Enterprise,Sports,610085.67,25
ACC_02490,12c2ed9cded6138cf0c75f525f565fc7,Seller 12c2ed9c,praia grande,SP,Standard,Home & Garden,1082348.27,8
ACC_02491,961dff0a659b4561334372337dd897d9,Seller 961dff0a,rio de janeiro,RJ,Standard,Electronics,1090805.73,36
ACC_02492,b33e7c55446eabf8fe1a42d037ac7d6d,Seller b33e7c55,pradopolis,SP,Standard,Retail,664181.89,33
ACC_02493,2235cf78d3e2073a88146a9cb60f0dd0,Seller 2235cf78,sao paulo,SP,Standard,Home & Garden,1986866.53,9
ACC_02494,218d46b86c1881d022bce9c68a7d4b15,Seller 218d46b8,ribeirao preto,SP,Standard,Retail,435770.01,30
ACC_02495,08d1c9478fb0d7d7fcac9c0da4e82fc7,Seller 08d1c947,belo horizonte,MG,Standard,Sports,1243054.4,43
ACC_02496,dfc475d54e1b6dbeeb7d7d9bdaa63827,Seller dfc475d5,curitiba,PR,Premium,Sports,1242210.42,42
ACC_02497,813348c996469b40f2e028d5429d3495,Seller 813348c9,jundiai,SP,Premium,Home & Garden,107843.36,5
ACC_02498,c394e193cda3b4225ff2094d32184849,Seller c394e193,sao paulo,SP,Enterprise,Electronics,1006186.49,9
ACC_02499,2745f798279e0ed033addcc1474776d7,Seller 2745f798,sao paulo,SP,Premium,Electronics,740973.22,48
ACC_02500,6b803197e03abd5056b4313306b4f29d,Seller 6b803197,sao paulo,SP,Premium,Retail,1430596.96,33
ACC_02501,bafc5aa11e413978be29040f51342e70,Seller bafc5aa1,belo horizonte,MG,Enterprise,Electronics,1878260.58,46
ACC_02502,44717f64ec2a457979cf83c429077666,Seller 44717f64,santa rosa,RS,Standard,Health & Beauty,1740136.82,37
ACC_02503,b7cc6c5e001441ae8cdd5c69a480cbe4,Seller b7cc6c5e,curitibanos,SC,Premium,Home & Garden,1262187.99,22
ACC_02504,af7cdac9d9897cddead9c6b08976c642,Seller af7cdac9,laranjal paulista,SP,Standard,Fashion,1325699.4,35
ACC_02505,b3e2faf2c1004d674f16a3aa3197f0e1,Seller b3e2faf2,ribeirao preto,SP,Premium,Sports,1526267.72,23
ACC_02506,670a9dda115b5a88b18cfadee8de2332,Seller 670a9dda,ribeirao preto,SP,Standard,Health & Beauty,1551324.7,18
ACC_02507,3b15288545f8928d3e65a8f949a28291,Seller 3b152885,ibitinga,SP,Standard,Sports,1451364.18,6
ACC_02508,3e35a8bb43569389d3cebef0ce820f69,Seller 3e35a8bb,sao paulo,SP,Standard,Sports,83054.51,33
ACC_02509,81783131d2a97c8d44d406a4be81b5d9,Seller 81783131,sorocaba,SP,Standard,Electronics,1458419.4,43
ACC_02510,29e6e05b65f93bc224c644319dc52ecf,Seller 29e6e05b,juiz de fora,MG,Premium,Fashion,1435975.89,6
ACC_02511,cce6ab8d1682639fe45ab70234f1665f,Seller cce6ab8d,curitiba,SP,Enterprise,Home & Garden,631694.69,39
ACC_02512,e1643dff33666ca629e3644c02738179,Seller e1643dff,sao paulo,SP,Standard,Home & Garden,895909.13,2
ACC_02513,76623fde66e6b63b59440fd34160512d,Seller 76623fde,guarulhos,SP,Premium,Fashion,740351.97,47
ACC_02514,5275ca25d0358ca73864e0ae41be1320,Seller 5275ca25,guarulhos,SP,Standard,Sports,1111801.77,19
ACC_02515,eb4df17aed01d918c65f0f8d650900c0,Seller eb4df17a,paulinia,SP,Enterprise,Fashion,1980949.43,37
ACC_02516,10089e9f2fd0c668a8fd4e52e1698888,Seller 10089e9f,sao jose do rio preto,SP,Standard,Fashion,699539.17,7
ACC_02517,c398bc00a606d33758afd91f4e64fd15,Seller c398bc00,rio de janeiro,RJ,Premium,Sports,1134484.07,22
ACC_02518,2f09f7d37a97956d11cc1a7cadd5262b,Seller 2f09f7d3,ribeirao preto,SP,Standard,Sports,799240.8,3
ACC_02519,e58a5b390e28abc0b216cfb0e07d27d7,Seller e58a5b39,rio de janeiro,RJ,Standard,Fashion,680732.49,31
ACC_02520,f41ce2e25237f9092cd8e6e7516c7a2f,Seller f41ce2e2,guarulhos,SP,Standard,Fashion,153428.15,14
ACC_02521,8e6cc767478edae941d9bd9eb778d77a,Seller 8e6cc767,araguari,MG,Premium,Fashion,431039.56,13
ACC_02522,028872bfa080090a9d0abd4f1af168f8,Seller 028872bf,ribeirao das neves,MG,Standard,Home & Garden,1805047.5,17
ACC_02523,1710c3aaa9c6b44ec3883ee0fe300e21,Seller 1710c3aa,sao caetano do sul,SP,Premium,Electronics,1211626.4,17
ACC_02524,52d76513f0c4d97f3b99570e2c94ee31,Seller 52d76513,novo hamburgo,RS,Premium,Electronics,160818.39,5
ACC_02525,dace965ca58120f92f8d742a9fa1864b,Seller dace965c,sao paulo,SP,Premium,Sports,1517533.37,41
ACC_02526,f5b44895715ddfe3087dc414f30268f3,Seller f5b44895,sorocaba,SP,Standard,Health & Beauty,1782338.91,31
ACC_02527,c8467937e403e76a8ee9f0ab13f6f5ef,Seller c8467937,pocos de caldas,MG,Premium,Electronics,926623.68,21
ACC_02528,56f413900b5166ab4d730e9ac0b12cb0,Seller 56f41390,sorocaba,SP,Standard,Electronics,520869.48,37
ACC_02529,3f8034bfc6b8b4135534975d49f04c63,Seller 3f8034bf,curitiba,PR,Standard,Retail,1315623.82,42
ACC_02530,4992e76a42cb3aad7a7047e0d3d7e729,Seller 4992e76a,sao paulo,SP,Standard,Fashion,1470669.4,5
ACC_02531,265fdc289dffa9f1ad801c74f7d0de47,Seller 265fdc28,jaci,SP,Standard,Electronics,163053.92,35
ACC_02532,0afccdb8a34ee5c79f7c06faf2b4d56e,Seller 0afccdb8,uberlandia,MG,Standard,Health & Beauty,1579171.45,33
ACC_02533,02dcd3e8e25bee036e32512bcf175493,Seller 02dcd3e8,contagem,MG,Premium,Fashion,1048698.23,40
ACC_02534,c9e5ad1f6647f5dbd1172adf6ae3cada,Seller c9e5ad1f,porto alegre,RS,Standard,Sports,118467.79,40
ACC_02535,02a2272692e13558373c66db98f05e2e,Seller 02a22726,rio de janeiro,RJ,Enterprise,Retail,1844261.85,23
ACC_02536,f783a638e9c6af4a7d0dbfde811e7a81,Seller f783a638,sao paulo,SP,Standard,Health & Beauty,418278.89,13
ACC_02537,0b18d63d0cd1d723567903fd34a07df2,Seller 0b18d63d,sp,SP,Standard,Retail,1852434.73,24
ACC_02538,3ef37b7ca6dd2b80bd8af81a62504996,Seller 3ef37b7c,sao paulo,SP,Standard,Home & Garden,1581893.27,36
ACC_02539,dd4d95ba2d15c071e6c695e2ef6ce169,Seller dd4d95ba,cachoeiro de itapemirim,ES,Premium,Retail,1940199.83,23
ACC_02540,7bb8fac2913a6064ec412e583c6d8b4d,Seller 7bb8fac2,bauru,SP,Premium,Home & Garden,1975702.5,26
ACC_02541,86649b1632b1c0e6c0bcb2c90a8b75d8,Seller 86649b16,medianeira,PR,Premium,Health & Beauty,1013736.43,15
ACC_02542,8dd386be0767c330276ea6a3f96532d3,Seller 8dd386be,paulo lopes,SC,Standard,Sports,407849.36,37
ACC_02543,deaadd805612bf94faaa9fa702516e11,Seller deaadd80,sao paulo,SP,Standard,Electronics,1248812.71,48
ACC_02544,5e063e85d44b0f5c3e6ec3131103a57e,Seller 5e063e85,sao paulo,SP,Premium,Health & Beauty,1935769.57,17
ACC_02545,6e4f5ff6b086632ba8dcb558fb10249e,Seller 6e4f5ff6,flores da cunha,RS,Standard,Retail,502832.01,20
ACC_02546,117cfc326c6d50da67ca858ff5c0c852,Seller 117cfc32,sao joao de meriti,RJ,Standard,Retail,1728487.18,23
ACC_02547,d25aa0aaacb370e912f8cf6efeba38b3,Seller d25aa0aa,massaranduba,SC,Standard,Electronics,804435.33,9
ACC_02548,c0e6839516f5398edc34adf5f1d53d1a,Seller c0e68395,guaruja,SP,Standard,Fashion,1340930.64,7
ACC_02549,119c7f1a00ef43fad0e57604e76a747c,Seller 119c7f1a,sao paulo,SP,Standard,Health & Beauty,1862133.71,21
ACC_02550,2953ce3a88f5e3c3b696d77fc9e4c8eb,Seller 2953ce3a,sao paulo,SP,Standard,Electronics,1149535.43,19
ACC_02551,bbf9ad41dca6603e614efcdad7aab8c4,Seller bbf9ad41,fortaleza,CE,Standard,Fashion,1403627.52,45
ACC_02552,d7b2377bae6ace1b11fc69a11900ac36,Seller d7b2377b,sao paulo,SP,Standard,Fashion,1451774.41,20
ACC_02553,57fe6232e67823593374a2281d7a8af8,Seller 57fe6232,capivari,SP,Standard,Fashion,1881144.45,10
ACC_02554,4da0e408c99d2fdc2126dc9fce518060,Seller 4da0e408,cornelio procopio,PR,Standard,Electronics,573513.02,22
ACC_02555,8b28d096634035667e8263d57ba3368c,Seller 8b28d096,sao jose dos campos,SP,Premium,Health & Beauty,732692.58,41
ACC_02556,82cb9f452fe8334df74b22d37824b431,Seller 82cb9f45,caxias do sul,RS,Standard,Sports,928012.11,15
ACC_02557,9bc484c87d79cd4874e05ca182658045,Seller 9bc484c8,sao paulo,SP,Premium,Electronics,417158.86,19
ACC_02558,c6218512d16fcac0af02fe92691cf274,Seller c6218512,contagem,MG,Premium,Electronics,655256.79,33
ACC_02559,d17f467e4bf608a510c20d82f4ba3b6b,Seller d17f467e,caxias do sul,RS,Premium,Electronics,863964.05,8
ACC_02560,4371b634e0efc0e22b09b52907d9d469,Seller 4371b634,sao paulo,SP,Standard,Home & Garden,599917.88,5
ACC_02561,1b45169b635ef59425637e9a33eb5fb3,Seller 1b45169b,maringa,PR,Premium,Retail,1161188.86,23
ACC_02562,bd23da7354813347129d751591d1a6e2,Seller bd23da73,sao paulo,SP,Premium,Electronics,1792869.98,20
ACC_02563,412a4720f3e9431b4afa1476a1acddbe,Seller 412a4720,campinas,SP,Enterprise,Retail,739345.71,33
ACC_02564,7238a95bb63ef7e498389fb863b834a1,Seller 7238a95b,limeira,SP,Standard,Sports,395995.49,47
ACC_02565,26785a546900236d66f2e4197c211158,Seller 26785a54,sao paulo,SP,Standard,Home & Garden,928928.0,13
ACC_02566,b7ed9fb14c8eadb37adb9c45d67ab0fb,Seller b7ed9fb1,jacarei,SP,Enterprise,Electronics,397557.33,46
ACC_02567,a0d7fbb07bb5ebc3b05980e750db56f3,Seller a0d7fbb0,ferraz de vasconcelos,SP,Standard,Sports,150070.4,6
ACC_02568,10264f60a8f0a4d2f30810f5c661c673,Seller 10264f60,campinas,SP,Standard,Fashion,1410481.79,46
ACC_02569,35857757f553273b1056c1cabdace7fb,Seller 35857757,ribeirao preto,SP,Standard,Sports,174542.0,18
ACC_02570,538caafddff204241cecbf3a02e6b3cf,Seller 538caafd,sao paulo,SP,Standard,Retail,92889.74,45
ACC_02571,913fd0ebba70bb919f7254a02239173c,Seller 913fd0eb,blumenau,SC,Standard,Home & Garden,1035528.46,23
ACC_02572,b2eecf5ea250510da76590ca79d60e5d,Seller b2eecf5e,sao paulo,SP,Premium,Sports,164961.96,23
ACC_02573,1c742ac33582852aaf3bcfbf5893abcf,Seller 1c742ac3,belo horizonte,MG,Standard,Home & Garden,688794.71,39
ACC_02574,8f2ce03f928b567e3d56181ae20ae952,Seller 8f2ce03f,pirituba,SP,Standard,Home & Garden,1807029.51,21
ACC_02575,4d9fea3499bdc22aa4da4e339365f215,Seller 4d9fea34,sao paulo,SP,Standard,Retail,1016485.29,44
ACC_02576,d4e12e7884759a14fa0f5f896c791cae,Seller d4e12e78,sao paulo,SP,Standard,Home & Garden,827575.1,9
ACC_02577,e24fc9fcd865784fb25705606fe3dfe7,Seller e24fc9fc,braganca paulista,SP,Premium,Fashion,232433.59,35
ACC_02578,5882f40daf39bc2a465e0cb453ddc222,Seller 5882f40d,sao paulo,SP,Standard,Retail,205053.33,10
ACC_02579,26e2c91ef821e1ff8985f408788fe35b,Seller 26e2c91e,ibitinga,SP,Standard,Retail,726506.83,26
ACC_02580,53336f97ddbe53e2a617d07b17447b95,Seller 53336f97,sao paulo,SP,Standard,Home & Garden,951882.37,19
ACC_02581,fec8cd45395b3cb0c2b173d7739706a1,Seller fec8cd45,jambeiro,SP,Premium,Home & Garden,1316297.71,10
ACC_02582,e116c7455dd26a4d8c3e92532583905f,Seller e116c745,sao paulo,SP,Standard,Retail,504978.0,34
ACC_02583,900ba814c251a692506d7834c1218441,Seller 900ba814,salto,SP,Standard,Electronics,1221448.29,24
ACC_02584,afe0067131b73e40875c9b6c10bd2e21,Seller afe00671,lagoa da prata,MG,Enterprise,Retail,788989.83,49
ACC_02585,542917da124346b47ea1ac79a93ce454,Seller 542917da,curitiba,PR,Standard,Home & Garden,1259101.91,32
ACC_02586,35b96509602ec4b7da831b5cd73ff2c2,Seller 35b96509,sao leopoldo,RS,Premium,Retail,286609.09,4
ACC_02587,4a23adac87cf538689fa600d976f78b2,Seller 4a23adac,sao paulo,SP,Standard,Electronics,826197.42,25
ACC_02588,85cc55e048b6bcc90c75afe7f0e72f72,Seller 85cc55e0,barra mansa,RJ,Standard,Health & Beauty,56110.24,47
ACC_02589,2009a095de2a2a41626f6c6d7722678d,Seller 2009a095,sao jose do rio preto,SP,Standard,Sports,559171.11,13
ACC_02590,3a52d63a8f9daf5a28f3626d7eb9bd28,Seller 3a52d63a,aguas claras df,SP,Standard,Retail,1514044.7,9
ACC_02591,e9b6c33b71b67737693b4cfa68341c8d,Seller e9b6c33b,sao paulo,SP,Premium,Sports,1348577.39,12
ACC_02592,c458e2045a8aa8964f8879af03fdcce6,Seller c458e204,sao caetano do sul,SP,Standard,Health & Beauty,1650672.02,25
ACC_02593,6601ee6383e7f452be71929f8de48bbb,Seller 6601ee63,ribeirao pretp,SP,Enterprise,Sports,419689.9,44
ACC_02594,5a4236931428800e9d9cc04af0987118,Seller 5a423693,sao paulo,SP,Standard,Fashion,1443151.84,11
ACC_02595,258447aad3f7b01e2643c89f64dc5647,Seller 258447aa,cianorte,PR,Standard,Fashion,416493.54,11
ACC_02596,8a32e327fe2c1b3511609d81aaf9f042,Seller 8a32e327,sao paulo,SP,Standard,Home & Garden,260328.61,48
ACC_02597,0f519b0d2e5eb2227c93dd25038bfc01,Seller 0f519b0d,ibitinga,SP,Premium,Retail,540060.92,49
ACC_02598,d7d517afce974cd491b8d52bb5b5b1fc,Seller d7d517af,sao paulo,SP,Standard,Fashion,1758519.85,13
ACC_02599,ec5c1d94df153d473b37f880977ae58e,Seller ec5c1d94,rio de janeiro,SP,Enterprise,Home & Garden,421117.01,35
ACC_02600,31561f325664a8a7aba4c8d0c3a9b3db,Seller 31561f32,sao paulo,SP,Standard,Retail,503202.58,44
ACC_02601,70c4eedec9cb4a85cda2f3f9673557b4,Seller 70c4eede,sao paulo,SP,Premium,Fashion,954591.71,1
ACC_02602,4fb41dff7c50136976d1a5cf004a42e2,Seller 4fb41dff,feira de santana,BA,Enterprise,Home & Garden,1487464.13,19
ACC_02603,d23019c84ffae2d5ef2270367b8605fc,Seller d23019c8,londrina,PR,Standard,Fashion,1508346.72,1
ACC_02604,ad8ada0ffa993cb1197d102d9ab21a3e,Seller ad8ada0f,araguari,MG,Enterprise,Home & Garden,566182.01,24
ACC_02605,ce20a2ec1514c25e16f2b5b39bc818f0,Seller ce20a2ec,sao paulo,SP,Enterprise,Fashion,1067328.37,5
ACC_02606,0f94588695d71662beec8d883ffacf09,Seller 0f945886,florianopolis,SC,Premium,Fashion,1520841.4,36
ACC_02607,3a79f35a2344ede41af21267f61d5ec6,Seller 3a79f35a,campinas,SP,Standard,Health & Beauty,1043425.8,13
ACC_02608,b586cd24c010a13916af621b0325fbba,Seller b586cd24,rio do sul,SC,Enterprise,Retail,1076659.95,42
ACC_02609,2075d8cd4dd63ff12df0749a5866bb06,Seller 2075d8cd,curitiba,PR,Standard,Health & Beauty,321366.07,26
ACC_02610,0d83f8e03188682112cc0d93523705cc,Seller 0d83f8e0,porto alegre,RS,Standard,Fashion,710514.74,24
ACC_02611,85044848b1b767db2a4a58526adef4b4,Seller 85044848,osasco,SP,Premium,Home & Garden,1386960.63,17
ACC_02612,c3251e13f1bbda6c74e37c160f991e19,Seller c3251e13,porto ferreira,SP,Standard,Electronics,1912279.03,19
ACC_02613,4a1f694197d05fe70026b016a7316b41,Seller 4a1f6941,pedreira,SP,Standard,Health & Beauty,1061226.57,41
ACC_02614,6ebf4eceee4dd9847201c82e77ef8123,Seller 6ebf4ece,rio de janeiro,RJ,Standard,Sports,251741.39,3
ACC_02615,0873d9f8f36123f8d910f4760e788cfb,Seller 0873d9f8,barueri,SP,Premium,Electronics,614512.58,1
ACC_02616,a44fb5a447105f8469bdf16bf9159f25,Seller a44fb5a4,porto alegre,RS,Premium,Health & Beauty,1067608.95,27
ACC_02617,dcf3755cefcdc158ad0b7bdde51e871b,Seller dcf3755c,cachoeira do sul,RS,Premium,Health & Beauty,1765358.52,19
ACC_02618,4869f7a5dfa277a7dca6462dcf3b52b2,Seller 4869f7a5,guariba,SP,Premium,Retail,820512.95,9
ACC_02619,6bb66d9870c2e01c05655c7ed0e7ee13,Seller 6bb66d98,sao paulo,SP,Standard,Home & Garden,225023.12,42
ACC_02620,1c5e4e49b9079480255b49d50aac1aa9,Seller 1c5e4e49,santos,SP,Standard,Home & Garden,614738.59,43
ACC_02621,6a3139c7bf09ece22a4713d956acbe5e,Seller 6a3139c7,sao sebastiao da grama/sp,SP,Standard,Home & Garden,1876994.89,21
ACC_02622,37515688008a7a40ac93e3b2e4ab203f,Seller 37515688,dracena,SP,Standard,Health & Beauty,984033.51,21
ACC_02623,8fec2e460530482132c436cfb5439925,Seller 8fec2e46,laranjal paulista,SP,Standard,Retail,795991.96,24
ACC_02624,1746c1ae87ac63d530c7c943d0ac42e2,Seller 1746c1ae,santana de parnaiba,SP,Premium,Fashion,732327.72,27
ACC_02625,afac9f6b0c4e5f0a7ee87e922cd0f873,Seller afac9f6b,bauru,SP,Premium,Sports,1075279.27,43
ACC_02626,3be5841cdcc46de4ed3f9116f104b2c5,Seller 3be5841c,barueri,SP,Standard,Home & Garden,1429882.41,19
ACC_02627,0249d282d911d23cb8b869ab49c99f53,Seller 0249d282,sao paulo,SP,Premium,Home & Garden,613657.9,13
ACC_02628,23ca5f678e0b3ea6c630b30fa8bf51ea,Seller 23ca5f67,sao paulo,SP,Premium,Health & Beauty,536036.12,12
ACC_02629,5eeb9c756d9780b96283e5a2ac6da334,Seller 5eeb9c75,ribeirao preto,SP,Premium,Fashion,192318.92,4
ACC_02630,25be943a321c8938947bdaabca979a90,Seller 25be943a,sao bernardo do campo,SP,Standard,Electronics,1590144.66,33
ACC_02631,818d28f936e791926d33bcb6ee94ef79,Seller 818d28f9,sao paulo,SP,Premium,Sports,298606.17,29
ACC_02632,bfd938b22bc99bce1ae60dc602889f52,Seller bfd938b2,rio de janeiro,RJ,Premium,Fashion,96690.22,34
ACC_02633,c12b92bf1c350f3e6bf88d3596219c86,Seller c12b92bf,garca,SP,Standard,Sports,1877083.34,39
ACC_02634,97e995629983723d11830a829bc2b246,Seller 97e99562,lorena,SP,Premium,Fashion,655413.36,37
ACC_02635,ffa6adafb71b807dc13159e26431354c,Seller ffa6adaf,londrina,PR,Premium,Sports,1491654.06,26
ACC_02636,080102cd0a76b09e0dcf55fcacc60e05,Seller 080102cd,belo horizonte,MG,Premium,Sports,1980179.29,15
ACC_02637,5a6a02f419701fc8c605af71d4fc57a4,Seller 5a6a02f4,americana,SP,Premium,Fashion,768478.99,36
ACC_02638,94b9108d4b637ba65bb4f1e53cfcf8d8,Seller 94b9108d,guarulhos,SP,Premium,Fashion,638372.01,10
ACC_02639,0fe2d9733ed841eb064503920015a8c0,Seller 0fe2d973,ourinhos,SP,Standard,Health & Beauty,407514.35,41
ACC_02640,154bdf805377afea75a3bd158e9eab10,Seller 154bdf80,ibitinga,SP,Premium,Electronics,772541.25,10
ACC_02641,b2ac621f0d0322434d04a12b078b9369,Seller b2ac621f,curitiba,PR,Enterprise,Health & Beauty,1823566.25,25
ACC_02642,9c54608f0996c32ae4743089d915f845,Seller 9c54608f,loanda,PR,Standard,Health & Beauty,1045376.48,49
ACC_02643,17306570e772e7718c92a562d33f5f1d,Seller 17306570,bariri,SP,Standard,Home & Garden,484219.36,7
ACC_02644,244c2f1bff6afe1f2eaf9bfe9b2aed38,Seller 244c2f1b,mogi das cruzes,SP,Standard,Retail,1612476.38,8
ACC_02645,71039d19d4303bf9054d69e9a9236699,Seller 71039d19,sao paulo,SP,Premium,Fashion,837778.67,46
ACC_02646,54065e9aef7e9e9c2dc23b7594db021a,Seller 54065e9a,rio de janeiro,RJ,Standard,Fashion,400175.25,17
ACC_02647,7ad41305e96a6cab8294cd65891e9a86,Seller 7ad41305,rio bonito,SP,Premium,Fashion,290913.13,12
ACC_02648,25e47381a6c510ddeb36084e33b89f0c,Seller 25e47381,praia grande,SP,Enterprise,Electronics,1960743.69,18
ACC_02649,4d6d651bd7684af3fffabd5f08d12e5a,Seller 4d6d651b,jau,SP,Standard,Health & Beauty,719959.54,14
ACC_02650,24a6daf925d9d591870a66660416de31,Seller 24a6daf9,robeirao preto,SP,Premium,Electronics,450704.55,37
ACC_02651,f0563bacf40c311f1c4d3d6b67b8a7a7,Seller f0563bac,tubarao,SC,Premium,Retail,1389754.32,38
ACC_02652,b76dba6c951ab00dc4edf0a1aa88037e,Seller b76dba6c,sao paulo,SP,Standard,Electronics,1341428.46,15
ACC_02653,1bc2e21de46adfea6b98cc96b00f3b40,Seller 1bc2e21d,joinville,SC,Standard,Retail,886252.62,24
ACC_02654,b1204cfda1d4948679db3cfc0d3cb95c,Seller b1204cfd,guarulhos,SP,Standard,Retail,756859.74,25
ACC_02655,b4ffb71f0cb1b1c3d63fad021ecf93e1,Seller b4ffb71f,sao paulo,SP,Standard,Electronics,1988905.2,48
ACC_02656,165b1235e9e9942cb5fae67103576fb0,Seller 165b1235,ribeirao preto,SP,Standard,Fashion,734296.21,49
ACC_02657,8eb88b0acb3f90a717ad659221471fa7,Seller 8eb88b0a,cacador,SC,Standard,Sports,1083553.37,20
ACC_02658,9599519be538b98748162a2b48248960,Seller 9599519b,sao paulo,SP,Standard,Health & Beauty,1113326.97,3
ACC_02659,0417b067eeab773d2f7061a726dc477f,Seller 0417b067,sao bento do sul,SC,Premium,Electronics,53115.73,24
ACC_02660,c26ba52cf8d2f34915f2f6b7ffa0a3f3,Seller c26ba52c,rio de janeiro,RJ,Enterprise,Health & Beauty,584203.6,6
ACC_02661,e5cbe890e679490127e9a390b46bbd20,Seller e5cbe890,sao paulo,SP,Premium,Health & Beauty,1119904.54,27
ACC_02662,974cf2cb8f4b7add98709c30df02fe10,Seller 974cf2cb,araraquara,SP,Standard,Health & Beauty,1045240.6,45
ACC_02663,3c487ae8f8d7542beff5788e2e0aea83,Seller 3c487ae8,gama,DF,Premium,Health & Beauty,123744.32,26
ACC_02664,4a3ccda38b2129705f3fb522db62ca31,Seller 4a3ccda3,marilia,SP,Premium,Home & Garden,1230812.72,37
ACC_02665,876182d1918783bbe15233febfbd4926,Seller 876182d1,sao paulo,SP,Standard,Sports,1837764.38,13
ACC_02666,33576ec5412fb5905d876f12f33bfde6,Seller 33576ec5,curitiba,PR,Standard,Retail,1994760.4,10
ACC_02667,5b85809efd0d0e4dea1a9544e1280ed9,Seller 5b85809e,presidente prudente,SP,Enterprise,Electronics,733107.28,21
ACC_02668,5566627eab3fe93fd6ee08798226101a,Seller 5566627e,sao jose dos pinhais,PR,Premium,Home & Garden,1867334.92,44
ACC_02669,e504a4e2efaa45cbff7e268a2c58c956,Seller e504a4e2,sao pedro,SP,Enterprise,Health & Beauty,398043.93,27
ACC_02670,056b4ada5bbc2c50cc7842547dda6b51,Seller 056b4ada,queimados,RJ,Standard,Sports,1829730.99,19
ACC_02671,1e483cc5c76fef08d3ca05f9a8af7d01,Seller 1e483cc5,sao paulo,SP,Premium,Health & Beauty,1925223.26,24
ACC_02672,9b1050e85becf3ae99c1cf4934c9bc5d,Seller 9b1050e8,montes claros,MG,Standard,Home & Garden,189509.77,21
ACC_02673,b248792ac0b60ec3f93d80af1b4fae47,Seller b248792a,sao caetano do sul,SP,Standard,Electronics,1008350.74,35
ACC_02674,34056b8b55c1775a22af2331670a799c,Seller 34056b8b,penapolis,SP,Standard,Retail,1030207.79,17
ACC_02675,21d59342ba150175ca2aa4f8faddeca6,Seller 21d59342,itaquaquecetuba,SP,Standard,Sports,1643977.58,11
ACC_02676,23c38debaffe4a25a30fdbd9b586a13f,Seller 23c38deb,votorantim,SP,Premium,Fashion,1770981.27,35
ACC_02677,d9c349beabc06aa6ff1c6d68b5e9e22e,Seller d9c349be,sao paulo,SP,Standard,Electronics,1008170.85,16
ACC_02678,49f8d2ea7b718d0ce587d34207caf2b4,Seller 49f8d2ea,sao bernardo do campo,SP,Premium,Fashion,1469448.56,10
ACC_02679,bd1d49a326abfa9b1036772e40445430,Seller bd1d49a3,bauru,SP,Premium,Sports,1713568.39,30
ACC_02680,6861de0f40cacb0602e473c51639f980,Seller 6861de0f,curitiba,PR,Standard,Fashion,1951731.36,47
ACC_02681,c9c7905cffc4ef9ff9f113554423e671,Seller c9c7905c,itapecerica da serra,SP,Premium,Electronics,1606343.46,14
ACC_02682,aa17b35ce4de7b565be3249ba838944f,Seller aa17b35c,jundiai,SP,Premium,Retail,1148663.05,41
ACC_02683,0887a9f087bcd5d9f6642b52f897fc6c,Seller 0887a9f0,cananeia,SP,Standard,Sports,1280050.62,9
ACC_02684,abc015ebac1d283a323ca9db35ede4b9,Seller abc015eb,ribeirao preto,SP,Standard,Health & Beauty,1903712.56,34
ACC_02685,00720abe85ba0859807595bbf045a33b,Seller 00720abe,guarulhos,SP,Enterprise,Retail,1462535.0,40
ACC_02686,75d34ebb1bd0bd7dde40dd507b8169c3,Seller 75d34ebb,salvador,BA,Standard,Sports,1358293.18,44
ACC_02687,e5e33c0d8e7e002f398f5dc4cbbb338f,Seller e5e33c0d,bauru,SP,Standard,Home & Garden,1313813.89,28
ACC_02688,8f54d64f28a993550aa7943f12572959,Seller 8f54d64f,ipatinga,MG,Standard,Home & Garden,1738083.51,5
ACC_02689,91f5779a8731baca4809fdeade81803f,Seller 91f5779a,barra mansa,RJ,Premium,Electronics,60909.42,3
ACC_02690,13074f016982ff2bd6c58ced8682f000,Seller 13074f01,bento goncalves,RS,Standard,Retail,421234.19,41
ACC_02691,bec568278124768c474ee90971ca94d1,Seller bec56827,sao paulo,SP,Premium,Health & Beauty,1760985.47,11
ACC_02692,534a01cc6df1e034e05c32028a291fa2,Seller 534a01cc,jundiai,SP,Standard,Fashion,1504017.83,24
ACC_02693,cd3d09fbe6e3e9ff0c0ac0c300e93ae7,Seller cd3d09fb,nova odessa,SP,Standard,Electronics,1533935.5,24
ACC_02694,57e632711dec9ec14ca7546769483e7e,Seller 57e63271,navegantes,SC,Enterprise,Home & Garden,1669581.63,8
ACC_02695,cb3dd9ce66268c7a3ca7241ac70ab58c,Seller cb3dd9ce,sao paulo,SP,Standard,Sports,907724.01,46
ACC_02696,094ced053e257ae8cae57205592d6712,Seller 094ced05,ribeirao preto,SP,Standard,Home & Garden,173286.71,16
ACC_02697,9906e7aa42a3c067b7c9a564d01c4320,Seller 9906e7aa,maringa,PR,Enterprise,Health & Beauty,1717223.57,16
ACC_02698,1f1bb1f0859883505541bdd6606193e5,Seller 1f1bb1f0,sao paulo,SP,Premium,Retail,899067.47,43
ACC_02699,4200ddf1967c5e41e48db62bc6d4b5ac,Seller 4200ddf1,sao bernardo do campo,SP,Standard,Electronics,1342989.86,36
ACC_02700,ed9eef5be0992d413d251fadba1a410d,Seller ed9eef5b,mogi guacu,SP,Standard,Fashion,627323.75,7
ACC_02701,139157dd4daa45c25b0807ffff348363,Seller 139157dd,sao paulo,SP,Premium,Home & Garden,628139.28,30
ACC_02702,c1849d4d32d7a6cecd5aa471809d3135,Seller c1849d4d,santo andre,SP,Standard,Fashion,1364623.81,43
ACC_02703,64b87978a11c1ea7501a89eabe8c2c1a,Seller 64b87978,presidente bernardes,SP,Standard,Sports,814981.0,12
ACC_02704,33ab10be054370c254ddfcf0a6253422,Seller 33ab10be,rio de janeiro,RJ,Premium,Electronics,854552.69,34
ACC_02705,bff9deb0ec77d437f3305a79cf25529e,Seller bff9deb0,limeira,SP,Standard,Retail,1321316.61,10
ACC_02706,3fefda3299e6dfaea3466ef346a3571a,Seller 3fefda32,curitiba,PR,Enterprise,Retail,1501467.11,4
ACC_02707,236585a4ddb5fea9fa40233e2249ed91,Seller 236585a4,caxias do sul,RS,Standard,Electronics,1187977.47,49
ACC_02708,499ec63c58e51296c9cf57edcfe1c8a8,Seller 499ec63c,sao paulo,SP,Premium,Retail,1532973.22,28
ACC_02709,6f83d9e4da896daae20b9b6b2d3ff8d2,Seller 6f83d9e4,pinhalao,PR,Standard,Sports,1649257.68,5
ACC_02710,35ef5aa32949680f627efec3c23e705c,Seller 35ef5aa3,sombrio,SC,Standard,Retail,641578.39,43
ACC_02711,403aa86912527d730337ffcb0fb096ab,Seller 403aa869,belo horizonte,MG,Standard,Home & Garden,1972337.11,32
ACC_02712,ec8463980a4e0ea9f8517aea1ed0c419,Seller ec846398,florianopolis,SC,Standard,Health & Beauty,679642.66,27
ACC_02713,c847e075301870dd144a116762eaff9a,Seller c847e075,uberaba,MG,Enterprise,Sports,263444.3,13
ACC_02714,6c77cd583b36a13aacccf2b3ee23e233,Seller 6c77cd58,marilia,SP,Standard,Fashion,1546650.35,45
ACC_02715,5ef131ac72773e5b3f6c0d63cf424657,Seller 5ef131ac,ribeirao preto,SP,Standard,Electronics,226985.51,43
ACC_02716,6cf476a4ca74498db55cbccdaa9dcfb6,Seller 6cf476a4,sao paulo,SP,Standard,Fashion,169257.35,37
ACC_02717,c447f8dd3ed213f291d65ef074a268eb,Seller c447f8dd,assis,SP,Standard,Home & Garden,558295.11,3
ACC_02718,4736e9d642ef4257cd7622516931eb51,Seller 4736e9d6,piracicaba,SP,Premium,Home & Garden,777593.65,37
ACC_02719,a5cba26a62b8b4d0145b68b841e62e7f,Seller a5cba26a,campo mourao,PR,Premium,Health & Beauty,1688039.55,24
ACC_02720,a1bea9970d8f65b240555f99c2214f7f,Seller a1bea997,pinhais,PR,Standard,Fashion,404165.05,37
ACC_02721,1025f0e2d44d7041d6cf58b6550e0bfa,Seller 1025f0e2,sao paulo,SP,Standard,Sports,520460.1,19
ACC_02722,a5dd1946fb63ada8bcaa0c9cd8f11e22,Seller a5dd1946,caruaru,PE,Standard,Fashion,420993.71,10
ACC_02723,c5f7feb04a6a1fb3596322bfc3cf1917,Seller c5f7feb0,sao caetano do sul,SP,Premium,Home & Garden,279539.69,2
ACC_02724,c3e1abd72a42fe690fcd89cf5720fe29,Seller c3e1abd7,mogi guacu,SP,Standard,Fashion,1511312.57,16
ACC_02725,891071be6ba827b591264c90c2ae8a63,Seller 891071be,sao paulo,SP,Standard,Health & Beauty,880836.27,10
ACC_02726,491a5ada3aa1678414e990262c4bbdc1,Seller 491a5ada,sao paulo,SP,Standard,Fashion,1250122.99,16
ACC_02727,84deb808079d1be601c209c1e771b1cc,Seller 84deb808,curitiba,PR,Standard,Home & Garden,1646536.71,42
ACC_02728,dd58ee93286b0821565574c570e9e1dc,Seller dd58ee93,curitiba,PR,Enterprise,Retail,1975425.66,46
ACC_02729,9558aa23f77a9e0a0eca83540999f43b,Seller 9558aa23,apucarana,PR,Standard,Retail,381274.1,1
ACC_02730,3c4e0452bff7a2a788179488d3d77032,Seller 3c4e0452,colombo,PR,Premium,Retail,1342508.68,13
ACC_02731,ca5832c6960267b71041f74bb39e8b12,Seller ca5832c6,xanxere,SC,Premium,Retail,1155595.28,8
ACC_02732,668bf321538e5072858eaef6087ce027,Seller 668bf321,pinhais,PR,Standard,Electronics,238983.25,28
ACC_02733,01266d4c46afa519678d16a8b683d325,Seller 01266d4c,curitiba,PR,Standard,Home & Garden,837962.14,33
ACC_02734,6c99c983ce3b6ba0ab813e6790e81691,Seller 6c99c983,uberlandia,MG,Standard,Home & Garden,913711.76,17
ACC_02735,6aa3928696eab49a19a466e665a649fd,Seller 6aa39286,nova iguacu,RJ,Standard,Fashion,1861604.54,9
ACC_02736,7d81e74a4755b552267cd5e081563028,Seller 7d81e74a,sao paulo,SP,Premium,Health & Beauty,1774117.89,29
ACC_02737,f8d5c7085db9a4ad2b8c1ffbeb2798c8,Seller f8d5c708,sao paulo,SP,Standard,Home & Garden,511753.43,31
ACC_02738,7586919161935337bf6b6d7ff5779648,Seller 75869191,rio de janeiro,RJ,Standard,Fashion,1528078.32,41
ACC_02739,47f55702f598c7c6cc8458b0fbc1c49a,Seller 47f55702,dores de campos,MG,Premium,Sports,212986.84,10
ACC_02740,50a7e551a7b3f8d37cd6e32d8bfbe5ea,Seller 50a7e551,sao caetano do sul,SP,Standard,Home & Garden,1201877.76,2
ACC_02741,ea1776927851da2532aa70d6a32c095a,Seller ea177692,sao paulo,SP,Enterprise,Retail,1437657.22,35
ACC_02742,827f8f69dfa529c561901c4f2e0f332f,Seller 827f8f69,curitiba,PR,Standard,Health & Beauty,1888880.81,18
ACC_02743,60ad151920c4f6f3ebbe8cfdf6166779,Seller 60ad1519,carapicuiba,SP,Standard,Home & Garden,590940.13,3
ACC_02744,59fb871bf6f4522a87ba567b42dafecf,Seller 59fb871b,sao paulo,SP,Standard,Sports,251344.26,18
ACC_02745,fa74b2f3287d296e9fbd2cc80f2d1cf1,Seller fa74b2f3,presidente prudente,SP,Standard,Electronics,1604562.58,5
ACC_02746,52454f90d4c30c016768db02f88c1a74,Seller 52454f90,campinas,SP,Premium,Health & Beauty,1277533.78,8
ACC_02747,a1043bafd471dff536d0c462352beb48,Seller a1043baf,ilicinea,MG,Standard,Fashion,1570292.94,15
ACC_02748,3338e7a0710a195872be80e0d2423867,Seller 3338e7a0,piracicaba,SP,Standard,Health & Beauty,938222.17,43
ACC_02749,8378eb36b6b70c5734e83ad7b8cdc3b7,Seller 8378eb36,itajai,SC,Standard,Electronics,100958.49,30
ACC_02750,f7df46c1e0ec44eed5c6726478da4a17,Seller f7df46c1,novo hamburgo,RS,Standard,Home & Garden,93227.52,47
ACC_02751,3fac58ce0ad699020c7944d53c41329c,Seller 3fac58ce,sao paulo,SP,Enterprise,Electronics,341858.18,44
ACC_02752,debe6615cd90cc0c2eac2b8988e1f628,Seller debe6615,sao paulo,SP,Standard,Health & Beauty,1698560.44,7
ACC_02753,baa49d93c8c8841e27400a300f5d74b2,Seller baa49d93,sao jose,SC,Premium,Sports,1668765.97,29
ACC_02754,5ca5d579b5857ee8709479b1047cecc3,Seller 5ca5d579,sao paulo,SP,Premium,Sports,1011114.66,32
ACC_02755,3b872fd4747f01cc56206f2934198618,Seller 3b872fd4,ibitinga,SP,Premium,Health & Beauty,543464.59,40
ACC_02756,a4fc6eadaff1576af888509a53420f6a,Seller a4fc6ead,sao caetano do sul,SP,Standard,Retail,1250234.36,33
ACC_02757,7402d13c03a7e91366337cd1de471144,Seller 7402d13c,cambe,PR,Premium,Retail,801673.92,27
ACC_02758,6e4a902d1054e4e17aa6eab87fac1c75,Seller 6e4a902d,sorocaba,SP,Standard,Sports,269150.04,37
ACC_02759,ff82e8873fba613f2261a9acc896fd84,Seller ff82e887,itabira,MG,Standard,Fashion,161156.88,27
ACC_02760,92eb0f42c21942b6552362b9b114707d,Seller 92eb0f42,sao paulo,SP,Standard,Home & Garden,1630827.21,19
ACC_02761,f125f3a310c2e5f822d116147de1e474,Seller f125f3a3,sao paulo,SP,Standard,Home & Garden,579808.94,18
ACC_02762,72146da5774cabf2632faedcae097a76,Seller 72146da5,marechal candido rondon,PR,Standard,Fashion,282004.49,36
ACC_02763,b9c0ffa92f3ff9a5a3d45ef7213c0842,Seller b9c0ffa9,sao paulo,SP,Enterprise,Sports,1246083.93,49
ACC_02764,1d139e3a3b14025640d8df1b230aace0,Seller 1d139e3a,barrinha,SP,Premium,Sports,52434.93,9
ACC_02765,883dd81e82754ac2c65e9790a7db8c9a,Seller 883dd81e,curitiba,PR,Standard,Fashion,440064.38,26
ACC_02766,09883d9ab71c8fe8a9bfc7fc3075b07e,Seller 09883d9a,sao paulo,SP,Standard,Electronics,1780763.54,26
ACC_02767,2f1e7b90e01d9f086cbcb301c0c3d406,Seller 2f1e7b90,blumenau,SC,Standard,Health & Beauty,1578905.45,33
ACC_02768,6bbcb8924baf70b7fe2fe2097e8cd407,Seller 6bbcb892,blumenau,SC,Standard,Fashion,1740547.79,19
ACC_02769,8e4f041ff58e7845456d3482524014b3,Seller 8e4f041f,porto alegre,RS,Premium,Electronics,1482647.08,39
ACC_02770,0ec28cec4046a4a199b6de9b4c891d97,Seller 0ec28cec,goiania,GO,Enterprise,Sports,663535.19,38
ACC_02771,5debea795b07621e1f90532e18f96145,Seller 5debea79,apucarana,PR,Premium,Home & Garden,459331.21,12
ACC_02772,2709af9587499e95e803a6498a5a56e9,Seller 2709af95,sao paulo,SP,Standard,Electronics,1585042.35,13
ACC_02773,bd43e172d599bed47a85da877172ca8c,Seller bd43e172,sao bento do sul,SC,Standard,Home & Garden,1569543.45,41
ACC_02774,725c32fa80c2faacc4fc88450d27314e,Seller 725c32fa,sao paulo,SP,Standard,Health & Beauty,241559.5,7
ACC_02775,850913d59ce317156b00f3705f1c3edb,Seller 850913d5,atibaia,SP,Premium,Electronics,265612.0,2
ACC_02776,7354220fb240bde543b3c40c060d41e7,Seller 7354220f,brasilia,DF,Premium,Fashion,488748.3,10
ACC_02777,e8b3a3a38279a82f0e5d006d5e5b7d2c,Seller e8b3a3a3,jussara,PR,Standard,Retail,1784307.13,18
ACC_02778,b17b679f4f5ce2e03ce6968c62648246,Seller b17b679f,ribeirao preto,SP,Premium,Home & Garden,229391.76,37
ACC_02779,43a1d4bab73b816e44ef4e4facd9f9b5,Seller 43a1d4ba,maringa,PR,Enterprise,Retail,775515.19,32
ACC_02780,dd264199fc8b687ad029de7de6d760e6,Seller dd264199,cascavel,PR,Premium,Home & Garden,1790003.48,33
ACC_02781,67225bff54a172ff67579aaf583efd78,Seller 67225bff,marechal candido rondon,PA,Standard,Fashion,1980531.44,36
ACC_02782,baeda7047354773262ba2405f97038ba,Seller baeda704,americana,SP,Premium,Sports,206895.19,20
ACC_02783,167fd940acebc789debd6eb418c46e38,Seller 167fd940,franca,SP,Premium,Fashion,856010.21,37
ACC_02784,4ef4c39cf3c24f326434cf0b2e48046a,Seller 4ef4c39c,sao paulo,SP,Standard,Electronics,1454902.72,42
ACC_02785,ce616e1913288884e7742faac9d981db,Seller ce616e19,cotia,SP,Standard,Electronics,1806077.62,29
ACC_02786,a1474fd46fd3430168f7ec202da39408,Seller a1474fd4,pinhais,SP,Premium,Retail,1546684.03,31
ACC_02787,1b61fb1f0f2185d89e9a126c498e9cc7,Seller 1b61fb1f,maringa,PR,Enterprise,Sports,1838944.51,10
ACC_02788,2ff6b7bff164ef05590a52734e1296da,Seller 2ff6b7bf,londrina,PR,Standard,Sports,744457.45,28
ACC_02789,e4253cef933647000a82ff39c67b7bde,Seller e4253cef,sao paulo,SP,Premium,Health & Beauty,453176.12,45
ACC_02790,3a3c180dd702a725bd0ba4117689239e,Seller 3a3c180d,uniao da vitoria,PR,Premium,Home & Garden,1865833.5,31
ACC_02791,bce6a5ecf98e99fd2a8868b15c51f04b,Seller bce6a5ec,guarulhos,SP,Standard,Fashion,1710298.59,28
ACC_02792,ea65d8b58316a6f2362f2a9e4b3e86ad,Seller ea65d8b5,campinas,SP,Premium,Health & Beauty,1800969.73,47
ACC_02793,686886775c8f6b1191c7b953fb52708c,Seller 68688677,pedreira,SP,Standard,Sports,1624158.29,30
ACC_02794,0a85ebe4e328db81ac9109781205e2f7,Seller 0a85ebe4,jundiai,SP,Premium,Electronics,1348188.92,4
ACC_02795,1660ad786c27fd935378b6192a90b417,Seller 1660ad78,sao bernardo do campo,SP,Standard,Sports,670922.6,14
ACC_02796,0db783cfcd3b73998abc6e10e59a102f,Seller 0db783cf,santos,SP,Premium,Retail,725018.04,12
ACC_02797,52f9db5cfb423382a2fa5c9e39303202,Seller 52f9db5c,echapora,SP,Standard,Sports,1043551.78,12
ACC_02798,f307937c1bb287c3efc2a514b94b0d1d,Seller f307937c,araxa,MG,Standard,Home & Garden,185104.67,18
ACC_02799,e88f7a2995ba184710d339c5c4bf2e30,Seller e88f7a29,votuporanga,SP,Premium,Health & Beauty,1655371.38,15
ACC_02800,b76a1f8356322f12529c37b67d5c96c2,Seller b76a1f83,santos,SP,Premium,Health & Beauty,1745729.74,23
ACC_02801,4aba6a02a788d3ec81c03137144d9a80,Seller 4aba6a02,canoinhas,SC,Enterprise,Health & Beauty,1760970.08,4
ACC_02802,9449f25aeaf531019b76999ea49a6949,Seller 9449f25a,rio de janeiro,RJ,Premium,Health & Beauty,783026.14,4
ACC_02803,431af27f296bc6519d890aa5a05fdb11,Seller 431af27f,ribeirao preto,SP,Standard,Electronics,1993934.36,16
ACC_02804,53088c75f948b48a7ece173ac17f0c12,Seller 53088c75,triunfo,RS,Premium,Retail,1291005.75,34
ACC_02805,0f80a40c312b2472dca482cf50f5186f,Seller 0f80a40c,lencois paulista,SP,Standard,Electronics,665013.94,27
ACC_02806,544863df86ed3b78a04e0820d41430ee,Seller 544863df,serra,ES,Standard,Health & Beauty,660793.32,24
ACC_02807,78ef7e885d17f35e2382a47aae8b8cce,Seller 78ef7e88,santa cruz do sul,RS,Standard,Retail,213204.34,40
ACC_02808,0be8ff43f22e456b4e0371b2245e4d01,Seller 0be8ff43,sao paulo,SP,Premium,Health & Beauty,1528189.62,8
ACC_02809,1835b56ce799e6a4dc4eddc053f04066,Seller 1835b56c,ibitinga,SP,Standard,Health & Beauty,625194.42,46
ACC_02810,2e13c71026e1a39ba5cc1b86dcb679aa,Seller 2e13c710,sao paulo,SP,Standard,Health & Beauty,171426.62,37
ACC_02811,0af2ab31141893d26aca5a404a537dab,Seller 0af2ab31,sao paulo,SP,Standard,Electronics,525151.22,20
ACC_02812,13d058e4eeac2ce8217660b2f8a05812,Seller 13d058e4,osasco,SP,Premium,Retail,940989.59,13
ACC_02813,e00d85ce20ea50c1224c66ca5050527d,Seller e00d85ce,osasco,SP,Premium,Sports,1033869.61,2
ACC_02814,e48b04bf1aa1ef711caebeb7aede6180,Seller e48b04bf,curitiba,PR,Premium,Health & Beauty,156339.95,46
ACC_02815,f67efa3f0b6761102a7f8c6b7b571f5d,Seller f67efa3f,curitiba,PR,Standard,Fashion,1509807.99,28
ACC_02816,c273175f7c6c80fb02f051e2fc6d0d72,Seller c273175f,sao paulo,SP,Standard,Sports,808854.46,16
ACC_02817,382229d1e840115ffe3dbf5ff460e417,Seller 382229d1,rio de janeiro,RJ,Standard,Health & Beauty,1224115.75,10
ACC_02818,f09b760d23495ac9a7e00d29b769007c,Seller f09b760d,catanduva,SP,Standard,Home & Garden,935984.58,19
ACC_02819,5c243662ce92d84573bfaff24c3e3700,Seller 5c243662,sao paulo,SP,Standard,Retail,1104126.91,33
ACC_02820,38874e327ce94d11390b96eb42d61928,Seller 38874e32,itaquaquecetuba,SP,Enterprise,Electronics,769471.03,9
ACC_02821,ab3e0c171fe84a7ba7de130f19cfb485,Seller ab3e0c17,colorado,PR,Enterprise,Fashion,1067720.45,9
ACC_02822,85e7c62c1d6ea078c3897424f867a7c8,Seller 85e7c62c,itapema,SC,Premium,Sports,1871641.96,37
ACC_02823,262237171f48e85819065498cac80d7b,Seller 26223717,brusque,SC,Standard,Retail,1849272.47,29
ACC_02824,fd386aa7bed2af3c7035c65506c9b4a3,Seller fd386aa7,sao paulo,SP,Standard,Sports,515006.05,19
ACC_02825,b2f4d63c7203f539a78252565ca32257,Seller b2f4d63c,armacao dos buzios,RJ,Premium,Home & Garden,992684.11,26
ACC_02826,dd5450b022b2d00a2145a66331e1aef6,Seller dd5450b0,joinville,SC,Premium,Sports,1944576.01,40
ACC_02827,ff4e2d38692ce827b1a4f4b8196e680d,Seller ff4e2d38,sao paulo,SP,Premium,Retail,1205930.04,1
ACC_02828,7963e546f34e098b578f9ad102494601,Seller 7963e546,sao paulo,SP,Premium,Home & Garden,578255.12,8
ACC_02829,1588ac4010787100dddef64568f0ae35,Seller 1588ac40,maringa,PR,Enterprise,Fashion,347024.8,42
ACC_02830,41c2bad7229b0c25e6becf179ebf63ff,Seller 41c2bad7,natal,RN,Premium,Sports,498087.78,17
ACC_02831,8b655f0855926bcb49f5835d38dfddf6,Seller 8b655f08,osasco,SP,Enterprise,Health & Beauty,697009.02,40
ACC_02832,a213f1bd6458f4a158f3746cb2514559,Seller a213f1bd,maringa,PR,Premium,Retail,798182.29,8
ACC_02833,1b7e5006cb25dd23ce8686691013b121,Seller 1b7e5006,sao paulo,SP,Premium,Health & Beauty,1017976.61,25
ACC_02834,4559697a8f7e637227c2eeaed843baff,Seller 4559697a,presidente prudente,SP,Standard,Health & Beauty,605086.91,38
ACC_02835,4867209cb29b56b92893d7bde3ce8012,Seller 4867209c,jau,SP,Premium,Sports,1565240.33,10
ACC_02836,19a7c9f66ffa6452ff4b4c0cca71da27,Seller 19a7c9f6,itaipulandia,PR,Standard,Fashion,802498.44,16
ACC_02837,6fa9202c10491e472dffd59a3e82b2a3,Seller 6fa9202c,sorocaba,SP,Premium,Retail,1877549.47,24
ACC_02838,20d53aad4fe5ee93a64f8839609d3586,Seller 20d53aad,santa rita do sapucai,MG,Standard,Health & Beauty,1119316.97,47
ACC_02839,42fa4ee7240e9b8eb4576358ec142ba7,Seller 42fa4ee7,caxias do sul,RS,Standard,Sports,804972.9,2
ACC_02840,c8660dcf9ba70575f45d80fe28c27713,Seller c8660dcf,sao paulo,SP,Premium,Retail,1166556.52,47
ACC_02841,253c025bab43881055aeecde5e2d8b77,Seller 253c025b,curitiba,PR,Standard,Retail,418661.03,32
ACC_02842,7ecd59e5e20407131822c1a68ac59c1f,Seller 7ecd59e5,brasilia,DF,Premium,Fashion,682304.01,44
ACC_02843,c026ef0d72e9132d9fa112308090c8dc,Seller c026ef0d,rio de janeiro,RJ,Premium,Sports,1894766.84,9
ACC_02844,0b09101900100c0e9d312861fad5a1b9,Seller 0b091019,sao paulo,SP,Standard,Retail,187525.74,26
ACC_02845,e8f6dc8e6a1dcde89d20e3995c8d90b3,Seller e8f6dc8e,sao paulo,SP,Premium,Sports,1126794.53,13
ACC_02846,128f9bfbe4c7d5185033914b1de3d39a,Seller 128f9bfb,atibaia,SP,Standard,Sports,1760931.16,20
ACC_02847,a09a13f18ed27932d08438aa6f12756e,Seller a09a13f1,sapiranga,RS,Standard,Fashion,1732566.09,35
ACC_02848,81a1104df0f08b59c68aa5b03cfe398e,Seller 81a1104d,sao jose dos pinhais,PR,Premium,Retail,239151.52,16
ACC_02849,3f84fefc07dc159b268d4a77d3e8c425,Seller 3f84fefc,fazenda rio grande,PR,Standard,Sports,1987536.89,39
ACC_02850,750303a20e9c56b2a6bc45cdce0b897d,Seller 750303a2,goiania,GO,Standard,Retail,1851791.78,41
ACC_02851,f8db351d8c4c4c22c6835c19a46f01b0,Seller f8db351d,salto,SP,Standard,Electronics,627600.87,34
ACC_02852,0743a0239d764b9a0f959a57d07e36ab,Seller 0743a023,sao paulo,SP,Standard,Retail,1166691.7,48
ACC_02853,131fcb0a0c9a47bba4474aacff0f14b7,Seller 131fcb0a,sao paulo,SP,Standard,Fashion,857819.88,20
ACC_02854,1838dd9b8977065acf51d95e0053ea7a,Seller 1838dd9b,belo horizonte,MG,Standard,Health & Beauty,445079.44,22
ACC_02855,1b8b75e227c9a9c100d0c210fb6176ce,Seller 1b8b75e2,sao paulo,SP,Premium,Retail,1802653.21,27
ACC_02856,eb1bf309f4f6af9a97e9ddac3fdbeabe,Seller eb1bf309,diadema,SP,Standard,Retail,1796167.07,37
ACC_02857,5d378b73ab7dd6f0418d743e5dcb0bd1,Seller 5d378b73,sao paulo,SP,Standard,Fashion,1112764.81,31
ACC_02858,39d54ff918774174706fb065d7f9dc07,Seller 39d54ff9,sao paulo,SP,Enterprise,Retail,1937682.38,38
ACC_02859,353e21e8bf8de2722b4fae1636664b76,Seller 353e21e8,canoas,RS,Standard,Sports,1711621.7,8
ACC_02860,5b33b527da3c5b969cc99dc435cad09a,Seller 5b33b527,paranavai,PR,Premium,Sports,1110290.24,49
ACC_02861,c9d2ba8dde44a275ae06475ed1d2fafc,Seller c9d2ba8d,uberlandia,MG,Standard,Sports,1388720.17,35
ACC_02862,d149de2f383552baea37a7198c2296ce,Seller d149de2f,sao paulo,SP,Standard,Health & Beauty,1066017.73,5
ACC_02863,bf961104a38e01b9062ee026bb657dee,Seller bf961104,ribeirao preto,SP,Premium,Home & Garden,1023569.19,36
ACC_02864,1ca7077d890b907f89be8c954a02686a,Seller 1ca7077d,santana de parnaiba,SP,Standard,Fashion,632697.17,32
ACC_02865,89a51f50b8095ea78d5768f34c13a76f,Seller 89a51f50,brasilia,DF,Premium,Health & Beauty,549679.8,14
ACC_02866,3a490ba60afa30ece0e7d50cfe74a4f0,Seller 3a490ba6,belo horizonte,MG,Standard,Sports,124292.28,43
ACC_02867,455f46ef09a9e45667e2981df84b5cc2,Seller 455f46ef,sorocaba,SP,Enterprise,Sports,1786989.34,49
ACC_02868,651fe66032c9520ee5587f694908040d,Seller 651fe660,alvorada,RS,Standard,Fashion,1022799.54,33
ACC_02869,6d04126aba80df143fd038e711b8fd96,Seller 6d04126a,rio de janeiro,RJ,Standard,Home & Garden,1885401.79,25
ACC_02870,3febca52652e7209509ccfe61cbde40e,Seller 3febca52,itaquaquecetuba,SP,Enterprise,Sports,1745174.98,26
ACC_02871,d566c37fa119d5e66c4e9052e83ee4ea,Seller d566c37f,sao paulo,SP,Standard,Health & Beauty,373652.34,4
ACC_02872,62d977e2b2aee830de3e039a28490d12,Seller 62d977e2,curitiba,PR,Premium,Sports,1488536.71,3
ACC_02873,010543a62bd80aa422851e79a3bc7540,Seller 010543a6,sao paulo,SP,Standard,Retail,747602.18,44
ACC_02874,7178e1eaa97257d8b6d4b80efd77a025,Seller 7178e1ea,tatui,SP,Standard,Electronics,1445127.08,11
ACC_02875,2199e7fe213c16213bf5d6a7eadc9a5d,Seller 2199e7fe,registro,SP,Standard,Sports,711779.09,36
ACC_02876,984c273121e743dd14767befe6cb17f5,Seller 984c2731,americana,SP,Standard,Health & Beauty,531809.01,13
ACC_02877,2b3e4a2a3ea8e01938cabda2a3e5cc79,Seller 2b3e4a2a,sao paulo,SP,Enterprise,Home & Garden,743398.27,44
ACC_02878,feb793c88d836c3a75efa4b5a3465d70,Seller feb793c8,sao paulo,SP,Standard,Electronics,967826.24,8
ACC_02879,e333046ce6517bd8bb510291d44f0130,Seller e333046c,ipaussu,SP,Standard,Fashion,472128.48,37
ACC_02880,5a413ade68e8f8d93071a7f52a64cb9e,Seller 5a413ade,sao paulo,SP,Standard,Electronics,154168.49,42
ACC_02881,5a425cc503b39b262a847fd6212bf53b,Seller 5a425cc5,londrina,PR,Standard,Fashion,1429023.82,10
ACC_02882,9535a841eecebed61a9fb1ac1cbb5597,Seller 9535a841,sao paulo,SP,Enterprise,Health & Beauty,1911308.13,8
ACC_02883,8f78f0903005064036736c7173a5c2ed,Seller 8f78f090,tiradentes,MG,Premium,Home & Garden,1540979.06,43
ACC_02884,9803a40e82e45418ab7fb84091af5231,Seller 9803a40e,rio verde,GO,Standard,Home & Garden,1983129.5,13
ACC_02885,43b2c864251aa0ce4030c746984e088a,Seller 43b2c864,brasilia,DF,Standard,Electronics,1974896.67,26
ACC_02886,83e197e95a1bbabc8c75e883ed016c47,Seller 83e197e9,mage,RJ,Premium,Health & Beauty,1059551.34,8
ACC_02887,17908cf9b444ee34047cadd5c0f4a516,Seller 17908cf9,anapolis,GO,Standard,Retail,812056.66,46
ACC_02888,17eea220a40cc0d2c0c5346379682398,Seller 17eea220,sao paulo,SP,Standard,Sports,603173.16,5
ACC_02889,270297ead4c65a6cd2593960d2af6b21,Seller 270297ea,sao paulo,SP,Standard,Fashion,1308411.34,43
ACC_02890,5f0057b677eb963672bf05dfa3f16c34,Seller 5f0057b6,sao paulo,SP,Premium,Electronics,1192183.15,12
ACC_02891,8185694b58b2ba6de20fd41ae608bbea,Seller 8185694b,tabao da serra,SP,Standard,Fashion,305175.34,45
ACC_02892,17f51e7198701186712e53a39c564617,Seller 17f51e71,sao paulo,SP,Premium,Retail,1892713.55,46
ACC_02893,2addf05f476d0637864454e93ba673d5,Seller 2addf05f,brasilia,DF,Premium,Sports,1245347.27,3
ACC_02894,b67d6c666e8dce1d078c882825e12704,Seller b67d6c66,sao paulo,SP,Standard,Retail,1803671.62,29
ACC_02895,ead2bab70821ea148476ae9bc08548ac,Seller ead2bab7,belo horizonte,MG,Standard,Fashion,1028866.4,9
ACC_02896,fa14641f57b655e933124a9ea49cd7a5,Seller fa14641f,sao paulo,SP,Standard,Health & Beauty,790532.94,5
ACC_02897,d1582f4043306e6b91afa6a8a884f898,Seller d1582f40,sao paulo,SP,Standard,Retail,1363504.88,28
ACC_02898,d263fa444c1504a75cbca5cc465f592a,Seller d263fa44,americana,SP,Enterprise,Sports,77332.12,26
ACC_02899,f35b3c613c4f7b2275f4185d0a3c59ec,Seller f35b3c61,sao paulo,SP,Premium,Fashion,779888.35,40
ACC_02900,655220df33262c7e0c4949a147366f94,Seller 655220df,diadema,SP,Premium,Home & Garden,794646.67,39
ACC_02901,ad8b531ae67582f096925cff5630d0d1,Seller ad8b531a,castro,PR,Premium,Home & Garden,1268856.83,33
ACC_02902,499185655c29ecfdbfe776ef7cf875b5,Seller 49918565,porto alegre,RS,Premium,Electronics,435404.25,35
ACC_02903,44f091b5abab8018f682fce8124b85e5,Seller 44f091b5,sao paulo,SP,Standard,Sports,1345753.49,20
ACC_02904,7210cd29727d674c00741e5e387b3ccd,Seller 7210cd29,sao paulo,SP,Standard,Health & Beauty,1031442.06,22
ACC_02905,f4ce8ca9fa7157e3b33f536ac9a4487d,Seller f4ce8ca9,penapolis,SP,Standard,Fashion,59165.3,21
ACC_02906,0570350b23eda5444f8d1d9544932058,Seller 0570350b,sao paulo,SP,Premium,Retail,329697.8,16
ACC_02907,de9727ca376d1be6ec121b110aa7954c,Seller de9727ca,sarandi,PR,Premium,Health & Beauty,646883.82,48
ACC_02908,d3891911c2feae53c52fea2bd14054e5,Seller d3891911,sao paulo,SP,Premium,Retail,400734.28,22
ACC_02909,70a12e78e608ac31179aea7f8422044b,Seller 70a12e78,jacarei,SP,Enterprise,Home & Garden,868607.59,8
ACC_02910,2eeb6531ee027a48d401e72bebdd87d3,Seller 2eeb6531,sao jose dos campos,SP,Standard,Retail,1801298.03,15
ACC_02911,c1ed9e3daf6154542826a6996af0fb8c,Seller c1ed9e3d,itajai,SC,Enterprise,Health & Beauty,132638.23,48
ACC_02912,d101c6da914ae3d53f7bee42283f2fe2,Seller d101c6da,sao paulo,SP,Premium,Retail,935703.2,17
ACC_02913,a00824eb9093d40e589b940ec45c4eb0,Seller a00824eb,bofete,SP,Standard,Sports,798413.58,24
ACC_02914,0015a82c2db000af6aaaf3ae2ecb0532,Seller 0015a82c,santo andre,SP,Standard,Health & Beauty,1290354.28,49
ACC_02915,808d4348b916efa08e766ebad39f61eb,Seller 808d4348,sao paulo,SP,Standard,Health & Beauty,750141.33,4
ACC_02916,fb3cfbc8a86f5d7fbb4d36b8df63f60d,Seller fb3cfbc8,rio de janeiro,RJ,Standard,Sports,1684139.56,7
ACC_02917,80ceebb4ee9b31afb6c6a916a574a1e2,Seller 80ceebb4,londrina,PR,Premium,Health & Beauty,833995.48,30
ACC_02918,2d2c62bef4c8ba0dd74e0e228e808539,Seller 2d2c62be,ribeirao preto,SP,Premium,Retail,990120.36,26
ACC_02919,7c51de0ab286204ce75ff42bf7c10d92,Seller 7c51de0a,picarras,SC,Premium,Retail,865173.82,11
ACC_02920,c1d1ebb4745cc43cb6f05e9c8a705c9a,Seller c1d1ebb4,sao paulo,SP,Standard,Retail,1369804.41,22
ACC_02921,8def3db7f272735afb2ecd03aeca09a7,Seller 8def3db7,rio de janeiro,RJ,Standard,Home & Garden,1381118.75,22
ACC_02922,ff063b022a9a0aab91bad2c9088760b7,Seller ff063b02,santo andre,SP,Premium,Home & Garden,1267052.71,38
ACC_02923,82bd0703a4aefd6b599e5bfdaed378fb,Seller 82bd0703,marilia,SP,Standard,Sports,976601.58,37
ACC_02924,7fe21dd00d2f4943ae09525efa2fd674,Seller 7fe21dd0,rio de janeiro,RJ,Standard,Retail,237286.36,47
ACC_02925,7ab0dd5487bab2dc835337b244f689fb,Seller 7ab0dd54,sao jose do rio preto,SP,Premium,Health & Beauty,145533.51,34
ACC_02926,12a8eb0f8d1cd3270695bf2a99f55966,Seller 12a8eb0f,sao paulo,SP,Standard,Electronics,695374.31,22
ACC_02927,beadbee30901a7f61d031b6b686095ad,Seller beadbee3,guarulhos,SP,Premium,Retail,937918.69,28
ACC_02928,bc39d8938f90a3a2b98193723ed59774,Seller bc39d893,cajamar,SP,Standard,Health & Beauty,1890134.92,40
ACC_02929,fd312b6bf05efac6c3772d5b52205d8a,Seller fd312b6b,votorantim,SP,Premium,Retail,1146942.96,12
ACC_02930,df683dfda87bf71ac3fc63063fba369d,Seller df683dfd,farroupilha,RS,Standard,Sports,1869075.83,31
ACC_02931,25cf099de44674fde97473224f9d59ab,Seller 25cf099d,cotia,SP,Premium,Electronics,447972.04,47
ACC_02932,7139dc5186aa238b006e066d8fbab2e4,Seller 7139dc51,amparo,SP,Premium,Retail,273883.91,8
ACC_02933,d94a40fd42351c259927028d163af842,Seller d94a40fd,baependi,MG,Standard,Health & Beauty,188506.32,20
ACC_02934,406740ee611378a662d274c7d8c43c4a,Seller 406740ee,vitoria,ES,Enterprise,Sports,510859.74,20
ACC_02935,6bd503a8230299c9316fb0f726933927,Seller 6bd503a8,morrinhos,GO,Premium,Home & Garden,1621801.6,27
ACC_02936,6576fd3e23c88f0e5d4d23f39bba0542,Seller 6576fd3e,taboao da serra,SP,Premium,Sports,621874.07,14
ACC_02937,0885aaf116795758dfeb5f1032487bcd,Seller 0885aaf1,ferraz de vasconcelos,SP,Standard,Home & Garden,1627754.45,5
ACC_02938,6288c69c4ce638e59925e59193f98b16,Seller 6288c69c,santo andre,SP,Standard,Health & Beauty,363004.82,26
ACC_02939,dfc5fb7259bb2b599ca565e6e9448f0f,Seller dfc5fb72,sao bernardo do campo,SP,Enterprise,Health & Beauty,866859.64,9
ACC_02940,41958cbd3335433c8740300e8cd600d5,Seller 41958cbd,sao paulo,SP,Standard,Fashion,1615018.36,30
ACC_02941,3a3e46d10f74d8a6ca76e2b538f106a0,Seller 3a3e46d1,sao paulo,SP,Enterprise,Home & Garden,214446.03,39
ACC_02942,2d2322d842118867781fc737e96d59a1,Seller 2d2322d8,sao paulo,SP,Standard,Retail,1050342.8,9
ACC_02943,e4fc40017a6d22c46a14ac2e17f87c3e,Seller e4fc4001,arapongas,PR,Standard,Home & Garden,976938.49,36
ACC_02944,5a9b3bcab695173c820e53934574ae80,Seller 5a9b3bca,salto,SP,Standard,Electronics,594532.95,11
ACC_02945,2bf6a2c1e71bbd29a4ad64e6d3c3629f,Seller 2bf6a2c1,nova friburgo,RJ,Standard,Home & Garden,582412.26,41
ACC_02946,7c4618c82226628831613e95e9c22f44,Seller 7c4618c8,sao roque,SP,Premium,Health & Beauty,886674.15,6
ACC_02947,06579cb253ecd5a3a12a9e6eb6bf8f47,Seller 06579cb2,sao paulo - sp,SP,Premium,Sports,1227707.41,22
ACC_02948,8ab42aa58097fd4668d60cc648225d5f,Seller 8ab42aa5,goiania,GO,Standard,Fashion,998060.78,24
ACC_02949,4978a02ea9c8be7a9b5480680f40334e,Seller 4978a02e,sao paulo,SP,Enterprise,Health & Beauty,1093863.24,22
ACC_02950,8e29d051f810eb22959ede205b462b9f,Seller 8e29d051,mirassol,SP,Premium,Home & Garden,1826405.96,39
ACC_02951,ccb83a794700270fde70898fe9ff368b,Seller ccb83a79,sombrio,SC,Standard,Fashion,757075.26,30
ACC_02952,612a743d294c27884fb7b80d2b19ba35,Seller 612a743d,curitiba,PR,Standard,Retail,1113482.65,16
ACC_02953,cb6c9f5888a7a090c75beaf615925792,Seller cb6c9f58,vila velha,ES,Enterprise,Home & Garden,442479.34,4
ACC_02954,c12d7463a579237ffb9248bd7cff378b,Seller c12d7463,sao paulo,SP,Standard,Home & Garden,1567744.95,8
ACC_02955,fe701d88b67eaca109dffd464d1be9f9,Seller fe701d88,marica,RJ,Standard,Retail,579871.57,17
ACC_02956,46dc3b2cc0980fb8ec44634e21d2718e,Seller 46dc3b2c,rio de janeiro,RJ,Standard,Electronics,1403895.26,28
ACC_02957,fedaedd3ca31d56ab33e92035e4b361c,Seller fedaedd3,niteroi,RJ,Standard,Retail,448286.18,31
ACC_02958,dbc51f5e45d654ecc16cb68e6817ecea,Seller dbc51f5e,franca,SP,Standard,Fashion,805987.3,33
ACC_02959,81f89e42267213cb94da7ddc301651da,Seller 81f89e42,presidente prudente,SP,Standard,Electronics,158734.66,12
ACC_02960,630008e0f062605a415d694489f6f82e,Seller 630008e0,sao paulo,SP,Premium,Retail,209574.53,29
ACC_02961,58f1a6197ed863543e0136bdedb3fce2,Seller 58f1a619,conselheiro lafaiete,MG,Standard,Health & Beauty,1119924.36,22
ACC_02962,df56d7b40d437f88407c5f78b63bc328,Seller df56d7b4,cascavel,PR,Premium,Health & Beauty,347468.59,13
ACC_02963,165fc07beebdcb6190fba8a06db2a449,Seller 165fc07b,maringa,PR,Standard,Retail,1906927.86,16
ACC_02964,0691148aee60ca47977c187804f935ae,Seller 0691148a,londrina,PR,Premium,Retail,938200.08,28
ACC_02965,cac876b37d3abcd6bd76caca30277996,Seller cac876b3,cascavel,PR,Standard,Home & Garden,788125.33,37
ACC_02966,9ac4f14370b1e24ddc58be041b7f99df,Seller 9ac4f143,jaragua,GO,Standard,Retail,183867.01,32
ACC_02967,70eea00b476a314817cefde4aad4f89a,Seller 70eea00b,itatiba,SP,Standard,Electronics,714496.31,4
ACC_02968,282c7480173bb9c01dd41cc739fec010,Seller 282c7480,sao paulo,SP,Standard,Home & Garden,146873.65,43
ACC_02969,c840d3fdbba0790404fdae73d253b253,Seller c840d3fd,curitiba,PR,Standard,Electronics,617559.92,47
ACC_02970,4f40d2ed38d1cc945364a7cd202a82c7,Seller 4f40d2ed,sao paulo,SP,Standard,Retail,1156712.75,46
ACC_02971,9cad4b68bb993ee401a3c5aaa2bc26dd,Seller 9cad4b68,birigui,SP,Standard,Retail,1996888.28,3
ACC_02972,dbbcfe2c8d026742134ac3e28ccde274,Seller dbbcfe2c,curitiba,PR,Standard,Health & Beauty,1214598.9,37
ACC_02973,2fdde51ad3e12f297da656d4fbd5d0b5,Seller 2fdde51a,joinville,SC,Standard,Retail,864520.59,8
ACC_02974,7040e82f899a04d1b434b795a43b4617,Seller 7040e82f,sao paulo,SP,Enterprise,Health & Beauty,651661.32,31
ACC_02975,83a75eea11694e36e56dd0cb2240229a,Seller 83a75eea,amparo,SP,Standard,Retail,94591.62,29
ACC_02976,a1544b9ea0b2390e020537d4daa89049,Seller a1544b9e,jundiai,SP,Standard,Retail,349681.12,41
ACC_02977,b8a0adc91af209270c2c725168eb00fd,Seller b8a0adc9,ibitinga,SP,Enterprise,Electronics,1597068.25,13
ACC_02978,20b54c376b794ed028df09a3cd88e8dc,Seller 20b54c37,sao caetano do sul,SP,Standard,Retail,1228963.37,39
ACC_02979,5415337f1863452476d42d9f14a16a61,Seller 5415337f,belo horizonte,MG,Premium,Sports,910306.86,35
ACC_02980,e0482f2c769468c3bbcd8a01e09d98c5,Seller e0482f2c,sao paulo,SP,Premium,Home & Garden,1225167.17,40
ACC_02981,3fe7120d6257285ac6a3ce7cb071ccec,Seller 3fe7120d,governador valadares,MG,Standard,Home & Garden,1193238.81,47
ACC_02982,7daca0837f033a41a6f3428c18657533,Seller 7daca083,tanabi,SP,Standard,Home & Garden,1586421.04,39
ACC_02983,d66c305afaec317ebee552073a674429,Seller d66c305a,ribeirao das neves,MG,Premium,Electronics,358598.79,24
ACC_02984,a5ff20ff766e7f50bd5066f33da14413,Seller a5ff20ff,sao paulo,SP,Premium,Sports,1701988.59,27
ACC_02985,adbe70ab2c97442046d393988c8d1d27,Seller adbe70ab,maua,SP,Premium,Fashion,248932.92,9
ACC_02986,74c7dec0a384d8a05950e629bd23bde9,Seller 74c7dec0,mogi guacu,SP,Standard,Retail,1935378.83,40
ACC_02987,42bde9fef835393bb8a8849cb6b7f245,Seller 42bde9fe,brasilia,DF,Standard,Retail,51391.52,14
ACC_02988,89bc797e2e29667aa035d4368f9b7f92,Seller 89bc797e,sao paulo,SP,Enterprise,Home & Garden,1130406.28,24
ACC_02989,f9eedec3129e8cc6b6429c42d0808c5b,Seller f9eedec3,"rio de janeiro, rio de janeiro, brasil",RJ,Standard,Sports,1483499.47,11
ACC_02990,66922902710d126a0e7d26b0e3805106,Seller 66922902,belo horizonte,MG,Standard,Sports,560881.03,22
ACC_02991,32f1bb9dfa65bc7df5c0d9d95a616be4,Seller 32f1bb9d,sao paulo,SP,Standard,Electronics,1678565.69,47
ACC_02992,05f51e13da97139648b8125c31e5f51b,Seller 05f51e13,belo horizonte,MG,Premium,Sports,1537470.53,41
ACC_02993,c43d924a0f1688ee9fae0efcd6f539d4,Seller c43d924a,rio de janeiro,RJ,Standard,Fashion,843825.92,14
ACC_02994,91543f9849d68d023e17194926598543,Seller 91543f98,blumenau,SC,Enterprise,Fashion,1883430.31,18
ACC_02995,3ded4e2d5f135cb103e5949d7263d2dd,Seller 3ded4e2d,pouso alegre,MG,Standard,Health & Beauty,553533.63,45
ACC_02996,7d456afc660226829370f3173d14520c,Seller 7d456afc,mogi das cruzes,SP,Standard,Sports,989612.45,30
ACC_02997,1900267e848ceeba8fa32d80c1a5f5a8,Seller 1900267e,ibitinga,SP,Standard,Retail,987987.55,48
ACC_02998,4ce6e5f6c52515177e18c1c9361d8677,Seller 4ce6e5f6,sao bernardo do campo,SP,Enterprise,Retail,330880.29,9
ACC_02999,157c3e4b42f81ac4a44e8b1ca2fe9876,Seller 157c3e4b,sao paulo,SP,Standard,Electronics,1841436.93,1
ACC_03000,9fbd5666d8618fa571c4230fafa09bd6,Seller 9fbd5666,sao paulo,SP,Standard,Home & Garden,1980243.15,12
ACC_03001,eb9cd5b35d95206585e2185318cb5c61,Seller eb9cd5b3,sao paulo,SP,Premium,Sports,595714.67,48
ACC_03002,08d2d642cf72b622b14dde1d2f5eb2f5,Seller 08d2d642,marilia,SP,Standard,Electronics,124611.69,14
ACC_03003,525e75a6fb1454a2325ab1734bcec221,Seller 525e75a6,barueri,SP,Enterprise,Home & Garden,1605158.85,46
ACC_03004,0e982cff76cc0579f632cea8a0e38c9d,Seller 0e982cff,itajai,SC,Premium,Health & Beauty,352539.15,9
ACC_03005,bc30de0d71bd6260b936a026b5cf7200,Seller bc30de0d,pedreira,SP,Standard,Health & Beauty,1567062.22,45
ACC_03006,014c0679dd340a0e338872e7ec85666a,Seller 014c0679,timoteo,MG,Premium,Sports,1513354.54,6
ACC_03007,78ba5933c21686d1c2f64669c8c459e7,Seller 78ba5933,mogi das cruzes,SP,Premium,Home & Garden,1819212.91,29
ACC_03008,6ee85be3693ed79a8e80718743d80655,Seller 6ee85be3,sao paulo,SP,Standard,Sports,1789762.93,34
ACC_03009,63272377184e969942f7fff221be858d,Seller 63272377,sao paulo,SP,Premium,Health & Beauty,616626.01,13
ACC_03010,d5ba419e26d246a0719437cf37d9b46d,Seller d5ba419e,sao paulo,SP,Standard,Health & Beauty,577250.27,41
ACC_03011,15aac934c58d886785ac1b17953ea898,Seller 15aac934,muqui,ES,Standard,Home & Garden,755314.82,49
ACC_03012,0b36063d5818f81ccb94b54adfaebbf5,Seller 0b36063d,jaragua do sul,SC,Premium,Fashion,1399093.67,44
ACC_03013,f789d2c4f2c2eb38fc4373e7a4b35264,Seller f789d2c4,juiz de fora,MG,Standard,Fashion,228001.84,13
ACC_03014,fcf16b7a8697e559f0123190bb30177d,Seller fcf16b7a,sao paulo,SP,Enterprise,Retail,214360.89,27
ACC_03015,880eda903e719a5f179f7e9fceb3a69d,Seller 880eda90,ipua,SP,Standard,Fashion,989417.41,40
ACC_03016,7f5e4d5efad7e44b91115dd1decb65f3,Seller 7f5e4d5e,jacarei / sao paulo,SP,Enterprise,Sports,1250157.58,19
ACC_03017,299c89a525fee36c567f4fe72f038100,Seller 299c89a5,varzea alegre,CE,Standard,Home & Garden,581462.5,21
ACC_03018,87b740daf17b5d1be335a64164ec6842,Seller 87b740da,suzano,SP,Standard,Retail,132896.5,41
ACC_03019,d4f91e8be86b38da2ee35bc489645a9d,Seller d4f91e8b,guaratingueta,SP,Standard,Health & Beauty,1546033.02,41
ACC_03020,eb3071b9f0b0ddaa2df5ea130f09f26b,Seller eb3071b9,sao paulo,SP,Premium,Health & Beauty,1206683.05,2
ACC_03021,7b3f6ce5c6c22e9b96e7581ebf0df6e1,Seller 7b3f6ce5,tambau,SP,Standard,Electronics,92872.16,25
ACC_03022,31da954dc0855f2495c6310f70a2f931,Seller 31da954d,araras,SP,Premium,Home & Garden,673840.92,14
ACC_03023,63b9ae557efed31d1f7687917d248a8d,Seller 63b9ae55,sao jose do rio pardo,SP,Standard,Sports,1104172.91,6
ACC_03024,ef9952469137ff190bacafe117f51537,Seller ef995246,uberaba,MG,Standard,Health & Beauty,1172274.49,41
ACC_03025,c18309219e789960add0b2255ca4b091,Seller c1830921,rio de janeiro,RJ,Standard,Electronics,725853.07,33
ACC_03026,4a82168aaef173cbb6e46ae88728f919,Seller 4a82168a,irati,PR,Standard,Health & Beauty,681947.08,25
ACC_03027,17e34d8224d27a541263c4c64b11a56b,Seller 17e34d82,riberao preto,SP,Premium,Electronics,1181360.05,34
ACC_03028,e2aee0892199b1d92530e371abd825bf,Seller e2aee089,rolandia,PR,Standard,Retail,306399.96,8
ACC_03029,870d0118f7a9d85960f29ad89d5d989a,Seller 870d0118,pocos de caldas,MG,Enterprise,Health & Beauty,389953.79,44
ACC_03030,eb9267cccc90f1b49c8d2f9887c7dd97,Seller eb9267cc,recife,PE,Standard,Home & Garden,1632852.87,11
ACC_03031,5de1c80811ce7007f62f00d971236c09,Seller 5de1c808,florianopolis,SC,Standard,Health & Beauty,575421.11,21
ACC_03032,ec8879960bd2221d5c32f8e12f7da711,Seller ec887996,itatiba,SP,Standard,Electronics,1659577.47,21
ACC_03033,586a871d4f1221763fddb6ceefdeb95e,Seller 586a871d,porto alegre,RS,Standard,Retail,1385933.59,44
ACC_03034,a35124e2d763d7ca3fbe3b97d143200f,Seller a35124e2,sao paulo,SP,Standard,Sports,142607.59,34
ACC_03035,9198786624eaeb375793215cad26cfa6,Seller 91987866,rodeio,SC,Standard,Sports,432350.24,18
ACC_03036,fe1b067411b8c5066e962aa146ccee03,Seller fe1b0674,presidente prudente,SP,Enterprise,Home & Garden,1742980.55,3
ACC_03037,6b9b80d53ba3676eafe60268a810b5a1,Seller 6b9b80d5,belo horizonte,SP,Standard,Home & Garden,1664800.83,27
ACC_03038,a938325a4b357fd23a6a4d5bb126408e,Seller a938325a,nilopolis,RJ,Standard,Fashion,322745.89,17
ACC_03039,f1b854361f4e15d5851b494df66f22b2,Seller f1b85436,rio de janeiro,RJ,Standard,Health & Beauty,735458.69,6
ACC_03040,3d49bfdd1b43a7fe169b3740067acc61,Seller 3d49bfdd,montes claros,MG,Standard,Fashion,1329410.68,6
ACC_03041,9df5750209b83567ec144eb299d7d634,Seller 9df57502,sao leopoldo,RS,Standard,Health & Beauty,765917.88,49
ACC_03042,3d62f86afa7c73be2628a3be1423f5a0,Seller 3d62f86a,jacarei,SP,Standard,Electronics,1320834.93,34
ACC_03043,497709c2976a8fa308730a2dec5b0726,Seller 497709c2,diadema,SP,Standard,Electronics,1111564.58,30
ACC_03044,e73bf2cea7fe4b0b4d287a7568ed1099,Seller e73bf2ce,chapeco,SC,Premium,Sports,112741.08,39
ACC_03045,778323240ce2830d68aab11794e00bfb,Seller 77832324,sao paulo,SP,Premium,Sports,1094366.67,11
ACC_03046,2493dc3f20131696a0ecdb9948051a8d,Seller 2493dc3f,brasilia,DF,Premium,Electronics,191111.44,9
ACC_03047,a3dd39f583bc80bd8c5901c95878921e,Seller a3dd39f5,salvador,BA,Standard,Sports,1516668.0,42
ACC_03048,4342d4b2ba6b161468c63a7e7cfce593,Seller 4342d4b2,rio de janeiro,RJ,Standard,Electronics,1274144.46,30
ACC_03049,06df0c10d34e459d9672bc77388742eb,Seller 06df0c10,maringa,PR,Premium,Home & Garden,926950.9,15
ACC_03050,89757206b887aed36f3e18d858460fea,Seller 89757206,sao paulo,SP,Premium,Retail,839988.55,42
ACC_03051,d8b8f2cf9ff6ba0389072541cb42498c,Seller d8b8f2cf,formosa,GO,Premium,Retail,177185.98,40
ACC_03052,3c03b12bab54d8b37d79d914bfdb1aa0,Seller 3c03b12b,sao joao de meriti,RJ,Premium,Home & Garden,543371.57,19
ACC_03053,9d5a9018aee56acb367ba9c3f05d1d6a,Seller 9d5a9018,aparecida de goiania,GO,Standard,Sports,638114.03,2
ACC_03054,f9244d45189d3a3605499abddeade7d5,Seller f9244d45,sao paulo,SP,Premium,Electronics,604306.81,27
ACC_03055,2b3b9ce054da76a7428df143a567b156,Seller 2b3b9ce0,sao paulo,SP,Standard,Health & Beauty,342380.94,38
ACC_03056,198c7ea11960a9844b544d9bcdca860c,Seller 198c7ea1,jacutinga,MG,Standard,Home & Garden,1890145.98,4
ACC_03057,a478c7961d6a992065b24e63b366f90b,Seller a478c796,blumenau,SC,Standard,Retail,1804236.42,4
ACC_03058,30c7f28fd3a5897b2c82d152bb760c17,Seller 30c7f28f,niteroi,RJ,Standard,Retail,660588.1,25
ACC_03059,66e0557ecc2b4dbea057e93f215f68d8,Seller 66e0557e,sao paulo,SP,Premium,Electronics,1585236.39,18
ACC_03060,be1e9e378700cecaa4ebf71433d7915c,Seller be1e9e37,ribeirao preto,SP,Premium,Health & Beauty,474278.24,38
ACC_03061,21e83881401b92b49fb09a16d3852291,Seller 21e83881,uberlandia,MG,Standard,Sports,950092.78,13
ACC_03062,55c96925041a14097b6a7825554f4ad5,Seller 55c96925,sao paulo,SP,Premium,Sports,413864.02,7
ACC_03063,918f6fbcf3ab724d805867303e593a1b,Seller 918f6fbc,valinhos,SP,Premium,Retail,1671164.71,2
ACC_03064,daeb5653dd96c1b11860f72209795012,Seller daeb5653,belo horizonte,MG,Standard,Electronics,1293909.27,21
ACC_03065,228e4c1a0be164f613d41c24345f9d2c,Seller 228e4c1a,bandeirantes,PR,Premium,Sports,759276.86,28
ACC_03066,5145090ab595c0d0b8557199f5701fbf,Seller 5145090a,curitiba,PR,Standard,Retail,306058.33,6
ACC_03067,87e24fc7052259b1f7f607d61c10d8be,Seller 87e24fc7,sao paulo,SP,Premium,Home & Garden,1298155.74,38
ACC_03068,d66c11a9572221d92fbb8c4897db5f9b,Seller d66c11a9,rio de janeiro,RJ,Standard,Electronics,1764077.08,48
ACC_03069,e2c92f9c1c7746d899d18f2e158bbff7,Seller e2c92f9c,sao jose do rio preto,SP,Standard,Retail,945834.41,39
ACC_03070,ea67327e24487bdfac5fbfa37ea124df,Seller ea67327e,ibitinga,SP,Premium,Fashion,73410.82,12
ACC_03071,db6a4d4b5f1f5f98820ce6ce2619e2de,Seller db6a4d4b,sao paulo,SP,Standard,Electronics,1356025.03,22
ACC_03072,1d1bbb8ac1581824986f582583fff01d,Seller 1d1bbb8a,indaial,SC,Standard,Fashion,1587713.88,22
ACC_03073,f90f77ef2799a27f80d90c425ca944f7,Seller f90f77ef,londrina,PR,Standard,Sports,1961448.21,1
ACC_03074,bbf4a892cac7b82422baa711dffb8997,Seller bbf4a892,curitiba,PR,Standard,Retail,1643360.06,31
ACC_03075,39f776d2974049026ff531fc42ef2a3e,Seller 39f776d2,goiania,GO,Standard,Sports,1063988.72,17
ACC_03076,c70c1b0d8ca86052f45a432a38b73958,Seller c70c1b0d,hortolandia,SP,Standard,Health & Beauty,1469209.34,17
ACC_03077,9e6967d3cf386d284251784b18ccb485,Seller 9e6967d3,sao caetano do sul,SP,Enterprise,Home & Garden,1566308.81,48
ACC_03078,747e73c01a4593d4cf60dcf970fd2689,Seller 747e73c0,vitoria de santo antao,PE,Standard,Sports,1158164.28,31
ACC_03079,63704069d9bd3a75c1cf59babe56004a,Seller 63704069,jundiai,SP,Standard,Fashion,172867.79,40
ACC_03080,4e2627090e6e5b9fabba883a37897683,Seller 4e262709,belo horizonte,MG,Standard,Retail,1195984.61,12
ACC_03081,61b18775be84fb700a6b2d0ba097bf66,Seller 61b18775,araraquara,SP,Standard,Retail,467862.0,37
ACC_03082,95cca791657aabeff15a07eb152d7841,Seller 95cca791,palotina,PR,Standard,Sports,1988612.94,1
ACC_03083,dde698c6d0bd24834c586e5111c2bba7,Seller dde698c6,petropolis,RJ,Premium,Electronics,318670.78,6
ACC_03084,e94b64dc6979b302a5a5be1662c83bb6,Seller e94b64dc,itapecerica da serra,SP,Premium,Home & Garden,87280.43,3
ACC_03085,15ead3a5037a918ddb520dfe39a3d2b9,Seller 15ead3a5,conselheiro lafaiete,MG,Premium,Health & Beauty,367303.79,24
ACC_03086,9d489893ff6af05029671b785f54b998,Seller 9d489893,leme,SP,Standard,Retail,1644162.88,47
ACC_03087,725af026f869236a8dd0ceb98564d156,Seller 725af026,claudio,MG,Premium,Home & Garden,936862.52,5
ACC_03088,f00f5b35d0abcacbdd863672f4bb2c1a,Seller f00f5b35,sao paulo,SP,Standard,Health & Beauty,1627332.96,37
ACC_03089,7bac63f6603d382cc8d0832eb6c100a8,Seller 7bac63f6,sao paulo,SP,Standard,Sports,1737917.17,38
ACC_03090,f1fdf2d13186575751aa25876536d85c,Seller f1fdf2d1,sao paulo,SP,Enterprise,Electronics,1397723.63,29
ACC_03091,98dddbc4601dd4443ca174359b237166,Seller 98dddbc4,sarandi,PR,Premium,Electronics,1417438.73,1
ACC_03092,f8201cab383e484733266d1906e2fdfa,Seller f8201cab,palhoca,SC,Premium,Fashion,1895006.54,31
ACC_03093,74871d19219c7d518d0090283e03c137,Seller 74871d19,sao paulo,SP,Standard,Home & Garden,216653.08,34
ACC_03094,e603cf3fec55f8697c9059638d6c8eb5,Seller e603cf3f,pelotas,RS,Premium,Home & Garden,1456478.07,43
ACC_03095,9e25199f6ef7e7c347120ff175652c3b,Seller 9e25199f,taubate,SP,Standard,Health & Beauty,180140.6,31
